file,format,block_size,window_size,future_limit,max_matches,len3_dist_bits,len4_dist_bits,len5_dist_bits,len6_dist_bits,len7_dist_bits,lenx_dist_bits,lenx_len_bits,enc_speed_mbps,dec_speed_mbps,enc_size,ratio
big_files/enwik6,binary,32768,4096,4,1,6,6,6,6,6,12,1,7.95,102.26,670546,67.05%
big_files/enwik6,binary,32768,4096,4,4,6,6,6,6,6,12,1,8.16,102.38,665651,66.57%
big_files/enwik6,binary,32768,4096,4,16,6,6,6,6,6,12,1,8.06,105.79,644818,64.48%
big_files/enwik6,binary,32768,4096,4,128,6,6,6,6,6,12,1,7.48,106.43,626082,62.61%
big_files/enwik6,binary,32768,4096,4,1024,6,6,6,6,6,12,1,7.26,112.89,623985,62.40%
big_files/enwik6,binary,32768,4096,4,999999999,6,6,6,6,6,12,1,7.19,100.77,623985,62.40%
big_files/enwik6,binary,32768,4096,4,1,6,6,6,6,12,12,1,8.04,98.91,670546,67.05%
big_files/enwik6,binary,32768,4096,4,4,6,6,6,6,12,12,1,7.71,106.04,665651,66.57%
big_files/enwik6,binary,32768,4096,4,16,6,6,6,6,12,12,1,7.50,106.19,644818,64.48%
big_files/enwik6,binary,32768,4096,4,128,6,6,6,6,12,12,1,7.15,103.07,626082,62.61%
big_files/enwik6,binary,32768,4096,4,1024,6,6,6,6,12,12,1,7.35,98.02,623985,62.40%
big_files/enwik6,binary,32768,4096,4,999999999,6,6,6,6,12,12,1,7.53,108.32,623985,62.40%
big_files/enwik6,binary,32768,4096,4,1,6,6,6,6,15,12,1,7.71,96.56,670546,67.05%
big_files/enwik6,binary,32768,4096,4,4,6,6,6,6,15,12,1,7.86,108.58,665651,66.57%
big_files/enwik6,binary,32768,4096,4,16,6,6,6,6,15,12,1,7.19,109.56,644818,64.48%
big_files/enwik6,binary,32768,4096,4,128,6,6,6,6,15,12,1,7.61,101.71,626082,62.61%
big_files/enwik6,binary,32768,4096,4,1024,6,6,6,6,15,12,1,6.36,107.88,623985,62.40%
big_files/enwik6,binary,32768,4096,4,999999999,6,6,6,6,15,12,1,6.89,106.28,623985,62.40%
big_files/enwik6,binary,32768,4096,4,1,6,6,6,12,12,12,1,7.77,106.05,670546,67.05%
big_files/enwik6,binary,32768,4096,4,4,6,6,6,12,12,12,1,7.62,102.08,665651,66.57%
big_files/enwik6,binary,32768,4096,4,16,6,6,6,12,12,12,1,7.43,105.97,644818,64.48%
big_files/enwik6,binary,32768,4096,4,128,6,6,6,12,12,12,1,5.91,108.64,626082,62.61%
big_files/enwik6,binary,32768,4096,4,1024,6,6,6,12,12,12,1,6.75,102.68,623985,62.40%
big_files/enwik6,binary,32768,4096,4,999999999,6,6,6,12,12,12,1,7.18,115.77,623985,62.40%
big_files/enwik6,binary,32768,4096,4,1,6,6,6,12,15,12,1,7.64,104.23,670546,67.05%
big_files/enwik6,binary,32768,4096,4,4,6,6,6,12,15,12,1,6.92,93.81,665651,66.57%
big_files/enwik6,binary,32768,4096,4,16,6,6,6,12,15,12,1,6.26,106.12,644818,64.48%
big_files/enwik6,binary,32768,4096,4,128,6,6,6,12,15,12,1,6.72,95.32,626082,62.61%
big_files/enwik6,binary,32768,4096,4,1024,6,6,6,12,15,12,1,5.89,107.88,623985,62.40%
big_files/enwik6,binary,32768,4096,4,999999999,6,6,6,12,15,12,1,5.86,106.55,623985,62.40%
big_files/enwik6,binary,32768,4096,4,1,6,6,6,15,15,12,1,6.02,102.11,670546,67.05%
big_files/enwik6,binary,32768,4096,4,4,6,6,6,15,15,12,1,6.25,100.40,665651,66.57%
big_files/enwik6,binary,32768,4096,4,16,6,6,6,15,15,12,1,6.40,106.50,644818,64.48%
big_files/enwik6,binary,32768,4096,4,128,6,6,6,15,15,12,1,6.42,104.29,626082,62.61%
big_files/enwik6,binary,32768,4096,4,1024,6,6,6,15,15,12,1,5.78,106.64,623985,62.40%
big_files/enwik6,binary,32768,4096,4,999999999,6,6,6,15,15,12,1,3.67,110.47,623985,62.40%
big_files/enwik6,binary,32768,4096,4,1,6,6,12,12,12,12,1,6.73,101.67,670546,67.05%
big_files/enwik6,binary,32768,4096,4,4,6,6,12,12,12,12,1,6.64,92.71,665651,66.57%
big_files/enwik6,binary,32768,4096,4,16,6,6,12,12,12,12,1,6.26,104.52,644818,64.48%
big_files/enwik6,binary,32768,4096,4,128,6,6,12,12,12,12,1,5.98,100.88,626082,62.61%
big_files/enwik6,binary,32768,4096,4,1024,6,6,12,12,12,12,1,6.29,107.73,623985,62.40%
big_files/enwik6,binary,32768,4096,4,999999999,6,6,12,12,12,12,1,6.28,105.13,623985,62.40%
big_files/enwik6,binary,32768,4096,4,1,6,6,12,12,15,12,1,6.59,98.15,670546,67.05%
big_files/enwik6,binary,32768,4096,4,4,6,6,12,12,15,12,1,6.36,101.55,665651,66.57%
big_files/enwik6,binary,32768,4096,4,16,6,6,12,12,15,12,1,6.20,106.70,644818,64.48%
big_files/enwik6,binary,32768,4096,4,128,6,6,12,12,15,12,1,6.48,101.43,626082,62.61%
big_files/enwik6,binary,32768,4096,4,1024,6,6,12,12,15,12,1,6.39,106.70,623985,62.40%
big_files/enwik6,binary,32768,4096,4,999999999,6,6,12,12,15,12,1,6.35,109.18,623985,62.40%
big_files/enwik6,binary,32768,4096,4,1,6,6,12,15,15,12,1,6.71,100.63,670546,67.05%
big_files/enwik6,binary,32768,4096,4,4,6,6,12,15,15,12,1,6.51,100.46,665651,66.57%
big_files/enwik6,binary,32768,4096,4,16,6,6,12,15,15,12,1,6.35,104.74,644818,64.48%
big_files/enwik6,binary,32768,4096,4,128,6,6,12,15,15,12,1,6.47,110.37,626082,62.61%
big_files/enwik6,binary,32768,4096,4,1024,6,6,12,15,15,12,1,6.35,99.13,623985,62.40%
big_files/enwik6,binary,32768,4096,4,999999999,6,6,12,15,15,12,1,6.45,105.31,623985,62.40%
big_files/enwik6,binary,32768,4096,4,1,6,6,15,15,15,12,1,6.71,100.19,670546,67.05%
big_files/enwik6,binary,32768,4096,4,4,6,6,15,15,15,12,1,6.37,99.98,665651,66.57%
big_files/enwik6,binary,32768,4096,4,16,6,6,15,15,15,12,1,6.51,108.25,644818,64.48%
big_files/enwik6,binary,32768,4096,4,128,6,6,15,15,15,12,1,6.37,102.56,626082,62.61%
big_files/enwik6,binary,32768,4096,4,1024,6,6,15,15,15,12,1,7.24,102.82,623985,62.40%
big_files/enwik6,binary,32768,4096,4,999999999,6,6,15,15,15,12,1,7.70,104.79,623985,62.40%
big_files/enwik6,binary,32768,4096,4,1,6,12,12,12,12,12,1,8.01,95.35,651542,65.15%
big_files/enwik6,binary,32768,4096,4,4,6,12,12,12,12,12,1,8.10,100.49,644637,64.46%
big_files/enwik6,binary,32768,4096,4,16,6,12,12,12,12,12,1,7.65,105.47,626972,62.70%
big_files/enwik6,binary,32768,4096,4,128,6,12,12,12,12,12,1,7.51,102.67,615826,61.58%
big_files/enwik6,binary,32768,4096,4,1024,6,12,12,12,12,12,1,6.66,106.36,615225,61.52%
big_files/enwik6,binary,32768,4096,4,999999999,6,12,12,12,12,12,1,7.57,107.34,615225,61.52%
big_files/enwik6,binary,32768,4096,4,1,6,12,12,12,15,12,1,7.41,101.06,651542,65.15%
big_files/enwik6,binary,32768,4096,4,4,6,12,12,12,15,12,1,7.75,97.63,644637,64.46%
big_files/enwik6,binary,32768,4096,4,16,6,12,12,12,15,12,1,7.46,101.73,626972,62.70%
big_files/enwik6,binary,32768,4096,4,128,6,12,12,12,15,12,1,7.75,107.19,615826,61.58%
big_files/enwik6,binary,32768,4096,4,1024,6,12,12,12,15,12,1,7.62,113.01,615225,61.52%
big_files/enwik6,binary,32768,4096,4,999999999,6,12,12,12,15,12,1,7.54,120.03,615225,61.52%
big_files/enwik6,binary,32768,4096,4,1,6,12,12,15,15,12,1,7.84,94.10,651542,65.15%
big_files/enwik6,binary,32768,4096,4,4,6,12,12,15,15,12,1,7.68,102.21,644637,64.46%
big_files/enwik6,binary,32768,4096,4,16,6,12,12,15,15,12,1,7.19,102.69,626972,62.70%
big_files/enwik6,binary,32768,4096,4,128,6,12,12,15,15,12,1,7.74,112.88,615826,61.58%
big_files/enwik6,binary,32768,4096,4,1024,6,12,12,15,15,12,1,7.59,109.20,615225,61.52%
big_files/enwik6,binary,32768,4096,4,999999999,6,12,12,15,15,12,1,7.39,106.39,615225,61.52%
big_files/enwik6,binary,32768,4096,4,1,6,12,15,15,15,12,1,7.50,102.72,651542,65.15%
big_files/enwik6,binary,32768,4096,4,4,6,12,15,15,15,12,1,7.65,95.99,644637,64.46%
big_files/enwik6,binary,32768,4096,4,16,6,12,15,15,15,12,1,7.86,112.22,626972,62.70%
big_files/enwik6,binary,32768,4096,4,128,6,12,15,15,15,12,1,7.57,110.11,615826,61.58%
big_files/enwik6,binary,32768,4096,4,1024,6,12,15,15,15,12,1,7.62,116.96,615225,61.52%
big_files/enwik6,binary,32768,4096,4,999999999,6,12,15,15,15,12,1,7.26,107.41,615225,61.52%
big_files/enwik6,binary,32768,4096,4,1,6,15,15,15,15,12,1,7.52,96.00,697717,69.77%
big_files/enwik6,binary,32768,4096,4,4,6,15,15,15,15,12,1,7.40,96.57,693857,69.39%
big_files/enwik6,binary,32768,4096,4,16,6,15,15,15,15,12,1,7.68,98.81,682148,68.21%
big_files/enwik6,binary,32768,4096,4,128,6,15,15,15,15,12,1,7.21,106.69,674676,67.47%
big_files/enwik6,binary,32768,4096,4,1024,6,15,15,15,15,12,1,7.29,94.10,674301,67.43%
big_files/enwik6,binary,32768,4096,4,999999999,6,15,15,15,15,12,1,7.53,101.61,674301,67.43%
big_files/enwik6,binary,32768,4096,4,1,12,12,12,12,12,12,1,8.09,107.34,628265,62.83%
big_files/enwik6,binary,32768,4096,4,4,12,12,12,12,12,12,1,7.76,109.89,622823,62.28%
big_files/enwik6,binary,32768,4096,4,16,12,12,12,12,12,12,1,7.54,106.51,612222,61.22%
big_files/enwik6,binary,32768,4096,4,128,12,12,12,12,12,12,1,7.68,122.22,605493,60.55%
big_files/enwik6,binary,32768,4096,4,1024,12,12,12,12,12,12,1,7.62,116.03,605105,60.51%
big_files/enwik6,binary,32768,4096,4,999999999,12,12,12,12,12,12,1,7.50,114.79,605105,60.51%
big_files/enwik6,binary,32768,4096,4,1,12,12,12,12,15,12,1,7.86,105.95,628265,62.83%
big_files/enwik6,binary,32768,4096,4,4,12,12,12,12,15,12,1,7.68,105.52,622823,62.28%
big_files/enwik6,binary,32768,4096,4,16,12,12,12,12,15,12,1,7.79,111.99,612222,61.22%
big_files/enwik6,binary,32768,4096,4,128,12,12,12,12,15,12,1,7.58,114.73,605493,60.55%
big_files/enwik6,binary,32768,4096,4,1024,12,12,12,12,15,12,1,7.57,107.52,605105,60.51%
big_files/enwik6,binary,32768,4096,4,999999999,12,12,12,12,15,12,1,7.58,109.11,605105,60.51%
big_files/enwik6,binary,32768,4096,4,1,12,12,12,15,15,12,1,7.98,104.56,628265,62.83%
big_files/enwik6,binary,32768,4096,4,4,12,12,12,15,15,12,1,7.73,105.11,622823,62.28%
big_files/enwik6,binary,32768,4096,4,16,12,12,12,15,15,12,1,7.48,110.74,612222,61.22%
big_files/enwik6,binary,32768,4096,4,128,12,12,12,15,15,12,1,7.62,111.31,605493,60.55%
big_files/enwik6,binary,32768,4096,4,1024,12,12,12,15,15,12,1,7.41,102.44,605105,60.51%
big_files/enwik6,binary,32768,4096,4,999999999,12,12,12,15,15,12,1,7.00,101.34,605105,60.51%
big_files/enwik6,binary,32768,4096,4,1,12,12,15,15,15,12,1,7.62,111.77,628265,62.83%
big_files/enwik6,binary,32768,4096,4,4,12,12,15,15,15,12,1,7.41,100.50,622823,62.28%
big_files/enwik6,binary,32768,4096,4,16,12,12,15,15,15,12,1,7.65,100.33,612222,61.22%
big_files/enwik6,binary,32768,4096,4,128,12,12,15,15,15,12,1,7.58,115.53,605493,60.55%
big_files/enwik6,binary,32768,4096,4,1024,12,12,15,15,15,12,1,7.65,112.69,605105,60.51%
big_files/enwik6,binary,32768,4096,4,999999999,12,12,15,15,15,12,1,7.32,103.44,605105,60.51%
big_files/enwik6,binary,32768,4096,4,1,12,15,15,15,15,12,1,7.25,93.88,674440,67.44%
big_files/enwik6,binary,32768,4096,4,4,12,15,15,15,15,12,1,7.52,97.99,672042,67.20%
big_files/enwik6,binary,32768,4096,4,16,12,15,15,15,15,12,1,7.24,99.57,667393,66.74%
big_files/enwik6,binary,32768,4096,4,128,12,15,15,15,15,12,1,7.37,93.71,664344,66.43%
big_files/enwik6,binary,32768,4096,4,1024,12,15,15,15,15,12,1,7.44,101.78,664180,66.42%
big_files/enwik6,binary,32768,4096,4,999999999,12,15,15,15,15,12,1,7.20,104.85,664180,66.42%
big_files/enwik6,binary,32768,4096,4,1,15,15,15,15,15,12,1,7.94,99.92,717852,71.79%
big_files/enwik6,binary,32768,4096,4,4,15,15,15,15,15,12,1,7.52,90.55,711489,71.15%
big_files/enwik6,binary,32768,4096,4,16,15,15,15,15,15,12,1,7.43,93.45,699069,69.91%
big_files/enwik6,binary,32768,4096,4,128,15,15,15,15,15,12,1,7.42,100.52,691266,69.13%
big_files/enwik6,binary,32768,4096,4,1024,15,15,15,15,15,12,1,7.46,107.32,690809,69.08%
big_files/enwik6,binary,32768,4096,4,999999999,15,15,15,15,15,12,1,7.10,105.38,690809,69.08%
big_files/enwik6,binary,32768,4096,8,1,6,6,6,6,6,12,3,7.80,110.67,623372,62.34%
big_files/enwik6,binary,32768,4096,8,4,6,6,6,6,6,12,3,7.79,107.30,611790,61.18%
big_files/enwik6,binary,32768,4096,8,16,6,6,6,6,6,12,3,7.69,107.61,578764,57.88%
big_files/enwik6,binary,32768,4096,8,128,6,6,6,6,6,12,3,7.19,122.50,557506,55.75%
big_files/enwik6,binary,32768,4096,8,1024,6,6,6,6,6,12,3,7.42,120.21,556018,55.60%
big_files/enwik6,binary,32768,4096,8,999999999,6,6,6,6,6,12,3,7.66,108.39,556018,55.60%
big_files/enwik6,binary,32768,4096,8,1,6,6,6,6,12,12,3,7.84,107.49,621614,62.16%
big_files/enwik6,binary,32768,4096,8,4,6,6,6,6,12,12,3,7.59,108.17,609869,60.99%
big_files/enwik6,binary,32768,4096,8,16,6,6,6,6,12,12,3,7.50,110.30,576649,57.66%
big_files/enwik6,binary,32768,4096,8,128,6,6,6,6,12,12,3,7.22,109.66,555368,55.54%
big_files/enwik6,binary,32768,4096,8,1024,6,6,6,6,12,12,3,7.40,114.39,553864,55.39%
big_files/enwik6,binary,32768,4096,8,999999999,6,6,6,6,12,12,3,7.79,124.59,553864,55.39%
big_files/enwik6,binary,32768,4096,8,1,6,6,6,6,15,12,3,7.90,99.81,624230,62.42%
big_files/enwik6,binary,32768,4096,8,4,6,6,6,6,15,12,3,7.82,100.30,612642,61.26%
big_files/enwik6,binary,32768,4096,8,16,6,6,6,6,15,12,3,7.33,102.42,579908,57.99%
big_files/enwik6,binary,32768,4096,8,128,6,6,6,6,15,12,3,7.65,111.23,558837,55.88%
big_files/enwik6,binary,32768,4096,8,1024,6,6,6,6,15,12,3,7.73,110.85,557359,55.74%
big_files/enwik6,binary,32768,4096,8,999999999,6,6,6,6,15,12,3,7.62,113.93,557359,55.74%
big_files/enwik6,binary,32768,4096,8,1,6,6,6,12,12,12,3,7.65,104.59,619163,61.92%
big_files/enwik6,binary,32768,4096,8,4,6,6,6,12,12,12,3,7.59,108.28,606471,60.65%
big_files/enwik6,binary,32768,4096,8,16,6,6,6,12,12,12,3,7.86,121.28,573461,57.35%
big_files/enwik6,binary,32768,4096,8,128,6,6,6,12,12,12,3,7.91,121.71,552338,55.23%
big_files/enwik6,binary,32768,4096,8,1024,6,6,6,12,12,12,3,7.57,116.12,550854,55.09%
big_files/enwik6,binary,32768,4096,8,999999999,6,6,6,12,12,12,3,7.66,114.49,550854,55.09%
big_files/enwik6,binary,32768,4096,8,1,6,6,6,12,15,12,3,7.89,105.16,621783,62.18%
big_files/enwik6,binary,32768,4096,8,4,6,6,6,12,15,12,3,7.89,104.53,609241,60.92%
big_files/enwik6,binary,32768,4096,8,16,6,6,6,12,15,12,3,7.14,105.53,576723,57.67%
big_files/enwik6,binary,32768,4096,8,128,6,6,6,12,15,12,3,7.62,111.00,555810,55.58%
big_files/enwik6,binary,32768,4096,8,1024,6,6,6,12,15,12,3,7.79,103.28,554353,55.44%
big_files/enwik6,binary,32768,4096,8,999999999,6,6,6,12,15,12,3,7.41,111.51,554353,55.44%
big_files/enwik6,binary,32768,4096,8,1,6,6,6,15,15,12,3,7.90,108.49,625955,62.60%
big_files/enwik6,binary,32768,4096,8,4,6,6,6,15,15,12,3,7.35,93.23,613856,61.39%
big_files/enwik6,binary,32768,4096,8,16,6,6,6,15,15,12,3,6.74,108.67,581687,58.17%
big_files/enwik6,binary,32768,4096,8,128,6,6,6,15,15,12,3,7.09,111.62,561069,56.11%
big_files/enwik6,binary,32768,4096,8,1024,6,6,6,15,15,12,3,6.63,109.52,559593,55.96%
big_files/enwik6,binary,32768,4096,8,999999999,6,6,6,15,15,12,3,6.73,109.03,559593,55.96%
big_files/enwik6,binary,32768,4096,8,1,6,6,12,12,12,12,3,5.76,103.10,614540,61.45%
big_files/enwik6,binary,32768,4096,8,4,6,6,12,12,12,12,3,5.87,103.57,601198,60.12%
big_files/enwik6,binary,32768,4096,8,16,6,6,12,12,12,12,3,6.32,100.60,568274,56.83%
big_files/enwik6,binary,32768,4096,8,128,6,6,12,12,12,12,3,6.47,104.08,547385,54.74%
big_files/enwik6,binary,32768,4096,8,1024,6,6,12,12,12,12,3,6.54,102.69,545994,54.60%
big_files/enwik6,binary,32768,4096,8,999999999,6,6,12,12,12,12,3,6.28,101.65,545994,54.60%
big_files/enwik6,binary,32768,4096,8,1,6,6,12,12,15,12,3,5.79,92.42,617158,61.72%
big_files/enwik6,binary,32768,4096,8,4,6,6,12,12,15,12,3,5.77,88.79,603974,60.40%
big_files/enwik6,binary,32768,4096,8,16,6,6,12,12,15,12,3,5.63,98.89,571533,57.15%
big_files/enwik6,binary,32768,4096,8,128,6,6,12,12,15,12,3,5.68,109.06,550860,55.09%
big_files/enwik6,binary,32768,4096,8,1024,6,6,12,12,15,12,3,5.97,99.67,549490,54.95%
big_files/enwik6,binary,32768,4096,8,999999999,6,6,12,12,15,12,3,7.34,113.87,549490,54.95%
big_files/enwik6,binary,32768,4096,8,1,6,6,12,15,15,12,3,7.58,106.26,621336,62.13%
big_files/enwik6,binary,32768,4096,8,4,6,6,12,15,15,12,3,7.66,104.61,608587,60.86%
big_files/enwik6,binary,32768,4096,8,16,6,6,12,15,15,12,3,6.68,96.11,576498,57.65%
big_files/enwik6,binary,32768,4096,8,128,6,6,12,15,15,12,3,6.36,109.37,556116,55.61%
big_files/enwik6,binary,32768,4096,8,1024,6,6,12,15,15,12,3,4.85,78.09,554733,55.47%
big_files/enwik6,binary,32768,4096,8,999999999,6,6,12,15,15,12,3,5.40,94.75,554733,55.47%
big_files/enwik6,binary,32768,4096,8,1,6,6,15,15,15,12,3,5.80,84.30,627482,62.75%
big_files/enwik6,binary,32768,4096,8,4,6,6,15,15,15,12,3,4.94,80.95,615435,61.54%
big_files/enwik6,binary,32768,4096,8,16,6,6,15,15,15,12,3,5.51,78.08,583537,58.35%
big_files/enwik6,binary,32768,4096,8,128,6,6,15,15,15,12,3,5.01,91.10,563316,56.33%
big_files/enwik6,binary,32768,4096,8,1024,6,6,15,15,15,12,3,5.03,89.25,561839,56.18%
big_files/enwik6,binary,32768,4096,8,999999999,6,6,15,15,15,12,3,6.40,106.03,561839,56.18%
big_files/enwik6,binary,32768,4096,8,1,6,12,12,12,12,12,3,6.27,102.42,600004,60.00%
big_files/enwik6,binary,32768,4096,8,4,6,12,12,12,12,12,3,6.18,105.08,585580,58.56%
big_files/enwik6,binary,32768,4096,8,16,6,12,12,12,12,12,3,7.16,99.92,553993,55.40%
big_files/enwik6,binary,32768,4096,8,128,6,12,12,12,12,12,3,7.02,111.08,535256,53.53%
big_files/enwik6,binary,32768,4096,8,1024,6,12,12,12,12,12,3,7.04,103.79,534038,53.40%
big_files/enwik6,binary,32768,4096,8,999999999,6,12,12,12,12,12,3,6.85,108.67,534038,53.40%
big_files/enwik6,binary,32768,4096,8,1,6,12,12,12,15,12,3,7.37,94.60,602624,60.26%
big_files/enwik6,binary,32768,4096,8,4,6,12,12,12,15,12,3,7.91,103.96,588353,58.84%
big_files/enwik6,binary,32768,4096,8,16,6,12,12,12,15,12,3,7.82,113.06,557255,55.73%
big_files/enwik6,binary,32768,4096,8,128,6,12,12,12,15,12,3,7.50,112.44,538729,53.87%
big_files/enwik6,binary,32768,4096,8,1024,6,12,12,12,15,12,3,7.97,120.37,537536,53.75%
big_files/enwik6,binary,32768,4096,8,999999999,6,12,12,12,15,12,3,7.16,114.42,537536,53.75%
big_files/enwik6,binary,32768,4096,8,1,6,12,12,15,15,12,3,8.18,106.97,606801,60.68%
big_files/enwik6,binary,32768,4096,8,4,6,12,12,15,15,12,3,8.00,105.34,592967,59.30%
big_files/enwik6,binary,32768,4096,8,16,6,12,12,15,15,12,3,7.80,101.85,562216,56.22%
big_files/enwik6,binary,32768,4096,8,128,6,12,12,15,15,12,3,8.00,111.80,543990,54.40%
big_files/enwik6,binary,32768,4096,8,1024,6,12,12,15,15,12,3,6.78,99.68,542781,54.28%
big_files/enwik6,binary,32768,4096,8,999999999,6,12,12,15,15,12,3,7.07,111.71,542781,54.28%
big_files/enwik6,binary,32768,4096,8,1,6,12,15,15,15,12,3,6.65,105.87,612945,61.29%
big_files/enwik6,binary,32768,4096,8,4,6,12,15,15,15,12,3,7.62,106.19,599813,59.98%
big_files/enwik6,binary,32768,4096,8,16,6,12,15,15,15,12,3,7.95,105.58,569251,56.93%
big_files/enwik6,binary,32768,4096,8,128,6,12,15,15,15,12,3,7.95,113.80,551184,55.12%
big_files/enwik6,binary,32768,4096,8,1024,6,12,15,15,15,12,3,6.56,108.45,549882,54.99%
big_files/enwik6,binary,32768,4096,8,999999999,6,12,15,15,15,12,3,7.28,105.02,549882,54.99%
big_files/enwik6,binary,32768,4096,8,1,6,15,15,15,15,12,3,7.35,98.79,626064,62.61%
big_files/enwik6,binary,32768,4096,8,4,6,15,15,15,15,12,3,7.99,98.50,613183,61.32%
big_files/enwik6,binary,32768,4096,8,16,6,15,15,15,15,12,3,7.01,104.10,582148,58.21%
big_files/enwik6,binary,32768,4096,8,128,6,15,15,15,15,12,3,7.41,107.69,563036,56.30%
big_files/enwik6,binary,32768,4096,8,1024,6,15,15,15,15,12,3,7.81,104.89,561593,56.16%
big_files/enwik6,binary,32768,4096,8,999999999,6,15,15,15,15,12,3,7.06,110.68,561593,56.16%
big_files/enwik6,binary,32768,4096,8,1,12,12,12,12,12,12,3,7.94,105.57,555462,55.55%
big_files/enwik6,binary,32768,4096,8,4,12,12,12,12,12,12,3,7.27,98.67,545766,54.58%
big_files/enwik6,binary,32768,4096,8,16,12,12,12,12,12,12,3,6.81,109.63,525059,52.51%
big_files/enwik6,binary,32768,4096,8,128,12,12,12,12,12,12,3,7.26,106.42,512091,51.21%
big_files/enwik6,binary,32768,4096,8,1024,12,12,12,12,12,12,3,6.73,117.21,511147,51.11%
big_files/enwik6,binary,32768,4096,8,999999999,12,12,12,12,12,12,3,6.84,108.51,511147,51.11%
big_files/enwik6,binary,32768,4096,8,1,12,12,12,12,15,12,3,7.61,111.07,558077,55.81%
big_files/enwik6,binary,32768,4096,8,4,12,12,12,12,15,12,3,8.26,102.90,548535,54.85%
big_files/enwik6,binary,32768,4096,8,16,12,12,12,12,15,12,3,7.40,109.86,528318,52.83%
big_files/enwik6,binary,32768,4096,8,128,12,12,12,12,15,12,3,7.87,106.83,515565,51.56%
big_files/enwik6,binary,32768,4096,8,1024,12,12,12,12,15,12,3,7.54,113.41,514645,51.46%
big_files/enwik6,binary,32768,4096,8,999999999,12,12,12,12,15,12,3,7.57,110.45,514645,51.46%
big_files/enwik6,binary,32768,4096,8,1,12,12,12,15,15,12,3,6.40,100.10,562257,56.23%
big_files/enwik6,binary,32768,4096,8,4,12,12,12,15,15,12,3,6.34,93.73,553149,55.31%
big_files/enwik6,binary,32768,4096,8,16,12,12,12,15,15,12,3,7.80,104.17,533280,53.33%
big_files/enwik6,binary,32768,4096,8,128,12,12,12,15,15,12,3,7.51,109.35,520823,52.08%
big_files/enwik6,binary,32768,4096,8,1024,12,12,12,15,15,12,3,7.48,106.81,519889,51.99%
big_files/enwik6,binary,32768,4096,8,999999999,12,12,12,15,15,12,3,7.08,107.07,519889,51.99%
big_files/enwik6,binary,32768,4096,8,1,12,12,15,15,15,12,3,7.62,103.30,568400,56.84%
big_files/enwik6,binary,32768,4096,8,4,12,12,15,15,15,12,3,7.29,102.88,559999,56.00%
big_files/enwik6,binary,32768,4096,8,16,12,12,15,15,15,12,3,6.69,105.45,540319,54.03%
big_files/enwik6,binary,32768,4096,8,128,12,12,15,15,15,12,3,6.17,105.50,528021,52.80%
big_files/enwik6,binary,32768,4096,8,1024,12,12,15,15,15,12,3,6.17,102.21,526989,52.70%
big_files/enwik6,binary,32768,4096,8,999999999,12,12,15,15,15,12,3,5.95,108.02,526989,52.70%
big_files/enwik6,binary,32768,4096,8,1,12,15,15,15,15,12,3,6.39,103.52,581521,58.15%
big_files/enwik6,binary,32768,4096,8,4,12,15,15,15,15,12,3,6.45,102.88,573366,57.34%
big_files/enwik6,binary,32768,4096,8,16,12,15,15,15,15,12,3,6.39,105.65,553213,55.32%
big_files/enwik6,binary,32768,4096,8,128,12,15,15,15,15,12,3,6.52,107.58,539873,53.99%
big_files/enwik6,binary,32768,4096,8,1024,12,15,15,15,15,12,3,6.45,106.70,538707,53.87%
big_files/enwik6,binary,32768,4096,8,999999999,12,15,15,15,15,12,3,6.53,107.09,538707,53.87%
big_files/enwik6,binary,32768,4096,8,1,15,15,15,15,15,12,3,6.48,94.52,618726,61.87%
big_files/enwik6,binary,32768,4096,8,4,15,15,15,15,15,12,3,6.45,95.54,606727,60.67%
big_files/enwik6,binary,32768,4096,8,16,15,15,15,15,15,12,3,6.49,101.44,579708,57.97%
big_files/enwik6,binary,32768,4096,8,128,15,15,15,15,15,12,3,6.35,107.70,562725,56.27%
big_files/enwik6,binary,32768,4096,8,1024,15,15,15,15,15,12,3,6.41,105.01,561347,56.13%
big_files/enwik6,binary,32768,4096,8,999999999,15,15,15,15,15,12,3,6.41,105.79,561347,56.13%
big_files/enwik6,binary,32768,4096,18,1,6,6,6,6,6,12,4,6.56,100.72,608698,60.87%
big_files/enwik6,binary,32768,4096,18,4,6,6,6,6,6,12,4,6.57,111.58,592650,59.26%
big_files/enwik6,binary,32768,4096,18,16,6,6,6,6,6,12,4,6.40,110.20,553511,55.35%
big_files/enwik6,binary,32768,4096,18,128,6,6,6,6,6,12,4,6.49,117.03,531020,53.10%
big_files/enwik6,binary,32768,4096,18,1024,6,6,6,6,6,12,4,6.22,114.35,530310,53.03%
big_files/enwik6,binary,32768,4096,18,999999999,6,6,6,6,6,12,4,6.71,109.00,530310,53.03%
big_files/enwik6,binary,32768,4096,18,1,6,6,6,6,12,12,4,6.83,105.30,606446,60.64%
big_files/enwik6,binary,32768,4096,18,4,6,6,6,6,12,12,4,7.77,111.75,590241,59.02%
big_files/enwik6,binary,32768,4096,18,16,6,6,6,6,12,12,4,7.55,118.11,550780,55.08%
big_files/enwik6,binary,32768,4096,18,128,6,6,6,6,12,12,4,7.77,116.05,528203,52.82%
big_files/enwik6,binary,32768,4096,18,1024,6,6,6,6,12,12,4,7.19,118.00,527489,52.75%
big_files/enwik6,binary,32768,4096,18,999999999,6,6,6,6,12,12,4,6.85,120.80,527489,52.75%
big_files/enwik6,binary,32768,4096,18,1,6,6,6,6,15,12,4,6.79,99.27,608741,60.87%
big_files/enwik6,binary,32768,4096,18,4,6,6,6,6,15,12,4,7.31,106.22,592692,59.27%
big_files/enwik6,binary,32768,4096,18,16,6,6,6,6,15,12,4,7.39,104.47,553654,55.37%
big_files/enwik6,binary,32768,4096,18,128,6,6,6,6,15,12,4,7.01,119.22,531237,53.12%
big_files/enwik6,binary,32768,4096,18,1024,6,6,6,6,15,12,4,7.05,117.13,530529,53.05%
big_files/enwik6,binary,32768,4096,18,999999999,6,6,6,6,15,12,4,7.47,115.71,530529,53.05%
big_files/enwik6,binary,32768,4096,18,1,6,6,6,12,12,12,4,7.60,106.55,602796,60.28%
big_files/enwik6,binary,32768,4096,18,4,6,6,6,12,12,12,4,7.60,106.43,586050,58.60%
big_files/enwik6,binary,32768,4096,18,16,6,6,6,12,12,12,4,7.74,109.10,546664,54.67%
big_files/enwik6,binary,32768,4096,18,128,6,6,6,12,12,12,4,7.77,120.58,524062,52.41%
big_files/enwik6,binary,32768,4096,18,1024,6,6,6,12,12,12,4,7.89,111.89,523353,52.34%
big_files/enwik6,binary,32768,4096,18,999999999,6,6,6,12,12,12,4,7.72,121.26,523353,52.34%
big_files/enwik6,binary,32768,4096,18,1,6,6,6,12,15,12,4,8.07,108.87,605094,60.51%
big_files/enwik6,binary,32768,4096,18,4,6,6,6,12,15,12,4,7.74,102.99,588502,58.85%
big_files/enwik6,binary,32768,4096,18,16,6,6,6,12,15,12,4,7.43,115.61,549535,54.95%
big_files/enwik6,binary,32768,4096,18,128,6,6,6,12,15,12,4,7.75,128.83,527098,52.71%
big_files/enwik6,binary,32768,4096,18,1024,6,6,6,12,15,12,4,7.74,122.00,526395,52.64%
big_files/enwik6,binary,32768,4096,18,999999999,6,6,6,12,15,12,4,7.42,109.39,526395,52.64%
big_files/enwik6,binary,32768,4096,18,1,6,6,6,15,15,12,4,7.69,106.95,608757,60.88%
big_files/enwik6,binary,32768,4096,18,4,6,6,6,15,15,12,4,7.91,110.65,592571,59.26%
big_files/enwik6,binary,32768,4096,18,16,6,6,6,15,15,12,4,7.59,113.12,553890,55.39%
big_files/enwik6,binary,32768,4096,18,128,6,6,6,15,15,12,4,7.33,117.94,531724,53.17%
big_files/enwik6,binary,32768,4096,18,1024,6,6,6,15,15,12,4,7.80,99.76,531019,53.10%
big_files/enwik6,binary,32768,4096,18,999999999,6,6,6,15,15,12,4,7.34,111.86,531019,53.10%
big_files/enwik6,binary,32768,4096,18,1,6,6,12,12,12,12,4,7.22,105.32,596735,59.67%
big_files/enwik6,binary,32768,4096,18,4,6,6,12,12,12,12,4,7.56,105.74,579234,57.92%
big_files/enwik6,binary,32768,4096,18,16,6,6,12,12,12,12,4,7.59,107.95,540078,54.01%
big_files/enwik6,binary,32768,4096,18,128,6,6,12,12,12,12,4,7.76,118.12,517513,51.75%
big_files/enwik6,binary,32768,4096,18,1024,6,6,12,12,12,12,4,7.58,109.18,516825,51.68%
big_files/enwik6,binary,32768,4096,18,999999999,6,6,12,12,12,12,4,7.45,112.19,516825,51.68%
big_files/enwik6,binary,32768,4096,18,1,6,6,12,12,15,12,4,5.70,105.03,599033,59.90%
big_files/enwik6,binary,32768,4096,18,4,6,6,12,12,15,12,4,7.06,108.28,581690,58.17%
big_files/enwik6,binary,32768,4096,18,16,6,6,12,12,15,12,4,7.74,110.17,542948,54.29%
big_files/enwik6,binary,32768,4096,18,128,6,6,12,12,15,12,4,7.10,117.79,520543,52.05%
big_files/enwik6,binary,32768,4096,18,1024,6,6,12,12,15,12,4,6.42,115.69,519863,51.99%
big_files/enwik6,binary,32768,4096,18,999999999,6,6,12,12,15,12,4,7.38,107.63,519863,51.99%
big_files/enwik6,binary,32768,4096,18,1,6,6,12,15,15,12,4,7.58,105.05,602695,60.27%
big_files/enwik6,binary,32768,4096,18,4,6,6,12,15,15,12,4,7.70,101.93,585762,58.58%
big_files/enwik6,binary,32768,4096,18,16,6,6,12,15,15,12,4,7.63,117.66,547300,54.73%
big_files/enwik6,binary,32768,4096,18,128,6,6,12,15,15,12,4,7.67,125.21,525176,52.52%
big_files/enwik6,binary,32768,4096,18,1024,6,6,12,15,15,12,4,7.90,116.22,524493,52.45%
big_files/enwik6,binary,32768,4096,18,999999999,6,6,12,15,15,12,4,7.76,117.25,524493,52.45%
big_files/enwik6,binary,32768,4096,18,1,6,6,15,15,15,12,4,7.92,105.61,608351,60.84%
big_files/enwik6,binary,32768,4096,18,4,6,6,15,15,15,12,4,7.98,110.56,591907,59.19%
big_files/enwik6,binary,32768,4096,18,16,6,6,15,15,15,12,4,7.44,108.28,553597,55.36%
big_files/enwik6,binary,32768,4096,18,128,6,6,15,15,15,12,4,7.48,114.56,531703,53.17%
big_files/enwik6,binary,32768,4096,18,1024,6,6,15,15,15,12,4,7.24,104.70,531003,53.10%
big_files/enwik6,binary,32768,4096,18,999999999,6,6,15,15,15,12,4,7.53,117.91,531003,53.10%
big_files/enwik6,binary,32768,4096,18,1,6,12,12,12,12,12,4,8.04,103.52,578711,57.87%
big_files/enwik6,binary,32768,4096,18,4,6,12,12,12,12,12,4,8.01,110.68,560536,56.05%
big_files/enwik6,binary,32768,4096,18,16,6,12,12,12,12,12,4,7.88,110.64,523222,52.32%
big_files/enwik6,binary,32768,4096,18,128,6,12,12,12,12,12,4,7.78,126.00,502809,50.28%
big_files/enwik6,binary,32768,4096,18,1024,6,12,12,12,12,12,4,7.21,114.25,502170,50.22%
big_files/enwik6,binary,32768,4096,18,999999999,6,12,12,12,12,12,4,7.62,109.15,502170,50.22%
big_files/enwik6,binary,32768,4096,18,1,6,12,12,12,15,12,4,7.84,109.30,581008,58.10%
big_files/enwik6,binary,32768,4096,18,4,6,12,12,12,15,12,4,7.82,109.31,562993,56.30%
big_files/enwik6,binary,32768,4096,18,16,6,12,12,12,15,12,4,7.50,118.18,526095,52.61%
big_files/enwik6,binary,32768,4096,18,128,6,12,12,12,15,12,4,7.60,110.84,505840,50.58%
big_files/enwik6,binary,32768,4096,18,1024,6,12,12,12,15,12,4,7.99,104.85,505208,50.52%
big_files/enwik6,binary,32768,4096,18,999999999,6,12,12,12,15,12,4,7.64,113.43,505208,50.52%
big_files/enwik6,binary,32768,4096,18,1,6,12,12,15,15,12,4,7.80,107.16,584671,58.47%
big_files/enwik6,binary,32768,4096,18,4,6,12,12,15,15,12,4,7.60,104.03,567062,56.71%
big_files/enwik6,binary,32768,4096,18,16,6,12,12,15,15,12,4,7.66,115.37,530451,53.05%
big_files/enwik6,binary,32768,4096,18,128,6,12,12,15,15,12,4,7.11,124.04,510475,51.05%
big_files/enwik6,binary,32768,4096,18,1024,6,12,12,15,15,12,4,7.42,115.81,509837,50.98%
big_files/enwik6,binary,32768,4096,18,999999999,6,12,12,15,15,12,4,7.54,123.38,509837,50.98%
big_files/enwik6,binary,32768,4096,18,1,6,12,15,15,15,12,4,7.87,102.57,590322,59.03%
big_files/enwik6,binary,32768,4096,18,4,6,12,15,15,15,12,4,8.13,107.68,573208,57.32%
big_files/enwik6,binary,32768,4096,18,16,6,12,15,15,15,12,4,7.78,109.14,536748,53.67%
big_files/enwik6,binary,32768,4096,18,128,6,12,15,15,15,12,4,7.80,120.10,517002,51.70%
big_files/enwik6,binary,32768,4096,18,1024,6,12,15,15,15,12,4,7.80,107.79,516346,51.63%
big_files/enwik6,binary,32768,4096,18,999999999,6,12,15,15,15,12,4,7.80,112.18,516346,51.63%
big_files/enwik6,binary,32768,4096,18,1,6,15,15,15,15,12,4,7.82,104.35,602610,60.26%
big_files/enwik6,binary,32768,4096,18,4,6,15,15,15,15,12,4,7.55,109.08,585612,58.56%
big_files/enwik6,binary,32768,4096,18,16,6,15,15,15,15,12,4,7.66,102.69,548615,54.86%
big_files/enwik6,binary,32768,4096,18,128,6,15,15,15,15,12,4,7.58,117.30,527972,52.80%
big_files/enwik6,binary,32768,4096,18,1024,6,15,15,15,15,12,4,7.79,117.81,527289,52.73%
big_files/enwik6,binary,32768,4096,18,999999999,6,15,15,15,15,12,4,7.41,112.62,527289,52.73%
big_files/enwik6,binary,32768,4096,18,1,12,12,12,12,12,12,4,7.88,119.03,524336,52.43%
big_files/enwik6,binary,32768,4096,18,4,12,12,12,12,12,12,4,7.91,119.53,512579,51.26%
big_files/enwik6,binary,32768,4096,18,16,12,12,12,12,12,12,4,7.62,115.24,487996,48.80%
big_files/enwik6,binary,32768,4096,18,128,12,12,12,12,12,12,4,7.45,114.62,473754,47.38%
big_files/enwik6,binary,32768,4096,18,1024,12,12,12,12,12,12,4,7.49,111.06,473248,47.32%
big_files/enwik6,binary,32768,4096,18,999999999,12,12,12,12,12,12,4,7.50,115.68,473248,47.32%
big_files/enwik6,binary,32768,4096,18,1,12,12,12,12,15,12,4,7.86,107.16,526630,52.66%
big_files/enwik6,binary,32768,4096,18,4,12,12,12,12,15,12,4,7.82,115.62,515034,51.50%
big_files/enwik6,binary,32768,4096,18,16,12,12,12,12,15,12,4,7.72,111.56,490863,49.09%
big_files/enwik6,binary,32768,4096,18,128,12,12,12,12,15,12,4,7.74,108.29,476785,47.68%
big_files/enwik6,binary,32768,4096,18,1024,12,12,12,12,15,12,4,7.77,115.44,476283,47.63%
big_files/enwik6,binary,32768,4096,18,999999999,12,12,12,12,15,12,4,7.87,117.99,476283,47.63%
big_files/enwik6,binary,32768,4096,18,1,12,12,12,15,15,12,4,8.12,99.69,530295,53.03%
big_files/enwik6,binary,32768,4096,18,4,12,12,12,15,15,12,4,7.47,110.77,519105,51.91%
big_files/enwik6,binary,32768,4096,18,16,12,12,12,15,15,12,4,7.44,122.08,495224,49.52%
big_files/enwik6,binary,32768,4096,18,128,12,12,12,15,15,12,4,7.65,123.14,481413,48.14%
big_files/enwik6,binary,32768,4096,18,1024,12,12,12,15,15,12,4,7.81,120.04,480911,48.09%
big_files/enwik6,binary,32768,4096,18,999999999,12,12,12,15,15,12,4,7.59,112.50,480911,48.09%
big_files/enwik6,binary,32768,4096,18,1,12,12,15,15,15,12,4,7.75,111.90,535945,53.59%
big_files/enwik6,binary,32768,4096,18,4,12,12,15,15,15,12,4,7.59,115.10,525253,52.53%
big_files/enwik6,binary,32768,4096,18,16,12,12,15,15,15,12,4,7.78,116.26,501517,50.15%
big_files/enwik6,binary,32768,4096,18,128,12,12,15,15,15,12,4,7.89,124.54,487941,48.79%
big_files/enwik6,binary,32768,4096,18,1024,12,12,15,15,15,12,4,7.83,114.18,487423,48.74%
big_files/enwik6,binary,32768,4096,18,999999999,12,12,15,15,15,12,4,7.37,113.19,487423,48.74%
big_files/enwik6,binary,32768,4096,18,1,12,15,15,15,15,12,4,7.51,106.35,548236,54.82%
big_files/enwik6,binary,32768,4096,18,4,12,15,15,15,15,12,4,7.59,106.93,537656,53.77%
big_files/enwik6,binary,32768,4096,18,16,12,15,15,15,15,12,4,7.70,113.09,513383,51.34%
big_files/enwik6,binary,32768,4096,18,128,12,15,15,15,15,12,4,7.67,120.43,498916,49.89%
big_files/enwik6,binary,32768,4096,18,1024,12,15,15,15,15,12,4,7.82,118.37,498363,49.84%
big_files/enwik6,binary,32768,4096,18,999999999,12,15,15,15,15,12,4,7.39,108.33,498363,49.84%
big_files/enwik6,binary,32768,4096,18,1,15,15,15,15,15,12,4,7.65,106.58,583827,58.38%
big_files/enwik6,binary,32768,4096,18,4,15,15,15,15,15,12,4,7.62,100.76,569190,56.92%
big_files/enwik6,binary,32768,4096,18,16,15,15,15,15,15,12,4,7.65,101.07,538386,53.84%
big_files/enwik6,binary,32768,4096,18,128,15,15,15,15,15,12,4,7.26,110.39,520749,52.07%
big_files/enwik6,binary,32768,4096,18,1024,15,15,15,15,15,12,4,7.83,121.59,520116,52.01%
big_files/enwik6,binary,32768,4096,18,999999999,15,15,15,15,15,12,4,7.25,109.04,520116,52.01%
big_files/enwik6,binary,32768,4096,32,1,6,6,6,6,6,12,5,7.96,106.49,622345,62.23%
big_files/enwik6,binary,32768,4096,32,4,6,6,6,6,6,12,5,7.81,108.88,604347,60.43%
big_files/enwik6,binary,32768,4096,32,16,6,6,6,6,6,12,5,7.31,118.47,563046,56.30%
big_files/enwik6,binary,32768,4096,32,128,6,6,6,6,6,12,5,7.55,127.93,540138,54.01%
big_files/enwik6,binary,32768,4096,32,1024,6,6,6,6,6,12,5,7.54,117.11,539776,53.98%
big_files/enwik6,binary,32768,4096,32,999999999,6,6,6,6,6,12,5,7.53,114.20,539776,53.98%
big_files/enwik6,binary,32768,4096,32,1,6,6,6,6,12,12,5,7.89,106.64,619497,61.95%
big_files/enwik6,binary,32768,4096,32,4,6,6,6,6,12,12,5,7.61,112.26,601291,60.13%
big_files/enwik6,binary,32768,4096,32,16,6,6,6,6,12,12,5,7.79,111.65,559536,55.95%
big_files/enwik6,binary,32768,4096,32,128,6,6,6,6,12,12,5,7.84,111.70,536481,53.65%
big_files/enwik6,binary,32768,4096,32,1024,6,6,6,6,12,12,5,7.95,115.48,536117,53.61%
big_files/enwik6,binary,32768,4096,32,999999999,6,6,6,6,12,12,5,7.77,120.46,536117,53.61%
big_files/enwik6,binary,32768,4096,32,1,6,6,6,6,15,12,5,7.75,108.81,621740,62.17%
big_files/enwik6,binary,32768,4096,32,4,6,6,6,6,15,12,5,7.39,110.06,603687,60.37%
big_files/enwik6,binary,32768,4096,32,16,6,6,6,6,15,12,5,7.88,114.31,562346,56.23%
big_files/enwik6,binary,32768,4096,32,128,6,6,6,6,15,12,5,7.84,120.55,539458,53.95%
big_files/enwik6,binary,32768,4096,32,1024,6,6,6,6,15,12,5,7.69,120.49,539097,53.91%
big_files/enwik6,binary,32768,4096,32,999999999,6,6,6,6,15,12,5,7.96,117.27,539097,53.91%
big_files/enwik6,binary,32768,4096,32,1,6,6,6,12,12,12,5,8.02,111.65,614822,61.48%
big_files/enwik6,binary,32768,4096,32,4,6,6,6,12,12,12,5,7.98,104.34,595993,59.60%
big_files/enwik6,binary,32768,4096,32,16,6,6,6,12,12,12,5,7.85,118.48,554244,55.42%
big_files/enwik6,binary,32768,4096,32,128,6,6,6,12,12,12,5,7.42,116.34,531026,53.10%
big_files/enwik6,binary,32768,4096,32,1024,6,6,6,12,12,12,5,7.89,126.53,530671,53.07%
big_files/enwik6,binary,32768,4096,32,999999999,6,6,6,12,12,12,5,7.94,119.44,530671,53.07%
big_files/enwik6,binary,32768,4096,32,1,6,6,6,12,15,12,5,7.58,97.45,617066,61.71%
big_files/enwik6,binary,32768,4096,32,4,6,6,6,12,15,12,5,7.04,101.38,598384,59.84%
big_files/enwik6,binary,32768,4096,32,16,6,6,6,12,15,12,5,7.42,105.73,557053,55.71%
big_files/enwik6,binary,32768,4096,32,128,6,6,6,12,15,12,5,7.72,125.45,534003,53.40%
big_files/enwik6,binary,32768,4096,32,1024,6,6,6,12,15,12,5,7.81,125.17,533651,53.37%
big_files/enwik6,binary,32768,4096,32,999999999,6,6,6,12,15,12,5,7.31,114.45,533651,53.37%
big_files/enwik6,binary,32768,4096,32,1,6,6,6,15,15,12,5,7.85,110.23,620672,62.07%
big_files/enwik6,binary,32768,4096,32,4,6,6,6,15,15,12,5,7.88,105.68,602360,60.24%
big_files/enwik6,binary,32768,4096,32,16,6,6,6,15,15,12,5,7.83,116.77,561324,56.13%
big_files/enwik6,binary,32768,4096,32,128,6,6,6,15,15,12,5,7.43,114.92,538599,53.86%
big_files/enwik6,binary,32768,4096,32,1024,6,6,6,15,15,12,5,7.63,110.10,538243,53.82%
big_files/enwik6,binary,32768,4096,32,999999999,6,6,6,15,15,12,5,7.99,124.24,538243,53.82%
big_files/enwik6,binary,32768,4096,32,1,6,6,12,12,12,12,5,7.89,100.12,607083,60.71%
big_files/enwik6,binary,32768,4096,32,4,6,6,12,12,12,12,5,7.48,97.83,587368,58.74%
big_files/enwik6,binary,32768,4096,32,16,6,6,12,12,12,12,5,7.12,113.21,545805,54.58%
big_files/enwik6,binary,32768,4096,32,128,6,6,12,12,12,12,5,7.62,117.33,522591,52.26%
big_files/enwik6,binary,32768,4096,32,1024,6,6,12,12,12,12,5,7.42,110.10,522247,52.22%
big_files/enwik6,binary,32768,4096,32,999999999,6,6,12,12,12,12,5,7.70,123.18,522247,52.22%
big_files/enwik6,binary,32768,4096,32,1,6,6,12,12,15,12,5,8.16,100.38,609326,60.93%
big_files/enwik6,binary,32768,4096,32,4,6,6,12,12,15,12,5,7.79,110.44,589763,58.98%
big_files/enwik6,binary,32768,4096,32,16,6,6,12,12,15,12,5,7.55,119.88,548621,54.86%
big_files/enwik6,binary,32768,4096,32,128,6,6,12,12,15,12,5,7.56,121.43,525571,52.56%
big_files/enwik6,binary,32768,4096,32,1024,6,6,12,12,15,12,5,7.72,113.41,525227,52.52%
big_files/enwik6,binary,32768,4096,32,999999999,6,6,12,12,15,12,5,7.43,116.53,525227,52.52%
big_files/enwik6,binary,32768,4096,32,1,6,6,12,15,15,12,5,7.87,101.11,612933,61.29%
big_files/enwik6,binary,32768,4096,32,4,6,6,12,15,15,12,5,7.62,99.25,593742,59.37%
big_files/enwik6,binary,32768,4096,32,16,6,6,12,15,15,12,5,7.55,109.50,552890,55.29%
big_files/enwik6,binary,32768,4096,32,128,6,6,12,15,15,12,5,7.85,116.36,530162,53.02%
big_files/enwik6,binary,32768,4096,32,1024,6,6,12,15,15,12,5,7.28,113.72,529815,52.98%
big_files/enwik6,binary,32768,4096,32,999999999,6,6,12,15,15,12,5,7.65,115.73,529815,52.98%
big_files/enwik6,binary,32768,4096,32,1,6,6,15,15,15,12,5,7.73,108.99,618543,61.85%
big_files/enwik6,binary,32768,4096,32,4,6,6,15,15,15,12,5,7.38,97.79,599824,59.98%
big_files/enwik6,binary,32768,4096,32,16,6,6,15,15,15,12,5,7.54,106.22,559120,55.91%
big_files/enwik6,binary,32768,4096,32,128,6,6,15,15,15,12,5,7.88,114.19,536610,53.66%
big_files/enwik6,binary,32768,4096,32,1024,6,6,15,15,15,12,5,7.67,108.49,536256,53.63%
big_files/enwik6,binary,32768,4096,32,999999999,6,6,15,15,15,12,5,7.77,110.81,536256,53.63%
big_files/enwik6,binary,32768,4096,32,1,6,12,12,12,12,12,5,7.79,104.82,585324,58.53%
big_files/enwik6,binary,32768,4096,32,4,6,12,12,12,12,12,5,7.82,107.66,564963,56.50%
big_files/enwik6,binary,32768,4096,32,16,6,12,12,12,12,12,5,7.83,101.58,525466,52.55%
big_files/enwik6,binary,32768,4096,32,128,6,12,12,12,12,12,5,7.64,114.12,504682,50.47%
big_files/enwik6,binary,32768,4096,32,1024,6,12,12,12,12,12,5,7.77,111.87,504360,50.44%
big_files/enwik6,binary,32768,4096,32,999999999,6,12,12,12,12,12,5,7.10,115.56,504360,50.44%
big_files/enwik6,binary,32768,4096,32,1,6,12,12,12,15,12,5,7.82,106.06,587569,58.76%
big_files/enwik6,binary,32768,4096,32,4,6,12,12,12,15,12,5,7.73,106.90,567358,56.74%
big_files/enwik6,binary,32768,4096,32,16,6,12,12,12,15,12,5,7.93,108.73,528277,52.83%
big_files/enwik6,binary,32768,4096,32,128,6,12,12,12,15,12,5,7.96,110.17,507661,50.77%
big_files/enwik6,binary,32768,4096,32,1024,6,12,12,12,15,12,5,7.74,121.19,507337,50.73%
big_files/enwik6,binary,32768,4096,32,999999999,6,12,12,12,15,12,5,7.88,123.78,507337,50.73%
big_files/enwik6,binary,32768,4096,32,1,6,12,12,15,15,12,5,7.96,104.80,591179,59.12%
big_files/enwik6,binary,32768,4096,32,4,6,12,12,15,15,12,5,7.92,105.79,571337,57.13%
big_files/enwik6,binary,32768,4096,32,16,6,12,12,15,15,12,5,7.84,117.13,532548,53.25%
big_files/enwik6,binary,32768,4096,32,128,6,12,12,15,15,12,5,7.52,117.23,512251,51.23%
big_files/enwik6,binary,32768,4096,32,1024,6,12,12,15,15,12,5,7.46,115.67,511926,51.19%
big_files/enwik6,binary,32768,4096,32,999999999,6,12,12,15,15,12,5,7.85,113.35,511926,51.19%
big_files/enwik6,binary,32768,4096,32,1,6,12,15,15,15,12,5,7.53,105.63,596788,59.68%
big_files/enwik6,binary,32768,4096,32,4,6,12,15,15,15,12,5,7.82,103.88,577418,57.74%
big_files/enwik6,binary,32768,4096,32,16,6,12,15,15,15,12,5,7.81,118.93,538773,53.88%
big_files/enwik6,binary,32768,4096,32,128,6,12,15,15,15,12,5,7.23,113.96,518701,51.87%
big_files/enwik6,binary,32768,4096,32,1024,6,12,15,15,15,12,5,7.65,123.73,518366,51.84%
big_files/enwik6,binary,32768,4096,32,999999999,6,12,15,15,15,12,5,7.66,114.16,518366,51.84%
big_files/enwik6,binary,32768,4096,32,1,6,15,15,15,15,12,5,8.00,96.77,608950,60.89%
big_files/enwik6,binary,32768,4096,32,4,6,15,15,15,15,12,5,7.90,103.63,589701,58.97%
big_files/enwik6,binary,32768,4096,32,16,6,15,15,15,15,12,5,7.71,117.04,550511,55.05%
big_files/enwik6,binary,32768,4096,32,128,6,15,15,15,15,12,5,7.50,109.20,529563,52.96%
big_files/enwik6,binary,32768,4096,32,1024,6,15,15,15,15,12,5,7.03,116.44,529218,52.92%
big_files/enwik6,binary,32768,4096,32,999999999,6,15,15,15,15,12,5,7.98,122.85,529218,52.92%
big_files/enwik6,binary,32768,4096,32,1,12,12,12,12,12,12,5,8.21,118.59,519736,51.97%
big_files/enwik6,binary,32768,4096,32,4,12,12,12,12,12,12,5,7.40,104.26,507479,50.75%
big_files/enwik6,binary,32768,4096,32,16,12,12,12,12,12,12,5,6.85,106.48,483001,48.30%
big_files/enwik6,binary,32768,4096,32,128,12,12,12,12,12,12,5,7.43,109.72,469199,46.92%
big_files/enwik6,binary,32768,4096,32,1024,12,12,12,12,12,12,5,7.21,122.54,468936,46.89%
big_files/enwik6,binary,32768,4096,32,999999999,12,12,12,12,12,12,5,7.61,122.78,468936,46.89%
big_files/enwik6,binary,32768,4096,32,1,12,12,12,12,15,12,5,7.26,113.79,521978,52.20%
big_files/enwik6,binary,32768,4096,32,4,12,12,12,12,15,12,5,7.30,104.48,509875,50.99%
big_files/enwik6,binary,32768,4096,32,16,12,12,12,12,15,12,5,7.27,109.85,485812,48.58%
big_files/enwik6,binary,32768,4096,32,128,12,12,12,12,15,12,5,7.86,118.00,472179,47.22%
big_files/enwik6,binary,32768,4096,32,1024,12,12,12,12,15,12,5,7.69,120.83,471917,47.19%
big_files/enwik6,binary,32768,4096,32,999999999,12,12,12,12,15,12,5,7.69,118.10,471917,47.19%
big_files/enwik6,binary,32768,4096,32,1,12,12,12,15,15,12,5,7.99,108.74,525585,52.56%
big_files/enwik6,binary,32768,4096,32,4,12,12,12,15,15,12,5,7.72,116.77,513853,51.39%
big_files/enwik6,binary,32768,4096,32,16,12,12,12,15,15,12,5,7.69,115.60,490083,49.01%
big_files/enwik6,binary,32768,4096,32,128,12,12,12,15,15,12,5,7.75,118.60,476772,47.68%
big_files/enwik6,binary,32768,4096,32,1024,12,12,12,15,15,12,5,7.76,113.42,476507,47.65%
big_files/enwik6,binary,32768,4096,32,999999999,12,12,12,15,15,12,5,7.58,126.38,476507,47.65%
big_files/enwik6,binary,32768,4096,32,1,12,12,15,15,15,12,5,7.88,102.10,531192,53.12%
big_files/enwik6,binary,32768,4096,32,4,12,12,15,15,15,12,5,7.75,103.76,519939,51.99%
big_files/enwik6,binary,32768,4096,32,16,12,12,15,15,15,12,5,7.58,100.98,496311,49.63%
big_files/enwik6,binary,32768,4096,32,128,12,12,15,15,15,12,5,7.45,101.19,483220,48.32%
big_files/enwik6,binary,32768,4096,32,1024,12,12,15,15,15,12,5,7.44,121.66,482947,48.29%
big_files/enwik6,binary,32768,4096,32,999999999,12,12,15,15,15,12,5,6.78,115.01,482947,48.29%
big_files/enwik6,binary,32768,4096,32,1,12,15,15,15,15,12,5,7.62,108.23,543354,54.34%
big_files/enwik6,binary,32768,4096,32,4,12,15,15,15,15,12,5,7.70,108.84,532217,53.22%
big_files/enwik6,binary,32768,4096,32,16,12,15,15,15,15,12,5,7.30,110.81,508045,50.80%
big_files/enwik6,binary,32768,4096,32,128,12,15,15,15,15,12,5,7.59,115.91,494079,49.41%
big_files/enwik6,binary,32768,4096,32,1024,12,15,15,15,15,12,5,7.77,120.93,493794,49.38%
big_files/enwik6,binary,32768,4096,32,999999999,12,15,15,15,15,12,5,7.64,114.91,493794,49.38%
big_files/enwik6,binary,32768,4096,32,1,15,15,15,15,15,12,5,7.95,96.29,578661,57.87%
big_files/enwik6,binary,32768,4096,32,4,15,15,15,15,15,12,5,7.87,104.97,563383,56.34%
big_files/enwik6,binary,32768,4096,32,16,15,15,15,15,15,12,5,7.68,116.84,532771,53.28%
big_files/enwik6,binary,32768,4096,32,128,15,15,15,15,15,12,5,7.88,116.25,515785,51.58%
big_files/enwik6,binary,32768,4096,32,1024,15,15,15,15,15,12,5,7.82,110.49,515466,51.55%
big_files/enwik6,binary,32768,4096,32,999999999,15,15,15,15,15,12,5,7.80,112.17,515466,51.55%
big_files/enwik6,binary,32768,4096,64,1,6,6,6,6,6,12,6,7.98,104.65,640019,64.00%
big_files/enwik6,binary,32768,4096,64,4,6,6,6,6,6,12,6,7.80,108.33,620527,62.05%
big_files/enwik6,binary,32768,4096,64,16,6,6,6,6,6,12,6,7.69,109.51,577494,57.75%
big_files/enwik6,binary,32768,4096,64,128,6,6,6,6,6,12,6,7.94,123.80,554374,55.44%
big_files/enwik6,binary,32768,4096,64,1024,6,6,6,6,6,12,6,7.86,123.42,554163,55.42%
big_files/enwik6,binary,32768,4096,64,999999999,6,6,6,6,6,12,6,7.83,116.96,554163,55.42%
big_files/enwik6,binary,32768,4096,64,1,6,6,6,6,12,12,6,8.05,102.44,636543,63.65%
big_files/enwik6,binary,32768,4096,64,4,6,6,6,6,12,12,6,7.86,108.99,616815,61.68%
big_files/enwik6,binary,32768,4096,64,16,6,6,6,6,12,12,6,7.71,112.82,573208,57.32%
big_files/enwik6,binary,32768,4096,64,128,6,6,6,6,12,12,6,7.93,122.42,549876,54.99%
big_files/enwik6,binary,32768,4096,64,1024,6,6,6,6,12,12,6,8.00,122.57,549667,54.97%
big_files/enwik6,binary,32768,4096,64,999999999,6,6,6,6,12,12,6,7.97,119.35,549667,54.97%
big_files/enwik6,binary,32768,4096,64,1,6,6,6,6,15,12,6,7.97,97.06,638765,63.88%
big_files/enwik6,binary,32768,4096,64,4,6,6,6,6,15,12,6,7.91,113.25,619182,61.92%
big_files/enwik6,binary,32768,4096,64,16,6,6,6,6,15,12,6,7.98,116.91,575991,57.60%
big_files/enwik6,binary,32768,4096,64,128,6,6,6,6,15,12,6,7.96,117.95,552832,55.28%
big_files/enwik6,binary,32768,4096,64,1024,6,6,6,6,15,12,6,7.88,121.87,552623,55.26%
big_files/enwik6,binary,32768,4096,64,999999999,6,6,6,6,15,12,6,7.74,113.11,552623,55.26%
big_files/enwik6,binary,32768,4096,64,1,6,6,6,12,12,12,6,7.77,103.26,630808,63.08%
big_files/enwik6,binary,32768,4096,64,4,6,6,6,12,12,12,6,7.41,102.16,610401,61.04%
big_files/enwik6,binary,32768,4096,64,16,6,6,6,12,12,12,6,7.33,117.33,566689,56.67%
big_files/enwik6,binary,32768,4096,64,128,6,6,6,12,12,12,6,7.77,124.14,543122,54.31%
big_files/enwik6,binary,32768,4096,64,1024,6,6,6,12,12,12,6,7.76,122.94,542920,54.29%
big_files/enwik6,binary,32768,4096,64,999999999,6,6,6,12,12,12,6,7.39,119.20,542920,54.29%
big_files/enwik6,binary,32768,4096,64,1,6,6,6,12,15,12,6,8.01,101.53,633029,63.30%
big_files/enwik6,binary,32768,4096,64,4,6,6,6,12,15,12,6,8.09,107.41,612763,61.28%
big_files/enwik6,binary,32768,4096,64,16,6,6,6,12,15,12,6,7.91,104.72,569474,56.95%
big_files/enwik6,binary,32768,4096,64,128,6,6,6,12,15,12,6,7.82,117.61,546081,54.61%
big_files/enwik6,binary,32768,4096,64,1024,6,6,6,12,15,12,6,7.63,111.60,545881,54.59%
big_files/enwik6,binary,32768,4096,64,999999999,6,6,6,12,15,12,6,7.96,122.26,545881,54.59%
big_files/enwik6,binary,32768,4096,64,1,6,6,6,15,15,12,6,7.98,108.14,636620,63.66%
big_files/enwik6,binary,32768,4096,64,4,6,6,6,15,15,12,6,7.73,110.10,616698,61.67%
big_files/enwik6,binary,32768,4096,64,16,6,6,6,15,15,12,6,7.34,114.19,573721,57.37%
big_files/enwik6,binary,32768,4096,64,128,6,6,6,15,15,12,6,8.01,118.49,550652,55.07%
big_files/enwik6,binary,32768,4096,64,1024,6,6,6,15,15,12,6,7.85,121.01,550449,55.04%
big_files/enwik6,binary,32768,4096,64,999999999,6,6,6,15,15,12,6,7.77,109.36,550449,55.04%
big_files/enwik6,binary,32768,4096,64,1,6,6,12,12,12,12,6,8.05,109.00,621393,62.14%
big_files/enwik6,binary,32768,4096,64,4,6,6,12,12,12,12,6,7.99,109.11,599943,59.99%
big_files/enwik6,binary,32768,4096,64,16,6,6,12,12,12,12,6,7.79,119.71,556393,55.64%
big_files/enwik6,binary,32768,4096,64,128,6,6,12,12,12,12,6,7.60,116.59,532774,53.28%
big_files/enwik6,binary,32768,4096,64,1024,6,6,12,12,12,12,6,7.99,101.52,532583,53.26%
big_files/enwik6,binary,32768,4096,64,999999999,6,6,12,12,12,12,6,7.76,115.14,532583,53.26%
big_files/enwik6,binary,32768,4096,64,1,6,6,12,12,15,12,6,7.81,107.46,623613,62.36%
big_files/enwik6,binary,32768,4096,64,4,6,6,12,12,15,12,6,8.12,107.72,602304,60.23%
big_files/enwik6,binary,32768,4096,64,16,6,6,12,12,15,12,6,7.91,118.71,559177,55.92%
big_files/enwik6,binary,32768,4096,64,128,6,6,12,12,15,12,6,7.87,110.83,535733,53.57%
big_files/enwik6,binary,32768,4096,64,1024,6,6,12,12,15,12,6,7.94,107.30,535541,53.55%
big_files/enwik6,binary,32768,4096,64,999999999,6,6,12,12,15,12,6,7.80,118.40,535541,53.55%
big_files/enwik6,binary,32768,4096,64,1,6,6,12,15,15,12,6,6.63,104.35,627206,62.72%
big_files/enwik6,binary,32768,4096,64,4,6,6,12,15,15,12,6,7.67,104.16,606244,60.62%
big_files/enwik6,binary,32768,4096,64,16,6,6,12,15,15,12,6,7.04,118.19,563424,56.34%
big_files/enwik6,binary,32768,4096,64,128,6,6,12,15,15,12,6,7.25,115.79,540307,54.03%
big_files/enwik6,binary,32768,4096,64,1024,6,6,12,15,15,12,6,7.40,114.30,540112,54.01%
big_files/enwik6,binary,32768,4096,64,999999999,6,6,12,15,15,12,6,7.66,123.36,540112,54.01%
big_files/enwik6,binary,32768,4096,64,1,6,6,15,15,15,12,6,7.26,100.03,632786,63.28%
big_files/enwik6,binary,32768,4096,64,4,6,6,15,15,15,12,6,7.56,101.99,612286,61.23%
big_files/enwik6,binary,32768,4096,64,16,6,6,15,15,15,12,6,7.90,114.90,569635,56.96%
big_files/enwik6,binary,32768,4096,64,128,6,6,15,15,15,12,6,7.69,119.15,546739,54.67%
big_files/enwik6,binary,32768,4096,64,1024,6,6,15,15,15,12,6,7.88,115.68,546538,54.65%
big_files/enwik6,binary,32768,4096,64,999999999,6,6,15,15,15,12,6,7.56,118.67,546538,54.65%
big_files/enwik6,binary,32768,4096,64,1,6,12,12,12,12,12,6,7.97,101.10,595824,59.58%
big_files/enwik6,binary,32768,4096,64,4,6,12,12,12,12,12,6,7.78,107.68,573728,57.37%
big_files/enwik6,binary,32768,4096,64,16,6,12,12,12,12,12,6,7.97,110.61,532482,53.25%
big_files/enwik6,binary,32768,4096,64,128,6,12,12,12,12,12,6,7.66,101.28,511587,51.16%
big_files/enwik6,binary,32768,4096,64,1024,6,12,12,12,12,12,6,7.71,108.89,511415,51.14%
big_files/enwik6,binary,32768,4096,64,999999999,6,12,12,12,12,12,6,7.96,126.83,511415,51.14%
big_files/enwik6,binary,32768,4096,64,1,6,12,12,12,15,12,6,8.11,96.72,598043,59.80%
big_files/enwik6,binary,32768,4096,64,4,6,12,12,12,15,12,6,7.92,104.47,576089,57.61%
big_files/enwik6,binary,32768,4096,64,16,6,12,12,12,15,12,6,7.85,120.23,535262,53.53%
big_files/enwik6,binary,32768,4096,64,128,6,12,12,12,15,12,6,7.72,124.48,514543,51.45%
big_files/enwik6,binary,32768,4096,64,1024,6,12,12,12,15,12,6,7.85,111.16,514372,51.44%
big_files/enwik6,binary,32768,4096,64,999999999,6,12,12,12,15,12,6,7.72,120.50,514372,51.44%
big_files/enwik6,binary,32768,4096,64,1,6,12,12,15,15,12,6,8.09,106.98,601636,60.16%
big_files/enwik6,binary,32768,4096,64,4,6,12,12,15,15,12,6,7.51,103.44,580028,58.00%
big_files/enwik6,binary,32768,4096,64,16,6,12,12,15,15,12,6,7.95,112.97,539513,53.95%
big_files/enwik6,binary,32768,4096,64,128,6,12,12,15,15,12,6,7.91,121.03,519115,51.91%
big_files/enwik6,binary,32768,4096,64,1024,6,12,12,15,15,12,6,7.70,117.91,518941,51.89%
big_files/enwik6,binary,32768,4096,64,999999999,6,12,12,15,15,12,6,7.44,109.54,518941,51.89%
big_files/enwik6,binary,32768,4096,64,1,6,12,15,15,15,12,6,7.44,101.71,607220,60.72%
big_files/enwik6,binary,32768,4096,64,4,6,12,15,15,15,12,6,8.07,106.00,586074,58.61%
big_files/enwik6,binary,32768,4096,64,16,6,12,15,15,15,12,6,7.58,113.98,545720,54.57%
big_files/enwik6,binary,32768,4096,64,128,6,12,15,15,15,12,6,6.61,112.72,525546,52.55%
big_files/enwik6,binary,32768,4096,64,1024,6,12,15,15,15,12,6,7.92,116.47,525368,52.54%
big_files/enwik6,binary,32768,4096,64,999999999,6,12,15,15,15,12,6,7.48,115.18,525368,52.54%
big_files/enwik6,binary,32768,4096,64,1,6,15,15,15,15,12,6,7.39,103.18,619348,61.93%
big_files/enwik6,binary,32768,4096,64,4,6,15,15,15,15,12,6,7.49,103.45,598292,59.83%
big_files/enwik6,binary,32768,4096,64,16,6,15,15,15,15,12,6,7.44,107.34,557418,55.74%
big_files/enwik6,binary,32768,4096,64,128,6,15,15,15,15,12,6,7.47,108.85,536397,53.64%
big_files/enwik6,binary,32768,4096,64,1024,6,15,15,15,15,12,6,7.64,109.15,536206,53.62%
big_files/enwik6,binary,32768,4096,64,999999999,6,15,15,15,15,12,6,7.61,114.88,536206,53.62%
big_files/enwik6,binary,32768,4096,64,1,12,12,12,12,12,12,6,7.91,113.41,519009,51.90%
big_files/enwik6,binary,32768,4096,64,4,12,12,12,12,12,12,6,7.85,119.61,506520,50.65%
big_files/enwik6,binary,32768,4096,64,16,12,12,12,12,12,12,6,7.72,113.96,482619,48.26%
big_files/enwik6,binary,32768,4096,64,128,12,12,12,12,12,12,6,7.73,116.87,469584,46.96%
big_files/enwik6,binary,32768,4096,64,1024,12,12,12,12,12,12,6,7.50,119.27,469450,46.94%
big_files/enwik6,binary,32768,4096,64,999999999,12,12,12,12,12,12,6,7.76,121.34,469450,46.94%
big_files/enwik6,binary,32768,4096,64,1,12,12,12,12,15,12,6,7.85,109.48,521230,52.12%
big_files/enwik6,binary,32768,4096,64,4,12,12,12,12,15,12,6,7.87,106.26,508880,50.89%
big_files/enwik6,binary,32768,4096,64,16,12,12,12,12,15,12,6,8.09,115.79,485404,48.54%
big_files/enwik6,binary,32768,4096,64,128,12,12,12,12,15,12,6,7.61,107.26,472539,47.25%
big_files/enwik6,binary,32768,4096,64,1024,12,12,12,12,15,12,6,7.85,124.86,472409,47.24%
big_files/enwik6,binary,32768,4096,64,999999999,12,12,12,12,15,12,6,7.75,113.14,472409,47.24%
big_files/enwik6,binary,32768,4096,64,1,12,12,12,15,15,12,6,7.71,113.09,524824,52.48%
big_files/enwik6,binary,32768,4096,64,4,12,12,12,15,15,12,6,7.29,107.50,512819,51.28%
big_files/enwik6,binary,32768,4096,64,16,12,12,12,15,15,12,6,7.64,116.64,489655,48.97%
big_files/enwik6,binary,32768,4096,64,128,12,12,12,15,15,12,6,7.80,102.34,477113,47.71%
big_files/enwik6,binary,32768,4096,64,1024,12,12,12,15,15,12,6,7.82,128.99,476977,47.70%
big_files/enwik6,binary,32768,4096,64,999999999,12,12,12,15,15,12,6,7.63,116.17,476977,47.70%
big_files/enwik6,binary,32768,4096,64,1,12,12,15,15,15,12,6,7.79,106.68,530405,53.04%
big_files/enwik6,binary,32768,4096,64,4,12,12,15,15,15,12,6,8.05,106.99,518863,51.89%
big_files/enwik6,binary,32768,4096,64,16,12,12,15,15,15,12,6,7.66,117.72,495861,49.59%
big_files/enwik6,binary,32768,4096,64,128,12,12,15,15,15,12,6,7.90,120.37,483548,48.35%
big_files/enwik6,binary,32768,4096,64,1024,12,12,15,15,15,12,6,7.93,119.37,483408,48.34%
big_files/enwik6,binary,32768,4096,64,999999999,12,12,15,15,15,12,6,7.86,119.94,483408,48.34%
big_files/enwik6,binary,32768,4096,64,1,12,15,15,15,15,12,6,8.26,117.00,542536,54.25%
big_files/enwik6,binary,32768,4096,64,4,12,15,15,15,15,12,6,7.67,111.02,531082,53.11%
big_files/enwik6,binary,32768,4096,64,16,12,15,15,15,15,12,6,7.76,114.73,507557,50.76%
big_files/enwik6,binary,32768,4096,64,128,12,15,15,15,15,12,6,7.22,112.83,494396,49.44%
big_files/enwik6,binary,32768,4096,64,1024,12,15,15,15,15,12,6,7.75,115.36,494244,49.42%
big_files/enwik6,binary,32768,4096,64,999999999,12,15,15,15,15,12,6,7.97,117.69,494244,49.42%
big_files/enwik6,binary,32768,4096,64,1,15,15,15,15,15,12,6,7.66,108.67,577712,57.77%
big_files/enwik6,binary,32768,4096,64,4,15,15,15,15,15,12,6,8.10,106.47,562072,56.21%
big_files/enwik6,binary,32768,4096,64,16,15,15,15,15,15,12,6,7.87,113.09,532162,53.22%
big_files/enwik6,binary,32768,4096,64,128,15,15,15,15,15,12,6,7.67,111.72,516066,51.61%
big_files/enwik6,binary,32768,4096,64,1024,15,15,15,15,15,12,6,7.86,106.13,515896,51.59%
big_files/enwik6,binary,32768,4096,64,999999999,15,15,15,15,15,12,6,7.69,112.21,515896,51.59%
big_files/enwik6,binary,32768,4096,128,1,6,6,6,6,6,12,7,7.71,95.99,660395,66.04%
big_files/enwik6,binary,32768,4096,128,4,6,6,6,6,6,12,7,7.81,99.92,640012,64.00%
big_files/enwik6,binary,32768,4096,128,16,6,6,6,6,6,12,7,7.16,110.73,594999,59.50%
big_files/enwik6,binary,32768,4096,128,128,6,6,6,6,6,12,7,7.41,111.39,570965,57.10%
big_files/enwik6,binary,32768,4096,128,1024,6,6,6,6,6,12,7,7.50,118.76,570803,57.08%
big_files/enwik6,binary,32768,4096,128,999999999,6,6,6,6,6,12,7,7.36,112.71,570803,57.08%
big_files/enwik6,binary,32768,4096,128,1,6,6,6,6,12,12,7,7.80,105.49,656269,65.63%
big_files/enwik6,binary,32768,4096,128,4,6,6,6,6,12,12,7,8.02,107.05,635596,63.56%
big_files/enwik6,binary,32768,4096,128,16,6,6,6,6,12,12,7,7.68,108.19,589895,58.99%
big_files/enwik6,binary,32768,4096,128,128,6,6,6,6,12,12,7,7.93,114.20,565602,56.56%
big_files/enwik6,binary,32768,4096,128,1024,6,6,6,6,12,12,7,7.57,111.27,565441,56.54%
big_files/enwik6,binary,32768,4096,128,999999999,6,6,6,6,12,12,7,7.94,121.02,565441,56.54%
big_files/enwik6,binary,32768,4096,128,1,6,6,6,6,15,12,7,8.07,103.70,658487,65.85%
big_files/enwik6,binary,32768,4096,128,4,6,6,6,6,15,12,7,7.90,100.56,637958,63.80%
big_files/enwik6,binary,32768,4096,128,16,6,6,6,6,15,12,7,7.89,103.74,592677,59.27%
big_files/enwik6,binary,32768,4096,128,128,6,6,6,6,15,12,7,7.54,115.68,568555,56.86%
big_files/enwik6,binary,32768,4096,128,1024,6,6,6,6,15,12,7,7.64,114.18,568395,56.84%
big_files/enwik6,binary,32768,4096,128,999999999,6,6,6,6,15,12,7,7.19,110.45,568395,56.84%
big_files/enwik6,binary,32768,4096,128,1,6,6,6,12,12,12,7,7.68,105.59,649467,64.95%
big_files/enwik6,binary,32768,4096,128,4,6,6,6,12,12,12,7,7.72,110.61,628007,62.80%
big_files/enwik6,binary,32768,4096,128,16,6,6,6,12,12,12,7,7.90,114.24,582144,58.21%
big_files/enwik6,binary,32768,4096,128,128,6,6,6,12,12,12,7,7.79,117.85,557534,55.75%
big_files/enwik6,binary,32768,4096,128,1024,6,6,6,12,12,12,7,7.52,121.85,557380,55.74%
big_files/enwik6,binary,32768,4096,128,999999999,6,6,6,12,12,12,7,7.77,106.76,557380,55.74%
big_files/enwik6,binary,32768,4096,128,1,6,6,6,12,15,12,7,8.05,106.35,651683,65.17%
big_files/enwik6,binary,32768,4096,128,4,6,6,6,12,15,12,7,7.86,111.56,630367,63.04%
big_files/enwik6,binary,32768,4096,128,16,6,6,6,12,15,12,7,7.84,107.72,584925,58.49%
big_files/enwik6,binary,32768,4096,128,128,6,6,6,12,15,12,7,7.75,119.10,560492,56.05%
big_files/enwik6,binary,32768,4096,128,1024,6,6,6,12,15,12,7,7.52,113.72,560337,56.03%
big_files/enwik6,binary,32768,4096,128,999999999,6,6,6,12,15,12,7,7.92,117.50,560337,56.03%
big_files/enwik6,binary,32768,4096,128,1,6,6,6,15,15,12,7,8.09,109.63,655270,65.53%
big_files/enwik6,binary,32768,4096,128,4,6,6,6,15,15,12,7,7.91,109.79,634294,63.43%
big_files/enwik6,binary,32768,4096,128,16,6,6,6,15,15,12,7,7.77,116.63,589168,58.92%
big_files/enwik6,binary,32768,4096,128,128,6,6,6,15,15,12,7,7.47,113.01,565057,56.51%
big_files/enwik6,binary,32768,4096,128,1024,6,6,6,15,15,12,7,7.92,113.43,564901,56.49%
big_files/enwik6,binary,32768,4096,128,999999999,6,6,6,15,15,12,7,7.95,126.66,564901,56.49%
big_files/enwik6,binary,32768,4096,128,1,6,6,12,12,12,12,7,8.09,100.31,638346,63.83%
big_files/enwik6,binary,32768,4096,128,4,6,6,12,12,12,12,7,7.94,108.81,615683,61.57%
big_files/enwik6,binary,32768,4096,128,16,6,6,12,12,12,12,7,7.94,112.17,569968,57.00%
big_files/enwik6,binary,32768,4096,128,128,6,6,12,12,12,12,7,7.64,109.97,545254,54.53%
big_files/enwik6,binary,32768,4096,128,1024,6,6,12,12,12,12,7,7.83,118.03,545109,54.51%
big_files/enwik6,binary,32768,4096,128,999999999,6,6,12,12,12,12,7,7.62,112.13,545109,54.51%
big_files/enwik6,binary,32768,4096,128,1,6,6,12,12,15,12,7,8.20,109.76,640560,64.06%
big_files/enwik6,binary,32768,4096,128,4,6,6,12,12,15,12,7,7.76,102.39,618047,61.80%
big_files/enwik6,binary,32768,4096,128,16,6,6,12,12,15,12,7,7.63,109.26,572750,57.27%
big_files/enwik6,binary,32768,4096,128,128,6,6,12,12,15,12,7,7.81,124.09,548210,54.82%
big_files/enwik6,binary,32768,4096,128,1024,6,6,12,12,15,12,7,7.81,120.44,548066,54.81%
big_files/enwik6,binary,32768,4096,128,999999999,6,6,12,12,15,12,7,7.93,114.33,548066,54.81%
big_files/enwik6,binary,32768,4096,128,1,6,6,12,15,15,12,7,8.05,96.61,644150,64.41%
big_files/enwik6,binary,32768,4096,128,4,6,6,12,15,15,12,7,7.99,113.12,621976,62.20%
big_files/enwik6,binary,32768,4096,128,16,6,6,12,15,15,12,7,8.00,106.40,576989,57.70%
big_files/enwik6,binary,32768,4096,128,128,6,6,12,15,15,12,7,7.94,117.67,552780,55.28%
big_files/enwik6,binary,32768,4096,128,1024,6,6,12,15,15,12,7,7.87,113.74,552633,55.26%
big_files/enwik6,binary,32768,4096,128,999999999,6,6,12,15,15,12,7,7.79,117.20,552633,55.26%
big_files/enwik6,binary,32768,4096,128,1,6,6,15,15,15,12,7,7.88,107.49,649726,64.97%
big_files/enwik6,binary,32768,4096,128,4,6,6,15,15,15,12,7,7.89,107.45,628009,62.80%
big_files/enwik6,binary,32768,4096,128,16,6,6,15,15,15,12,7,7.84,109.37,583192,58.32%
big_files/enwik6,binary,32768,4096,128,128,6,6,15,15,15,12,7,7.69,117.61,559209,55.92%
big_files/enwik6,binary,32768,4096,128,1024,6,6,15,15,15,12,7,7.90,110.18,559058,55.91%
big_files/enwik6,binary,32768,4096,128,999999999,6,6,15,15,15,12,7,7.63,111.56,559058,55.91%
big_files/enwik6,binary,32768,4096,128,1,6,12,12,12,12,12,7,7.76,105.96,608934,60.89%
big_files/enwik6,binary,32768,4096,128,4,6,12,12,12,12,12,7,8.01,110.37,585592,58.56%
big_files/enwik6,binary,32768,4096,128,16,6,12,12,12,12,12,7,7.98,113.85,542441,54.24%
big_files/enwik6,binary,32768,4096,128,128,6,12,12,12,12,12,7,7.88,108.52,520775,52.08%
big_files/enwik6,binary,32768,4096,128,1024,6,12,12,12,12,12,7,7.86,117.40,520649,52.06%
big_files/enwik6,binary,32768,4096,128,999999999,6,12,12,12,12,12,7,8.00,117.78,520649,52.06%
big_files/enwik6,binary,32768,4096,128,1,6,12,12,12,15,12,7,7.56,101.21,611148,61.11%
big_files/enwik6,binary,32768,4096,128,4,6,12,12,12,15,12,7,7.49,101.82,587953,58.80%
big_files/enwik6,binary,32768,4096,128,16,6,12,12,12,15,12,7,7.45,109.80,545224,54.52%
big_files/enwik6,binary,32768,4096,128,128,6,12,12,12,15,12,7,7.56,115.30,523730,52.37%
big_files/enwik6,binary,32768,4096,128,1024,6,12,12,12,15,12,7,7.60,119.59,523604,52.36%
big_files/enwik6,binary,32768,4096,128,999999999,6,12,12,12,15,12,7,7.48,111.24,523604,52.36%
big_files/enwik6,binary,32768,4096,128,1,6,12,12,15,15,12,7,8.02,94.61,614740,61.47%
big_files/enwik6,binary,32768,4096,128,4,6,12,12,15,15,12,7,7.12,109.28,591882,59.19%
big_files/enwik6,binary,32768,4096,128,16,6,12,12,15,15,12,7,7.53,114.21,549464,54.95%
big_files/enwik6,binary,32768,4096,128,128,6,12,12,15,15,12,7,7.40,102.37,528300,52.83%
big_files/enwik6,binary,32768,4096,128,1024,6,12,12,15,15,12,7,7.05,119.69,528171,52.82%
big_files/enwik6,binary,32768,4096,128,999999999,6,12,12,15,15,12,7,7.83,124.56,528171,52.82%
big_files/enwik6,binary,32768,4096,128,1,6,12,15,15,15,12,7,7.69,95.85,620318,62.03%
big_files/enwik6,binary,32768,4096,128,4,6,12,15,15,15,12,7,7.86,110.06,597918,59.79%
big_files/enwik6,binary,32768,4096,128,16,6,12,15,15,15,12,7,6.97,106.84,555666,55.57%
big_files/enwik6,binary,32768,4096,128,128,6,12,15,15,15,12,7,7.93,115.33,534730,53.47%
big_files/enwik6,binary,32768,4096,128,1024,6,12,15,15,15,12,7,7.71,106.01,534598,53.46%
big_files/enwik6,binary,32768,4096,128,999999999,6,12,15,15,15,12,7,7.83,115.37,534598,53.46%
big_files/enwik6,binary,32768,4096,128,1,6,15,15,15,15,12,7,7.85,107.76,632438,63.24%
big_files/enwik6,binary,32768,4096,128,4,6,15,15,15,15,12,7,8.13,105.97,610128,61.01%
big_files/enwik6,binary,32768,4096,128,16,6,15,15,15,15,12,7,8.07,118.13,567354,56.74%
big_files/enwik6,binary,32768,4096,128,128,6,15,15,15,15,12,7,7.72,118.96,545573,54.56%
big_files/enwik6,binary,32768,4096,128,1024,6,15,15,15,15,12,7,7.72,108.92,545431,54.54%
big_files/enwik6,binary,32768,4096,128,999999999,6,15,15,15,15,12,7,7.76,116.35,545431,54.54%
big_files/enwik6,binary,32768,4096,128,1,12,12,12,12,12,12,7,8.01,113.36,520793,52.08%
big_files/enwik6,binary,32768,4096,128,4,12,12,12,12,12,12,7,7.73,111.72,508473,50.85%
big_files/enwik6,binary,32768,4096,128,16,12,12,12,12,12,12,7,7.59,120.53,484988,48.50%
big_files/enwik6,binary,32768,4096,128,128,12,12,12,12,12,12,7,7.62,117.99,472227,47.22%
big_files/enwik6,binary,32768,4096,128,1024,12,12,12,12,12,12,7,7.50,111.64,472132,47.21%
big_files/enwik6,binary,32768,4096,128,999999999,12,12,12,12,12,12,7,7.93,108.46,472132,47.21%
big_files/enwik6,binary,32768,4096,128,1,12,12,12,12,15,12,7,8.04,114.29,523012,52.30%
big_files/enwik6,binary,32768,4096,128,4,12,12,12,12,15,12,7,8.02,117.71,510839,51.08%
big_files/enwik6,binary,32768,4096,128,16,12,12,12,12,15,12,7,8.04,121.80,487772,48.78%
big_files/enwik6,binary,32768,4096,128,128,12,12,12,12,15,12,7,7.59,111.30,475185,47.52%
big_files/enwik6,binary,32768,4096,128,1024,12,12,12,12,15,12,7,7.44,120.04,475092,47.51%
big_files/enwik6,binary,32768,4096,128,999999999,12,12,12,12,15,12,7,7.48,112.43,475092,47.51%
big_files/enwik6,binary,32768,4096,128,1,12,12,12,15,15,12,7,7.84,108.34,526599,52.66%
big_files/enwik6,binary,32768,4096,128,4,12,12,12,15,15,12,7,8.01,101.56,514768,51.48%
big_files/enwik6,binary,32768,4096,128,16,12,12,12,15,15,12,7,7.67,119.70,492013,49.20%
big_files/enwik6,binary,32768,4096,128,128,12,12,12,15,15,12,7,7.97,127.94,479751,47.98%
big_files/enwik6,binary,32768,4096,128,1024,12,12,12,15,15,12,7,7.51,113.25,479656,47.97%
big_files/enwik6,binary,32768,4096,128,999999999,12,12,12,15,15,12,7,7.59,116.89,479656,47.97%
big_files/enwik6,binary,32768,4096,128,1,12,12,15,15,15,12,7,7.67,107.24,532175,53.22%
big_files/enwik6,binary,32768,4096,128,4,12,12,15,15,15,12,7,7.93,119.02,520806,52.08%
big_files/enwik6,binary,32768,4096,128,16,12,12,15,15,15,12,7,7.89,109.74,498216,49.82%
big_files/enwik6,binary,32768,4096,128,128,12,12,15,15,15,12,7,7.80,123.16,486177,48.62%
big_files/enwik6,binary,32768,4096,128,1024,12,12,15,15,15,12,7,8.06,127.67,486079,48.61%
big_files/enwik6,binary,32768,4096,128,999999999,12,12,15,15,15,12,7,7.65,112.63,486079,48.61%
big_files/enwik6,binary,32768,4096,128,1,12,15,15,15,15,12,7,7.98,109.40,544297,54.43%
big_files/enwik6,binary,32768,4096,128,4,12,15,15,15,15,12,7,7.99,111.95,533010,53.30%
big_files/enwik6,binary,32768,4096,128,16,12,15,15,15,15,12,7,7.94,119.63,509899,50.99%
big_files/enwik6,binary,32768,4096,128,128,12,15,15,15,15,12,7,7.78,112.86,497022,49.70%
big_files/enwik6,binary,32768,4096,128,1024,12,15,15,15,15,12,7,7.63,116.19,496913,49.69%
big_files/enwik6,binary,32768,4096,128,999999999,12,15,15,15,15,12,7,7.73,121.18,496913,49.69%
big_files/enwik6,binary,32768,4096,128,1,15,15,15,15,15,12,7,8.09,107.60,579455,57.95%
big_files/enwik6,binary,32768,4096,128,4,15,15,15,15,15,12,7,8.02,111.75,563990,56.40%
big_files/enwik6,binary,32768,4096,128,16,15,15,15,15,15,12,7,7.77,108.52,534494,53.45%
big_files/enwik6,binary,32768,4096,128,128,15,15,15,15,15,12,7,7.80,119.88,518684,51.87%
big_files/enwik6,binary,32768,4096,128,1024,15,15,15,15,15,12,7,8.01,125.60,518562,51.86%
big_files/enwik6,binary,32768,4096,128,999999999,15,15,15,15,15,12,7,7.75,110.49,518562,51.86%
big_files/enwik6,binary,32768,4096,256,1,6,6,6,6,6,12,8,7.90,102.69,681099,68.11%
big_files/enwik6,binary,32768,4096,256,4,6,6,6,6,6,12,8,7.94,107.69,659909,65.99%
big_files/enwik6,binary,32768,4096,256,16,6,6,6,6,6,12,8,7.86,115.64,612926,61.29%
big_files/enwik6,binary,32768,4096,256,128,6,6,6,6,6,12,8,7.66,118.01,587958,58.80%
big_files/enwik6,binary,32768,4096,256,1024,6,6,6,6,6,12,8,7.94,113.70,587808,58.78%
big_files/enwik6,binary,32768,4096,256,999999999,6,6,6,6,6,12,8,7.70,123.50,587808,58.78%
big_files/enwik6,binary,32768,4096,256,1,6,6,6,6,12,12,8,8.02,106.43,676308,67.63%
big_files/enwik6,binary,32768,4096,256,4,6,6,6,6,12,12,8,7.97,103.08,654790,65.48%
big_files/enwik6,binary,32768,4096,256,16,6,6,6,6,12,12,8,7.98,119.78,607006,60.70%
big_files/enwik6,binary,32768,4096,256,128,6,6,6,6,12,12,8,7.97,113.02,581727,58.17%
big_files/enwik6,binary,32768,4096,256,1024,6,6,6,6,12,12,8,7.65,117.02,581579,58.16%
big_files/enwik6,binary,32768,4096,256,999999999,6,6,6,6,12,12,8,7.60,120.51,581579,58.16%
big_files/enwik6,binary,32768,4096,256,1,6,6,6,6,15,12,8,8.00,107.37,678528,67.85%
big_files/enwik6,binary,32768,4096,256,4,6,6,6,6,15,12,8,7.81,111.16,657155,65.72%
big_files/enwik6,binary,32768,4096,256,16,6,6,6,6,15,12,8,7.62,114.37,609791,60.98%
big_files/enwik6,binary,32768,4096,256,128,6,6,6,6,15,12,8,7.76,119.21,584683,58.47%
big_files/enwik6,binary,32768,4096,256,1024,6,6,6,6,15,12,8,7.62,110.21,584534,58.45%
big_files/enwik6,binary,32768,4096,256,999999999,6,6,6,6,15,12,8,7.91,118.37,584534,58.45%
big_files/enwik6,binary,32768,4096,256,1,6,6,6,12,12,12,8,8.15,103.25,668437,66.84%
big_files/enwik6,binary,32768,4096,256,4,6,6,6,12,12,12,8,7.95,102.16,646023,64.60%
big_files/enwik6,binary,32768,4096,256,16,6,6,6,12,12,12,8,7.85,116.85,598019,59.80%
big_files/enwik6,binary,32768,4096,256,128,6,6,6,12,12,12,8,7.72,122.08,572340,57.23%
big_files/enwik6,binary,32768,4096,256,1024,6,6,6,12,12,12,8,7.86,116.85,572201,57.22%
big_files/enwik6,binary,32768,4096,256,999999999,6,6,6,12,12,12,8,7.82,123.73,572201,57.22%
big_files/enwik6,binary,32768,4096,256,1,6,6,6,12,15,12,8,8.10,106.33,670653,67.07%
big_files/enwik6,binary,32768,4096,256,4,6,6,6,12,15,12,8,7.89,104.66,648385,64.84%
big_files/enwik6,binary,32768,4096,256,16,6,6,6,12,15,12,8,7.64,111.94,600798,60.08%
big_files/enwik6,binary,32768,4096,256,128,6,6,6,12,15,12,8,7.75,118.14,575295,57.53%
big_files/enwik6,binary,32768,4096,256,1024,6,6,6,12,15,12,8,7.97,117.68,575158,57.52%
big_files/enwik6,binary,32768,4096,256,999999999,6,6,6,12,15,12,8,7.79,114.96,575158,57.52%
big_files/enwik6,binary,32768,4096,256,1,6,6,6,15,15,12,8,7.97,107.72,674239,67.42%
big_files/enwik6,binary,32768,4096,256,4,6,6,6,15,15,12,8,8.00,110.68,652308,65.23%
big_files/enwik6,binary,32768,4096,256,16,6,6,6,15,15,12,8,7.81,117.82,605036,60.50%
big_files/enwik6,binary,32768,4096,256,128,6,6,6,15,15,12,8,7.80,114.40,579858,57.99%
big_files/enwik6,binary,32768,4096,256,1024,6,6,6,15,15,12,8,7.81,119.28,579718,57.97%
big_files/enwik6,binary,32768,4096,256,999999999,6,6,6,15,15,12,8,7.87,121.29,579718,57.97%
big_files/enwik6,binary,32768,4096,256,1,6,6,12,12,12,12,8,7.94,104.53,655607,65.56%
big_files/enwik6,binary,32768,4096,256,4,6,6,12,12,12,12,8,8.09,107.85,631828,63.18%
big_files/enwik6,binary,32768,4096,256,16,6,6,12,12,12,12,8,7.65,119.58,583955,58.40%
big_files/enwik6,binary,32768,4096,256,128,6,6,12,12,12,12,8,7.81,120.55,558126,55.81%
big_files/enwik6,binary,32768,4096,256,1024,6,6,12,12,12,12,8,7.89,115.74,557996,55.80%
big_files/enwik6,binary,32768,4096,256,999999999,6,6,12,12,12,12,8,7.77,123.69,557996,55.80%
big_files/enwik6,binary,32768,4096,256,1,6,6,12,12,15,12,8,7.76,97.42,657822,65.78%
big_files/enwik6,binary,32768,4096,256,4,6,6,12,12,15,12,8,8.01,104.77,634185,63.42%
big_files/enwik6,binary,32768,4096,256,16,6,6,12,12,15,12,8,7.77,110.28,586738,58.67%
big_files/enwik6,binary,32768,4096,256,128,6,6,12,12,15,12,8,7.81,105.49,561079,56.11%
big_files/enwik6,binary,32768,4096,256,1024,6,6,12,12,15,12,8,7.85,112.65,560951,56.10%
big_files/enwik6,binary,32768,4096,256,999999999,6,6,12,12,15,12,8,7.85,117.91,560951,56.10%
big_files/enwik6,binary,32768,4096,256,1,6,6,12,15,15,12,8,8.05,91.54,661406,66.14%
big_files/enwik6,binary,32768,4096,256,4,6,6,12,15,15,12,8,7.71,101.00,638112,63.81%
big_files/enwik6,binary,32768,4096,256,16,6,6,12,15,15,12,8,7.53,108.26,590973,59.10%
big_files/enwik6,binary,32768,4096,256,128,6,6,12,15,15,12,8,7.36,111.57,565645,56.56%
big_files/enwik6,binary,32768,4096,256,1024,6,6,12,15,15,12,8,7.76,106.51,565516,56.55%
big_files/enwik6,binary,32768,4096,256,999999999,6,6,12,15,15,12,8,7.87,113.99,565516,56.55%
big_files/enwik6,binary,32768,4096,256,1,6,6,15,15,15,12,8,7.61,102.02,666981,66.70%
big_files/enwik6,binary,32768,4096,256,4,6,6,15,15,15,12,8,7.83,106.19,644148,64.41%
big_files/enwik6,binary,32768,4096,256,16,6,6,15,15,15,12,8,7.49,108.12,597176,59.72%
big_files/enwik6,binary,32768,4096,256,128,6,6,15,15,15,12,8,7.79,116.17,572075,57.21%
big_files/enwik6,binary,32768,4096,256,1024,6,6,15,15,15,12,8,7.63,109.43,571941,57.19%
big_files/enwik6,binary,32768,4096,256,999999999,6,6,15,15,15,12,8,7.88,121.15,571941,57.19%
big_files/enwik6,binary,32768,4096,256,1,6,12,12,12,12,12,8,8.02,100.36,622368,62.24%
big_files/enwik6,binary,32768,4096,256,4,6,12,12,12,12,12,8,7.85,96.11,597843,59.78%
big_files/enwik6,binary,32768,4096,256,16,6,12,12,12,12,12,8,7.73,120.06,552797,55.28%
big_files/enwik6,binary,32768,4096,256,128,6,12,12,12,12,12,8,7.87,113.81,530347,53.03%
big_files/enwik6,binary,32768,4096,256,1024,6,12,12,12,12,12,8,7.97,117.23,530239,53.02%
big_files/enwik6,binary,32768,4096,256,999999999,6,12,12,12,12,12,8,7.73,110.05,530239,53.02%
big_files/enwik6,binary,32768,4096,256,1,6,12,12,12,15,12,8,7.91,105.75,624584,62.46%
big_files/enwik6,binary,32768,4096,256,4,6,12,12,12,15,12,8,7.90,106.78,600205,60.02%
big_files/enwik6,binary,32768,4096,256,16,6,12,12,12,15,12,8,7.72,107.01,555578,55.56%
big_files/enwik6,binary,32768,4096,256,128,6,12,12,12,15,12,8,7.83,113.84,533304,53.33%
big_files/enwik6,binary,32768,4096,256,1024,6,12,12,12,15,12,8,7.62,119.74,533197,53.32%
big_files/enwik6,binary,32768,4096,256,999999999,6,12,12,12,15,12,8,7.93,120.96,533197,53.32%
big_files/enwik6,binary,32768,4096,256,1,6,12,12,15,15,12,8,8.03,90.95,628166,62.82%
big_files/enwik6,binary,32768,4096,256,4,6,12,12,15,15,12,8,7.81,102.47,604128,60.41%
big_files/enwik6,binary,32768,4096,256,16,6,12,12,15,15,12,8,7.83,114.96,559815,55.98%
big_files/enwik6,binary,32768,4096,256,128,6,12,12,15,15,12,8,7.92,109.49,537867,53.79%
big_files/enwik6,binary,32768,4096,256,1024,6,12,12,15,15,12,8,7.99,114.90,537757,53.78%
big_files/enwik6,binary,32768,4096,256,999999999,6,12,12,15,15,12,8,7.97,119.44,537757,53.78%
big_files/enwik6,binary,32768,4096,256,1,6,12,15,15,15,12,8,7.95,105.15,633742,63.37%
big_files/enwik6,binary,32768,4096,256,4,6,12,15,15,15,12,8,7.95,101.46,610162,61.02%
big_files/enwik6,binary,32768,4096,256,16,6,12,15,15,15,12,8,7.87,111.83,566014,56.60%
big_files/enwik6,binary,32768,4096,256,128,6,12,15,15,15,12,8,7.79,119.64,544298,54.43%
big_files/enwik6,binary,32768,4096,256,1024,6,12,15,15,15,12,8,7.71,121.73,544185,54.42%
big_files/enwik6,binary,32768,4096,256,999999999,6,12,15,15,15,12,8,7.90,114.02,544185,54.42%
big_files/enwik6,binary,32768,4096,256,1,6,15,15,15,15,12,8,7.90,100.25,645859,64.59%
big_files/enwik6,binary,32768,4096,256,4,6,15,15,15,15,12,8,7.84,104.33,622371,62.24%
big_files/enwik6,binary,32768,4096,256,16,6,15,15,15,15,12,8,7.39,113.79,577701,57.77%
big_files/enwik6,binary,32768,4096,256,128,6,15,15,15,15,12,8,7.72,120.37,555143,55.51%
big_files/enwik6,binary,32768,4096,256,1024,6,15,15,15,15,12,8,7.82,115.09,555020,55.50%
big_files/enwik6,binary,32768,4096,256,999999999,6,15,15,15,15,12,8,7.88,117.63,555020,55.50%
big_files/enwik6,binary,32768,4096,256,1,12,12,12,12,12,12,8,7.76,110.44,522915,52.29%
big_files/enwik6,binary,32768,4096,256,4,12,12,12,12,12,12,8,7.87,110.68,510808,51.08%
big_files/enwik6,binary,32768,4096,256,16,12,12,12,12,12,12,8,7.90,117.63,487741,48.77%
big_files/enwik6,binary,32768,4096,256,128,12,12,12,12,12,12,8,7.88,120.61,475243,47.52%
big_files/enwik6,binary,32768,4096,256,1024,12,12,12,12,12,12,8,7.80,119.28,475166,47.52%
big_files/enwik6,binary,32768,4096,256,999999999,12,12,12,12,12,12,8,7.73,125.38,475166,47.52%
big_files/enwik6,binary,32768,4096,256,1,12,12,12,12,15,12,8,7.99,108.26,525130,52.51%
big_files/enwik6,binary,32768,4096,256,4,12,12,12,12,15,12,8,7.84,107.11,513166,51.32%
big_files/enwik6,binary,32768,4096,256,16,12,12,12,12,15,12,8,7.98,111.46,490523,49.05%
big_files/enwik6,binary,32768,4096,256,128,12,12,12,12,15,12,8,8.03,121.12,478196,47.82%
big_files/enwik6,binary,32768,4096,256,1024,12,12,12,12,15,12,8,8.02,118.01,478119,47.81%
big_files/enwik6,binary,32768,4096,256,999999999,12,12,12,12,15,12,8,7.70,117.21,478119,47.81%
big_files/enwik6,binary,32768,4096,256,1,12,12,12,15,15,12,8,8.17,109.64,528714,52.87%
big_files/enwik6,binary,32768,4096,256,4,12,12,12,15,15,12,8,8.00,112.02,517091,51.71%
big_files/enwik6,binary,32768,4096,256,16,12,12,12,15,15,12,8,7.66,108.03,494758,49.48%
big_files/enwik6,binary,32768,4096,256,128,12,12,12,15,15,12,8,7.86,119.95,482764,48.28%
big_files/enwik6,binary,32768,4096,256,1024,12,12,12,15,15,12,8,7.97,122.23,482685,48.27%
big_files/enwik6,binary,32768,4096,256,999999999,12,12,12,15,15,12,8,7.66,124.20,482685,48.27%
big_files/enwik6,binary,32768,4096,256,1,12,12,15,15,15,12,8,8.01,111.12,534290,53.43%
big_files/enwik6,binary,32768,4096,256,4,12,12,15,15,15,12,8,7.86,104.88,523125,52.31%
big_files/enwik6,binary,32768,4096,256,16,12,12,15,15,15,12,8,7.99,117.96,500958,50.10%
big_files/enwik6,binary,32768,4096,256,128,12,12,15,15,15,12,8,7.78,113.97,489195,48.92%
big_files/enwik6,binary,32768,4096,256,1024,12,12,15,15,15,12,8,7.77,114.94,489111,48.91%
big_files/enwik6,binary,32768,4096,256,999999999,12,12,15,15,15,12,8,7.91,121.21,489111,48.91%
big_files/enwik6,binary,32768,4096,256,1,12,15,15,15,15,12,8,8.14,115.10,546410,54.64%
big_files/enwik6,binary,32768,4096,256,4,12,15,15,15,15,12,8,7.90,116.52,535334,53.53%
big_files/enwik6,binary,32768,4096,256,16,12,15,15,15,15,12,8,7.97,105.85,512643,51.26%
big_files/enwik6,binary,32768,4096,256,128,12,15,15,15,15,12,8,7.86,112.67,500038,50.00%
big_files/enwik6,binary,32768,4096,256,1024,12,15,15,15,15,12,8,7.56,121.76,499944,49.99%
big_files/enwik6,binary,32768,4096,256,999999999,12,15,15,15,15,12,8,7.44,112.19,499944,49.99%
big_files/enwik6,binary,32768,4096,256,1,15,15,15,15,15,12,8,8.08,103.99,581564,58.16%
big_files/enwik6,binary,32768,4096,256,4,15,15,15,15,15,12,8,7.84,105.32,566300,56.63%
big_files/enwik6,binary,32768,4096,256,16,15,15,15,15,15,12,8,7.94,110.03,537234,53.72%
big_files/enwik6,binary,32768,4096,256,128,15,15,15,15,15,12,8,7.63,107.34,521697,52.17%
big_files/enwik6,binary,32768,4096,256,1024,15,15,15,15,15,12,8,7.89,121.61,521594,52.16%
big_files/enwik6,binary,32768,4096,256,999999999,15,15,15,15,15,12,8,7.67,122.78,521594,52.16%
big_files/enwik6,binary,32768,4096,258,1,6,6,6,6,6,12,8,7.92,94.22,681099,68.11%
big_files/enwik6,binary,32768,4096,258,4,6,6,6,6,6,12,8,7.94,99.74,659909,65.99%
big_files/enwik6,binary,32768,4096,258,16,6,6,6,6,6,12,8,7.90,115.95,612926,61.29%
big_files/enwik6,binary,32768,4096,258,128,6,6,6,6,6,12,8,7.84,114.41,587958,58.80%
big_files/enwik6,binary,32768,4096,258,1024,6,6,6,6,6,12,8,7.67,113.14,587808,58.78%
big_files/enwik6,binary,32768,4096,258,999999999,6,6,6,6,6,12,8,7.69,113.98,587808,58.78%
big_files/enwik6,binary,32768,4096,258,1,6,6,6,6,12,12,8,7.93,103.12,676308,67.63%
big_files/enwik6,binary,32768,4096,258,4,6,6,6,6,12,12,8,7.89,107.91,654790,65.48%
big_files/enwik6,binary,32768,4096,258,16,6,6,6,6,12,12,8,7.93,115.31,607006,60.70%
big_files/enwik6,binary,32768,4096,258,128,6,6,6,6,12,12,8,7.72,101.21,581727,58.17%
big_files/enwik6,binary,32768,4096,258,1024,6,6,6,6,12,12,8,7.74,114.97,581579,58.16%
big_files/enwik6,binary,32768,4096,258,999999999,6,6,6,6,12,12,8,7.50,112.62,581579,58.16%
big_files/enwik6,binary,32768,4096,258,1,6,6,6,6,15,12,8,7.36,103.42,678528,67.85%
big_files/enwik6,binary,32768,4096,258,4,6,6,6,6,15,12,8,7.09,107.17,657155,65.72%
big_files/enwik6,binary,32768,4096,258,16,6,6,6,6,15,12,8,7.70,104.32,609791,60.98%
big_files/enwik6,binary,32768,4096,258,128,6,6,6,6,15,12,8,7.51,114.61,584683,58.47%
big_files/enwik6,binary,32768,4096,258,1024,6,6,6,6,15,12,8,7.73,117.34,584534,58.45%
big_files/enwik6,binary,32768,4096,258,999999999,6,6,6,6,15,12,8,7.73,112.01,584534,58.45%
big_files/enwik6,binary,32768,4096,258,1,6,6,6,12,12,12,8,7.91,105.12,668437,66.84%
big_files/enwik6,binary,32768,4096,258,4,6,6,6,12,12,12,8,7.77,104.74,646023,64.60%
big_files/enwik6,binary,32768,4096,258,16,6,6,6,12,12,12,8,7.70,117.91,598019,59.80%
big_files/enwik6,binary,32768,4096,258,128,6,6,6,12,12,12,8,7.71,112.78,572340,57.23%
big_files/enwik6,binary,32768,4096,258,1024,6,6,6,12,12,12,8,7.61,114.15,572201,57.22%
big_files/enwik6,binary,32768,4096,258,999999999,6,6,6,12,12,12,8,7.39,117.20,572201,57.22%
big_files/enwik6,binary,32768,4096,258,1,6,6,6,12,15,12,8,7.63,101.44,670653,67.07%
big_files/enwik6,binary,32768,4096,258,4,6,6,6,12,15,12,8,7.45,102.18,648385,64.84%
big_files/enwik6,binary,32768,4096,258,16,6,6,6,12,15,12,8,7.70,110.19,600798,60.08%
big_files/enwik6,binary,32768,4096,258,128,6,6,6,12,15,12,8,7.46,114.95,575295,57.53%
big_files/enwik6,binary,32768,4096,258,1024,6,6,6,12,15,12,8,7.79,119.30,575158,57.52%
big_files/enwik6,binary,32768,4096,258,999999999,6,6,6,12,15,12,8,7.59,114.26,575158,57.52%
big_files/enwik6,binary,32768,4096,258,1,6,6,6,15,15,12,8,7.83,98.80,674239,67.42%
big_files/enwik6,binary,32768,4096,258,4,6,6,6,15,15,12,8,7.62,102.97,652308,65.23%
big_files/enwik6,binary,32768,4096,258,16,6,6,6,15,15,12,8,7.85,119.26,605036,60.50%
big_files/enwik6,binary,32768,4096,258,128,6,6,6,15,15,12,8,7.79,104.34,579858,57.99%
big_files/enwik6,binary,32768,4096,258,1024,6,6,6,15,15,12,8,7.93,115.84,579718,57.97%
big_files/enwik6,binary,32768,4096,258,999999999,6,6,6,15,15,12,8,7.76,116.67,579718,57.97%
big_files/enwik6,binary,32768,4096,258,1,6,6,12,12,12,12,8,7.66,107.26,655607,65.56%
big_files/enwik6,binary,32768,4096,258,4,6,6,12,12,12,12,8,7.80,106.79,631828,63.18%
big_files/enwik6,binary,32768,4096,258,16,6,6,12,12,12,12,8,7.79,102.02,583956,58.40%
big_files/enwik6,binary,32768,4096,258,128,6,6,12,12,12,12,8,7.80,111.04,558127,55.81%
big_files/enwik6,binary,32768,4096,258,1024,6,6,12,12,12,12,8,7.52,113.04,557997,55.80%
big_files/enwik6,binary,32768,4096,258,999999999,6,6,12,12,12,12,8,7.89,112.30,557997,55.80%
big_files/enwik6,binary,32768,4096,258,1,6,6,12,12,15,12,8,7.86,101.64,657822,65.78%
big_files/enwik6,binary,32768,4096,258,4,6,6,12,12,15,12,8,7.86,110.69,634185,63.42%
big_files/enwik6,binary,32768,4096,258,16,6,6,12,12,15,12,8,7.15,110.40,586739,58.67%
big_files/enwik6,binary,32768,4096,258,128,6,6,12,12,15,12,8,7.61,118.67,561080,56.11%
big_files/enwik6,binary,32768,4096,258,1024,6,6,12,12,15,12,8,7.48,114.72,560952,56.10%
big_files/enwik6,binary,32768,4096,258,999999999,6,6,12,12,15,12,8,7.76,113.95,560952,56.10%
big_files/enwik6,binary,32768,4096,258,1,6,6,12,15,15,12,8,7.98,102.58,661406,66.14%
big_files/enwik6,binary,32768,4096,258,4,6,6,12,15,15,12,8,7.06,105.83,638112,63.81%
big_files/enwik6,binary,32768,4096,258,16,6,6,12,15,15,12,8,7.48,112.07,590974,59.10%
big_files/enwik6,binary,32768,4096,258,128,6,6,12,15,15,12,8,7.68,111.38,565646,56.56%
big_files/enwik6,binary,32768,4096,258,1024,6,6,12,15,15,12,8,7.48,104.49,565517,56.55%
big_files/enwik6,binary,32768,4096,258,999999999,6,6,12,15,15,12,8,7.27,117.15,565517,56.55%
big_files/enwik6,binary,32768,4096,258,1,6,6,15,15,15,12,8,7.93,102.08,666981,66.70%
big_files/enwik6,binary,32768,4096,258,4,6,6,15,15,15,12,8,7.93,103.73,644148,64.41%
big_files/enwik6,binary,32768,4096,258,16,6,6,15,15,15,12,8,7.92,105.00,597177,59.72%
big_files/enwik6,binary,32768,4096,258,128,6,6,15,15,15,12,8,7.73,118.88,572076,57.21%
big_files/enwik6,binary,32768,4096,258,1024,6,6,15,15,15,12,8,7.78,115.95,571941,57.19%
big_files/enwik6,binary,32768,4096,258,999999999,6,6,15,15,15,12,8,7.69,112.34,571941,57.19%
big_files/enwik6,binary,32768,4096,258,1,6,12,12,12,12,12,8,8.07,103.15,622368,62.24%
big_files/enwik6,binary,32768,4096,258,4,6,12,12,12,12,12,8,7.86,103.36,597843,59.78%
big_files/enwik6,binary,32768,4096,258,16,6,12,12,12,12,12,8,8.10,115.09,552798,55.28%
big_files/enwik6,binary,32768,4096,258,128,6,12,12,12,12,12,8,7.92,115.57,530348,53.03%
big_files/enwik6,binary,32768,4096,258,1024,6,12,12,12,12,12,8,7.84,116.08,530240,53.02%
big_files/enwik6,binary,32768,4096,258,999999999,6,12,12,12,12,12,8,8.00,115.33,530240,53.02%
big_files/enwik6,binary,32768,4096,258,1,6,12,12,12,15,12,8,8.00,104.50,624584,62.46%
big_files/enwik6,binary,32768,4096,258,4,6,12,12,12,15,12,8,8.01,111.05,600205,60.02%
big_files/enwik6,binary,32768,4096,258,16,6,12,12,12,15,12,8,7.74,109.35,555579,55.56%
big_files/enwik6,binary,32768,4096,258,128,6,12,12,12,15,12,8,7.82,120.40,533305,53.33%
big_files/enwik6,binary,32768,4096,258,1024,6,12,12,12,15,12,8,7.48,120.16,533198,53.32%
big_files/enwik6,binary,32768,4096,258,999999999,6,12,12,12,15,12,8,7.87,115.83,533198,53.32%
big_files/enwik6,binary,32768,4096,258,1,6,12,12,15,15,12,8,8.11,107.78,628166,62.82%
big_files/enwik6,binary,32768,4096,258,4,6,12,12,15,15,12,8,7.67,107.95,604128,60.41%
big_files/enwik6,binary,32768,4096,258,16,6,12,12,15,15,12,8,7.99,103.91,559816,55.98%
big_files/enwik6,binary,32768,4096,258,128,6,12,12,15,15,12,8,7.81,117.83,537868,53.79%
big_files/enwik6,binary,32768,4096,258,1024,6,12,12,15,15,12,8,7.95,112.46,537758,53.78%
big_files/enwik6,binary,32768,4096,258,999999999,6,12,12,15,15,12,8,7.91,111.30,537758,53.78%
big_files/enwik6,binary,32768,4096,258,1,6,12,15,15,15,12,8,7.87,102.40,633742,63.37%
big_files/enwik6,binary,32768,4096,258,4,6,12,15,15,15,12,8,7.85,108.42,610162,61.02%
big_files/enwik6,binary,32768,4096,258,16,6,12,15,15,15,12,8,7.81,114.67,566014,56.60%
big_files/enwik6,binary,32768,4096,258,128,6,12,15,15,15,12,8,7.87,110.86,544299,54.43%
big_files/enwik6,binary,32768,4096,258,1024,6,12,15,15,15,12,8,7.87,117.73,544185,54.42%
big_files/enwik6,binary,32768,4096,258,999999999,6,12,15,15,15,12,8,7.90,115.63,544185,54.42%
big_files/enwik6,binary,32768,4096,258,1,6,15,15,15,15,12,8,7.67,99.26,645859,64.59%
big_files/enwik6,binary,32768,4096,258,4,6,15,15,15,15,12,8,7.79,106.77,622371,62.24%
big_files/enwik6,binary,32768,4096,258,16,6,15,15,15,15,12,8,7.98,107.54,577701,57.77%
big_files/enwik6,binary,32768,4096,258,128,6,15,15,15,15,12,8,7.89,111.80,555143,55.51%
big_files/enwik6,binary,32768,4096,258,1024,6,15,15,15,15,12,8,7.59,116.98,555021,55.50%
big_files/enwik6,binary,32768,4096,258,999999999,6,15,15,15,15,12,8,7.73,112.30,555021,55.50%
big_files/enwik6,binary,32768,4096,258,1,12,12,12,12,12,12,8,8.34,115.01,522915,52.29%
big_files/enwik6,binary,32768,4096,258,4,12,12,12,12,12,12,8,8.03,111.79,510808,51.08%
big_files/enwik6,binary,32768,4096,258,16,12,12,12,12,12,12,8,7.74,113.81,487741,48.77%
big_files/enwik6,binary,32768,4096,258,128,12,12,12,12,12,12,8,8.01,112.33,475243,47.52%
big_files/enwik6,binary,32768,4096,258,1024,12,12,12,12,12,12,8,7.85,120.07,475166,47.52%
big_files/enwik6,binary,32768,4096,258,999999999,12,12,12,12,12,12,8,7.89,122.48,475166,47.52%
big_files/enwik6,binary,32768,4096,258,1,12,12,12,12,15,12,8,8.08,112.61,525130,52.51%
big_files/enwik6,binary,32768,4096,258,4,12,12,12,12,15,12,8,8.01,116.00,513166,51.32%
big_files/enwik6,binary,32768,4096,258,16,12,12,12,12,15,12,8,7.78,109.51,490523,49.05%
big_files/enwik6,binary,32768,4096,258,128,12,12,12,12,15,12,8,7.76,115.29,478196,47.82%
big_files/enwik6,binary,32768,4096,258,1024,12,12,12,12,15,12,8,7.95,102.87,478119,47.81%
big_files/enwik6,binary,32768,4096,258,999999999,12,12,12,12,15,12,8,7.84,109.53,478119,47.81%
big_files/enwik6,binary,32768,4096,258,1,12,12,12,15,15,12,8,8.21,111.40,528714,52.87%
big_files/enwik6,binary,32768,4096,258,4,12,12,12,15,15,12,8,8.04,112.04,517091,51.71%
big_files/enwik6,binary,32768,4096,258,16,12,12,12,15,15,12,8,7.67,125.03,494758,49.48%
big_files/enwik6,binary,32768,4096,258,128,12,12,12,15,15,12,8,7.92,118.45,482764,48.28%
big_files/enwik6,binary,32768,4096,258,1024,12,12,12,15,15,12,8,7.87,117.92,482685,48.27%
big_files/enwik6,binary,32768,4096,258,999999999,12,12,12,15,15,12,8,7.89,107.80,482685,48.27%
big_files/enwik6,binary,32768,4096,258,1,12,12,15,15,15,12,8,8.20,112.96,534290,53.43%
big_files/enwik6,binary,32768,4096,258,4,12,12,15,15,15,12,8,7.46,109.12,523125,52.31%
big_files/enwik6,binary,32768,4096,258,16,12,12,15,15,15,12,8,7.23,119.12,500957,50.10%
big_files/enwik6,binary,32768,4096,258,128,12,12,15,15,15,12,8,7.26,117.30,489195,48.92%
big_files/enwik6,binary,32768,4096,258,1024,12,12,15,15,15,12,8,7.97,121.77,489111,48.91%
big_files/enwik6,binary,32768,4096,258,999999999,12,12,15,15,15,12,8,7.96,115.00,489111,48.91%
big_files/enwik6,binary,32768,4096,258,1,12,15,15,15,15,12,8,7.74,107.12,546410,54.64%
big_files/enwik6,binary,32768,4096,258,4,12,15,15,15,15,12,8,7.62,110.28,535334,53.53%
big_files/enwik6,binary,32768,4096,258,16,12,15,15,15,15,12,8,7.22,113.02,512642,51.26%
big_files/enwik6,binary,32768,4096,258,128,12,15,15,15,15,12,8,7.67,104.52,500037,50.00%
big_files/enwik6,binary,32768,4096,258,1024,12,15,15,15,15,12,8,7.08,115.92,499944,49.99%
big_files/enwik6,binary,32768,4096,258,999999999,12,15,15,15,15,12,8,7.65,113.04,499944,49.99%
big_files/enwik6,binary,32768,4096,258,1,15,15,15,15,15,12,8,7.61,103.60,581564,58.16%
big_files/enwik6,binary,32768,4096,258,4,15,15,15,15,15,12,8,7.34,103.10,566300,56.63%
big_files/enwik6,binary,32768,4096,258,16,15,15,15,15,15,12,8,7.40,108.85,537234,53.72%
big_files/enwik6,binary,32768,4096,258,128,15,15,15,15,15,12,8,7.41,111.61,521697,52.17%
big_files/enwik6,binary,32768,4096,258,1024,15,15,15,15,15,12,8,7.77,114.79,521594,52.16%
big_files/enwik6,binary,32768,4096,258,999999999,15,15,15,15,15,12,8,7.71,115.16,521594,52.16%
big_files/enwik6,binary,32768,16384,4,1,6,6,6,6,6,14,1,8.19,109.27,704663,70.47%
big_files/enwik6,binary,32768,16384,4,4,6,6,6,6,6,14,1,7.64,102.53,705093,70.51%
big_files/enwik6,binary,32768,16384,4,16,6,6,6,6,6,14,1,7.24,102.76,679800,67.98%
big_files/enwik6,binary,32768,16384,4,128,6,6,6,6,6,14,1,7.01,109.96,644643,64.46%
big_files/enwik6,binary,32768,16384,4,1024,6,6,6,6,6,14,1,7.00,110.58,639254,63.93%
big_files/enwik6,binary,32768,16384,4,999999999,6,6,6,6,6,14,1,6.57,114.11,638698,63.87%
big_files/enwik6,binary,32768,16384,4,1,6,6,6,6,12,14,1,8.03,99.03,704663,70.47%
big_files/enwik6,binary,32768,16384,4,4,6,6,6,6,12,14,1,7.93,103.64,705093,70.51%
big_files/enwik6,binary,32768,16384,4,16,6,6,6,6,12,14,1,7.38,106.69,679800,67.98%
big_files/enwik6,binary,32768,16384,4,128,6,6,6,6,12,14,1,6.99,110.76,644643,64.46%
big_files/enwik6,binary,32768,16384,4,1024,6,6,6,6,12,14,1,6.91,114.51,639254,63.93%
big_files/enwik6,binary,32768,16384,4,999999999,6,6,6,6,12,14,1,7.06,111.59,638698,63.87%
big_files/enwik6,binary,32768,16384,4,1,6,6,6,6,15,14,1,7.90,102.99,704663,70.47%
big_files/enwik6,binary,32768,16384,4,4,6,6,6,6,15,14,1,7.73,102.25,705093,70.51%
big_files/enwik6,binary,32768,16384,4,16,6,6,6,6,15,14,1,7.17,99.67,679800,67.98%
big_files/enwik6,binary,32768,16384,4,128,6,6,6,6,15,14,1,7.02,113.25,644643,64.46%
big_files/enwik6,binary,32768,16384,4,1024,6,6,6,6,15,14,1,6.89,109.00,639254,63.93%
big_files/enwik6,binary,32768,16384,4,999999999,6,6,6,6,15,14,1,6.62,111.21,638698,63.87%
big_files/enwik6,binary,32768,16384,4,1,6,6,6,12,12,14,1,7.57,104.13,704663,70.47%
big_files/enwik6,binary,32768,16384,4,4,6,6,6,12,12,14,1,7.46,99.46,705093,70.51%
big_files/enwik6,binary,32768,16384,4,16,6,6,6,12,12,14,1,7.56,107.92,679800,67.98%
big_files/enwik6,binary,32768,16384,4,128,6,6,6,12,12,14,1,6.79,107.75,644643,64.46%
big_files/enwik6,binary,32768,16384,4,1024,6,6,6,12,12,14,1,6.86,111.65,639254,63.93%
big_files/enwik6,binary,32768,16384,4,999999999,6,6,6,12,12,14,1,7.05,116.10,638698,63.87%
big_files/enwik6,binary,32768,16384,4,1,6,6,6,12,15,14,1,7.84,98.68,704663,70.47%
big_files/enwik6,binary,32768,16384,4,4,6,6,6,12,15,14,1,7.59,102.62,705093,70.51%
big_files/enwik6,binary,32768,16384,4,16,6,6,6,12,15,14,1,7.68,116.00,679800,67.98%
big_files/enwik6,binary,32768,16384,4,128,6,6,6,12,15,14,1,6.59,109.29,644643,64.46%
big_files/enwik6,binary,32768,16384,4,1024,6,6,6,12,15,14,1,7.08,121.14,639254,63.93%
big_files/enwik6,binary,32768,16384,4,999999999,6,6,6,12,15,14,1,6.90,109.04,638698,63.87%
big_files/enwik6,binary,32768,16384,4,1,6,6,6,15,15,14,1,7.65,106.32,704663,70.47%
big_files/enwik6,binary,32768,16384,4,4,6,6,6,15,15,14,1,7.87,106.43,705093,70.51%
big_files/enwik6,binary,32768,16384,4,16,6,6,6,15,15,14,1,7.60,110.84,679800,67.98%
big_files/enwik6,binary,32768,16384,4,128,6,6,6,15,15,14,1,7.15,110.39,644643,64.46%
big_files/enwik6,binary,32768,16384,4,1024,6,6,6,15,15,14,1,7.11,114.26,639254,63.93%
big_files/enwik6,binary,32768,16384,4,999999999,6,6,6,15,15,14,1,6.55,113.60,638698,63.87%
big_files/enwik6,binary,32768,16384,4,1,6,6,12,12,12,14,1,7.72,101.31,704663,70.47%
big_files/enwik6,binary,32768,16384,4,4,6,6,12,12,12,14,1,7.72,105.80,705093,70.51%
big_files/enwik6,binary,32768,16384,4,16,6,6,12,12,12,14,1,6.77,99.55,679800,67.98%
big_files/enwik6,binary,32768,16384,4,128,6,6,12,12,12,14,1,6.78,109.99,644643,64.46%
big_files/enwik6,binary,32768,16384,4,1024,6,6,12,12,12,14,1,5.80,112.97,639254,63.93%
big_files/enwik6,binary,32768,16384,4,999999999,6,6,12,12,12,14,1,6.03,111.89,638698,63.87%
big_files/enwik6,binary,32768,16384,4,1,6,6,12,12,15,14,1,7.48,102.66,704663,70.47%
big_files/enwik6,binary,32768,16384,4,4,6,6,12,12,15,14,1,6.81,105.09,705093,70.51%
big_files/enwik6,binary,32768,16384,4,16,6,6,12,12,15,14,1,6.99,104.70,679800,67.98%
big_files/enwik6,binary,32768,16384,4,128,6,6,12,12,15,14,1,6.22,113.84,644643,64.46%
big_files/enwik6,binary,32768,16384,4,1024,6,6,12,12,15,14,1,6.14,107.45,639254,63.93%
big_files/enwik6,binary,32768,16384,4,999999999,6,6,12,12,15,14,1,6.02,113.69,638698,63.87%
big_files/enwik6,binary,32768,16384,4,1,6,6,12,15,15,14,1,6.76,104.02,704663,70.47%
big_files/enwik6,binary,32768,16384,4,4,6,6,12,15,15,14,1,6.99,97.91,705093,70.51%
big_files/enwik6,binary,32768,16384,4,16,6,6,12,15,15,14,1,7.26,104.61,679800,67.98%
big_files/enwik6,binary,32768,16384,4,128,6,6,12,15,15,14,1,6.24,110.43,644643,64.46%
big_files/enwik6,binary,32768,16384,4,1024,6,6,12,15,15,14,1,6.06,111.72,639254,63.93%
big_files/enwik6,binary,32768,16384,4,999999999,6,6,12,15,15,14,1,6.82,114.38,638698,63.87%
big_files/enwik6,binary,32768,16384,4,1,6,6,15,15,15,14,1,6.61,101.12,704663,70.47%
big_files/enwik6,binary,32768,16384,4,4,6,6,15,15,15,14,1,6.53,100.67,705093,70.51%
big_files/enwik6,binary,32768,16384,4,16,6,6,15,15,15,14,1,7.66,101.54,679800,67.98%
big_files/enwik6,binary,32768,16384,4,128,6,6,15,15,15,14,1,6.98,106.71,644643,64.46%
big_files/enwik6,binary,32768,16384,4,1024,6,6,15,15,15,14,1,6.76,121.29,639254,63.93%
big_files/enwik6,binary,32768,16384,4,999999999,6,6,15,15,15,14,1,6.57,108.83,638698,63.87%
big_files/enwik6,binary,32768,16384,4,1,6,12,12,12,12,14,1,6.66,92.49,664016,66.40%
big_files/enwik6,binary,32768,16384,4,4,6,12,12,12,12,14,1,5.81,98.23,666380,66.64%
big_files/enwik6,binary,32768,16384,4,16,6,12,12,12,12,14,1,5.61,99.01,641340,64.13%
big_files/enwik6,binary,32768,16384,4,128,6,12,12,12,12,14,1,5.58,115.97,605654,60.57%
big_files/enwik6,binary,32768,16384,4,1024,6,12,12,12,12,14,1,5.69,115.98,601775,60.18%
big_files/enwik6,binary,32768,16384,4,999999999,6,12,12,12,12,14,1,6.00,115.34,601506,60.15%
big_files/enwik6,binary,32768,16384,4,1,6,12,12,12,15,14,1,7.07,98.52,664016,66.40%
big_files/enwik6,binary,32768,16384,4,4,6,12,12,12,15,14,1,7.25,101.75,666380,66.64%
big_files/enwik6,binary,32768,16384,4,16,6,12,12,12,15,14,1,6.83,106.54,641340,64.13%
big_files/enwik6,binary,32768,16384,4,128,6,12,12,12,15,14,1,6.34,108.40,605654,60.57%
big_files/enwik6,binary,32768,16384,4,1024,6,12,12,12,15,14,1,6.39,108.23,601775,60.18%
big_files/enwik6,binary,32768,16384,4,999999999,6,12,12,12,15,14,1,6.46,116.00,601506,60.15%
big_files/enwik6,binary,32768,16384,4,1,6,12,12,15,15,14,1,7.05,95.21,664016,66.40%
big_files/enwik6,binary,32768,16384,4,4,6,12,12,15,15,14,1,7.14,97.79,666380,66.64%
big_files/enwik6,binary,32768,16384,4,16,6,12,12,15,15,14,1,6.91,95.18,641340,64.13%
big_files/enwik6,binary,32768,16384,4,128,6,12,12,15,15,14,1,6.76,116.45,605654,60.57%
big_files/enwik6,binary,32768,16384,4,1024,6,12,12,15,15,14,1,6.51,118.71,601775,60.18%
big_files/enwik6,binary,32768,16384,4,999999999,6,12,12,15,15,14,1,6.44,113.41,601506,60.15%
big_files/enwik6,binary,32768,16384,4,1,6,12,15,15,15,14,1,7.37,102.07,664016,66.40%
big_files/enwik6,binary,32768,16384,4,4,6,12,15,15,15,14,1,7.32,102.68,666380,66.64%
big_files/enwik6,binary,32768,16384,4,16,6,12,15,15,15,14,1,6.70,101.36,641340,64.13%
big_files/enwik6,binary,32768,16384,4,128,6,12,15,15,15,14,1,6.64,107.29,605654,60.57%
big_files/enwik6,binary,32768,16384,4,1024,6,12,15,15,15,14,1,6.56,117.87,601775,60.18%
big_files/enwik6,binary,32768,16384,4,999999999,6,12,15,15,15,14,1,6.67,120.74,601506,60.15%
big_files/enwik6,binary,32768,16384,4,1,6,15,15,15,15,14,1,7.45,99.28,701035,70.10%
big_files/enwik6,binary,32768,16384,4,4,6,15,15,15,15,14,1,6.81,99.36,699019,69.90%
big_files/enwik6,binary,32768,16384,4,16,6,15,15,15,15,14,1,6.82,103.17,678796,67.88%
big_files/enwik6,binary,32768,16384,4,128,6,15,15,15,15,14,1,6.68,111.68,655541,65.55%
big_files/enwik6,binary,32768,16384,4,1024,6,15,15,15,15,14,1,6.23,112.52,653414,65.34%
big_files/enwik6,binary,32768,16384,4,999999999,6,15,15,15,15,14,1,6.50,113.11,653284,65.33%
big_files/enwik6,binary,32768,16384,4,1,12,12,12,12,12,14,1,7.05,102.63,624162,62.42%
big_files/enwik6,binary,32768,16384,4,4,12,12,12,12,12,14,1,6.45,97.62,633038,63.30%
big_files/enwik6,binary,32768,16384,4,16,12,12,12,12,12,14,1,7.15,106.47,618790,61.88%
big_files/enwik6,binary,32768,16384,4,128,12,12,12,12,12,14,1,6.17,116.07,589547,58.95%
big_files/enwik6,binary,32768,16384,4,1024,12,12,12,12,12,14,1,6.25,108.37,586109,58.61%
big_files/enwik6,binary,32768,16384,4,999999999,12,12,12,12,12,14,1,6.18,117.52,585834,58.58%
big_files/enwik6,binary,32768,16384,4,1,12,12,12,12,15,14,1,7.37,99.16,624162,62.42%
big_files/enwik6,binary,32768,16384,4,4,12,12,12,12,15,14,1,6.32,104.95,633038,63.30%
big_files/enwik6,binary,32768,16384,4,16,12,12,12,12,15,14,1,6.95,107.41,618790,61.88%
big_files/enwik6,binary,32768,16384,4,128,12,12,12,12,15,14,1,6.63,116.23,589547,58.95%
big_files/enwik6,binary,32768,16384,4,1024,12,12,12,12,15,14,1,6.61,110.42,586109,58.61%
big_files/enwik6,binary,32768,16384,4,999999999,12,12,12,12,15,14,1,6.53,112.05,585834,58.58%
big_files/enwik6,binary,32768,16384,4,1,12,12,12,15,15,14,1,7.05,97.61,624162,62.42%
big_files/enwik6,binary,32768,16384,4,4,12,12,12,15,15,14,1,5.47,94.48,633038,63.30%
big_files/enwik6,binary,32768,16384,4,16,12,12,12,15,15,14,1,5.30,97.45,618790,61.88%
big_files/enwik6,binary,32768,16384,4,128,12,12,12,15,15,14,1,5.62,114.63,589547,58.95%
big_files/enwik6,binary,32768,16384,4,1024,12,12,12,15,15,14,1,4.68,113.21,586109,58.61%
big_files/enwik6,binary,32768,16384,4,999999999,12,12,12,15,15,14,1,4.66,109.24,585834,58.58%
big_files/enwik6,binary,32768,16384,4,1,12,12,15,15,15,14,1,4.43,102.38,624162,62.42%
big_files/enwik6,binary,32768,16384,4,4,12,12,15,15,15,14,1,4.43,92.34,633038,63.30%
big_files/enwik6,binary,32768,16384,4,16,12,12,15,15,15,14,1,4.65,101.51,618790,61.88%
big_files/enwik6,binary,32768,16384,4,128,12,12,15,15,15,14,1,4.91,112.44,589547,58.95%
big_files/enwik6,binary,32768,16384,4,1024,12,12,15,15,15,14,1,5.00,119.46,586109,58.61%
big_files/enwik6,binary,32768,16384,4,999999999,12,12,15,15,15,14,1,5.16,114.94,585834,58.58%
big_files/enwik6,binary,32768,16384,4,1,12,15,15,15,15,14,1,5.26,99.05,661178,66.12%
big_files/enwik6,binary,32768,16384,4,4,12,15,15,15,15,14,1,3.51,101.91,665681,66.57%
big_files/enwik6,binary,32768,16384,4,16,12,15,15,15,15,14,1,4.49,97.92,656248,65.62%
big_files/enwik6,binary,32768,16384,4,128,12,15,15,15,15,14,1,5.56,107.84,639433,63.94%
big_files/enwik6,binary,32768,16384,4,1024,12,15,15,15,15,14,1,5.40,109.42,637751,63.78%
big_files/enwik6,binary,32768,16384,4,999999999,12,15,15,15,15,14,1,4.65,118.66,637615,63.76%
big_files/enwik6,binary,32768,16384,4,1,15,15,15,15,15,14,1,6.48,103.30,691723,69.17%
big_files/enwik6,binary,32768,16384,4,4,15,15,15,15,15,14,1,5.01,100.95,687984,68.80%
big_files/enwik6,binary,32768,16384,4,16,15,15,15,15,15,14,1,4.92,102.35,672242,67.22%
big_files/enwik6,binary,32768,16384,4,128,15,15,15,15,15,14,1,5.57,112.16,654409,65.44%
big_files/enwik6,binary,32768,16384,4,1024,15,15,15,15,15,14,1,4.09,117.86,652699,65.27%
big_files/enwik6,binary,32768,16384,4,999999999,15,15,15,15,15,14,1,6.38,105.45,652591,65.26%
big_files/enwik6,binary,32768,16384,8,1,6,6,6,6,6,14,3,5.35,102.33,646059,64.61%
big_files/enwik6,binary,32768,16384,8,4,6,6,6,6,6,14,3,6.38,110.26,640509,64.05%
big_files/enwik6,binary,32768,16384,8,16,6,6,6,6,6,14,3,6.49,120.86,594940,59.49%
big_files/enwik6,binary,32768,16384,8,128,6,6,6,6,6,14,3,6.27,116.21,547817,54.78%
big_files/enwik6,binary,32768,16384,8,1024,6,6,6,6,6,14,3,5.19,118.39,543297,54.33%
big_files/enwik6,binary,32768,16384,8,999999999,6,6,6,6,6,14,3,4.49,119.45,542949,54.29%
big_files/enwik6,binary,32768,16384,8,1,6,6,6,6,12,14,3,4.55,105.04,643148,64.31%
big_files/enwik6,binary,32768,16384,8,4,6,6,6,6,12,14,3,4.03,110.65,637822,63.78%
big_files/enwik6,binary,32768,16384,8,16,6,6,6,6,12,14,3,3.98,118.32,592078,59.21%
big_files/enwik6,binary,32768,16384,8,128,6,6,6,6,12,14,3,3.76,114.40,544552,54.46%
big_files/enwik6,binary,32768,16384,8,1024,6,6,6,6,12,14,3,3.76,128.13,539953,54.00%
big_files/enwik6,binary,32768,16384,8,999999999,6,6,6,6,12,14,3,3.93,116.31,539594,53.96%
big_files/enwik6,binary,32768,16384,8,1,6,6,6,6,15,14,3,3.83,106.68,645063,64.51%
big_files/enwik6,binary,32768,16384,8,4,6,6,6,6,15,14,3,4.22,106.51,639386,63.94%
big_files/enwik6,binary,32768,16384,8,16,6,6,6,6,15,14,3,3.84,115.30,593707,59.37%
big_files/enwik6,binary,32768,16384,8,128,6,6,6,6,15,14,3,4.55,114.92,546498,54.65%
big_files/enwik6,binary,32768,16384,8,1024,6,6,6,6,15,14,3,3.16,124.22,541950,54.19%
big_files/enwik6,binary,32768,16384,8,999999999,6,6,6,6,15,14,3,3.48,114.53,541597,54.16%
big_files/enwik6,binary,32768,16384,8,1,6,6,6,12,12,14,3,3.34,108.90,638929,63.89%
big_files/enwik6,binary,32768,16384,8,4,6,6,6,12,12,14,3,3.52,110.89,633196,63.32%
big_files/enwik6,binary,32768,16384,8,16,6,6,6,12,12,14,3,2.73,103.88,587896,58.79%
big_files/enwik6,binary,32768,16384,8,128,6,6,6,12,12,14,3,3.05,118.72,539997,54.00%
big_files/enwik6,binary,32768,16384,8,1024,6,6,6,12,12,14,3,2.79,124.24,535363,53.54%
big_files/enwik6,binary,32768,16384,8,999999999,6,6,6,12,12,14,3,3.01,123.91,535001,53.50%
big_files/enwik6,binary,32768,16384,8,1,6,6,6,12,15,14,3,3.37,102.97,640841,64.08%
big_files/enwik6,binary,32768,16384,8,4,6,6,6,12,15,14,3,3.47,116.77,634763,63.48%
big_files/enwik6,binary,32768,16384,8,16,6,6,6,12,15,14,3,3.28,113.19,589526,58.95%
big_files/enwik6,binary,32768,16384,8,128,6,6,6,12,15,14,3,3.54,126.88,541946,54.19%
big_files/enwik6,binary,32768,16384,8,1024,6,6,6,12,15,14,3,3.96,125.09,537367,53.74%
big_files/enwik6,binary,32768,16384,8,999999999,6,6,6,12,15,14,3,4.02,125.99,537011,53.70%
big_files/enwik6,binary,32768,16384,8,1,6,6,6,15,15,14,3,3.71,111.40,643796,64.38%
big_files/enwik6,binary,32768,16384,8,4,6,6,6,15,15,14,3,4.02,107.76,637170,63.72%
big_files/enwik6,binary,32768,16384,8,16,6,6,6,15,15,14,3,5.02,118.40,591737,59.17%
big_files/enwik6,binary,32768,16384,8,128,6,6,6,15,15,14,3,3.92,126.34,544751,54.48%
big_files/enwik6,binary,32768,16384,8,1024,6,6,6,15,15,14,3,4.05,112.83,540220,54.02%
big_files/enwik6,binary,32768,16384,8,999999999,6,6,6,15,15,14,3,4.71,123.70,539868,53.99%
big_files/enwik6,binary,32768,16384,8,1,6,6,12,12,12,14,3,3.37,106.28,632056,63.21%
big_files/enwik6,binary,32768,16384,8,4,6,6,12,12,12,14,3,3.24,105.93,626581,62.66%
big_files/enwik6,binary,32768,16384,8,16,6,6,12,12,12,14,3,3.40,116.37,581583,58.16%
big_files/enwik6,binary,32768,16384,8,128,6,6,12,12,12,14,3,4.10,108.11,533367,53.34%
big_files/enwik6,binary,32768,16384,8,1024,6,6,12,12,12,14,3,4.50,121.22,528742,52.87%
big_files/enwik6,binary,32768,16384,8,999999999,6,6,12,12,12,14,3,4.38,113.35,528385,52.84%
big_files/enwik6,binary,32768,16384,8,1,6,6,12,12,15,14,3,4.22,106.56,633970,63.40%
big_files/enwik6,binary,32768,16384,8,4,6,6,12,12,15,14,3,4.38,112.17,628146,62.81%
big_files/enwik6,binary,32768,16384,8,16,6,6,12,12,15,14,3,4.63,103.73,583212,58.32%
big_files/enwik6,binary,32768,16384,8,128,6,6,12,12,15,14,3,4.44,127.99,535312,53.53%
big_files/enwik6,binary,32768,16384,8,1024,6,6,12,12,15,14,3,4.37,112.76,530746,53.07%
big_files/enwik6,binary,32768,16384,8,999999999,6,6,12,12,15,14,3,4.75,122.34,530395,53.04%
big_files/enwik6,binary,32768,16384,8,1,6,6,12,15,15,14,3,4.64,100.77,636924,63.69%
big_files/enwik6,binary,32768,16384,8,4,6,6,12,15,15,14,3,2.83,101.96,630555,63.06%
big_files/enwik6,binary,32768,16384,8,16,6,6,12,15,15,14,3,3.82,98.31,585422,58.54%
big_files/enwik6,binary,32768,16384,8,128,6,6,12,15,15,14,3,3.51,126.54,538120,53.81%
big_files/enwik6,binary,32768,16384,8,1024,6,6,12,15,15,14,3,3.55,115.93,533598,53.36%
big_files/enwik6,binary,32768,16384,8,999999999,6,6,12,15,15,14,3,3.50,113.10,533251,53.33%
big_files/enwik6,binary,32768,16384,8,1,6,6,15,15,15,14,3,2.63,100.79,641030,64.10%
big_files/enwik6,binary,32768,16384,8,4,6,6,15,15,15,14,3,2.43,96.76,633798,63.38%
big_files/enwik6,binary,32768,16384,8,16,6,6,15,15,15,14,3,2.80,106.29,588389,58.84%
big_files/enwik6,binary,32768,16384,8,128,6,6,15,15,15,14,3,2.81,112.63,541584,54.16%
big_files/enwik6,binary,32768,16384,8,1024,6,6,15,15,15,14,3,2.88,113.71,537100,53.71%
big_files/enwik6,binary,32768,16384,8,999999999,6,6,15,15,15,14,3,2.69,121.63,536762,53.68%
big_files/enwik6,binary,32768,16384,8,1,6,12,12,12,12,14,3,2.94,97.98,613645,61.36%
big_files/enwik6,binary,32768,16384,8,4,6,12,12,12,12,14,3,2.97,106.03,609476,60.95%
big_files/enwik6,binary,32768,16384,8,16,6,12,12,12,12,14,3,2.97,111.27,566706,56.67%
big_files/enwik6,binary,32768,16384,8,128,6,12,12,12,12,14,3,2.71,115.63,520567,52.06%
big_files/enwik6,binary,32768,16384,8,1024,6,12,12,12,12,14,3,2.89,121.67,516194,51.62%
big_files/enwik6,binary,32768,16384,8,999999999,6,12,12,12,12,14,3,2.81,116.26,515850,51.58%
big_files/enwik6,binary,32768,16384,8,1,6,12,12,12,15,14,3,2.82,108.84,615558,61.56%
big_files/enwik6,binary,32768,16384,8,4,6,12,12,12,15,14,3,2.86,102.90,611037,61.10%
big_files/enwik6,binary,32768,16384,8,16,6,12,12,12,15,14,3,2.98,111.69,568333,56.83%
big_files/enwik6,binary,32768,16384,8,128,6,12,12,12,15,14,3,2.80,114.86,522515,52.25%
big_files/enwik6,binary,32768,16384,8,1024,6,12,12,12,15,14,3,2.85,121.54,518195,51.82%
big_files/enwik6,binary,32768,16384,8,999999999,6,12,12,12,15,14,3,2.83,114.81,517856,51.79%
big_files/enwik6,binary,32768,16384,8,1,6,12,12,15,15,14,3,2.94,93.56,618514,61.85%
big_files/enwik6,binary,32768,16384,8,4,6,12,12,15,15,14,3,2.95,103.94,613446,61.34%
big_files/enwik6,binary,32768,16384,8,16,6,12,12,15,15,14,3,3.08,115.25,570547,57.05%
big_files/enwik6,binary,32768,16384,8,128,6,12,12,15,15,14,3,4.16,121.18,525321,52.53%
big_files/enwik6,binary,32768,16384,8,1024,6,12,12,15,15,14,3,3.20,112.81,521046,52.10%
big_files/enwik6,binary,32768,16384,8,999999999,6,12,12,15,15,14,3,3.24,116.41,520712,52.07%
big_files/enwik6,binary,32768,16384,8,1,6,12,15,15,15,14,3,3.34,107.08,622616,62.26%
big_files/enwik6,binary,32768,16384,8,4,6,12,15,15,15,14,3,3.40,106.74,616693,61.67%
big_files/enwik6,binary,32768,16384,8,16,6,12,15,15,15,14,3,4.41,106.31,573508,57.35%
big_files/enwik6,binary,32768,16384,8,128,6,12,15,15,15,14,3,3.81,120.28,528788,52.88%
big_files/enwik6,binary,32768,16384,8,1024,6,12,15,15,15,14,3,4.92,120.93,524550,52.45%
big_files/enwik6,binary,32768,16384,8,999999999,6,12,15,15,15,14,3,3.46,114.44,524225,52.42%
big_files/enwik6,binary,32768,16384,8,1,6,15,15,15,15,14,3,4.38,104.75,630106,63.01%
big_files/enwik6,binary,32768,16384,8,4,6,15,15,15,15,14,3,3.94,101.32,621285,62.13%
big_files/enwik6,binary,32768,16384,8,16,6,15,15,15,15,14,3,3.59,110.82,577047,57.70%
big_files/enwik6,binary,32768,16384,8,128,6,15,15,15,15,14,3,3.73,116.21,532804,53.28%
big_files/enwik6,binary,32768,16384,8,1024,6,15,15,15,15,14,3,4.37,120.20,528712,52.87%
big_files/enwik6,binary,32768,16384,8,999999999,6,15,15,15,15,14,3,5.12,118.28,528402,52.84%
big_files/enwik6,binary,32768,16384,8,1,12,12,12,12,12,14,3,5.47,105.64,561216,56.12%
big_files/enwik6,binary,32768,16384,8,4,12,12,12,12,12,14,3,5.32,108.74,567491,56.75%
big_files/enwik6,binary,32768,16384,8,16,12,12,12,12,12,14,3,4.56,109.39,538084,53.81%
big_files/enwik6,binary,32768,16384,8,128,12,12,12,12,12,14,3,5.08,114.60,498721,49.87%
big_files/enwik6,binary,32768,16384,8,1024,12,12,12,12,12,14,3,4.87,124.17,494851,49.49%
big_files/enwik6,binary,32768,16384,8,999999999,12,12,12,12,12,14,3,6.23,119.56,494513,49.45%
big_files/enwik6,binary,32768,16384,8,1,12,12,12,12,15,14,3,5.40,102.00,563132,56.31%
big_files/enwik6,binary,32768,16384,8,4,12,12,12,12,15,14,3,5.70,98.55,569056,56.91%
big_files/enwik6,binary,32768,16384,8,16,12,12,12,12,15,14,3,5.25,109.71,539706,53.97%
big_files/enwik6,binary,32768,16384,8,128,12,12,12,12,15,14,3,6.25,121.91,500668,50.07%
big_files/enwik6,binary,32768,16384,8,1024,12,12,12,12,15,14,3,5.89,117.80,496853,49.69%
big_files/enwik6,binary,32768,16384,8,999999999,12,12,12,12,15,14,3,6.54,123.65,496520,49.65%
big_files/enwik6,binary,32768,16384,8,1,12,12,12,15,15,14,3,5.57,105.34,566087,56.61%
big_files/enwik6,binary,32768,16384,8,4,12,12,12,15,15,14,3,5.62,99.24,571465,57.15%
big_files/enwik6,binary,32768,16384,8,16,12,12,12,15,15,14,3,5.43,110.74,541924,54.19%
big_files/enwik6,binary,32768,16384,8,128,12,12,12,15,15,14,3,6.04,112.20,503471,50.35%
big_files/enwik6,binary,32768,16384,8,1024,12,12,12,15,15,14,3,6.32,122.76,499708,49.97%
big_files/enwik6,binary,32768,16384,8,999999999,12,12,12,15,15,14,3,5.74,117.66,499379,49.94%
big_files/enwik6,binary,32768,16384,8,1,12,12,15,15,15,14,3,5.98,101.57,570188,57.02%
big_files/enwik6,binary,32768,16384,8,4,12,12,15,15,15,14,3,6.74,106.87,574710,57.47%
big_files/enwik6,binary,32768,16384,8,16,12,12,15,15,15,14,3,5.26,103.93,544884,54.49%
big_files/enwik6,binary,32768,16384,8,128,12,12,15,15,15,14,3,5.62,112.49,506941,50.69%
big_files/enwik6,binary,32768,16384,8,1024,12,12,15,15,15,14,3,6.02,113.91,503213,50.32%
big_files/enwik6,binary,32768,16384,8,999999999,12,12,15,15,15,14,3,5.81,118.11,502893,50.29%
big_files/enwik6,binary,32768,16384,8,1,12,15,15,15,15,14,3,6.54,104.52,577674,57.77%
big_files/enwik6,binary,32768,16384,8,4,12,15,15,15,15,14,3,5.79,104.51,579302,57.93%
big_files/enwik6,binary,32768,16384,8,16,12,15,15,15,15,14,3,4.45,105.95,548423,54.84%
big_files/enwik6,binary,32768,16384,8,128,12,15,15,15,15,14,3,5.73,121.01,510958,51.10%
big_files/enwik6,binary,32768,16384,8,1024,12,15,15,15,15,14,3,5.23,115.33,507373,50.74%
big_files/enwik6,binary,32768,16384,8,999999999,12,15,15,15,15,14,3,5.53,113.02,507069,50.71%
big_files/enwik6,binary,32768,16384,8,1,15,15,15,15,15,14,3,6.30,102.41,595397,59.54%
big_files/enwik6,binary,32768,16384,8,4,15,15,15,15,15,14,3,7.61,99.31,587887,58.79%
big_files/enwik6,binary,32768,16384,8,16,15,15,15,15,15,14,3,6.63,112.07,553975,55.40%
big_files/enwik6,binary,32768,16384,8,128,15,15,15,15,15,14,3,6.21,112.04,519714,51.97%
big_files/enwik6,binary,32768,16384,8,1024,15,15,15,15,15,14,3,6.02,113.22,516340,51.63%
big_files/enwik6,binary,32768,16384,8,999999999,15,15,15,15,15,14,3,6.15,117.56,516078,51.61%
big_files/enwik6,binary,32768,16384,18,1,6,6,6,6,6,14,4,6.43,110.62,627974,62.80%
big_files/enwik6,binary,32768,16384,18,4,6,6,6,6,6,14,4,6.92,112.97,618229,61.82%
big_files/enwik6,binary,32768,16384,18,16,6,6,6,6,6,14,4,6.60,120.35,561939,56.19%
big_files/enwik6,binary,32768,16384,18,128,6,6,6,6,6,14,4,5.60,133.26,510783,51.08%
big_files/enwik6,binary,32768,16384,18,1024,6,6,6,6,6,14,4,6.02,134.41,507089,50.71%
big_files/enwik6,binary,32768,16384,18,999999999,6,6,6,6,6,14,4,6.41,135.76,506927,50.69%
big_files/enwik6,binary,32768,16384,18,1,6,6,6,6,12,14,4,6.68,112.69,624785,62.48%
big_files/enwik6,binary,32768,16384,18,4,6,6,6,6,12,14,4,5.85,112.35,615355,61.54%
big_files/enwik6,binary,32768,16384,18,16,6,6,6,6,12,14,4,5.64,118.44,558831,55.88%
big_files/enwik6,binary,32768,16384,18,128,6,6,6,6,12,14,4,6.65,127.50,507244,50.72%
big_files/enwik6,binary,32768,16384,18,1024,6,6,6,6,12,14,4,5.12,132.06,503510,50.35%
big_files/enwik6,binary,32768,16384,18,999999999,6,6,6,6,12,14,4,5.38,132.06,503344,50.33%
big_files/enwik6,binary,32768,16384,18,1,6,6,6,6,15,14,4,5.29,106.90,626254,62.63%
big_files/enwik6,binary,32768,16384,18,4,6,6,6,6,15,14,4,6.01,98.86,616447,61.64%
big_files/enwik6,binary,32768,16384,18,16,6,6,6,6,15,14,4,6.23,119.86,559868,55.99%
big_files/enwik6,binary,32768,16384,18,128,6,6,6,6,15,14,4,5.37,119.17,508458,50.85%
big_files/enwik6,binary,32768,16384,18,1024,6,6,6,6,15,14,4,4.81,123.74,504725,50.47%
big_files/enwik6,binary,32768,16384,18,999999999,6,6,6,6,15,14,4,7.21,117.68,504561,50.46%
big_files/enwik6,binary,32768,16384,18,1,6,6,6,12,12,14,4,6.15,110.05,619738,61.97%
big_files/enwik6,binary,32768,16384,18,4,6,6,6,12,12,14,4,5.34,111.38,610547,61.05%
big_files/enwik6,binary,32768,16384,18,16,6,6,6,12,12,14,4,6.51,119.08,554358,55.44%
big_files/enwik6,binary,32768,16384,18,128,6,6,6,12,12,14,4,6.02,125.47,502187,50.22%
big_files/enwik6,binary,32768,16384,18,1024,6,6,6,12,12,14,4,5.33,136.01,498367,49.84%
big_files/enwik6,binary,32768,16384,18,999999999,6,6,6,12,12,14,4,5.97,114.67,498204,49.82%
big_files/enwik6,binary,32768,16384,18,1,6,6,6,12,15,14,4,7.88,107.05,621214,62.12%
big_files/enwik6,binary,32768,16384,18,4,6,6,6,12,15,14,4,6.63,107.52,611635,61.16%
big_files/enwik6,binary,32768,16384,18,16,6,6,6,12,15,14,4,6.33,115.08,555395,55.54%
big_files/enwik6,binary,32768,16384,18,128,6,6,6,12,15,14,4,4.27,131.15,503402,50.34%
big_files/enwik6,binary,32768,16384,18,1024,6,6,6,12,15,14,4,5.87,123.00,499587,49.96%
big_files/enwik6,binary,32768,16384,18,999999999,6,6,6,12,15,14,4,6.17,128.69,499425,49.94%
big_files/enwik6,binary,32768,16384,18,1,6,6,6,15,15,14,4,7.13,106.69,623404,62.34%
big_files/enwik6,binary,32768,16384,18,4,6,6,6,15,15,14,4,6.78,111.63,613161,61.32%
big_files/enwik6,binary,32768,16384,18,16,6,6,6,15,15,14,4,6.70,119.93,556651,55.67%
big_files/enwik6,binary,32768,16384,18,128,6,6,6,15,15,14,4,6.60,115.98,505218,50.52%
big_files/enwik6,binary,32768,16384,18,1024,6,6,6,15,15,14,4,6.83,121.19,501452,50.15%
big_files/enwik6,binary,32768,16384,18,999999999,6,6,6,15,15,14,4,7.33,133.34,501291,50.13%
big_files/enwik6,binary,32768,16384,18,1,6,6,12,12,12,14,4,7.02,109.83,611947,61.19%
big_files/enwik6,binary,32768,16384,18,4,6,6,12,12,12,14,4,6.63,115.28,603242,60.32%
big_files/enwik6,binary,32768,16384,18,16,6,6,12,12,12,14,4,6.51,121.33,547553,54.76%
big_files/enwik6,binary,32768,16384,18,128,6,6,12,12,12,14,4,6.27,120.26,494807,49.48%
big_files/enwik6,binary,32768,16384,18,1024,6,6,12,12,12,14,4,5.68,135.11,490899,49.09%
big_files/enwik6,binary,32768,16384,18,999999999,6,6,12,12,12,14,4,6.35,126.61,490739,49.07%
big_files/enwik6,binary,32768,16384,18,1,6,6,12,12,15,14,4,5.83,111.66,613424,61.34%
big_files/enwik6,binary,32768,16384,18,4,6,6,12,12,15,14,4,6.19,103.96,604335,60.43%
big_files/enwik6,binary,32768,16384,18,16,6,6,12,12,15,14,4,6.77,118.70,548590,54.86%
big_files/enwik6,binary,32768,16384,18,128,6,6,12,12,15,14,4,5.74,118.41,496024,49.60%
big_files/enwik6,binary,32768,16384,18,1024,6,6,12,12,15,14,4,5.38,129.39,492115,49.21%
big_files/enwik6,binary,32768,16384,18,999999999,6,6,12,12,15,14,4,5.67,125.18,491957,49.20%
big_files/enwik6,binary,32768,16384,18,1,6,6,12,15,15,14,4,5.53,110.19,615609,61.56%
big_files/enwik6,binary,32768,16384,18,4,6,6,12,15,15,14,4,6.12,108.73,605862,60.59%
big_files/enwik6,binary,32768,16384,18,16,6,6,12,15,15,14,4,5.20,113.25,549847,54.98%
big_files/enwik6,binary,32768,16384,18,128,6,6,12,15,15,14,4,6.34,114.64,497838,49.78%
big_files/enwik6,binary,32768,16384,18,1024,6,6,12,15,15,14,4,5.20,127.04,493981,49.40%
big_files/enwik6,binary,32768,16384,18,999999999,6,6,12,15,15,14,4,7.32,122.49,493824,49.38%
big_files/enwik6,binary,32768,16384,18,1,6,6,15,15,15,14,4,5.38,104.72,618793,61.88%
big_files/enwik6,binary,32768,16384,18,4,6,6,15,15,15,14,4,6.49,110.00,607814,60.78%
big_files/enwik6,binary,32768,16384,18,16,6,6,15,15,15,14,4,5.40,117.35,551531,55.15%
big_files/enwik6,binary,32768,16384,18,128,6,6,15,15,15,14,4,5.20,116.16,500045,50.00%
big_files/enwik6,binary,32768,16384,18,1024,6,6,15,15,15,14,4,5.94,117.33,496264,49.63%
big_files/enwik6,binary,32768,16384,18,999999999,6,6,15,15,15,14,4,5.05,120.11,496108,49.61%
big_files/enwik6,binary,32768,16384,18,1,6,12,12,12,12,14,4,5.42,110.30,591090,59.11%
big_files/enwik6,binary,32768,16384,18,4,6,12,12,12,12,14,4,6.03,115.41,584693,58.47%
big_files/enwik6,binary,32768,16384,18,16,6,12,12,12,12,14,4,6.28,121.57,531777,53.18%
big_files/enwik6,binary,32768,16384,18,128,6,12,12,12,12,14,4,4.74,122.39,481035,48.10%
big_files/enwik6,binary,32768,16384,18,1024,6,12,12,12,12,14,4,5.79,126.52,477184,47.72%
big_files/enwik6,binary,32768,16384,18,999999999,6,12,12,12,12,14,4,5.15,127.73,477029,47.70%
big_files/enwik6,binary,32768,16384,18,1,6,12,12,12,15,14,4,5.16,110.60,592566,59.26%
big_files/enwik6,binary,32768,16384,18,4,6,12,12,12,15,14,4,6.89,114.80,585784,58.58%
big_files/enwik6,binary,32768,16384,18,16,6,12,12,12,15,14,4,5.06,114.89,532813,53.28%
big_files/enwik6,binary,32768,16384,18,128,6,12,12,12,15,14,4,6.03,123.35,482251,48.23%
big_files/enwik6,binary,32768,16384,18,1024,6,12,12,12,15,14,4,6.01,118.63,478403,47.84%
big_files/enwik6,binary,32768,16384,18,999999999,6,12,12,12,15,14,4,6.13,131.58,478249,47.82%
big_files/enwik6,binary,32768,16384,18,1,6,12,12,15,15,14,4,6.86,110.38,594753,59.48%
big_files/enwik6,binary,32768,16384,18,4,6,12,12,15,15,14,4,4.49,109.64,587312,58.73%
big_files/enwik6,binary,32768,16384,18,16,6,12,12,15,15,14,4,6.52,115.44,534074,53.41%
big_files/enwik6,binary,32768,16384,18,128,6,12,12,15,15,14,4,5.25,122.78,484070,48.41%
big_files/enwik6,binary,32768,16384,18,1024,6,12,12,15,15,14,4,6.04,125.74,480267,48.03%
big_files/enwik6,binary,32768,16384,18,999999999,6,12,12,15,15,14,4,5.86,113.90,480113,48.01%
big_files/enwik6,binary,32768,16384,18,1,6,12,15,15,15,14,4,5.34,106.89,597937,59.79%
big_files/enwik6,binary,32768,16384,18,4,6,12,15,15,15,14,4,5.40,97.61,589264,58.93%
big_files/enwik6,binary,32768,16384,18,16,6,12,15,15,15,14,4,5.26,116.24,535751,53.58%
big_files/enwik6,binary,32768,16384,18,128,6,12,15,15,15,14,4,5.89,128.44,486278,48.63%
big_files/enwik6,binary,32768,16384,18,1024,6,12,15,15,15,14,4,6.48,121.14,482547,48.25%
big_files/enwik6,binary,32768,16384,18,999999999,6,12,15,15,15,14,4,5.36,122.09,482396,48.24%
big_files/enwik6,binary,32768,16384,18,1,6,15,15,15,15,14,4,4.70,103.75,603697,60.37%
big_files/enwik6,binary,32768,16384,18,4,6,15,15,15,15,14,4,6.23,111.06,591659,59.17%
big_files/enwik6,binary,32768,16384,18,16,6,15,15,15,15,14,4,6.45,119.91,537158,53.72%
big_files/enwik6,binary,32768,16384,18,128,6,15,15,15,15,14,4,6.62,126.30,488483,48.85%
big_files/enwik6,binary,32768,16384,18,1024,6,15,15,15,15,14,4,6.48,122.16,485064,48.51%
big_files/enwik6,binary,32768,16384,18,999999999,6,15,15,15,15,14,4,5.91,118.03,484919,48.49%
big_files/enwik6,binary,32768,16384,18,1,12,12,12,12,12,14,4,7.07,105.19,532409,53.24%
big_files/enwik6,binary,32768,16384,18,4,12,12,12,12,12,14,4,6.73,105.94,538570,53.86%
big_files/enwik6,binary,32768,16384,18,16,12,12,12,12,12,14,4,5.81,114.23,500566,50.06%
big_files/enwik6,binary,32768,16384,18,128,12,12,12,12,12,14,4,7.26,119.80,456409,45.64%
big_files/enwik6,binary,32768,16384,18,1024,12,12,12,12,12,14,4,6.55,125.97,452875,45.29%
big_files/enwik6,binary,32768,16384,18,999999999,12,12,12,12,12,14,4,6.17,126.77,452722,45.27%
big_files/enwik6,binary,32768,16384,18,1,12,12,12,12,15,14,4,7.78,111.43,533882,53.39%
big_files/enwik6,binary,32768,16384,18,4,12,12,12,12,15,14,4,7.76,110.62,539662,53.97%
big_files/enwik6,binary,32768,16384,18,16,12,12,12,12,15,14,4,6.75,115.24,501604,50.16%
big_files/enwik6,binary,32768,16384,18,128,12,12,12,12,15,14,4,5.75,120.49,457628,45.76%
big_files/enwik6,binary,32768,16384,18,1024,12,12,12,12,15,14,4,6.66,124.83,454094,45.41%
big_files/enwik6,binary,32768,16384,18,999999999,12,12,12,12,15,14,4,6.46,120.31,453942,45.39%
big_files/enwik6,binary,32768,16384,18,1,12,12,12,15,15,14,4,6.41,110.02,536074,53.61%
big_files/enwik6,binary,32768,16384,18,4,12,12,12,15,15,14,4,6.90,115.78,541189,54.12%
big_files/enwik6,binary,32768,16384,18,16,12,12,12,15,15,14,4,7.18,120.15,502863,50.29%
big_files/enwik6,binary,32768,16384,18,128,12,12,12,15,15,14,4,5.76,121.55,459440,45.94%
big_files/enwik6,binary,32768,16384,18,1024,12,12,12,15,15,14,4,7.14,127.18,455958,45.60%
big_files/enwik6,binary,32768,16384,18,999999999,12,12,12,15,15,14,4,6.84,131.30,455807,45.58%
big_files/enwik6,binary,32768,16384,18,1,12,12,15,15,15,14,4,6.53,110.46,539257,53.93%
big_files/enwik6,binary,32768,16384,18,4,12,12,15,15,15,14,4,7.30,107.43,543145,54.31%
big_files/enwik6,binary,32768,16384,18,16,12,12,15,15,15,14,4,6.16,113.60,504545,50.45%
big_files/enwik6,binary,32768,16384,18,128,12,12,15,15,15,14,4,5.66,118.84,461649,46.16%
big_files/enwik6,binary,32768,16384,18,1024,12,12,15,15,15,14,4,5.45,127.00,458237,45.82%
big_files/enwik6,binary,32768,16384,18,999999999,12,12,15,15,15,14,4,6.53,118.26,458087,45.81%
big_files/enwik6,binary,32768,16384,18,1,12,15,15,15,15,14,4,5.70,111.72,545016,54.50%
big_files/enwik6,binary,32768,16384,18,4,12,15,15,15,15,14,4,6.44,107.83,545537,54.55%
big_files/enwik6,binary,32768,16384,18,16,12,15,15,15,15,14,4,6.06,116.42,505946,50.59%
big_files/enwik6,binary,32768,16384,18,128,12,15,15,15,15,14,4,6.19,119.61,463856,46.39%
big_files/enwik6,binary,32768,16384,18,1024,12,15,15,15,15,14,4,5.98,121.72,460754,46.08%
big_files/enwik6,binary,32768,16384,18,999999999,12,15,15,15,15,14,4,6.38,119.40,460612,46.06%
big_files/enwik6,binary,32768,16384,18,1,15,15,15,15,15,14,4,4.54,107.95,557787,55.78%
big_files/enwik6,binary,32768,16384,18,4,15,15,15,15,15,14,4,7.35,110.96,548446,54.84%
big_files/enwik6,binary,32768,16384,18,16,15,15,15,15,15,14,4,6.06,112.04,507489,50.75%
big_files/enwik6,binary,32768,16384,18,128,15,15,15,15,15,14,4,5.66,120.38,470416,47.04%
big_files/enwik6,binary,32768,16384,18,1024,15,15,15,15,15,14,4,5.21,121.17,467656,46.77%
big_files/enwik6,binary,32768,16384,18,999999999,15,15,15,15,15,14,4,5.97,119.09,467530,46.75%
big_files/enwik6,binary,32768,16384,32,1,6,6,6,6,6,14,5,5.45,102.93,642263,64.23%
big_files/enwik6,binary,32768,16384,32,4,6,6,6,6,6,14,5,5.33,114.68,630679,63.07%
big_files/enwik6,binary,32768,16384,32,16,6,6,6,6,6,14,5,5.76,118.27,570991,57.10%
big_files/enwik6,binary,32768,16384,32,128,6,6,6,6,6,14,5,6.00,127.39,518358,51.84%
big_files/enwik6,binary,32768,16384,32,1024,6,6,6,6,6,14,5,6.27,126.60,514985,51.50%
big_files/enwik6,binary,32768,16384,32,999999999,6,6,6,6,6,14,5,5.06,129.55,514976,51.50%
big_files/enwik6,binary,32768,16384,32,1,6,6,6,6,12,14,5,5.63,107.71,638586,63.86%
big_files/enwik6,binary,32768,16384,32,4,6,6,6,6,12,14,5,5.73,109.37,627382,62.74%
big_files/enwik6,binary,32768,16384,32,16,6,6,6,6,12,14,5,6.59,116.42,567364,56.74%
big_files/enwik6,binary,32768,16384,32,128,6,6,6,6,12,14,5,5.70,126.46,514164,51.42%
big_files/enwik6,binary,32768,16384,32,1024,6,6,6,6,12,14,5,5.60,128.75,510734,51.07%
big_files/enwik6,binary,32768,16384,32,999999999,6,6,6,6,12,14,5,5.39,128.54,510725,51.07%
big_files/enwik6,binary,32768,16384,32,1,6,6,6,6,15,14,5,7.03,106.42,639841,63.98%
big_files/enwik6,binary,32768,16384,32,4,6,6,6,6,15,14,5,6.57,113.01,628176,62.82%
big_files/enwik6,binary,32768,16384,32,16,6,6,6,6,15,14,5,6.52,117.65,568004,56.80%
big_files/enwik6,binary,32768,16384,32,128,6,6,6,6,15,14,5,5.75,131.50,514957,51.50%
big_files/enwik6,binary,32768,16384,32,1024,6,6,6,6,15,14,5,5.33,127.24,511523,51.15%
big_files/enwik6,binary,32768,16384,32,999999999,6,6,6,6,15,14,5,6.56,124.87,511514,51.15%
big_files/enwik6,binary,32768,16384,32,1,6,6,6,12,12,14,5,5.88,109.90,632710,63.27%
big_files/enwik6,binary,32768,16384,32,4,6,6,6,12,12,14,5,5.42,111.82,621801,62.18%
big_files/enwik6,binary,32768,16384,32,16,6,6,6,12,12,14,5,5.02,120.73,562160,56.22%
big_files/enwik6,binary,32768,16384,32,128,6,6,6,12,12,14,5,5.37,119.47,508155,50.82%
big_files/enwik6,binary,32768,16384,32,1024,6,6,6,12,12,14,5,7.07,125.67,504624,50.46%
big_files/enwik6,binary,32768,16384,32,999999999,6,6,6,12,12,14,5,5.70,122.28,504616,50.46%
big_files/enwik6,binary,32768,16384,32,1,6,6,6,12,15,14,5,6.58,110.88,633966,63.40%
big_files/enwik6,binary,32768,16384,32,4,6,6,6,12,15,14,5,5.78,104.27,622595,62.26%
big_files/enwik6,binary,32768,16384,32,16,6,6,6,12,15,14,5,6.00,118.40,562797,56.28%
big_files/enwik6,binary,32768,16384,32,128,6,6,6,12,15,14,5,5.56,128.81,508942,50.89%
big_files/enwik6,binary,32768,16384,32,1024,6,6,6,12,15,14,5,6.54,127.97,505413,50.54%
big_files/enwik6,binary,32768,16384,32,999999999,6,6,6,12,15,14,5,6.03,126.04,505405,50.54%
big_files/enwik6,binary,32768,16384,32,1,6,6,6,15,15,14,5,5.65,109.71,635801,63.58%
big_files/enwik6,binary,32768,16384,32,4,6,6,6,15,15,14,5,6.49,108.07,623606,62.36%
big_files/enwik6,binary,32768,16384,32,16,6,6,6,15,15,14,5,5.43,108.14,563433,56.34%
big_files/enwik6,binary,32768,16384,32,128,6,6,6,15,15,14,5,5.63,129.25,510181,51.02%
big_files/enwik6,binary,32768,16384,32,1024,6,6,6,15,15,14,5,5.69,125.47,506689,50.67%
big_files/enwik6,binary,32768,16384,32,999999999,6,6,6,15,15,14,5,6.10,129.25,506680,50.67%
big_files/enwik6,binary,32768,16384,32,1,6,6,12,12,12,14,5,6.32,109.09,623569,62.36%
big_files/enwik6,binary,32768,16384,32,4,6,6,12,12,12,14,5,6.54,109.47,613330,61.33%
big_files/enwik6,binary,32768,16384,32,16,6,6,12,12,12,14,5,6.40,117.40,554200,55.42%
big_files/enwik6,binary,32768,16384,32,128,6,6,12,12,12,14,5,7.08,125.64,499490,49.95%
big_files/enwik6,binary,32768,16384,32,1024,6,6,12,12,12,14,5,4.79,119.41,495824,49.58%
big_files/enwik6,binary,32768,16384,32,999999999,6,6,12,12,12,14,5,6.15,125.80,495815,49.58%
big_files/enwik6,binary,32768,16384,32,1,6,6,12,12,15,14,5,4.39,105.18,624824,62.48%
big_files/enwik6,binary,32768,16384,32,4,6,6,12,12,15,14,5,6.40,105.70,614126,61.41%
big_files/enwik6,binary,32768,16384,32,16,6,6,12,12,15,14,5,5.57,115.36,554839,55.48%
big_files/enwik6,binary,32768,16384,32,128,6,6,12,12,15,14,5,5.97,121.91,500282,50.03%
big_files/enwik6,binary,32768,16384,32,1024,6,6,12,12,15,14,5,5.16,126.38,496616,49.66%
big_files/enwik6,binary,32768,16384,32,999999999,6,6,12,12,15,14,5,5.73,131.60,496607,49.66%
big_files/enwik6,binary,32768,16384,32,1,6,6,12,15,15,14,5,5.29,109.39,626656,62.67%
big_files/enwik6,binary,32768,16384,32,4,6,6,12,15,15,14,5,4.63,107.99,615138,61.51%
big_files/enwik6,binary,32768,16384,32,16,6,6,12,15,15,14,5,6.62,109.80,555476,55.55%
big_files/enwik6,binary,32768,16384,32,128,6,6,12,15,15,14,5,4.96,127.58,501513,50.15%
big_files/enwik6,binary,32768,16384,32,1024,6,6,12,15,15,14,5,6.06,123.77,497889,49.79%
big_files/enwik6,binary,32768,16384,32,999999999,6,6,12,15,15,14,5,5.71,129.61,497881,49.79%
big_files/enwik6,binary,32768,16384,32,1,6,6,15,15,15,14,5,6.20,104.84,629316,62.93%
big_files/enwik6,binary,32768,16384,32,4,6,6,15,15,15,14,5,6.73,111.51,616275,61.63%
big_files/enwik6,binary,32768,16384,32,16,6,6,15,15,15,14,5,5.85,108.88,556261,55.63%
big_files/enwik6,binary,32768,16384,32,128,6,6,15,15,15,14,5,5.92,119.91,502824,50.28%
big_files/enwik6,binary,32768,16384,32,1024,6,6,15,15,15,14,5,6.38,116.94,499302,49.93%
big_files/enwik6,binary,32768,16384,32,999999999,6,6,15,15,15,14,5,6.88,124.80,499294,49.93%
big_files/enwik6,binary,32768,16384,32,1,6,12,12,12,12,14,5,5.48,113.12,599704,59.97%
big_files/enwik6,binary,32768,16384,32,4,6,12,12,12,12,14,5,6.16,109.20,592275,59.23%
big_files/enwik6,binary,32768,16384,32,16,6,12,12,12,12,14,5,6.36,116.35,536270,53.63%
big_files/enwik6,binary,32768,16384,32,128,6,12,12,12,12,14,5,5.12,127.68,483698,48.37%
big_files/enwik6,binary,32768,16384,32,1024,6,12,12,12,12,14,5,5.81,123.89,480063,48.01%
big_files/enwik6,binary,32768,16384,32,999999999,6,12,12,12,12,14,5,7.28,134.57,480054,48.01%
big_files/enwik6,binary,32768,16384,32,1,6,12,12,12,15,14,5,6.74,113.58,600960,60.10%
big_files/enwik6,binary,32768,16384,32,4,6,12,12,12,15,14,5,6.72,108.54,593069,59.31%
big_files/enwik6,binary,32768,16384,32,16,6,12,12,12,15,14,5,6.45,118.66,536909,53.69%
big_files/enwik6,binary,32768,16384,32,128,6,12,12,12,15,14,5,6.42,126.14,484489,48.45%
big_files/enwik6,binary,32768,16384,32,1024,6,12,12,12,15,14,5,6.02,116.43,480852,48.09%
big_files/enwik6,binary,32768,16384,32,999999999,6,12,12,12,15,14,5,7.02,130.16,480843,48.08%
big_files/enwik6,binary,32768,16384,32,1,6,12,12,15,15,14,5,7.03,110.53,602793,60.28%
big_files/enwik6,binary,32768,16384,32,4,6,12,12,15,15,14,5,6.70,106.17,594080,59.41%
big_files/enwik6,binary,32768,16384,32,16,6,12,12,15,15,14,5,5.94,113.67,537550,53.75%
big_files/enwik6,binary,32768,16384,32,128,6,12,12,15,15,14,5,5.80,127.45,485722,48.57%
big_files/enwik6,binary,32768,16384,32,1024,6,12,12,15,15,14,5,5.80,120.46,482128,48.21%
big_files/enwik6,binary,32768,16384,32,999999999,6,12,12,15,15,14,5,6.91,122.51,482119,48.21%
big_files/enwik6,binary,32768,16384,32,1,6,12,15,15,15,14,5,6.63,107.95,605449,60.54%
big_files/enwik6,binary,32768,16384,32,4,6,12,15,15,15,14,5,6.10,105.69,595221,59.52%
big_files/enwik6,binary,32768,16384,32,16,6,12,15,15,15,14,5,6.45,110.84,538335,53.83%
big_files/enwik6,binary,32768,16384,32,128,6,12,15,15,15,14,5,6.50,128.55,487031,48.70%
big_files/enwik6,binary,32768,16384,32,1024,6,12,15,15,15,14,5,6.89,129.61,483545,48.35%
big_files/enwik6,binary,32768,16384,32,999999999,6,12,15,15,15,14,5,6.21,123.96,483536,48.35%
big_files/enwik6,binary,32768,16384,32,1,6,15,15,15,15,14,5,6.61,104.56,610076,61.01%
big_files/enwik6,binary,32768,16384,32,4,6,15,15,15,15,14,5,6.77,106.30,596015,59.60%
big_files/enwik6,binary,32768,16384,32,16,6,15,15,15,15,14,5,7.22,110.65,538105,53.81%
big_files/enwik6,binary,32768,16384,32,128,6,15,15,15,15,14,5,6.80,124.98,487920,48.79%
big_files/enwik6,binary,32768,16384,32,1024,6,15,15,15,15,14,5,6.47,116.58,484830,48.48%
big_files/enwik6,binary,32768,16384,32,999999999,6,15,15,15,15,14,5,6.52,113.64,484822,48.48%
big_files/enwik6,binary,32768,16384,32,1,12,12,12,12,12,14,5,6.99,108.98,532669,53.27%
big_files/enwik6,binary,32768,16384,32,4,12,12,12,12,12,14,5,6.58,114.35,540103,54.01%
big_files/enwik6,binary,32768,16384,32,16,12,12,12,12,12,14,5,6.39,113.51,500939,50.09%
big_files/enwik6,binary,32768,16384,32,128,12,12,12,12,12,14,5,6.64,120.34,455431,45.54%
big_files/enwik6,binary,32768,16384,32,1024,12,12,12,12,12,14,5,5.75,129.03,451997,45.20%
big_files/enwik6,binary,32768,16384,32,999999999,12,12,12,12,12,14,5,6.84,125.22,451988,45.20%
big_files/enwik6,binary,32768,16384,32,1,12,12,12,12,15,14,5,5.91,111.79,533924,53.39%
big_files/enwik6,binary,32768,16384,32,4,12,12,12,12,15,14,5,4.73,112.18,540895,54.09%
big_files/enwik6,binary,32768,16384,32,16,12,12,12,12,15,14,5,5.78,114.24,501579,50.16%
big_files/enwik6,binary,32768,16384,32,128,12,12,12,12,15,14,5,5.18,125.96,456225,45.62%
big_files/enwik6,binary,32768,16384,32,1024,12,12,12,12,15,14,5,6.14,129.38,452782,45.28%
big_files/enwik6,binary,32768,16384,32,999999999,12,12,12,12,15,14,5,6.50,132.98,452773,45.28%
big_files/enwik6,binary,32768,16384,32,1,12,12,12,15,15,14,5,5.57,105.08,535759,53.58%
big_files/enwik6,binary,32768,16384,32,4,12,12,12,15,15,14,5,5.24,109.37,541907,54.19%
big_files/enwik6,binary,32768,16384,32,16,12,12,12,15,15,14,5,6.67,116.08,502216,50.22%
big_files/enwik6,binary,32768,16384,32,128,12,12,12,15,15,14,5,6.84,122.29,457457,45.75%
big_files/enwik6,binary,32768,16384,32,1024,12,12,12,15,15,14,5,6.49,121.10,454060,45.41%
big_files/enwik6,binary,32768,16384,32,999999999,12,12,12,15,15,14,5,5.55,123.88,454052,45.41%
big_files/enwik6,binary,32768,16384,32,1,12,12,15,15,15,14,5,6.33,111.33,538414,53.84%
big_files/enwik6,binary,32768,16384,32,4,12,12,15,15,15,14,5,6.11,108.59,543049,54.30%
big_files/enwik6,binary,32768,16384,32,16,12,12,15,15,15,14,5,6.53,113.76,503002,50.30%
big_files/enwik6,binary,32768,16384,32,128,12,12,15,15,15,14,5,6.44,125.27,458766,45.88%
big_files/enwik6,binary,32768,16384,32,1024,12,12,15,15,15,14,5,6.53,111.50,455478,45.55%
big_files/enwik6,binary,32768,16384,32,999999999,12,12,15,15,15,14,5,7.07,123.53,455470,45.55%
big_files/enwik6,binary,32768,16384,32,1,12,15,15,15,15,14,5,5.50,111.06,543040,54.30%
big_files/enwik6,binary,32768,16384,32,4,12,15,15,15,15,14,5,5.85,104.63,543845,54.38%
big_files/enwik6,binary,32768,16384,32,16,12,15,15,15,15,14,5,6.68,111.38,502773,50.28%
big_files/enwik6,binary,32768,16384,32,128,12,15,15,15,15,14,5,6.17,118.31,459654,45.97%
big_files/enwik6,binary,32768,16384,32,1024,12,15,15,15,15,14,5,5.55,117.29,456764,45.68%
big_files/enwik6,binary,32768,16384,32,999999999,12,15,15,15,15,14,5,7.18,123.26,456756,45.68%
big_files/enwik6,binary,32768,16384,32,1,15,15,15,15,15,14,5,6.84,116.60,551924,55.19%
big_files/enwik6,binary,32768,16384,32,4,15,15,15,15,15,14,5,7.42,112.88,541958,54.20%
big_files/enwik6,binary,32768,16384,32,16,15,15,15,15,15,14,5,7.46,115.19,500789,50.08%
big_files/enwik6,binary,32768,16384,32,128,15,15,15,15,15,14,5,6.57,127.93,464540,46.45%
big_files/enwik6,binary,32768,16384,32,1024,15,15,15,15,15,14,5,7.14,118.67,462153,46.22%
big_files/enwik6,binary,32768,16384,32,999999999,15,15,15,15,15,14,5,7.03,119.12,462147,46.21%
big_files/enwik6,binary,32768,16384,64,1,6,6,6,6,6,14,6,6.80,104.52,660987,66.10%
big_files/enwik6,binary,32768,16384,64,4,6,6,6,6,6,14,6,6.67,106.13,648095,64.81%
big_files/enwik6,binary,32768,16384,64,16,6,6,6,6,6,14,6,6.54,115.56,585801,58.58%
big_files/enwik6,binary,32768,16384,64,128,6,6,6,6,6,14,6,6.31,130.54,532353,53.24%
big_files/enwik6,binary,32768,16384,64,1024,6,6,6,6,6,14,6,6.15,128.54,529035,52.90%
big_files/enwik6,binary,32768,16384,64,999999999,6,6,6,6,6,14,6,6.57,125.97,529026,52.90%
big_files/enwik6,binary,32768,16384,64,1,6,6,6,6,12,14,6,6.79,105.52,656787,65.68%
big_files/enwik6,binary,32768,16384,64,4,6,6,6,6,12,14,6,6.43,108.27,644347,64.43%
big_files/enwik6,binary,32768,16384,64,16,6,6,6,6,12,14,6,7.40,122.62,581612,58.16%
big_files/enwik6,binary,32768,16384,64,128,6,6,6,6,12,14,6,6.28,117.99,527521,52.75%
big_files/enwik6,binary,32768,16384,64,1024,6,6,6,6,12,14,6,6.20,129.94,524141,52.41%
big_files/enwik6,binary,32768,16384,64,999999999,6,6,6,6,12,14,6,4.80,130.84,524132,52.41%
big_files/enwik6,binary,32768,16384,64,1,6,6,6,6,15,14,6,6.63,106.55,657854,65.79%
big_files/enwik6,binary,32768,16384,64,4,6,6,6,6,15,14,6,5.42,109.81,644869,64.49%
big_files/enwik6,binary,32768,16384,64,16,6,6,6,6,15,14,6,6.33,121.40,581897,58.19%
big_files/enwik6,binary,32768,16384,64,128,6,6,6,6,15,14,6,6.43,124.12,527900,52.79%
big_files/enwik6,binary,32768,16384,64,1024,6,6,6,6,15,14,6,5.72,123.14,524507,52.45%
big_files/enwik6,binary,32768,16384,64,999999999,6,6,6,6,15,14,6,5.33,127.39,524498,52.45%
big_files/enwik6,binary,32768,16384,64,1,6,6,6,12,12,14,6,5.50,107.78,650014,65.00%
big_files/enwik6,binary,32768,16384,64,4,6,6,6,12,12,14,6,6.69,109.12,638018,63.80%
big_files/enwik6,binary,32768,16384,64,16,6,6,6,12,12,14,6,7.35,118.04,575622,57.56%
big_files/enwik6,binary,32768,16384,64,128,6,6,6,12,12,14,6,6.82,128.24,520560,52.06%
big_files/enwik6,binary,32768,16384,64,1024,6,6,6,12,12,14,6,5.17,127.32,517063,51.71%
big_files/enwik6,binary,32768,16384,64,999999999,6,6,6,12,12,14,6,5.29,125.15,517054,51.71%
big_files/enwik6,binary,32768,16384,64,1,6,6,6,12,15,14,6,5.38,106.99,651083,65.11%
big_files/enwik6,binary,32768,16384,64,4,6,6,6,12,15,14,6,6.56,104.71,638538,63.85%
big_files/enwik6,binary,32768,16384,64,16,6,6,6,12,15,14,6,4.74,115.75,575907,57.59%
big_files/enwik6,binary,32768,16384,64,128,6,6,6,12,15,14,6,5.03,128.29,520938,52.09%
big_files/enwik6,binary,32768,16384,64,1024,6,6,6,12,15,14,6,5.71,127.45,517425,51.74%
big_files/enwik6,binary,32768,16384,64,999999999,6,6,6,12,15,14,6,6.29,121.64,517416,51.74%
big_files/enwik6,binary,32768,16384,64,1,6,6,6,15,15,14,6,6.56,108.59,652605,65.26%
big_files/enwik6,binary,32768,16384,64,4,6,6,6,15,15,14,6,5.65,110.66,639045,63.90%
big_files/enwik6,binary,32768,16384,64,16,6,6,6,15,15,14,6,6.47,114.44,575958,57.60%
big_files/enwik6,binary,32768,16384,64,128,6,6,6,15,15,14,6,5.02,129.87,521585,52.16%
big_files/enwik6,binary,32768,16384,64,1024,6,6,6,15,15,14,6,5.00,131.22,518120,51.81%
big_files/enwik6,binary,32768,16384,64,999999999,6,6,6,15,15,14,6,5.24,125.10,518111,51.81%
big_files/enwik6,binary,32768,16384,64,1,6,6,12,12,12,14,6,6.29,109.34,639534,63.95%
big_files/enwik6,binary,32768,16384,64,4,6,6,12,12,12,14,6,5.01,111.13,628305,62.83%
big_files/enwik6,binary,32768,16384,64,16,6,6,12,12,12,14,6,6.21,125.50,566452,56.65%
big_files/enwik6,binary,32768,16384,64,128,6,6,12,12,12,14,6,4.97,126.44,510536,51.05%
big_files/enwik6,binary,32768,16384,64,1024,6,6,12,12,12,14,6,6.16,128.92,506882,50.69%
big_files/enwik6,binary,32768,16384,64,999999999,6,6,12,12,12,14,6,5.98,125.66,506873,50.69%
big_files/enwik6,binary,32768,16384,64,1,6,6,12,12,15,14,6,5.16,105.61,640599,64.06%
big_files/enwik6,binary,32768,16384,64,4,6,6,12,12,15,14,6,6.72,109.68,628827,62.88%
big_files/enwik6,binary,32768,16384,64,16,6,6,12,12,15,14,6,6.74,113.29,566740,56.67%
big_files/enwik6,binary,32768,16384,64,128,6,6,12,12,15,14,6,5.80,129.49,510915,51.09%
big_files/enwik6,binary,32768,16384,64,1024,6,6,12,12,15,14,6,5.65,131.55,507246,50.72%
big_files/enwik6,binary,32768,16384,64,999999999,6,6,12,12,15,14,6,6.37,123.36,507237,50.72%
big_files/enwik6,binary,32768,16384,64,1,6,6,12,15,15,14,6,6.83,105.43,642123,64.21%
big_files/enwik6,binary,32768,16384,64,4,6,6,12,15,15,14,6,4.95,106.55,629335,62.93%
big_files/enwik6,binary,32768,16384,64,16,6,6,12,15,15,14,6,6.21,111.50,566789,56.68%
big_files/enwik6,binary,32768,16384,64,128,6,6,12,15,15,14,6,6.58,127.12,511567,51.16%
big_files/enwik6,binary,32768,16384,64,1024,6,6,12,15,15,14,6,6.48,128.73,507938,50.79%
big_files/enwik6,binary,32768,16384,64,999999999,6,6,12,15,15,14,6,5.86,126.49,507929,50.79%
big_files/enwik6,binary,32768,16384,64,1,6,6,15,15,15,14,6,6.87,109.52,644265,64.43%
big_files/enwik6,binary,32768,16384,64,4,6,6,15,15,15,14,6,5.35,108.24,629687,62.97%
big_files/enwik6,binary,32768,16384,64,16,6,6,15,15,15,14,6,5.87,113.67,566727,56.67%
big_files/enwik6,binary,32768,16384,64,128,6,6,15,15,15,14,6,6.36,126.97,512033,51.20%
big_files/enwik6,binary,32768,16384,64,1024,6,6,15,15,15,14,6,6.53,118.63,508521,50.85%
big_files/enwik6,binary,32768,16384,64,999999999,6,6,15,15,15,14,6,6.62,119.16,508513,50.85%
big_files/enwik6,binary,32768,16384,64,1,6,12,12,12,12,14,6,6.70,111.98,612600,61.26%
big_files/enwik6,binary,32768,16384,64,4,6,12,12,12,12,14,6,5.91,107.22,604653,60.47%
big_files/enwik6,binary,32768,16384,64,16,6,12,12,12,12,14,6,6.58,114.40,546258,54.63%
big_files/enwik6,binary,32768,16384,64,128,6,12,12,12,12,14,6,5.85,129.08,492616,49.26%
big_files/enwik6,binary,32768,16384,64,1024,6,12,12,12,12,14,6,5.90,130.78,488988,48.90%
big_files/enwik6,binary,32768,16384,64,999999999,6,12,12,12,12,14,6,5.96,122.25,488979,48.90%
big_files/enwik6,binary,32768,16384,64,1,6,12,12,12,15,14,6,6.07,110.77,613666,61.37%
big_files/enwik6,binary,32768,16384,64,4,6,12,12,12,15,14,6,4.74,111.41,605174,60.52%
big_files/enwik6,binary,32768,16384,64,16,6,12,12,12,15,14,6,6.61,111.90,546545,54.65%
big_files/enwik6,binary,32768,16384,64,128,6,12,12,12,15,14,6,6.56,121.34,492994,49.30%
big_files/enwik6,binary,32768,16384,64,1024,6,12,12,12,15,14,6,6.77,128.87,489349,48.93%
big_files/enwik6,binary,32768,16384,64,999999999,6,12,12,12,15,14,6,7.05,131.83,489340,48.93%
big_files/enwik6,binary,32768,16384,64,1,6,12,12,15,15,14,6,6.92,102.78,615188,61.52%
big_files/enwik6,binary,32768,16384,64,4,6,12,12,15,15,14,6,6.71,106.13,605680,60.57%
big_files/enwik6,binary,32768,16384,64,16,6,12,12,15,15,14,6,6.68,116.04,546594,54.66%
big_files/enwik6,binary,32768,16384,64,128,6,12,12,15,15,14,6,6.27,112.88,493644,49.36%
big_files/enwik6,binary,32768,16384,64,1024,6,12,12,15,15,14,6,5.77,126.40,490043,49.00%
big_files/enwik6,binary,32768,16384,64,999999999,6,12,12,15,15,14,6,6.60,122.93,490034,49.00%
big_files/enwik6,binary,32768,16384,64,1,6,12,15,15,15,14,6,5.89,106.17,617329,61.73%
big_files/enwik6,binary,32768,16384,64,4,6,12,15,15,15,14,6,6.76,111.58,606033,60.60%
big_files/enwik6,binary,32768,16384,64,16,6,12,15,15,15,14,6,6.18,121.92,546533,54.65%
big_files/enwik6,binary,32768,16384,64,128,6,12,15,15,15,14,6,7.32,123.50,494113,49.41%
big_files/enwik6,binary,32768,16384,64,1024,6,12,15,15,15,14,6,6.14,126.88,490624,49.06%
big_files/enwik6,binary,32768,16384,64,999999999,6,12,15,15,15,14,6,5.97,131.03,490616,49.06%
big_files/enwik6,binary,32768,16384,64,1,6,15,15,15,15,14,6,7.54,112.34,620873,62.09%
big_files/enwik6,binary,32768,16384,64,4,6,15,15,15,15,14,6,6.89,113.02,605238,60.52%
big_files/enwik6,binary,32768,16384,64,16,6,15,15,15,15,14,6,6.72,108.86,544712,54.47%
big_files/enwik6,binary,32768,16384,64,128,6,15,15,15,15,14,6,6.01,125.03,493746,49.37%
big_files/enwik6,binary,32768,16384,64,1024,6,15,15,15,15,14,6,5.89,130.76,490729,49.07%
big_files/enwik6,binary,32768,16384,64,999999999,6,15,15,15,15,14,6,6.56,128.62,490722,49.07%
big_files/enwik6,binary,32768,16384,64,1,12,12,12,12,12,14,6,6.06,114.46,537133,53.71%
big_files/enwik6,binary,32768,16384,64,4,12,12,12,12,12,14,6,6.85,109.09,546139,54.61%
big_files/enwik6,binary,32768,16384,64,16,12,12,12,12,12,14,6,5.34,116.10,506601,50.66%
big_files/enwik6,binary,32768,16384,64,128,12,12,12,12,12,14,6,5.83,124.26,460556,46.06%
big_files/enwik6,binary,32768,16384,64,1024,12,12,12,12,12,14,6,6.34,127.81,457109,45.71%
big_files/enwik6,binary,32768,16384,64,999999999,12,12,12,12,12,14,6,6.59,120.40,457100,45.71%
big_files/enwik6,binary,32768,16384,64,1,12,12,12,12,15,14,6,7.57,106.84,538200,53.82%
big_files/enwik6,binary,32768,16384,64,4,12,12,12,12,15,14,6,6.89,112.78,546659,54.67%
big_files/enwik6,binary,32768,16384,64,16,12,12,12,12,15,14,6,6.49,119.80,506892,50.69%
big_files/enwik6,binary,32768,16384,64,128,12,12,12,12,15,14,6,6.22,131.19,460933,46.09%
big_files/enwik6,binary,32768,16384,64,1024,12,12,12,12,15,14,6,6.29,118.22,457473,45.75%
big_files/enwik6,binary,32768,16384,64,999999999,12,12,12,12,15,14,6,7.22,123.42,457464,45.75%
big_files/enwik6,binary,32768,16384,64,1,12,12,12,15,15,14,6,6.68,107.54,539721,53.97%
big_files/enwik6,binary,32768,16384,64,4,12,12,12,15,15,14,6,5.26,99.53,547165,54.72%
big_files/enwik6,binary,32768,16384,64,16,12,12,12,15,15,14,6,6.02,116.01,506939,50.69%
big_files/enwik6,binary,32768,16384,64,128,12,12,12,15,15,14,6,6.72,124.57,461581,46.16%
big_files/enwik6,binary,32768,16384,64,1024,12,12,12,15,15,14,6,5.93,117.00,458168,45.82%
big_files/enwik6,binary,32768,16384,64,999999999,12,12,12,15,15,14,6,5.30,129.87,458159,45.82%
big_files/enwik6,binary,32768,16384,64,1,12,12,15,15,15,14,6,5.57,107.89,541862,54.19%
big_files/enwik6,binary,32768,16384,64,4,12,12,15,15,15,14,6,5.58,105.27,547518,54.75%
big_files/enwik6,binary,32768,16384,64,16,12,12,15,15,15,14,6,6.16,109.99,506878,50.69%
big_files/enwik6,binary,32768,16384,64,128,12,12,15,15,15,14,6,4.35,126.41,462048,46.20%
big_files/enwik6,binary,32768,16384,64,1024,12,12,15,15,15,14,6,4.65,123.09,458746,45.87%
big_files/enwik6,binary,32768,16384,64,999999999,12,12,15,15,15,14,6,4.64,118.58,458737,45.87%
big_files/enwik6,binary,32768,16384,64,1,12,15,15,15,15,14,6,5.03,105.46,545404,54.54%
big_files/enwik6,binary,32768,16384,64,4,12,15,15,15,15,14,6,5.23,106.18,546723,54.67%
big_files/enwik6,binary,32768,16384,64,16,12,15,15,15,15,14,6,5.65,110.80,505054,50.51%
big_files/enwik6,binary,32768,16384,64,128,12,15,15,15,15,14,6,5.15,121.03,461681,46.17%
big_files/enwik6,binary,32768,16384,64,1024,12,15,15,15,15,14,6,6.45,122.25,458854,45.89%
big_files/enwik6,binary,32768,16384,64,999999999,12,15,15,15,15,14,6,5.82,118.44,458846,45.88%
big_files/enwik6,binary,32768,16384,64,1,15,15,15,15,15,14,6,4.25,113.72,550578,55.06%
big_files/enwik6,binary,32768,16384,64,4,15,15,15,15,15,14,6,4.79,116.93,540140,54.01%
big_files/enwik6,binary,32768,16384,64,16,15,15,15,15,15,14,6,4.61,116.79,499598,49.96%
big_files/enwik6,binary,32768,16384,64,128,15,15,15,15,15,14,6,4.38,122.16,464952,46.50%
big_files/enwik6,binary,32768,16384,64,1024,15,15,15,15,15,14,6,6.21,119.10,462758,46.28%
big_files/enwik6,binary,32768,16384,64,999999999,15,15,15,15,15,14,6,4.53,116.64,462751,46.28%
big_files/enwik6,binary,32768,16384,128,1,6,6,6,6,6,14,7,5.41,95.67,682930,68.29%
big_files/enwik6,binary,32768,16384,128,4,6,6,6,6,6,14,7,5.47,107.45,669588,66.96%
big_files/enwik6,binary,32768,16384,128,16,6,6,6,6,6,14,7,5.41,115.67,604550,60.45%
big_files/enwik6,binary,32768,16384,128,128,6,6,6,6,6,14,7,5.20,124.63,549115,54.91%
big_files/enwik6,binary,32768,16384,128,1024,6,6,6,6,6,14,7,5.89,122.38,545716,54.57%
big_files/enwik6,binary,32768,16384,128,999999999,6,6,6,6,6,14,7,4.87,126.26,545716,54.57%
big_files/enwik6,binary,32768,16384,128,1,6,6,6,6,12,14,7,6.84,108.25,678167,67.82%
big_files/enwik6,binary,32768,16384,128,4,6,6,6,6,12,14,7,5.33,106.55,665321,66.53%
big_files/enwik6,binary,32768,16384,128,16,6,6,6,6,12,14,7,6.38,111.14,599782,59.98%
big_files/enwik6,binary,32768,16384,128,128,6,6,6,6,12,14,7,5.81,122.29,543606,54.36%
big_files/enwik6,binary,32768,16384,128,1024,6,6,6,6,12,14,7,5.62,129.18,540131,54.01%
big_files/enwik6,binary,32768,16384,128,999999999,6,6,6,6,12,14,7,5.36,125.22,540131,54.01%
big_files/enwik6,binary,32768,16384,128,1,6,6,6,6,15,14,7,6.86,105.96,679058,67.91%
big_files/enwik6,binary,32768,16384,128,4,6,6,6,6,15,14,7,5.27,101.40,665596,66.56%
big_files/enwik6,binary,32768,16384,128,16,6,6,6,6,15,14,7,4.42,115.27,599720,59.97%
big_files/enwik6,binary,32768,16384,128,128,6,6,6,6,15,14,7,6.40,125.61,543587,54.36%
big_files/enwik6,binary,32768,16384,128,1024,6,6,6,6,15,14,7,5.69,125.90,540089,54.01%
big_files/enwik6,binary,32768,16384,128,999999999,6,6,6,6,15,14,7,5.83,123.86,540089,54.01%
big_files/enwik6,binary,32768,16384,128,1,6,6,6,12,12,14,7,6.96,103.32,670483,67.05%
big_files/enwik6,binary,32768,16384,128,4,6,6,6,12,12,14,7,6.57,109.71,658142,65.81%
big_files/enwik6,binary,32768,16384,128,16,6,6,6,12,12,14,7,7.07,116.17,592969,59.30%
big_files/enwik6,binary,32768,16384,128,128,6,6,6,12,12,14,7,6.65,117.18,535658,53.57%
big_files/enwik6,binary,32768,16384,128,1024,6,6,6,12,12,14,7,5.93,123.51,532052,53.21%
big_files/enwik6,binary,32768,16384,128,999999999,6,6,6,12,12,14,7,3.64,124.17,532052,53.21%
big_files/enwik6,binary,32768,16384,128,1,6,6,6,12,15,14,7,4.88,101.02,671379,67.14%
big_files/enwik6,binary,32768,16384,128,4,6,6,6,12,15,14,7,5.26,108.69,658414,65.84%
big_files/enwik6,binary,32768,16384,128,16,6,6,6,12,15,14,7,6.42,113.94,592906,59.29%
big_files/enwik6,binary,32768,16384,128,128,6,6,6,12,15,14,7,5.61,129.07,535637,53.56%
big_files/enwik6,binary,32768,16384,128,1024,6,6,6,12,15,14,7,6.09,107.99,532006,53.20%
big_files/enwik6,binary,32768,16384,128,999999999,6,6,6,12,15,14,7,4.94,123.51,532006,53.20%
big_files/enwik6,binary,32768,16384,128,1,6,6,6,15,15,14,7,5.97,107.05,672596,67.26%
big_files/enwik6,binary,32768,16384,128,4,6,6,6,15,15,14,7,5.30,97.19,658457,65.85%
big_files/enwik6,binary,32768,16384,128,16,6,6,6,15,15,14,7,6.77,114.67,592385,59.24%
big_files/enwik6,binary,32768,16384,128,128,6,6,6,15,15,14,7,5.70,122.62,535723,53.57%
big_files/enwik6,binary,32768,16384,128,1024,6,6,6,15,15,14,7,6.30,118.51,532134,53.21%
big_files/enwik6,binary,32768,16384,128,999999999,6,6,6,15,15,14,7,5.44,127.60,532134,53.21%
big_files/enwik6,binary,32768,16384,128,1,6,6,12,12,12,14,7,3.89,103.07,658618,65.86%
big_files/enwik6,binary,32768,16384,128,4,6,6,12,12,12,14,7,4.14,103.73,647168,64.72%
big_files/enwik6,binary,32768,16384,128,16,6,6,12,12,12,14,7,6.02,105.19,582554,58.26%
big_files/enwik6,binary,32768,16384,128,128,6,6,12,12,12,14,7,5.85,102.99,524261,52.43%
big_files/enwik6,binary,32768,16384,128,1024,6,6,12,12,12,14,7,4.65,125.47,520473,52.05%
big_files/enwik6,binary,32768,16384,128,999999999,6,6,12,12,12,14,7,4.81,121.57,520473,52.05%
big_files/enwik6,binary,32768,16384,128,1,6,6,12,12,15,14,7,3.45,102.15,659512,65.95%
big_files/enwik6,binary,32768,16384,128,4,6,6,12,12,15,14,7,4.34,110.50,647445,64.74%
big_files/enwik6,binary,32768,16384,128,16,6,6,12,12,15,14,7,5.35,117.35,582488,58.25%
big_files/enwik6,binary,32768,16384,128,128,6,6,12,12,15,14,7,5.99,119.23,524242,52.42%
big_files/enwik6,binary,32768,16384,128,1024,6,6,12,12,15,14,7,6.16,131.67,520430,52.04%
big_files/enwik6,binary,32768,16384,128,999999999,6,6,12,12,15,14,7,6.85,134.48,520430,52.04%
big_files/enwik6,binary,32768,16384,128,1,6,6,12,15,15,14,7,7.74,110.03,660725,66.07%
big_files/enwik6,binary,32768,16384,128,4,6,6,12,15,15,14,7,7.13,101.49,647488,64.75%
big_files/enwik6,binary,32768,16384,128,16,6,6,12,15,15,14,7,7.05,121.51,581967,58.20%
big_files/enwik6,binary,32768,16384,128,128,6,6,12,15,15,14,7,7.56,108.94,524329,52.43%
big_files/enwik6,binary,32768,16384,128,1024,6,6,12,15,15,14,7,7.41,124.14,520556,52.06%
big_files/enwik6,binary,32768,16384,128,999999999,6,6,12,15,15,14,7,7.39,116.72,520556,52.06%
big_files/enwik6,binary,32768,16384,128,1,6,6,15,15,15,14,7,7.18,99.98,662376,66.24%
big_files/enwik6,binary,32768,16384,128,4,6,6,15,15,15,14,7,7.57,112.63,647071,64.71%
big_files/enwik6,binary,32768,16384,128,16,6,6,15,15,15,14,7,5.00,113.81,581060,58.11%
big_files/enwik6,binary,32768,16384,128,128,6,6,15,15,15,14,7,4.04,128.76,523962,52.40%
big_files/enwik6,binary,32768,16384,128,1024,6,6,15,15,15,14,7,5.45,127.65,520314,52.03%
big_files/enwik6,binary,32768,16384,128,999999999,6,6,15,15,15,14,7,5.13,133.00,520314,52.03%
big_files/enwik6,binary,32768,16384,128,1,6,12,12,12,12,14,7,4.28,99.71,628564,62.86%
big_files/enwik6,binary,32768,16384,128,4,6,12,12,12,12,14,7,4.39,102.05,620821,62.08%
big_files/enwik6,binary,32768,16384,128,16,6,12,12,12,12,14,7,5.24,106.27,560023,56.00%
big_files/enwik6,binary,32768,16384,128,128,6,12,12,12,12,14,7,7.37,131.56,504203,50.42%
big_files/enwik6,binary,32768,16384,128,1024,6,12,12,12,12,14,7,6.06,133.99,500435,50.04%
big_files/enwik6,binary,32768,16384,128,999999999,6,12,12,12,12,14,7,4.49,128.46,500435,50.04%
big_files/enwik6,binary,32768,16384,128,1,6,12,12,12,15,14,7,7.29,111.91,629454,62.95%
big_files/enwik6,binary,32768,16384,128,4,6,12,12,12,15,14,7,6.33,109.95,621098,62.11%
big_files/enwik6,binary,32768,16384,128,16,6,12,12,12,15,14,7,7.70,123.49,559962,56.00%
big_files/enwik6,binary,32768,16384,128,128,6,12,12,12,15,14,7,7.45,115.29,504180,50.42%
big_files/enwik6,binary,32768,16384,128,1024,6,12,12,12,15,14,7,7.56,126.98,500391,50.04%
big_files/enwik6,binary,32768,16384,128,999999999,6,12,12,12,15,14,7,7.59,130.35,500391,50.04%
big_files/enwik6,binary,32768,16384,128,1,6,12,12,15,15,14,7,8.20,108.30,630669,63.07%
big_files/enwik6,binary,32768,16384,128,4,6,12,12,15,15,14,7,5.88,106.52,621142,62.11%
big_files/enwik6,binary,32768,16384,128,16,6,12,12,15,15,14,7,5.79,114.90,559436,55.94%
big_files/enwik6,binary,32768,16384,128,128,6,12,12,15,15,14,7,6.66,128.71,504271,50.43%
big_files/enwik6,binary,32768,16384,128,1024,6,12,12,15,15,14,7,6.44,122.87,500512,50.05%
big_files/enwik6,binary,32768,16384,128,999999999,6,12,12,15,15,14,7,6.86,130.71,500512,50.05%
big_files/enwik6,binary,32768,16384,128,1,6,12,15,15,15,14,7,7.03,107.60,632324,63.23%
big_files/enwik6,binary,32768,16384,128,4,6,12,15,15,15,14,7,7.89,99.83,620726,62.07%
big_files/enwik6,binary,32768,16384,128,16,6,12,15,15,15,14,7,5.40,103.50,558532,55.85%
big_files/enwik6,binary,32768,16384,128,128,6,12,15,15,15,14,7,4.85,117.52,503900,50.39%
big_files/enwik6,binary,32768,16384,128,1024,6,12,15,15,15,14,7,3.83,120.35,500274,50.03%
big_files/enwik6,binary,32768,16384,128,999999999,6,12,15,15,15,14,7,3.42,118.83,500274,50.03%
big_files/enwik6,binary,32768,16384,128,1,6,15,15,15,15,14,7,3.87,102.63,634793,63.48%
big_files/enwik6,binary,32768,16384,128,4,6,15,15,15,15,14,7,2.95,107.04,618380,61.84%
big_files/enwik6,binary,32768,16384,128,16,6,15,15,15,15,14,7,3.64,112.51,555131,55.51%
big_files/enwik6,binary,32768,16384,128,128,6,15,15,15,15,14,7,4.19,121.38,502279,50.23%
big_files/enwik6,binary,32768,16384,128,1024,6,15,15,15,15,14,7,3.51,120.59,499201,49.92%
big_files/enwik6,binary,32768,16384,128,999999999,6,15,15,15,15,14,7,2.94,124.69,499201,49.92%
big_files/enwik6,binary,32768,16384,128,1,12,12,12,12,12,14,7,2.91,108.98,544499,54.45%
big_files/enwik6,binary,32768,16384,128,4,12,12,12,12,12,14,7,2.96,104.70,555656,55.57%
big_files/enwik6,binary,32768,16384,128,16,12,12,12,12,12,14,7,3.09,119.33,515782,51.58%
big_files/enwik6,binary,32768,16384,128,128,12,12,12,12,12,14,7,2.99,115.64,468303,46.83%
big_files/enwik6,binary,32768,16384,128,1024,12,12,12,12,12,14,7,2.61,125.19,464734,46.47%
big_files/enwik6,binary,32768,16384,128,999999999,12,12,12,12,12,14,7,2.99,120.73,464734,46.47%
big_files/enwik6,binary,32768,16384,128,1,12,12,12,12,15,14,7,3.12,103.02,545387,54.54%
big_files/enwik6,binary,32768,16384,128,4,12,12,12,12,15,14,7,2.96,109.04,555933,55.59%
big_files/enwik6,binary,32768,16384,128,16,12,12,12,12,15,14,7,3.05,114.63,515719,51.57%
big_files/enwik6,binary,32768,16384,128,128,12,12,12,12,15,14,7,2.75,123.50,468285,46.83%
big_files/enwik6,binary,32768,16384,128,1024,12,12,12,12,15,14,7,3.00,125.32,464691,46.47%
big_files/enwik6,binary,32768,16384,128,999999999,12,12,12,12,15,14,7,3.00,121.88,464691,46.47%
big_files/enwik6,binary,32768,16384,128,1,12,12,12,15,15,14,7,3.09,108.97,546603,54.66%
big_files/enwik6,binary,32768,16384,128,4,12,12,12,15,15,14,7,2.94,107.72,555973,55.60%
big_files/enwik6,binary,32768,16384,128,16,12,12,12,15,15,14,7,3.04,116.96,515195,51.52%
big_files/enwik6,binary,32768,16384,128,128,12,12,12,15,15,14,7,2.94,122.57,468371,46.84%
big_files/enwik6,binary,32768,16384,128,1024,12,12,12,15,15,14,7,3.01,126.29,464817,46.48%
big_files/enwik6,binary,32768,16384,128,999999999,12,12,12,15,15,14,7,3.01,126.75,464817,46.48%
big_files/enwik6,binary,32768,16384,128,1,12,12,15,15,15,14,7,3.06,110.79,548254,54.83%
big_files/enwik6,binary,32768,16384,128,4,12,12,15,15,15,14,7,3.13,104.98,555560,55.56%
big_files/enwik6,binary,32768,16384,128,16,12,12,15,15,15,14,7,3.73,117.04,514290,51.43%
big_files/enwik6,binary,32768,16384,128,128,12,12,15,15,15,14,7,6.77,119.92,468004,46.80%
big_files/enwik6,binary,32768,16384,128,1024,12,12,15,15,15,14,7,6.10,124.77,464574,46.46%
big_files/enwik6,binary,32768,16384,128,999999999,12,12,15,15,15,14,7,5.62,123.62,464574,46.46%
big_files/enwik6,binary,32768,16384,128,1,12,15,15,15,15,14,7,4.62,112.29,550728,55.07%
big_files/enwik6,binary,32768,16384,128,4,12,15,15,15,15,14,7,4.95,108.16,553211,55.32%
big_files/enwik6,binary,32768,16384,128,16,12,15,15,15,15,14,7,5.99,112.11,510889,51.09%
big_files/enwik6,binary,32768,16384,128,128,12,15,15,15,15,14,7,6.23,117.93,466381,46.64%
big_files/enwik6,binary,32768,16384,128,1024,12,15,15,15,15,14,7,5.99,128.18,463501,46.35%
big_files/enwik6,binary,32768,16384,128,999999999,12,15,15,15,15,14,7,7.68,130.45,463501,46.35%
big_files/enwik6,binary,32768,16384,128,1,15,15,15,15,15,14,7,5.63,113.84,552275,55.23%
big_files/enwik6,binary,32768,16384,128,4,15,15,15,15,15,14,7,6.05,115.85,542078,54.21%
big_files/enwik6,binary,32768,16384,128,16,15,15,15,15,15,14,7,5.39,109.73,502023,50.20%
big_files/enwik6,binary,32768,16384,128,128,15,15,15,15,15,14,7,5.97,120.96,468057,46.81%
big_files/enwik6,binary,32768,16384,128,1024,15,15,15,15,15,14,7,6.15,122.54,465927,46.59%
big_files/enwik6,binary,32768,16384,128,999999999,15,15,15,15,15,14,7,7.28,117.82,465927,46.59%
big_files/enwik6,binary,32768,16384,256,1,6,6,6,6,6,14,8,7.75,109.81,705271,70.53%
big_files/enwik6,binary,32768,16384,256,4,6,6,6,6,6,14,8,7.76,98.18,691410,69.14%
big_files/enwik6,binary,32768,16384,256,16,6,6,6,6,6,14,8,5.47,110.40,623863,62.39%
big_files/enwik6,binary,32768,16384,256,128,6,6,6,6,6,14,8,7.21,122.26,566334,56.63%
big_files/enwik6,binary,32768,16384,256,1024,6,6,6,6,6,14,8,7.42,115.56,562828,56.28%
big_files/enwik6,binary,32768,16384,256,999999999,6,6,6,6,6,14,8,7.27,129.56,562828,56.28%
big_files/enwik6,binary,32768,16384,256,1,6,6,6,6,12,14,8,7.16,97.93,699939,69.99%
big_files/enwik6,binary,32768,16384,256,4,6,6,6,6,12,14,8,6.35,107.37,686625,68.66%
big_files/enwik6,binary,32768,16384,256,16,6,6,6,6,12,14,8,7.13,114.61,618510,61.85%
big_files/enwik6,binary,32768,16384,256,128,6,6,6,6,12,14,8,7.45,113.77,560141,56.01%
big_files/enwik6,binary,32768,16384,256,1024,6,6,6,6,12,14,8,7.18,120.16,556546,55.65%
big_files/enwik6,binary,32768,16384,256,999999999,6,6,6,6,12,14,8,6.90,119.65,556546,55.65%
big_files/enwik6,binary,32768,16384,256,1,6,6,6,6,15,14,8,8.07,106.59,700659,70.07%
big_files/enwik6,binary,32768,16384,256,4,6,6,6,6,15,14,8,7.31,105.00,686661,68.67%
big_files/enwik6,binary,32768,16384,256,16,6,6,6,6,15,14,8,7.15,113.42,618101,61.81%
big_files/enwik6,binary,32768,16384,256,128,6,6,6,6,15,14,8,6.84,125.78,559726,55.97%
big_files/enwik6,binary,32768,16384,256,1024,6,6,6,6,15,14,8,6.76,118.55,556098,55.61%
big_files/enwik6,binary,32768,16384,256,999999999,6,6,6,6,15,14,8,6.73,123.28,556098,55.61%
big_files/enwik6,binary,32768,16384,256,1,6,6,6,12,12,14,8,7.77,99.38,691356,69.14%
big_files/enwik6,binary,32768,16384,256,4,6,6,6,12,12,14,8,7.41,108.17,678617,67.86%
big_files/enwik6,binary,32768,16384,256,16,6,6,6,12,12,14,8,7.31,105.17,610864,61.09%
big_files/enwik6,binary,32768,16384,256,128,6,6,6,12,12,14,8,7.39,114.75,551208,55.12%
big_files/enwik6,binary,32768,16384,256,1024,6,6,6,12,12,14,8,6.96,121.96,547462,54.75%
big_files/enwik6,binary,32768,16384,256,999999999,6,6,6,12,12,14,8,7.15,131.56,547462,54.75%
big_files/enwik6,binary,32768,16384,256,1,6,6,6,12,15,14,8,8.14,107.49,692075,69.21%
big_files/enwik6,binary,32768,16384,256,4,6,6,6,12,15,14,8,7.97,100.52,678646,67.86%
big_files/enwik6,binary,32768,16384,256,16,6,6,6,12,15,14,8,7.19,119.07,610454,61.05%
big_files/enwik6,binary,32768,16384,256,128,6,6,6,12,15,14,8,7.74,118.36,550792,55.08%
big_files/enwik6,binary,32768,16384,256,1024,6,6,6,12,15,14,8,7.65,122.41,547017,54.70%
big_files/enwik6,binary,32768,16384,256,999999999,6,6,6,12,15,14,8,7.78,126.87,547017,54.70%
big_files/enwik6,binary,32768,16384,256,1,6,6,6,15,15,14,8,7.12,105.65,692993,69.30%
big_files/enwik6,binary,32768,16384,256,4,6,6,6,15,15,14,8,7.47,105.86,678216,67.82%
big_files/enwik6,binary,32768,16384,256,16,6,6,6,15,15,14,8,7.41,110.32,609360,60.94%
big_files/enwik6,binary,32768,16384,256,128,6,6,6,15,15,14,8,7.48,134.81,550315,55.03%
big_files/enwik6,binary,32768,16384,256,1024,6,6,6,15,15,14,8,7.45,111.17,546578,54.66%
big_files/enwik6,binary,32768,16384,256,999999999,6,6,6,15,15,14,8,7.50,121.56,546578,54.66%
big_files/enwik6,binary,32768,16384,256,1,6,6,12,12,12,14,8,7.44,99.22,678087,67.81%
big_files/enwik6,binary,32768,16384,256,4,6,6,12,12,12,14,8,7.20,108.61,666355,66.64%
big_files/enwik6,binary,32768,16384,256,16,6,6,12,12,12,14,8,7.74,109.01,599202,59.92%
big_files/enwik6,binary,32768,16384,256,128,6,6,12,12,12,14,8,6.87,130.16,538431,53.84%
big_files/enwik6,binary,32768,16384,256,1024,6,6,12,12,12,14,8,7.37,127.91,534482,53.45%
big_files/enwik6,binary,32768,16384,256,999999999,6,6,12,12,12,14,8,7.41,113.14,534482,53.45%
big_files/enwik6,binary,32768,16384,256,1,6,6,12,12,15,14,8,8.38,108.12,678806,67.88%
big_files/enwik6,binary,32768,16384,256,4,6,6,12,12,15,14,8,7.90,107.35,666388,66.64%
big_files/enwik6,binary,32768,16384,256,16,6,6,12,12,15,14,8,7.87,113.23,598793,59.88%
big_files/enwik6,binary,32768,16384,256,128,6,6,12,12,15,14,8,7.67,121.86,538016,53.80%
big_files/enwik6,binary,32768,16384,256,1024,6,6,12,12,15,14,8,6.69,122.63,534040,53.40%
big_files/enwik6,binary,32768,16384,256,999999999,6,6,12,12,15,14,8,6.72,121.75,534040,53.40%
big_files/enwik6,binary,32768,16384,256,1,6,6,12,15,15,14,8,7.59,98.65,679719,67.97%
big_files/enwik6,binary,32768,16384,256,4,6,6,12,15,15,14,8,7.20,102.23,665956,66.60%
big_files/enwik6,binary,32768,16384,256,16,6,6,12,15,15,14,8,7.87,121.86,597699,59.77%
big_files/enwik6,binary,32768,16384,256,128,6,6,12,15,15,14,8,7.79,130.10,537540,53.75%
big_files/enwik6,binary,32768,16384,256,1024,6,6,12,15,15,14,8,7.35,116.77,533599,53.36%
big_files/enwik6,binary,32768,16384,256,999999999,6,6,12,15,15,14,8,7.87,125.00,533599,53.36%
big_files/enwik6,binary,32768,16384,256,1,6,6,15,15,15,14,8,7.85,102.44,680884,68.09%
big_files/enwik6,binary,32768,16384,256,4,6,6,15,15,15,14,8,7.06,103.51,664786,66.48%
big_files/enwik6,binary,32768,16384,256,16,6,6,15,15,15,14,8,7.09,109.50,595946,59.59%
big_files/enwik6,binary,32768,16384,256,128,6,6,15,15,15,14,8,6.80,123.32,536339,53.63%
big_files/enwik6,binary,32768,16384,256,1024,6,6,15,15,15,14,8,6.80,121.83,532531,53.25%
big_files/enwik6,binary,32768,16384,256,999999999,6,6,15,15,15,14,8,6.95,118.10,532531,53.25%
big_files/enwik6,binary,32768,16384,256,1,6,12,12,12,12,14,8,7.56,106.27,644924,64.49%
big_files/enwik6,binary,32768,16384,256,4,6,12,12,12,12,14,8,7.21,106.58,637309,63.73%
big_files/enwik6,binary,32768,16384,256,16,6,12,12,12,12,14,8,7.15,116.59,574316,57.43%
big_files/enwik6,binary,32768,16384,256,128,6,12,12,12,12,14,8,6.76,121.75,516226,51.62%
big_files/enwik6,binary,32768,16384,256,1024,6,12,12,12,12,14,8,7.04,119.80,512297,51.23%
big_files/enwik6,binary,32768,16384,256,999999999,6,12,12,12,12,14,8,6.82,116.51,512297,51.23%
big_files/enwik6,binary,32768,16384,256,1,6,12,12,12,15,14,8,7.44,103.34,645645,64.56%
big_files/enwik6,binary,32768,16384,256,4,6,12,12,12,15,14,8,7.29,108.50,637341,63.73%
big_files/enwik6,binary,32768,16384,256,16,6,12,12,12,15,14,8,7.11,113.53,573903,57.39%
big_files/enwik6,binary,32768,16384,256,128,6,12,12,12,15,14,8,7.07,127.13,515810,51.58%
big_files/enwik6,binary,32768,16384,256,1024,6,12,12,12,15,14,8,7.07,122.29,511849,51.18%
big_files/enwik6,binary,32768,16384,256,999999999,6,12,12,12,15,14,8,6.63,124.48,511849,51.18%
big_files/enwik6,binary,32768,16384,256,1,6,12,12,15,15,14,8,6.90,100.42,646557,64.66%
big_files/enwik6,binary,32768,16384,256,4,6,12,12,15,15,14,8,7.28,106.13,636912,63.69%
big_files/enwik6,binary,32768,16384,256,16,6,12,12,15,15,14,8,7.11,113.77,572810,57.28%
big_files/enwik6,binary,32768,16384,256,128,6,12,12,15,15,14,8,7.21,123.13,515335,51.53%
big_files/enwik6,binary,32768,16384,256,1024,6,12,12,15,15,14,8,6.85,122.68,511411,51.14%
big_files/enwik6,binary,32768,16384,256,999999999,6,12,12,15,15,14,8,7.06,125.90,511411,51.14%
big_files/enwik6,binary,32768,16384,256,1,6,12,15,15,15,14,8,7.55,99.39,647720,64.77%
big_files/enwik6,binary,32768,16384,256,4,6,12,15,15,15,14,8,7.04,103.37,635737,63.57%
big_files/enwik6,binary,32768,16384,256,16,6,12,15,15,15,14,8,7.28,101.07,571060,57.11%
big_files/enwik6,binary,32768,16384,256,128,6,12,15,15,15,14,8,6.65,119.30,514131,51.41%
big_files/enwik6,binary,32768,16384,256,1024,6,12,15,15,15,14,8,7.02,116.65,510342,51.03%
big_files/enwik6,binary,32768,16384,256,999999999,6,12,15,15,15,14,8,6.92,116.49,510342,51.03%
big_files/enwik6,binary,32768,16384,256,1,6,15,15,15,15,14,8,7.47,99.26,649137,64.91%
big_files/enwik6,binary,32768,16384,256,4,6,15,15,15,15,14,8,7.04,107.81,631841,63.18%
big_files/enwik6,binary,32768,16384,256,16,6,15,15,15,15,14,8,6.94,116.33,566076,56.61%
big_files/enwik6,binary,32768,16384,256,128,6,15,15,15,15,14,8,6.50,127.28,511260,51.13%
big_files/enwik6,binary,32768,16384,256,1024,6,15,15,15,15,14,8,6.72,123.01,508099,50.81%
big_files/enwik6,binary,32768,16384,256,999999999,6,15,15,15,15,14,8,6.83,110.70,508099,50.81%
big_files/enwik6,binary,32768,16384,256,1,12,12,12,12,12,14,8,7.30,106.90,552267,55.23%
big_files/enwik6,binary,32768,16384,256,4,12,12,12,12,12,14,8,7.18,111.08,565507,56.55%
big_files/enwik6,binary,32768,16384,256,16,12,12,12,12,12,14,8,7.19,113.74,525446,52.54%
big_files/enwik6,binary,32768,16384,256,128,12,12,12,12,12,14,8,6.98,124.85,476486,47.65%
big_files/enwik6,binary,32768,16384,256,1024,12,12,12,12,12,14,8,6.68,131.58,472773,47.28%
big_files/enwik6,binary,32768,16384,256,999999999,12,12,12,12,12,14,8,7.03,122.78,472773,47.28%
big_files/enwik6,binary,32768,16384,256,1,12,12,12,12,15,14,8,6.99,113.13,552987,55.30%
big_files/enwik6,binary,32768,16384,256,4,12,12,12,12,15,14,8,7.27,111.90,565539,56.55%
big_files/enwik6,binary,32768,16384,256,16,12,12,12,12,15,14,8,7.15,119.49,525031,52.50%
big_files/enwik6,binary,32768,16384,256,128,12,12,12,12,15,14,8,6.89,123.65,476071,47.61%
big_files/enwik6,binary,32768,16384,256,1024,12,12,12,12,15,14,8,7.04,122.66,472322,47.23%
big_files/enwik6,binary,32768,16384,256,999999999,12,12,12,12,15,14,8,6.75,119.92,472322,47.23%
big_files/enwik6,binary,32768,16384,256,1,12,12,12,15,15,14,8,7.41,108.34,553902,55.39%
big_files/enwik6,binary,32768,16384,256,4,12,12,12,15,15,14,8,7.36,110.72,565107,56.51%
big_files/enwik6,binary,32768,16384,256,16,12,12,12,15,15,14,8,6.89,115.59,523939,52.39%
big_files/enwik6,binary,32768,16384,256,128,12,12,12,15,15,14,8,6.86,124.47,475595,47.56%
big_files/enwik6,binary,32768,16384,256,1024,12,12,12,15,15,14,8,6.88,128.38,471886,47.19%
big_files/enwik6,binary,32768,16384,256,999999999,12,12,12,15,15,14,8,7.01,126.05,471886,47.19%
big_files/enwik6,binary,32768,16384,256,1,12,12,15,15,15,14,8,7.45,107.06,555059,55.51%
big_files/enwik6,binary,32768,16384,256,4,12,12,15,15,15,14,8,7.39,109.70,563934,56.39%
big_files/enwik6,binary,32768,16384,256,16,12,12,15,15,15,14,8,7.15,115.17,522190,52.22%
big_files/enwik6,binary,32768,16384,256,128,12,12,15,15,15,14,8,7.01,124.71,474395,47.44%
big_files/enwik6,binary,32768,16384,256,1024,12,12,15,15,15,14,8,7.01,126.48,470817,47.08%
big_files/enwik6,binary,32768,16384,256,999999999,12,12,15,15,15,14,8,7.09,120.71,470817,47.08%
big_files/enwik6,binary,32768,16384,256,1,12,15,15,15,15,14,8,7.70,109.07,556478,55.65%
big_files/enwik6,binary,32768,16384,256,4,12,15,15,15,15,14,8,7.52,103.30,560037,56.00%
big_files/enwik6,binary,32768,16384,256,16,12,15,15,15,15,14,8,7.27,119.12,517210,51.72%
big_files/enwik6,binary,32768,16384,256,128,12,15,15,15,15,14,8,7.14,111.97,471522,47.15%
big_files/enwik6,binary,32768,16384,256,1024,12,15,15,15,15,14,8,6.79,125.74,468574,46.86%
big_files/enwik6,binary,32768,16384,256,999999999,12,15,15,15,15,14,8,6.68,123.10,468574,46.86%
big_files/enwik6,binary,32768,16384,256,1,15,15,15,15,15,14,8,7.52,110.79,554416,55.44%
big_files/enwik6,binary,32768,16384,256,4,15,15,15,15,15,14,8,7.14,112.60,544341,54.43%
big_files/enwik6,binary,32768,16384,256,16,15,15,15,15,15,14,8,6.87,110.45,504942,50.49%
big_files/enwik6,binary,32768,16384,256,128,15,15,15,15,15,14,8,7.04,126.84,471601,47.16%
big_files/enwik6,binary,32768,16384,256,1024,15,15,15,15,15,14,8,7.02,122.58,469516,46.95%
big_files/enwik6,binary,32768,16384,256,999999999,15,15,15,15,15,14,8,6.88,121.67,469516,46.95%
big_files/enwik6,binary,32768,16384,258,1,6,6,6,6,6,14,8,7.39,105.63,705271,70.53%
big_files/enwik6,binary,32768,16384,258,4,6,6,6,6,6,14,8,7.31,109.60,691410,69.14%
big_files/enwik6,binary,32768,16384,258,16,6,6,6,6,6,14,8,6.63,114.56,623863,62.39%
big_files/enwik6,binary,32768,16384,258,128,6,6,6,6,6,14,8,6.84,123.52,566334,56.63%
big_files/enwik6,binary,32768,16384,258,1024,6,6,6,6,6,14,8,7.14,120.37,562828,56.28%
big_files/enwik6,binary,32768,16384,258,999999999,6,6,6,6,6,14,8,7.00,125.14,562828,56.28%
big_files/enwik6,binary,32768,16384,258,1,6,6,6,6,12,14,8,7.63,106.39,699939,69.99%
big_files/enwik6,binary,32768,16384,258,4,6,6,6,6,12,14,8,7.18,106.14,686625,68.66%
big_files/enwik6,binary,32768,16384,258,16,6,6,6,6,12,14,8,7.20,117.21,618510,61.85%
big_files/enwik6,binary,32768,16384,258,128,6,6,6,6,12,14,8,7.22,116.83,560141,56.01%
big_files/enwik6,binary,32768,16384,258,1024,6,6,6,6,12,14,8,6.93,123.71,556546,55.65%
big_files/enwik6,binary,32768,16384,258,999999999,6,6,6,6,12,14,8,7.01,124.55,556546,55.65%
big_files/enwik6,binary,32768,16384,258,1,6,6,6,6,15,14,8,7.42,103.49,700659,70.07%
big_files/enwik6,binary,32768,16384,258,4,6,6,6,6,15,14,8,7.09,106.06,686661,68.67%
big_files/enwik6,binary,32768,16384,258,16,6,6,6,6,15,14,8,6.96,114.54,618101,61.81%
big_files/enwik6,binary,32768,16384,258,128,6,6,6,6,15,14,8,7.01,122.25,559726,55.97%
big_files/enwik6,binary,32768,16384,258,1024,6,6,6,6,15,14,8,7.08,127.36,556098,55.61%
big_files/enwik6,binary,32768,16384,258,999999999,6,6,6,6,15,14,8,6.77,123.55,556098,55.61%
big_files/enwik6,binary,32768,16384,258,1,6,6,6,12,12,14,8,7.49,102.26,691356,69.14%
big_files/enwik6,binary,32768,16384,258,4,6,6,6,12,12,14,8,7.20,101.75,678617,67.86%
big_files/enwik6,binary,32768,16384,258,16,6,6,6,12,12,14,8,7.26,114.50,610864,61.09%
big_files/enwik6,binary,32768,16384,258,128,6,6,6,12,12,14,8,6.44,126.38,551208,55.12%
big_files/enwik6,binary,32768,16384,258,1024,6,6,6,12,12,14,8,7.02,121.38,547462,54.75%
big_files/enwik6,binary,32768,16384,258,999999999,6,6,6,12,12,14,8,6.97,123.63,547462,54.75%
big_files/enwik6,binary,32768,16384,258,1,6,6,6,12,15,14,8,7.47,109.84,692075,69.21%
big_files/enwik6,binary,32768,16384,258,4,6,6,6,12,15,14,8,7.17,108.30,678646,67.86%
big_files/enwik6,binary,32768,16384,258,16,6,6,6,12,15,14,8,7.06,113.81,610454,61.05%
big_files/enwik6,binary,32768,16384,258,128,6,6,6,12,15,14,8,6.84,122.97,550792,55.08%
big_files/enwik6,binary,32768,16384,258,1024,6,6,6,12,15,14,8,6.77,116.56,547017,54.70%
big_files/enwik6,binary,32768,16384,258,999999999,6,6,6,12,15,14,8,6.94,122.80,547017,54.70%
big_files/enwik6,binary,32768,16384,258,1,6,6,6,15,15,14,8,7.08,106.86,692993,69.30%
big_files/enwik6,binary,32768,16384,258,4,6,6,6,15,15,14,8,7.27,104.45,678216,67.82%
big_files/enwik6,binary,32768,16384,258,16,6,6,6,15,15,14,8,6.91,116.79,609360,60.94%
big_files/enwik6,binary,32768,16384,258,128,6,6,6,15,15,14,8,6.86,121.80,550315,55.03%
big_files/enwik6,binary,32768,16384,258,1024,6,6,6,15,15,14,8,6.94,117.90,546578,54.66%
big_files/enwik6,binary,32768,16384,258,999999999,6,6,6,15,15,14,8,7.01,125.23,546578,54.66%
big_files/enwik6,binary,32768,16384,258,1,6,6,12,12,12,14,8,7.50,100.47,678087,67.81%
big_files/enwik6,binary,32768,16384,258,4,6,6,12,12,12,14,8,7.15,107.59,666355,66.64%
big_files/enwik6,binary,32768,16384,258,16,6,6,12,12,12,14,8,7.01,109.62,599203,59.92%
big_files/enwik6,binary,32768,16384,258,128,6,6,12,12,12,14,8,6.92,126.33,538433,53.84%
big_files/enwik6,binary,32768,16384,258,1024,6,6,12,12,12,14,8,6.88,123.99,534483,53.45%
big_files/enwik6,binary,32768,16384,258,999999999,6,6,12,12,12,14,8,7.04,126.00,534483,53.45%
big_files/enwik6,binary,32768,16384,258,1,6,6,12,12,15,14,8,6.96,103.08,678806,67.88%
big_files/enwik6,binary,32768,16384,258,4,6,6,12,12,15,14,8,7.06,104.71,666388,66.64%
big_files/enwik6,binary,32768,16384,258,16,6,6,12,12,15,14,8,6.64,116.99,598794,59.88%
big_files/enwik6,binary,32768,16384,258,128,6,6,12,12,15,14,8,6.72,123.79,538017,53.80%
big_files/enwik6,binary,32768,16384,258,1024,6,6,12,12,15,14,8,7.17,126.05,534041,53.40%
big_files/enwik6,binary,32768,16384,258,999999999,6,6,12,12,15,14,8,6.81,119.09,534041,53.40%
big_files/enwik6,binary,32768,16384,258,1,6,6,12,15,15,14,8,7.45,106.33,679719,67.97%
big_files/enwik6,binary,32768,16384,258,4,6,6,12,15,15,14,8,7.42,105.19,665956,66.60%
big_files/enwik6,binary,32768,16384,258,16,6,6,12,15,15,14,8,7.07,112.94,597701,59.77%
big_files/enwik6,binary,32768,16384,258,128,6,6,12,15,15,14,8,6.54,118.81,537541,53.75%
big_files/enwik6,binary,32768,16384,258,1024,6,6,12,15,15,14,8,6.83,119.58,533600,53.36%
big_files/enwik6,binary,32768,16384,258,999999999,6,6,12,15,15,14,8,6.68,118.26,533600,53.36%
big_files/enwik6,binary,32768,16384,258,1,6,6,15,15,15,14,8,7.26,100.88,680884,68.09%
big_files/enwik6,binary,32768,16384,258,4,6,6,15,15,15,14,8,7.42,104.32,664786,66.48%
big_files/enwik6,binary,32768,16384,258,16,6,6,15,15,15,14,8,7.03,110.82,595947,59.59%
big_files/enwik6,binary,32768,16384,258,128,6,6,15,15,15,14,8,6.98,121.74,536340,53.63%
big_files/enwik6,binary,32768,16384,258,1024,6,6,15,15,15,14,8,7.12,120.18,532532,53.25%
big_files/enwik6,binary,32768,16384,258,999999999,6,6,15,15,15,14,8,7.12,120.71,532532,53.25%
big_files/enwik6,binary,32768,16384,258,1,6,12,12,12,12,14,8,6.65,105.17,644924,64.49%
big_files/enwik6,binary,32768,16384,258,4,6,12,12,12,12,14,8,7.06,108.33,637309,63.73%
big_files/enwik6,binary,32768,16384,258,16,6,12,12,12,12,14,8,7.16,118.08,574317,57.43%
big_files/enwik6,binary,32768,16384,258,128,6,12,12,12,12,14,8,6.59,115.90,516228,51.62%
big_files/enwik6,binary,32768,16384,258,1024,6,12,12,12,12,14,8,6.82,124.86,512299,51.23%
big_files/enwik6,binary,32768,16384,258,999999999,6,12,12,12,12,14,8,6.65,121.10,512299,51.23%
big_files/enwik6,binary,32768,16384,258,1,6,12,12,12,15,14,8,7.70,104.99,645645,64.56%
big_files/enwik6,binary,32768,16384,258,4,6,12,12,12,15,14,8,7.27,104.74,637341,63.73%
big_files/enwik6,binary,32768,16384,258,16,6,12,12,12,15,14,8,7.06,116.99,573904,57.39%
big_files/enwik6,binary,32768,16384,258,128,6,12,12,12,15,14,8,6.76,113.78,515811,51.58%
big_files/enwik6,binary,32768,16384,258,1024,6,12,12,12,15,14,8,6.98,118.13,511850,51.18%
big_files/enwik6,binary,32768,16384,258,999999999,6,12,12,12,15,14,8,6.98,124.67,511850,51.18%
big_files/enwik6,binary,32768,16384,258,1,6,12,12,15,15,14,8,6.91,108.83,646557,64.66%
big_files/enwik6,binary,32768,16384,258,4,6,12,12,15,15,14,8,6.82,105.45,636912,63.69%
big_files/enwik6,binary,32768,16384,258,16,6,12,12,15,15,14,8,6.69,111.97,572812,57.28%
big_files/enwik6,binary,32768,16384,258,128,6,12,12,15,15,14,8,7.08,110.05,515336,51.53%
big_files/enwik6,binary,32768,16384,258,1024,6,12,12,15,15,14,8,6.90,127.20,511412,51.14%
big_files/enwik6,binary,32768,16384,258,999999999,6,12,12,15,15,14,8,6.91,117.48,511412,51.14%
big_files/enwik6,binary,32768,16384,258,1,6,12,15,15,15,14,8,6.79,105.05,647720,64.77%
big_files/enwik6,binary,32768,16384,258,4,6,12,15,15,15,14,8,7.37,105.50,635737,63.57%
big_files/enwik6,binary,32768,16384,258,16,6,12,15,15,15,14,8,7.23,117.44,571061,57.11%
big_files/enwik6,binary,32768,16384,258,128,6,12,15,15,15,14,8,7.00,121.29,514132,51.41%
big_files/enwik6,binary,32768,16384,258,1024,6,12,15,15,15,14,8,6.68,125.55,510343,51.03%
big_files/enwik6,binary,32768,16384,258,999999999,6,12,15,15,15,14,8,6.59,126.96,510343,51.03%
big_files/enwik6,binary,32768,16384,258,1,6,15,15,15,15,14,8,7.14,102.44,649137,64.91%
big_files/enwik6,binary,32768,16384,258,4,6,15,15,15,15,14,8,4.88,106.46,631841,63.18%
big_files/enwik6,binary,32768,16384,258,16,6,15,15,15,15,14,8,7.38,109.92,566077,56.61%
big_files/enwik6,binary,32768,16384,258,128,6,15,15,15,15,14,8,7.25,120.33,511260,51.13%
big_files/enwik6,binary,32768,16384,258,1024,6,15,15,15,15,14,8,7.74,135.13,508100,50.81%
big_files/enwik6,binary,32768,16384,258,999999999,6,15,15,15,15,14,8,7.36,123.44,508100,50.81%
big_files/enwik6,binary,32768,16384,258,1,12,12,12,12,12,14,8,8.25,111.50,552267,55.23%
big_files/enwik6,binary,32768,16384,258,4,12,12,12,12,12,14,8,8.15,111.47,565507,56.55%
big_files/enwik6,binary,32768,16384,258,16,12,12,12,12,12,14,8,7.30,114.97,525446,52.54%
big_files/enwik6,binary,32768,16384,258,128,12,12,12,12,12,14,8,7.79,124.33,476486,47.65%
big_files/enwik6,binary,32768,16384,258,1024,12,12,12,12,12,14,8,7.27,131.37,472773,47.28%
big_files/enwik6,binary,32768,16384,258,999999999,12,12,12,12,12,14,8,7.80,124.34,472773,47.28%
big_files/enwik6,binary,32768,16384,258,1,12,12,12,12,15,14,8,7.77,95.32,552987,55.30%
big_files/enwik6,binary,32768,16384,258,4,12,12,12,12,15,14,8,8.14,114.65,565539,56.55%
big_files/enwik6,binary,32768,16384,258,16,12,12,12,12,15,14,8,7.81,113.02,525031,52.50%
big_files/enwik6,binary,32768,16384,258,128,12,12,12,12,15,14,8,7.52,128.60,476071,47.61%
big_files/enwik6,binary,32768,16384,258,1024,12,12,12,12,15,14,8,7.61,117.28,472322,47.23%
big_files/enwik6,binary,32768,16384,258,999999999,12,12,12,12,15,14,8,7.54,129.60,472322,47.23%
big_files/enwik6,binary,32768,16384,258,1,12,12,12,15,15,14,8,7.99,103.86,553902,55.39%
big_files/enwik6,binary,32768,16384,258,4,12,12,12,15,15,14,8,7.85,106.41,565107,56.51%
big_files/enwik6,binary,32768,16384,258,16,12,12,12,15,15,14,8,7.24,115.14,523939,52.39%
big_files/enwik6,binary,32768,16384,258,128,12,12,12,15,15,14,8,7.01,121.17,475595,47.56%
big_files/enwik6,binary,32768,16384,258,1024,12,12,12,15,15,14,8,6.53,126.50,471886,47.19%
big_files/enwik6,binary,32768,16384,258,999999999,12,12,12,15,15,14,8,6.96,125.21,471886,47.19%
big_files/enwik6,binary,32768,16384,258,1,12,12,15,15,15,14,8,8.42,111.33,555059,55.51%
big_files/enwik6,binary,32768,16384,258,4,12,12,15,15,15,14,8,8.10,100.60,563934,56.39%
big_files/enwik6,binary,32768,16384,258,16,12,12,15,15,15,14,8,7.80,116.90,522189,52.22%
big_files/enwik6,binary,32768,16384,258,128,12,12,15,15,15,14,8,7.42,124.46,474394,47.44%
big_files/enwik6,binary,32768,16384,258,1024,12,12,15,15,15,14,8,7.67,128.45,470816,47.08%
big_files/enwik6,binary,32768,16384,258,999999999,12,12,15,15,15,14,8,7.79,116.69,470816,47.08%
big_files/enwik6,binary,32768,16384,258,1,12,15,15,15,15,14,8,8.01,96.67,556478,55.65%
big_files/enwik6,binary,32768,16384,258,4,12,15,15,15,15,14,8,7.50,105.02,560037,56.00%
big_files/enwik6,binary,32768,16384,258,16,12,15,15,15,15,14,8,7.42,113.09,517210,51.72%
big_files/enwik6,binary,32768,16384,258,128,12,15,15,15,15,14,8,7.24,124.24,471522,47.15%
big_files/enwik6,binary,32768,16384,258,1024,12,15,15,15,15,14,8,7.11,121.09,468574,46.86%
big_files/enwik6,binary,32768,16384,258,999999999,12,15,15,15,15,14,8,6.36,118.66,468574,46.86%
big_files/enwik6,binary,32768,16384,258,1,15,15,15,15,15,14,8,7.14,112.55,554416,55.44%
big_files/enwik6,binary,32768,16384,258,4,15,15,15,15,15,14,8,6.86,117.85,544341,54.43%
big_files/enwik6,binary,32768,16384,258,16,15,15,15,15,15,14,8,7.70,113.03,504942,50.49%
big_files/enwik6,binary,32768,16384,258,128,15,15,15,15,15,14,8,7.45,127.35,471600,47.16%
big_files/enwik6,binary,32768,16384,258,1024,15,15,15,15,15,14,8,7.46,121.49,469516,46.95%
big_files/enwik6,binary,32768,16384,258,999999999,15,15,15,15,15,14,8,7.14,124.08,469516,46.95%
big_files/enwik6,binary,32768,32768,4,1,6,6,6,6,6,15,1,6.90,99.82,732513,73.25%
big_files/enwik6,binary,32768,32768,4,4,6,6,6,6,6,15,1,6.83,102.88,734382,73.44%
big_files/enwik6,binary,32768,32768,4,16,6,6,6,6,6,15,1,7.81,108.52,708683,70.87%
big_files/enwik6,binary,32768,32768,4,128,6,6,6,6,6,15,1,6.83,110.14,668710,66.87%
big_files/enwik6,binary,32768,32768,4,1024,6,6,6,6,6,15,1,6.25,103.64,660635,66.06%
big_files/enwik6,binary,32768,32768,4,999999999,6,6,6,6,6,15,1,5.94,104.11,659977,66.00%
big_files/enwik6,binary,32768,32768,4,1,6,6,6,6,12,15,1,8.23,110.03,732513,73.25%
big_files/enwik6,binary,32768,32768,4,4,6,6,6,6,12,15,1,7.28,103.16,734382,73.44%
big_files/enwik6,binary,32768,32768,4,16,6,6,6,6,12,15,1,7.45,106.46,708683,70.87%
big_files/enwik6,binary,32768,32768,4,128,6,6,6,6,12,15,1,6.32,114.01,668710,66.87%
big_files/enwik6,binary,32768,32768,4,1024,6,6,6,6,12,15,1,7.14,114.08,660635,66.06%
big_files/enwik6,binary,32768,32768,4,999999999,6,6,6,6,12,15,1,6.73,112.30,659977,66.00%
big_files/enwik6,binary,32768,32768,4,1,6,6,6,6,15,15,1,7.53,106.79,732513,73.25%
big_files/enwik6,binary,32768,32768,4,4,6,6,6,6,15,15,1,7.56,99.69,734382,73.44%
big_files/enwik6,binary,32768,32768,4,16,6,6,6,6,15,15,1,6.98,102.15,708683,70.87%
big_files/enwik6,binary,32768,32768,4,128,6,6,6,6,15,15,1,6.00,110.48,668710,66.87%
big_files/enwik6,binary,32768,32768,4,1024,6,6,6,6,15,15,1,5.58,105.07,660635,66.06%
big_files/enwik6,binary,32768,32768,4,999999999,6,6,6,6,15,15,1,5.10,101.89,659977,66.00%
big_files/enwik6,binary,32768,32768,4,1,6,6,6,12,12,15,1,4.52,104.71,732513,73.25%
big_files/enwik6,binary,32768,32768,4,4,6,6,6,12,12,15,1,5.82,101.37,734382,73.44%
big_files/enwik6,binary,32768,32768,4,16,6,6,6,12,12,15,1,5.55,107.53,708683,70.87%
big_files/enwik6,binary,32768,32768,4,128,6,6,6,12,12,15,1,6.35,109.05,668710,66.87%
big_files/enwik6,binary,32768,32768,4,1024,6,6,6,12,12,15,1,5.98,112.11,660635,66.06%
big_files/enwik6,binary,32768,32768,4,999999999,6,6,6,12,12,15,1,6.01,117.54,659977,66.00%
big_files/enwik6,binary,32768,32768,4,1,6,6,6,12,15,15,1,6.99,100.28,732513,73.25%
big_files/enwik6,binary,32768,32768,4,4,6,6,6,12,15,15,1,6.20,99.84,734382,73.44%
big_files/enwik6,binary,32768,32768,4,16,6,6,6,12,15,15,1,4.68,102.06,708683,70.87%
big_files/enwik6,binary,32768,32768,4,128,6,6,6,12,15,15,1,3.77,110.86,668710,66.87%
big_files/enwik6,binary,32768,32768,4,1024,6,6,6,12,15,15,1,3.94,109.62,660635,66.06%
big_files/enwik6,binary,32768,32768,4,999999999,6,6,6,12,15,15,1,4.18,105.27,659977,66.00%
big_files/enwik6,binary,32768,32768,4,1,6,6,6,15,15,15,1,3.25,98.13,732513,73.25%
big_files/enwik6,binary,32768,32768,4,4,6,6,6,15,15,15,1,3.19,100.82,734382,73.44%
big_files/enwik6,binary,32768,32768,4,16,6,6,6,15,15,15,1,3.86,105.28,708683,70.87%
big_files/enwik6,binary,32768,32768,4,128,6,6,6,15,15,15,1,3.08,108.31,668710,66.87%
big_files/enwik6,binary,32768,32768,4,1024,6,6,6,15,15,15,1,3.08,106.26,660635,66.06%
big_files/enwik6,binary,32768,32768,4,999999999,6,6,6,15,15,15,1,2.70,104.94,659977,66.00%
big_files/enwik6,binary,32768,32768,4,1,6,6,12,12,12,15,1,4.29,101.11,732513,73.25%
big_files/enwik6,binary,32768,32768,4,4,6,6,12,12,12,15,1,3.37,89.36,734382,73.44%
big_files/enwik6,binary,32768,32768,4,16,6,6,12,12,12,15,1,2.88,103.59,708683,70.87%
big_files/enwik6,binary,32768,32768,4,128,6,6,12,12,12,15,1,3.20,109.58,668710,66.87%
big_files/enwik6,binary,32768,32768,4,1024,6,6,12,12,12,15,1,4.21,102.83,660635,66.06%
big_files/enwik6,binary,32768,32768,4,999999999,6,6,12,12,12,15,1,3.35,109.92,659977,66.00%
big_files/enwik6,binary,32768,32768,4,1,6,6,12,12,15,15,1,4.42,108.34,732513,73.25%
big_files/enwik6,binary,32768,32768,4,4,6,6,12,12,15,15,1,5.63,106.87,734382,73.44%
big_files/enwik6,binary,32768,32768,4,16,6,6,12,12,15,15,1,4.26,111.38,708683,70.87%
big_files/enwik6,binary,32768,32768,4,128,6,6,12,12,15,15,1,5.76,113.62,668710,66.87%
big_files/enwik6,binary,32768,32768,4,1024,6,6,12,12,15,15,1,6.70,113.02,660635,66.06%
big_files/enwik6,binary,32768,32768,4,999999999,6,6,12,12,15,15,1,6.61,113.44,659977,66.00%
big_files/enwik6,binary,32768,32768,4,1,6,6,12,15,15,15,1,7.08,100.89,732513,73.25%
big_files/enwik6,binary,32768,32768,4,4,6,6,12,15,15,15,1,4.56,109.24,734382,73.44%
big_files/enwik6,binary,32768,32768,4,16,6,6,12,15,15,15,1,6.15,104.86,708683,70.87%
big_files/enwik6,binary,32768,32768,4,128,6,6,12,15,15,15,1,4.10,103.90,668710,66.87%
big_files/enwik6,binary,32768,32768,4,1024,6,6,12,15,15,15,1,6.29,112.67,660635,66.06%
big_files/enwik6,binary,32768,32768,4,999999999,6,6,12,15,15,15,1,6.35,100.03,659977,66.00%
big_files/enwik6,binary,32768,32768,4,1,6,6,15,15,15,15,1,7.55,105.55,732513,73.25%
big_files/enwik6,binary,32768,32768,4,4,6,6,15,15,15,15,1,7.82,97.67,734382,73.44%
big_files/enwik6,binary,32768,32768,4,16,6,6,15,15,15,15,1,5.27,101.40,708683,70.87%
big_files/enwik6,binary,32768,32768,4,128,6,6,15,15,15,15,1,2.94,105.68,668710,66.87%
big_files/enwik6,binary,32768,32768,4,1024,6,6,15,15,15,15,1,5.58,109.75,660635,66.06%
big_files/enwik6,binary,32768,32768,4,999999999,6,6,15,15,15,15,1,6.70,110.55,659977,66.00%
big_files/enwik6,binary,32768,32768,4,1,6,12,12,12,12,15,1,6.95,92.06,680359,68.04%
big_files/enwik6,binary,32768,32768,4,4,6,12,12,12,12,15,1,4.34,95.83,685866,68.59%
big_files/enwik6,binary,32768,32768,4,16,6,12,12,12,12,15,1,6.78,104.69,660530,66.05%
big_files/enwik6,binary,32768,32768,4,128,6,12,12,12,12,15,1,7.04,109.12,616246,61.62%
big_files/enwik6,binary,32768,32768,4,1024,6,12,12,12,12,15,1,6.76,113.29,608654,60.87%
big_files/enwik6,binary,32768,32768,4,999999999,6,12,12,12,12,15,1,6.33,116.91,608310,60.83%
big_files/enwik6,binary,32768,32768,4,1,6,12,12,12,15,15,1,7.60,98.65,680359,68.04%
big_files/enwik6,binary,32768,32768,4,4,6,12,12,12,15,15,1,7.76,103.38,685866,68.59%
big_files/enwik6,binary,32768,32768,4,16,6,12,12,12,15,15,1,4.17,101.76,660530,66.05%
big_files/enwik6,binary,32768,32768,4,128,6,12,12,12,15,15,1,3.85,99.85,616246,61.62%
big_files/enwik6,binary,32768,32768,4,1024,6,12,12,12,15,15,1,6.73,123.66,608654,60.87%
big_files/enwik6,binary,32768,32768,4,999999999,6,12,12,12,15,15,1,6.55,125.66,608310,60.83%
big_files/enwik6,binary,32768,32768,4,1,6,12,12,15,15,15,1,7.91,103.89,680359,68.04%
big_files/enwik6,binary,32768,32768,4,4,6,12,12,15,15,15,1,6.75,108.11,685866,68.59%
big_files/enwik6,binary,32768,32768,4,16,6,12,12,15,15,15,1,6.52,112.91,660530,66.05%
big_files/enwik6,binary,32768,32768,4,128,6,12,12,15,15,15,1,4.81,113.63,616246,61.62%
big_files/enwik6,binary,32768,32768,4,1024,6,12,12,15,15,15,1,6.08,119.36,608654,60.87%
big_files/enwik6,binary,32768,32768,4,999999999,6,12,12,15,15,15,1,4.65,118.34,608310,60.83%
big_files/enwik6,binary,32768,32768,4,1,6,12,15,15,15,15,1,5.38,101.99,680359,68.04%
big_files/enwik6,binary,32768,32768,4,4,6,12,15,15,15,15,1,5.59,101.73,685866,68.59%
big_files/enwik6,binary,32768,32768,4,16,6,12,15,15,15,15,1,5.10,108.66,660530,66.05%
big_files/enwik6,binary,32768,32768,4,128,6,12,15,15,15,15,1,7.18,105.65,616246,61.62%
big_files/enwik6,binary,32768,32768,4,1024,6,12,15,15,15,15,1,6.14,120.87,608654,60.87%
big_files/enwik6,binary,32768,32768,4,999999999,6,12,15,15,15,15,1,6.66,110.17,608310,60.83%
big_files/enwik6,binary,32768,32768,4,1,6,15,15,15,15,15,1,7.29,92.53,713452,71.35%
big_files/enwik6,binary,32768,32768,4,4,6,15,15,15,15,15,1,6.82,94.21,711882,71.19%
big_files/enwik6,binary,32768,32768,4,16,6,15,15,15,15,15,1,5.22,112.53,689146,68.91%
big_files/enwik6,binary,32768,32768,4,128,6,15,15,15,15,15,1,6.16,112.06,658793,65.88%
big_files/enwik6,binary,32768,32768,4,1024,6,15,15,15,15,15,1,4.74,124.54,654753,65.48%
big_files/enwik6,binary,32768,32768,4,999999999,6,15,15,15,15,15,1,6.75,124.21,654585,65.46%
big_files/enwik6,binary,32768,32768,4,1,12,12,12,12,12,15,1,6.77,95.67,630422,63.04%
big_files/enwik6,binary,32768,32768,4,4,12,12,12,12,12,15,1,7.13,102.99,645010,64.50%
big_files/enwik6,binary,32768,32768,4,16,12,12,12,12,12,15,1,5.84,106.54,633442,63.34%
big_files/enwik6,binary,32768,32768,4,128,12,12,12,12,12,15,1,6.29,118.74,596696,59.67%
big_files/enwik6,binary,32768,32768,4,1024,12,12,12,12,12,15,1,6.91,123.95,589676,58.97%
big_files/enwik6,binary,32768,32768,4,999999999,12,12,12,12,12,15,1,6.66,104.69,589327,58.93%
big_files/enwik6,binary,32768,32768,4,1,12,12,12,12,15,15,1,7.74,103.36,630422,63.04%
big_files/enwik6,binary,32768,32768,4,4,12,12,12,12,15,15,1,6.74,102.36,645010,64.50%
big_files/enwik6,binary,32768,32768,4,16,12,12,12,12,15,15,1,7.11,106.54,633442,63.34%
big_files/enwik6,binary,32768,32768,4,128,12,12,12,12,15,15,1,6.45,121.40,596696,59.67%
big_files/enwik6,binary,32768,32768,4,1024,12,12,12,12,15,15,1,6.82,121.65,589676,58.97%
big_files/enwik6,binary,32768,32768,4,999999999,12,12,12,12,15,15,1,6.67,118.54,589327,58.93%
big_files/enwik6,binary,32768,32768,4,1,12,12,12,15,15,15,1,8.01,106.63,630422,63.04%
big_files/enwik6,binary,32768,32768,4,4,12,12,12,15,15,15,1,7.82,105.10,645010,64.50%
big_files/enwik6,binary,32768,32768,4,16,12,12,12,15,15,15,1,5.54,103.44,633442,63.34%
big_files/enwik6,binary,32768,32768,4,128,12,12,12,15,15,15,1,3.09,89.18,596696,59.67%
big_files/enwik6,binary,32768,32768,4,1024,12,12,12,15,15,15,1,2.27,112.19,589676,58.97%
big_files/enwik6,binary,32768,32768,4,999999999,12,12,12,15,15,15,1,5.35,113.39,589327,58.93%
big_files/enwik6,binary,32768,32768,4,1,12,12,15,15,15,15,1,3.32,102.39,630422,63.04%
big_files/enwik6,binary,32768,32768,4,4,12,12,15,15,15,15,1,3.89,96.59,645010,64.50%
big_files/enwik6,binary,32768,32768,4,16,12,12,15,15,15,15,1,2.92,103.07,633442,63.34%
big_files/enwik6,binary,32768,32768,4,128,12,12,15,15,15,15,1,3.10,111.88,596696,59.67%
big_files/enwik6,binary,32768,32768,4,1024,12,12,15,15,15,15,1,3.07,116.54,589676,58.97%
big_files/enwik6,binary,32768,32768,4,999999999,12,12,15,15,15,15,1,3.09,111.73,589327,58.93%
big_files/enwik6,binary,32768,32768,4,1,12,15,15,15,15,15,1,3.21,98.41,663515,66.35%
big_files/enwik6,binary,32768,32768,4,4,12,15,15,15,15,15,1,3.38,104.72,671029,67.10%
big_files/enwik6,binary,32768,32768,4,16,12,15,15,15,15,15,1,3.80,103.18,662056,66.21%
big_files/enwik6,binary,32768,32768,4,128,12,15,15,15,15,15,1,3.99,115.96,639247,63.92%
big_files/enwik6,binary,32768,32768,4,1024,12,15,15,15,15,15,1,3.38,115.57,635771,63.58%
big_files/enwik6,binary,32768,32768,4,999999999,12,15,15,15,15,15,1,3.46,117.46,635598,63.56%
big_files/enwik6,binary,32768,32768,4,1,15,15,15,15,15,15,1,5.19,94.30,688779,68.88%
big_files/enwik6,binary,32768,32768,4,4,15,15,15,15,15,15,1,4.12,96.86,685673,68.57%
big_files/enwik6,binary,32768,32768,4,16,15,15,15,15,15,15,1,4.70,110.44,670508,67.05%
big_files/enwik6,binary,32768,32768,4,128,15,15,15,15,15,15,1,4.10,113.79,650404,65.04%
big_files/enwik6,binary,32768,32768,4,1024,15,15,15,15,15,15,1,4.29,116.42,647666,64.77%
big_files/enwik6,binary,32768,32768,4,999999999,15,15,15,15,15,15,1,4.88,115.79,647549,64.75%
big_files/enwik6,binary,32768,32768,8,1,6,6,6,6,6,15,3,4.85,112.82,668755,66.88%
big_files/enwik6,binary,32768,32768,8,4,6,6,6,6,6,15,3,6.16,106.25,665448,66.54%
big_files/enwik6,binary,32768,32768,8,16,6,6,6,6,6,15,3,4.09,114.68,617693,61.77%
big_files/enwik6,binary,32768,32768,8,128,6,6,6,6,6,15,3,3.54,132.79,562883,56.29%
big_files/enwik6,binary,32768,32768,8,1024,6,6,6,6,6,15,3,5.08,124.08,555330,55.53%
big_files/enwik6,binary,32768,32768,8,999999999,6,6,6,6,6,15,3,5.18,122.88,554941,55.49%
big_files/enwik6,binary,32768,32768,8,1,6,6,6,6,12,15,3,4.62,105.29,665218,66.52%
big_files/enwik6,binary,32768,32768,8,4,6,6,6,6,12,15,3,4.01,108.98,662253,66.23%
big_files/enwik6,binary,32768,32768,8,16,6,6,6,6,12,15,3,4.79,110.97,614291,61.43%
big_files/enwik6,binary,32768,32768,8,128,6,6,6,6,12,15,3,4.97,125.98,558951,55.90%
big_files/enwik6,binary,32768,32768,8,1024,6,6,6,6,12,15,3,3.85,126.00,551239,55.12%
big_files/enwik6,binary,32768,32768,8,999999999,6,6,6,6,12,15,3,5.92,125.23,550835,55.08%
big_files/enwik6,binary,32768,32768,8,1,6,6,6,6,15,15,3,4.66,101.77,666860,66.69%
big_files/enwik6,binary,32768,32768,8,4,6,6,6,6,15,15,3,5.43,107.13,663384,66.34%
big_files/enwik6,binary,32768,32768,8,16,6,6,6,6,15,15,3,5.32,112.14,615334,61.53%
big_files/enwik6,binary,32768,32768,8,128,6,6,6,6,15,15,3,3.57,118.46,560148,56.01%
big_files/enwik6,binary,32768,32768,8,1024,6,6,6,6,15,15,3,4.54,115.93,552529,55.25%
big_files/enwik6,binary,32768,32768,8,999999999,6,6,6,6,15,15,3,5.24,117.48,552131,55.21%
big_files/enwik6,binary,32768,32768,8,1,6,6,6,12,12,15,3,6.67,102.04,660045,66.00%
big_files/enwik6,binary,32768,32768,8,4,6,6,6,12,12,15,3,6.71,103.18,656777,65.68%
big_files/enwik6,binary,32768,32768,8,16,6,6,6,12,12,15,3,5.26,112.66,609422,60.94%
big_files/enwik6,binary,32768,32768,8,128,6,6,6,12,12,15,3,6.43,111.78,553547,55.35%
big_files/enwik6,binary,32768,32768,8,1024,6,6,6,12,12,15,3,6.09,119.16,545704,54.57%
big_files/enwik6,binary,32768,32768,8,999999999,6,6,6,12,12,15,3,5.89,125.15,545293,54.53%
big_files/enwik6,binary,32768,32768,8,1,6,6,6,12,15,15,3,6.38,102.23,661691,66.17%
big_files/enwik6,binary,32768,32768,8,4,6,6,6,12,15,15,3,7.07,107.02,657912,65.79%
big_files/enwik6,binary,32768,32768,8,16,6,6,6,12,15,15,3,6.16,104.41,610464,61.05%
big_files/enwik6,binary,32768,32768,8,128,6,6,6,12,15,15,3,6.30,122.36,554746,55.47%
big_files/enwik6,binary,32768,32768,8,1024,6,6,6,12,15,15,3,6.44,123.79,546998,54.70%
big_files/enwik6,binary,32768,32768,8,999999999,6,6,6,12,15,15,3,5.94,120.59,546593,54.66%
big_files/enwik6,binary,32768,32768,8,1,6,6,6,15,15,15,3,6.82,101.91,664181,66.42%
big_files/enwik6,binary,32768,32768,8,4,6,6,6,15,15,15,3,6.85,106.36,659581,65.96%
big_files/enwik6,binary,32768,32768,8,16,6,6,6,15,15,15,3,6.78,109.33,611652,61.17%
big_files/enwik6,binary,32768,32768,8,128,6,6,6,15,15,15,3,6.00,127.60,556493,55.65%
big_files/enwik6,binary,32768,32768,8,1024,6,6,6,15,15,15,3,6.23,123.75,548823,54.88%
big_files/enwik6,binary,32768,32768,8,999999999,6,6,6,15,15,15,3,6.36,123.82,548426,54.84%
big_files/enwik6,binary,32768,32768,8,1,6,6,12,12,12,15,3,6.80,103.78,651706,65.17%
big_files/enwik6,binary,32768,32768,8,4,6,6,12,12,12,15,3,6.76,106.89,649011,64.90%
big_files/enwik6,binary,32768,32768,8,16,6,6,12,12,12,15,3,6.08,116.45,602142,60.21%
big_files/enwik6,binary,32768,32768,8,128,6,6,12,12,12,15,3,6.06,126.97,545853,54.59%
big_files/enwik6,binary,32768,32768,8,1024,6,6,12,12,12,15,3,6.12,122.87,537991,53.80%
big_files/enwik6,binary,32768,32768,8,999999999,6,6,12,12,12,15,3,6.15,120.76,537583,53.76%
big_files/enwik6,binary,32768,32768,8,1,6,6,12,12,15,15,3,6.89,106.96,653349,65.33%
big_files/enwik6,binary,32768,32768,8,4,6,6,12,12,15,15,3,6.96,106.30,650144,65.01%
big_files/enwik6,binary,32768,32768,8,16,6,6,12,12,15,15,3,6.38,111.51,603184,60.32%
big_files/enwik6,binary,32768,32768,8,128,6,6,12,12,15,15,3,6.19,119.29,547046,54.70%
big_files/enwik6,binary,32768,32768,8,1024,6,6,12,12,15,15,3,5.72,125.52,539279,53.93%
big_files/enwik6,binary,32768,32768,8,999999999,6,6,12,12,15,15,3,6.31,126.36,538879,53.89%
big_files/enwik6,binary,32768,32768,8,1,6,6,12,15,15,15,3,7.01,105.28,655841,65.58%
big_files/enwik6,binary,32768,32768,8,4,6,6,12,15,15,15,3,6.74,103.35,651817,65.18%
big_files/enwik6,binary,32768,32768,8,16,6,6,12,15,15,15,3,6.15,111.73,604375,60.44%
big_files/enwik6,binary,32768,32768,8,128,6,6,12,15,15,15,3,6.47,120.53,548792,54.88%
big_files/enwik6,binary,32768,32768,8,1024,6,6,12,15,15,15,3,6.36,121.16,541109,54.11%
big_files/enwik6,binary,32768,32768,8,999999999,6,6,12,15,15,15,3,6.69,120.27,540716,54.07%
big_files/enwik6,binary,32768,32768,8,1,6,6,15,15,15,15,3,7.16,100.74,659244,65.92%
big_files/enwik6,binary,32768,32768,8,4,6,6,15,15,15,15,3,7.13,103.02,653870,65.39%
big_files/enwik6,binary,32768,32768,8,16,6,6,15,15,15,15,3,7.00,111.60,605786,60.58%
big_files/enwik6,binary,32768,32768,8,128,6,6,15,15,15,15,3,6.56,121.97,550659,55.07%
big_files/enwik6,binary,32768,32768,8,1024,6,6,15,15,15,15,3,6.58,122.71,543064,54.31%
big_files/enwik6,binary,32768,32768,8,999999999,6,6,15,15,15,15,3,6.67,117.74,542689,54.27%
big_files/enwik6,binary,32768,32768,8,1,6,12,12,12,12,15,3,7.01,107.86,630224,63.02%
big_files/enwik6,binary,32768,32768,8,4,6,12,12,12,12,15,3,7.28,107.95,629494,62.95%
big_files/enwik6,binary,32768,32768,8,16,6,12,12,12,12,15,3,6.28,113.09,585613,58.56%
big_files/enwik6,binary,32768,32768,8,128,6,12,12,12,12,15,3,5.77,117.80,531645,53.16%
big_files/enwik6,binary,32768,32768,8,1024,6,12,12,12,12,15,3,5.71,124.21,523983,52.40%
big_files/enwik6,binary,32768,32768,8,999999999,6,12,12,12,12,15,3,5.96,127.88,523596,52.36%
big_files/enwik6,binary,32768,32768,8,1,6,12,12,12,15,15,3,6.70,106.47,631866,63.19%
big_files/enwik6,binary,32768,32768,8,4,6,12,12,12,15,15,3,5.93,104.43,630635,63.06%
big_files/enwik6,binary,32768,32768,8,16,6,12,12,12,15,15,3,5.13,111.59,586657,58.67%
big_files/enwik6,binary,32768,32768,8,128,6,12,12,12,15,15,3,5.02,123.60,532845,53.28%
big_files/enwik6,binary,32768,32768,8,1024,6,12,12,12,15,15,3,4.41,124.72,525271,52.53%
big_files/enwik6,binary,32768,32768,8,999999999,6,12,12,12,15,15,3,4.89,116.38,524890,52.49%
big_files/enwik6,binary,32768,32768,8,1,6,12,12,15,15,15,3,5.57,106.13,634356,63.44%
big_files/enwik6,binary,32768,32768,8,4,6,12,12,15,15,15,3,4.85,100.19,632302,63.23%
big_files/enwik6,binary,32768,32768,8,16,6,12,12,15,15,15,3,3.34,113.76,587848,58.78%
big_files/enwik6,binary,32768,32768,8,128,6,12,12,15,15,15,3,4.38,119.40,534590,53.46%
big_files/enwik6,binary,32768,32768,8,1024,6,12,12,15,15,15,3,5.02,119.57,527101,52.71%
big_files/enwik6,binary,32768,32768,8,999999999,6,12,12,15,15,15,3,4.16,116.08,526728,52.67%
big_files/enwik6,binary,32768,32768,8,1,6,12,15,15,15,15,3,3.94,103.04,637758,63.78%
big_files/enwik6,binary,32768,32768,8,4,6,12,15,15,15,15,3,4.63,101.92,634355,63.44%
big_files/enwik6,binary,32768,32768,8,16,6,12,15,15,15,15,3,4.54,107.66,589260,58.93%
big_files/enwik6,binary,32768,32768,8,128,6,12,15,15,15,15,3,3.84,121.66,536453,53.65%
big_files/enwik6,binary,32768,32768,8,1024,6,12,15,15,15,15,3,4.51,115.13,529058,52.91%
big_files/enwik6,binary,32768,32768,8,999999999,6,12,15,15,15,15,3,3.69,113.82,528704,52.87%
big_files/enwik6,binary,32768,32768,8,1,6,15,15,15,15,15,3,2.78,97.56,643668,64.37%
big_files/enwik6,binary,32768,32768,8,4,6,15,15,15,15,15,3,3.28,101.40,636450,63.64%
big_files/enwik6,binary,32768,32768,8,16,6,15,15,15,15,15,3,2.82,105.84,589807,58.98%
big_files/enwik6,binary,32768,32768,8,128,6,15,15,15,15,15,3,3.52,118.39,537903,53.79%
big_files/enwik6,binary,32768,32768,8,1024,6,15,15,15,15,15,3,3.52,120.20,531107,53.11%
big_files/enwik6,binary,32768,32768,8,999999999,6,15,15,15,15,15,3,2.96,119.23,530773,53.08%
big_files/enwik6,binary,32768,32768,8,1,12,12,12,12,12,15,3,5.37,93.78,569668,56.97%
big_files/enwik6,binary,32768,32768,8,4,12,12,12,12,12,15,3,4.53,106.01,581807,58.18%
big_files/enwik6,binary,32768,32768,8,16,12,12,12,12,12,15,3,4.05,109.06,554042,55.40%
big_files/enwik6,binary,32768,32768,8,128,12,12,12,12,12,15,3,5.20,120.58,507720,50.77%
big_files/enwik6,binary,32768,32768,8,1024,12,12,12,12,12,15,3,5.48,114.39,500609,50.06%
big_files/enwik6,binary,32768,32768,8,999999999,12,12,12,12,12,15,3,2.76,115.89,500228,50.02%
big_files/enwik6,binary,32768,32768,8,1,12,12,12,12,15,15,3,1.90,105.91,571311,57.13%
big_files/enwik6,binary,32768,32768,8,4,12,12,12,12,15,15,3,3.12,98.65,582943,58.29%
big_files/enwik6,binary,32768,32768,8,16,12,12,12,12,15,15,3,2.57,102.32,555081,55.51%
big_files/enwik6,binary,32768,32768,8,128,12,12,12,12,15,15,3,2.49,116.62,508919,50.89%
big_files/enwik6,binary,32768,32768,8,1024,12,12,12,12,15,15,3,2.92,118.86,501897,50.19%
big_files/enwik6,binary,32768,32768,8,999999999,12,12,12,12,15,15,3,2.46,116.20,501524,50.15%
big_files/enwik6,binary,32768,32768,8,1,12,12,12,15,15,15,3,2.65,101.81,573798,57.38%
big_files/enwik6,binary,32768,32768,8,4,12,12,12,15,15,15,3,2.61,102.08,584615,58.46%
big_files/enwik6,binary,32768,32768,8,16,12,12,12,15,15,15,3,2.54,106.91,556270,55.63%
big_files/enwik6,binary,32768,32768,8,128,12,12,12,15,15,15,3,2.50,118.14,510663,51.07%
big_files/enwik6,binary,32768,32768,8,1024,12,12,12,15,15,15,3,3.20,113.09,503725,50.37%
big_files/enwik6,binary,32768,32768,8,999999999,12,12,12,15,15,15,3,3.71,119.23,503359,50.34%
big_files/enwik6,binary,32768,32768,8,1,12,12,15,15,15,15,3,3.93,101.51,577202,57.72%
big_files/enwik6,binary,32768,32768,8,4,12,12,15,15,15,15,3,4.53,104.64,586669,58.67%
big_files/enwik6,binary,32768,32768,8,16,12,12,15,15,15,15,3,4.54,107.99,557681,55.77%
big_files/enwik6,binary,32768,32768,8,128,12,12,15,15,15,15,3,4.67,120.97,512526,51.25%
big_files/enwik6,binary,32768,32768,8,1024,12,12,15,15,15,15,3,4.14,116.32,505681,50.57%
big_files/enwik6,binary,32768,32768,8,999999999,12,12,15,15,15,15,3,3.65,112.33,505333,50.53%
big_files/enwik6,binary,32768,32768,8,1,12,15,15,15,15,15,3,3.87,100.33,583111,58.31%
big_files/enwik6,binary,32768,32768,8,4,12,15,15,15,15,15,3,3.99,106.21,588759,58.88%
big_files/enwik6,binary,32768,32768,8,16,12,15,15,15,15,15,3,3.71,101.59,558233,55.82%
big_files/enwik6,binary,32768,32768,8,128,12,15,15,15,15,15,3,4.22,116.25,513975,51.40%
big_files/enwik6,binary,32768,32768,8,1024,12,15,15,15,15,15,3,3.57,112.67,507730,50.77%
big_files/enwik6,binary,32768,32768,8,999999999,12,15,15,15,15,15,3,3.62,111.64,507403,50.74%
big_files/enwik6,binary,32768,32768,8,1,15,15,15,15,15,15,3,3.67,98.78,595580,59.56%
big_files/enwik6,binary,32768,32768,8,4,15,15,15,15,15,15,3,3.97,107.54,589735,58.97%
big_files/enwik6,binary,32768,32768,8,16,15,15,15,15,15,15,3,4.22,105.68,556600,55.66%
big_files/enwik6,binary,32768,32768,8,128,15,15,15,15,15,15,3,3.54,109.79,519300,51.93%
big_files/enwik6,binary,32768,32768,8,1024,15,15,15,15,15,15,3,3.71,119.09,514080,51.41%
big_files/enwik6,binary,32768,32768,8,999999999,15,15,15,15,15,15,3,3.97,117.93,513813,51.38%
big_files/enwik6,binary,32768,32768,18,1,6,6,6,6,6,15,4,4.49,103.54,648999,64.90%
big_files/enwik6,binary,32768,32768,18,4,6,6,6,6,6,15,4,3.67,110.53,641621,64.16%
big_files/enwik6,binary,32768,32768,18,16,6,6,6,6,6,15,4,4.37,118.38,582157,58.22%
big_files/enwik6,binary,32768,32768,18,128,6,6,6,6,6,15,4,3.86,123.60,522052,52.21%
big_files/enwik6,binary,32768,32768,18,1024,6,6,6,6,6,15,4,3.60,125.53,515267,51.53%
big_files/enwik6,binary,32768,32768,18,999999999,6,6,6,6,6,15,4,3.90,128.67,515083,51.51%
big_files/enwik6,binary,32768,32768,18,1,6,6,6,6,12,15,4,3.80,109.20,645273,64.53%
big_files/enwik6,binary,32768,32768,18,4,6,6,6,6,12,15,4,6.11,111.32,638304,63.83%
big_files/enwik6,binary,32768,32768,18,16,6,6,6,6,12,15,4,4.89,115.79,578606,57.86%
big_files/enwik6,binary,32768,32768,18,128,6,6,6,6,12,15,4,4.79,124.38,517958,51.80%
big_files/enwik6,binary,32768,32768,18,1024,6,6,6,6,12,15,4,5.65,120.11,511091,51.11%
big_files/enwik6,binary,32768,32768,18,999999999,6,6,6,6,12,15,4,3.96,125.45,510903,51.09%
big_files/enwik6,binary,32768,32768,18,1,6,6,6,6,15,15,4,5.44,110.19,646466,64.65%
big_files/enwik6,binary,32768,32768,18,4,6,6,6,6,15,15,4,5.10,113.18,638977,63.90%
big_files/enwik6,binary,32768,32768,18,16,6,6,6,6,15,15,4,4.93,115.51,579080,57.91%
big_files/enwik6,binary,32768,32768,18,128,6,6,6,6,15,15,4,5.03,119.47,518437,51.84%
big_files/enwik6,binary,32768,32768,18,1024,6,6,6,6,15,15,4,4.37,130.31,511582,51.16%
big_files/enwik6,binary,32768,32768,18,999999999,6,6,6,6,15,15,4,5.95,133.59,511396,51.14%
big_files/enwik6,binary,32768,32768,18,1,6,6,6,12,12,15,4,4.69,109.80,639385,63.94%
big_files/enwik6,binary,32768,32768,18,4,6,6,6,12,12,15,4,3.84,106.27,632824,63.28%
big_files/enwik6,binary,32768,32768,18,16,6,6,6,12,12,15,4,5.89,119.02,573624,57.36%
big_files/enwik6,binary,32768,32768,18,128,6,6,6,12,12,15,4,4.57,124.16,512234,51.22%
big_files/enwik6,binary,32768,32768,18,1024,6,6,6,12,12,15,4,5.01,121.97,505196,50.52%
big_files/enwik6,binary,32768,32768,18,999999999,6,6,6,12,12,15,4,4.50,132.14,505010,50.50%
big_files/enwik6,binary,32768,32768,18,1,6,6,6,12,15,15,4,5.12,105.87,640575,64.06%
big_files/enwik6,binary,32768,32768,18,4,6,6,6,12,15,15,4,4.28,109.64,633499,63.35%
big_files/enwik6,binary,32768,32768,18,16,6,6,6,12,15,15,4,4.25,116.47,574097,57.41%
big_files/enwik6,binary,32768,32768,18,128,6,6,6,12,15,15,4,5.23,125.18,512711,51.27%
big_files/enwik6,binary,32768,32768,18,1024,6,6,6,12,15,15,4,5.15,124.25,505689,50.57%
big_files/enwik6,binary,32768,32768,18,999999999,6,6,6,12,15,15,4,3.89,126.31,505505,50.55%
big_files/enwik6,binary,32768,32768,18,1,6,6,6,15,15,15,4,4.52,109.07,642302,64.23%
big_files/enwik6,binary,32768,32768,18,4,6,6,6,15,15,15,4,4.24,111.73,634302,63.43%
big_files/enwik6,binary,32768,32768,18,16,6,6,6,15,15,15,4,3.71,113.72,574338,57.43%
big_files/enwik6,binary,32768,32768,18,128,6,6,6,15,15,15,4,2.76,120.70,513511,51.35%
big_files/enwik6,binary,32768,32768,18,1024,6,6,6,15,15,15,4,4.17,123.50,506535,50.65%
big_files/enwik6,binary,32768,32768,18,999999999,6,6,6,15,15,15,4,5.55,121.23,506352,50.64%
big_files/enwik6,binary,32768,32768,18,1,6,6,12,12,12,15,4,5.50,111.18,630272,63.03%
big_files/enwik6,binary,32768,32768,18,4,6,6,12,12,12,15,4,4.49,102.48,624579,62.46%
big_files/enwik6,binary,32768,32768,18,16,6,6,12,12,12,15,4,5.08,111.05,566082,56.61%
big_files/enwik6,binary,32768,32768,18,128,6,6,12,12,12,15,4,4.49,127.79,504036,50.40%
big_files/enwik6,binary,32768,32768,18,1024,6,6,12,12,12,15,4,3.90,127.10,496845,49.68%
big_files/enwik6,binary,32768,32768,18,999999999,6,6,12,12,12,15,4,4.74,129.63,496663,49.67%
big_files/enwik6,binary,32768,32768,18,1,6,6,12,12,15,15,4,5.10,104.95,631466,63.15%
big_files/enwik6,binary,32768,32768,18,4,6,6,12,12,15,15,4,5.37,108.88,625253,62.53%
big_files/enwik6,binary,32768,32768,18,16,6,6,12,12,15,15,4,6.15,121.44,566559,56.66%
big_files/enwik6,binary,32768,32768,18,128,6,6,12,12,15,15,4,5.55,129.55,504512,50.45%
big_files/enwik6,binary,32768,32768,18,1024,6,6,12,12,15,15,4,6.99,134.85,497338,49.73%
big_files/enwik6,binary,32768,32768,18,999999999,6,6,12,12,15,15,4,5.65,123.73,497159,49.72%
big_files/enwik6,binary,32768,32768,18,1,6,6,12,15,15,15,4,5.81,105.25,633185,63.32%
big_files/enwik6,binary,32768,32768,18,4,6,6,12,15,15,15,4,6.60,109.94,626057,62.61%
big_files/enwik6,binary,32768,32768,18,16,6,6,12,15,15,15,4,6.07,117.17,566798,56.68%
big_files/enwik6,binary,32768,32768,18,128,6,6,12,15,15,15,4,4.88,118.63,505314,50.53%
big_files/enwik6,binary,32768,32768,18,1024,6,6,12,15,15,15,4,6.18,129.14,498187,49.82%
big_files/enwik6,binary,32768,32768,18,999999999,6,6,12,15,15,15,4,6.20,125.05,498008,49.80%
big_files/enwik6,binary,32768,32768,18,1,6,6,15,15,15,15,4,4.47,105.86,635643,63.56%
big_files/enwik6,binary,32768,32768,18,4,6,6,15,15,15,15,4,6.81,110.60,626788,62.68%
big_files/enwik6,binary,32768,32768,18,16,6,6,15,15,15,15,4,6.21,111.56,566939,56.69%
big_files/enwik6,binary,32768,32768,18,128,6,6,15,15,15,15,4,5.07,127.46,505954,50.60%
big_files/enwik6,binary,32768,32768,18,1024,6,6,15,15,15,15,4,6.88,121.26,498949,49.89%
big_files/enwik6,binary,32768,32768,18,999999999,6,6,15,15,15,15,4,5.84,128.76,498775,49.88%
big_files/enwik6,binary,32768,32768,18,1,6,12,12,12,12,15,4,5.27,110.18,606576,60.66%
big_files/enwik6,binary,32768,32768,18,4,6,12,12,12,12,15,4,6.39,107.04,603915,60.39%
big_files/enwik6,binary,32768,32768,18,16,6,12,12,12,12,15,4,5.35,120.95,548997,54.90%
big_files/enwik6,binary,32768,32768,18,128,6,12,12,12,12,15,4,5.58,121.36,489198,48.92%
big_files/enwik6,binary,32768,32768,18,1024,6,12,12,12,12,15,4,6.28,126.63,481995,48.20%
big_files/enwik6,binary,32768,32768,18,999999999,6,12,12,12,12,15,4,5.81,123.53,481819,48.18%
big_files/enwik6,binary,32768,32768,18,1,6,12,12,12,15,15,4,5.81,101.98,607766,60.78%
big_files/enwik6,binary,32768,32768,18,4,6,12,12,12,15,15,4,6.85,112.42,604590,60.46%
big_files/enwik6,binary,32768,32768,18,16,6,12,12,12,15,15,4,5.23,119.05,549473,54.95%
big_files/enwik6,binary,32768,32768,18,128,6,12,12,12,15,15,4,5.78,120.72,489682,48.97%
big_files/enwik6,binary,32768,32768,18,1024,6,12,12,12,15,15,4,6.43,126.83,482486,48.25%
big_files/enwik6,binary,32768,32768,18,999999999,6,12,12,12,15,15,4,5.81,128.13,482312,48.23%
big_files/enwik6,binary,32768,32768,18,1,6,12,12,15,15,15,4,6.22,106.75,609490,60.95%
big_files/enwik6,binary,32768,32768,18,4,6,12,12,15,15,15,4,5.93,110.72,605393,60.54%
big_files/enwik6,binary,32768,32768,18,16,6,12,12,15,15,15,4,6.85,109.65,549714,54.97%
big_files/enwik6,binary,32768,32768,18,128,6,12,12,15,15,15,4,5.90,127.22,490476,49.05%
big_files/enwik6,binary,32768,32768,18,1024,6,12,12,15,15,15,4,6.48,122.08,483334,48.33%
big_files/enwik6,binary,32768,32768,18,999999999,6,12,12,15,15,15,4,6.28,124.16,483161,48.32%
big_files/enwik6,binary,32768,32768,18,1,6,12,15,15,15,15,4,6.72,110.85,611946,61.19%
big_files/enwik6,binary,32768,32768,18,4,6,12,15,15,15,15,4,6.89,107.02,606125,60.61%
big_files/enwik6,binary,32768,32768,18,16,6,12,15,15,15,15,4,7.26,113.43,549852,54.99%
big_files/enwik6,binary,32768,32768,18,128,6,12,15,15,15,15,4,6.32,126.29,491125,49.11%
big_files/enwik6,binary,32768,32768,18,1024,6,12,15,15,15,15,4,6.95,125.88,484098,48.41%
big_files/enwik6,binary,32768,32768,18,999999999,6,12,15,15,15,15,4,6.85,126.90,483929,48.39%
big_files/enwik6,binary,32768,32768,18,1,6,15,15,15,15,15,4,7.13,111.03,616124,61.61%
big_files/enwik6,binary,32768,32768,18,4,6,15,15,15,15,15,4,5.72,109.19,605973,60.60%
big_files/enwik6,binary,32768,32768,18,16,6,15,15,15,15,15,4,6.54,110.35,548332,54.83%
big_files/enwik6,binary,32768,32768,18,128,6,15,15,15,15,15,4,5.44,127.87,490815,49.08%
big_files/enwik6,binary,32768,32768,18,1024,6,15,15,15,15,15,4,6.36,122.17,484547,48.45%
big_files/enwik6,binary,32768,32768,18,999999999,6,15,15,15,15,15,4,6.89,122.81,484389,48.44%
big_files/enwik6,binary,32768,32768,18,1,12,12,12,12,12,15,4,6.62,110.41,540343,54.03%
big_files/enwik6,binary,32768,32768,18,4,12,12,12,12,12,15,4,5.23,112.27,552749,55.27%
big_files/enwik6,binary,32768,32768,18,16,12,12,12,12,12,15,4,5.89,113.01,515437,51.54%
big_files/enwik6,binary,32768,32768,18,128,12,12,12,12,12,15,4,6.40,128.03,462974,46.30%
big_files/enwik6,binary,32768,32768,18,1024,12,12,12,12,12,15,4,4.92,127.68,456124,45.61%
big_files/enwik6,binary,32768,32768,18,999999999,12,12,12,12,12,15,4,5.41,134.65,455949,45.59%
big_files/enwik6,binary,32768,32768,18,1,12,12,12,12,15,15,4,7.69,106.42,541533,54.15%
big_files/enwik6,binary,32768,32768,18,4,12,12,12,12,15,15,4,6.59,104.32,553423,55.34%
big_files/enwik6,binary,32768,32768,18,16,12,12,12,12,15,15,4,6.26,112.66,515912,51.59%
big_files/enwik6,binary,32768,32768,18,128,12,12,12,12,15,15,4,4.71,124.36,463452,46.35%
big_files/enwik6,binary,32768,32768,18,1024,12,12,12,12,15,15,4,4.75,129.72,456616,45.66%
big_files/enwik6,binary,32768,32768,18,999999999,12,12,12,12,15,15,4,4.23,123.15,456443,45.64%
big_files/enwik6,binary,32768,32768,18,1,12,12,12,15,15,15,4,4.93,112.76,543257,54.33%
big_files/enwik6,binary,32768,32768,18,4,12,12,12,15,15,15,4,4.57,105.54,554224,55.42%
big_files/enwik6,binary,32768,32768,18,16,12,12,12,15,15,15,4,4.53,120.26,516156,51.62%
big_files/enwik6,binary,32768,32768,18,128,12,12,12,15,15,15,4,5.13,125.93,464250,46.42%
big_files/enwik6,binary,32768,32768,18,1024,12,12,12,15,15,15,4,4.77,127.94,457465,45.75%
big_files/enwik6,binary,32768,32768,18,999999999,12,12,12,15,15,15,4,5.62,127.21,457293,45.73%
big_files/enwik6,binary,32768,32768,18,1,12,12,15,15,15,15,4,5.45,109.07,545713,54.57%
big_files/enwik6,binary,32768,32768,18,4,12,12,15,15,15,15,4,6.74,101.78,554955,55.50%
big_files/enwik6,binary,32768,32768,18,16,12,12,15,15,15,15,4,6.48,117.26,516291,51.63%
big_files/enwik6,binary,32768,32768,18,128,12,12,15,15,15,15,4,6.44,127.37,464894,46.49%
big_files/enwik6,binary,32768,32768,18,1024,12,12,15,15,15,15,4,6.11,122.75,458226,45.82%
big_files/enwik6,binary,32768,32768,18,999999999,12,12,15,15,15,15,4,6.90,117.99,458058,45.81%
big_files/enwik6,binary,32768,32768,18,1,12,15,15,15,15,15,4,5.92,111.09,549890,54.99%
big_files/enwik6,binary,32768,32768,18,4,12,15,15,15,15,15,4,7.60,102.13,554804,55.48%
big_files/enwik6,binary,32768,32768,18,16,12,15,15,15,15,15,4,6.21,112.37,514770,51.48%
big_files/enwik6,binary,32768,32768,18,128,12,15,15,15,15,15,4,5.82,129.74,464585,46.46%
big_files/enwik6,binary,32768,32768,18,1024,12,15,15,15,15,15,4,5.34,123.75,458673,45.87%
big_files/enwik6,binary,32768,32768,18,999999999,12,15,15,15,15,15,4,6.29,120.06,458516,45.85%
big_files/enwik6,binary,32768,32768,18,1,15,15,15,15,15,15,4,6.07,108.57,557278,55.73%
big_files/enwik6,binary,32768,32768,18,4,15,15,15,15,15,15,4,5.93,98.24,549951,55.00%
big_files/enwik6,binary,32768,32768,18,16,15,15,15,15,15,15,4,6.27,111.74,509082,50.91%
big_files/enwik6,binary,32768,32768,18,128,15,15,15,15,15,15,4,5.08,121.54,467824,46.78%
big_files/enwik6,binary,32768,32768,18,1024,15,15,15,15,15,15,4,5.82,124.19,463040,46.30%
big_files/enwik6,binary,32768,32768,18,999999999,15,15,15,15,15,15,4,5.23,123.23,462907,46.29%
big_files/enwik6,binary,32768,32768,32,1,6,6,6,6,6,15,5,4.61,85.25,662979,66.30%
big_files/enwik6,binary,32768,32768,32,4,6,6,6,6,6,15,5,2.57,107.75,653912,65.39%
big_files/enwik6,binary,32768,32768,32,16,6,6,6,6,6,15,5,3.22,115.45,590778,59.08%
big_files/enwik6,binary,32768,32768,32,128,6,6,6,6,6,15,5,4.52,129.81,528911,52.89%
big_files/enwik6,binary,32768,32768,32,1024,6,6,6,6,6,15,5,4.46,120.88,522435,52.24%
big_files/enwik6,binary,32768,32768,32,999999999,6,6,6,6,6,15,5,3.53,128.29,522423,52.24%
big_files/enwik6,binary,32768,32768,32,1,6,6,6,6,12,15,5,4.33,105.72,658797,65.88%
big_files/enwik6,binary,32768,32768,32,4,6,6,6,6,12,15,5,4.63,100.82,650208,65.02%
big_files/enwik6,binary,32768,32768,32,16,6,6,6,6,12,15,5,3.27,112.39,586774,58.68%
big_files/enwik6,binary,32768,32768,32,128,6,6,6,6,12,15,5,3.01,125.57,524212,52.42%
big_files/enwik6,binary,32768,32768,32,1024,6,6,6,6,12,15,5,5.72,129.42,517620,51.76%
big_files/enwik6,binary,32768,32768,32,999999999,6,6,6,6,12,15,5,5.87,127.57,517608,51.76%
big_files/enwik6,binary,32768,32768,32,1,6,6,6,6,15,15,5,5.88,108.34,659754,65.98%
big_files/enwik6,binary,32768,32768,32,4,6,6,6,6,15,15,5,5.22,107.44,650566,65.06%
big_files/enwik6,binary,32768,32768,32,16,6,6,6,6,15,15,5,5.43,115.55,586808,58.68%
big_files/enwik6,binary,32768,32768,32,128,6,6,6,6,15,15,5,4.40,123.77,524214,52.42%
big_files/enwik6,binary,32768,32768,32,1024,6,6,6,6,15,15,5,6.00,114.73,517633,51.76%
big_files/enwik6,binary,32768,32768,32,999999999,6,6,6,6,15,15,5,3.87,129.24,517621,51.76%
big_files/enwik6,binary,32768,32768,32,1,6,6,6,12,12,15,5,5.18,105.44,652112,65.21%
big_files/enwik6,binary,32768,32768,32,4,6,6,6,12,12,15,5,4.15,111.42,644009,64.40%
big_files/enwik6,binary,32768,32768,32,16,6,6,6,12,12,15,5,3.45,101.47,581119,58.11%
big_files/enwik6,binary,32768,32768,32,128,6,6,6,12,12,15,5,2.74,126.55,517605,51.76%
big_files/enwik6,binary,32768,32768,32,1024,6,6,6,12,12,15,5,4.46,122.21,510803,51.08%
big_files/enwik6,binary,32768,32768,32,999999999,6,6,6,12,12,15,5,4.31,120.31,510791,51.08%
big_files/enwik6,binary,32768,32768,32,1,6,6,6,12,15,15,5,4.30,103.71,653065,65.31%
big_files/enwik6,binary,32768,32768,32,4,6,6,6,12,15,15,5,4.74,111.24,644367,64.44%
big_files/enwik6,binary,32768,32768,32,16,6,6,6,12,15,15,5,5.32,116.31,581158,58.12%
big_files/enwik6,binary,32768,32768,32,128,6,6,6,12,15,15,5,5.59,115.53,517607,51.76%
big_files/enwik6,binary,32768,32768,32,1024,6,6,6,12,15,15,5,3.75,129.01,510811,51.08%
big_files/enwik6,binary,32768,32768,32,999999999,6,6,6,12,15,15,5,4.21,130.09,510799,51.08%
big_files/enwik6,binary,32768,32768,32,1,6,6,6,15,15,15,5,3.55,108.64,654413,65.44%
big_files/enwik6,binary,32768,32768,32,4,6,6,6,15,15,15,5,3.79,107.25,644636,64.46%
big_files/enwik6,binary,32768,32768,32,16,6,6,6,15,15,15,5,4.49,104.01,580733,58.07%
big_files/enwik6,binary,32768,32768,32,128,6,6,6,15,15,15,5,5.16,117.60,517742,51.77%
big_files/enwik6,binary,32768,32768,32,1024,6,6,6,15,15,15,5,4.50,129.51,511011,51.10%
big_files/enwik6,binary,32768,32768,32,999999999,6,6,6,15,15,15,5,5.04,133.39,510999,51.10%
big_files/enwik6,binary,32768,32768,32,1,6,6,12,12,12,15,5,6.00,100.64,641673,64.17%
big_files/enwik6,binary,32768,32768,32,4,6,6,12,12,12,15,5,6.23,114.14,634671,63.47%
big_files/enwik6,binary,32768,32768,32,16,6,6,12,12,12,15,5,6.45,120.94,572531,57.25%
big_files/enwik6,binary,32768,32768,32,128,6,6,12,12,12,15,5,6.29,124.77,508207,50.82%
big_files/enwik6,binary,32768,32768,32,1024,6,6,12,12,12,15,5,6.38,125.86,501204,50.12%
big_files/enwik6,binary,32768,32768,32,999999999,6,6,12,12,12,15,5,5.82,124.04,501192,50.12%
big_files/enwik6,binary,32768,32768,32,1,6,6,12,12,15,15,5,6.83,105.93,642631,64.26%
big_files/enwik6,binary,32768,32768,32,4,6,6,12,12,15,15,5,7.00,104.88,635029,63.50%
big_files/enwik6,binary,32768,32768,32,16,6,6,12,12,15,15,5,7.31,122.90,572571,57.26%
big_files/enwik6,binary,32768,32768,32,128,6,6,12,12,15,15,5,5.90,118.83,508206,50.82%
big_files/enwik6,binary,32768,32768,32,1024,6,6,12,12,15,15,5,6.07,133.14,501218,50.12%
big_files/enwik6,binary,32768,32768,32,999999999,6,6,12,12,15,15,5,4.89,129.79,501206,50.12%
big_files/enwik6,binary,32768,32768,32,1,6,6,12,15,15,15,5,7.11,105.60,643976,64.40%
big_files/enwik6,binary,32768,32768,32,4,6,6,12,15,15,15,5,5.87,113.75,635300,63.53%
big_files/enwik6,binary,32768,32768,32,16,6,6,12,15,15,15,5,6.18,113.67,572144,57.21%
big_files/enwik6,binary,32768,32768,32,128,6,6,12,15,15,15,5,7.43,135.60,508345,50.83%
big_files/enwik6,binary,32768,32768,32,1024,6,6,12,15,15,15,5,6.82,121.43,501413,50.14%
big_files/enwik6,binary,32768,32768,32,999999999,6,6,12,15,15,15,5,7.22,132.34,501401,50.14%
big_files/enwik6,binary,32768,32768,32,1,6,6,15,15,15,15,5,7.99,108.18,645863,64.59%
big_files/enwik6,binary,32768,32768,32,4,6,6,15,15,15,15,5,8.01,98.32,635152,63.52%
big_files/enwik6,binary,32768,32768,32,16,6,6,15,15,15,15,5,7.81,118.93,571292,57.13%
big_files/enwik6,binary,32768,32768,32,128,6,6,15,15,15,15,5,7.20,128.57,508011,50.80%
big_files/enwik6,binary,32768,32768,32,1024,6,6,15,15,15,15,5,7.46,113.47,501222,50.12%
big_files/enwik6,binary,32768,32768,32,999999999,6,6,15,15,15,15,5,7.17,134.28,501210,50.12%
big_files/enwik6,binary,32768,32768,32,1,6,12,12,12,12,15,5,7.94,119.40,615034,61.50%
big_files/enwik6,binary,32768,32768,32,4,6,12,12,12,12,15,5,8.08,110.88,611615,61.16%
big_files/enwik6,binary,32768,32768,32,16,6,12,12,12,12,15,5,7.76,119.73,553483,55.35%
big_files/enwik6,binary,32768,32768,32,128,6,12,12,12,12,15,5,7.31,126.63,491524,49.15%
big_files/enwik6,binary,32768,32768,32,1024,6,12,12,12,12,15,5,7.42,135.58,484482,48.45%
big_files/enwik6,binary,32768,32768,32,999999999,6,12,12,12,12,15,5,7.42,135.28,484470,48.45%
big_files/enwik6,binary,32768,32768,32,1,6,12,12,12,15,15,5,7.88,112.47,615992,61.60%
big_files/enwik6,binary,32768,32768,32,4,6,12,12,12,15,15,5,7.81,111.92,611974,61.20%
big_files/enwik6,binary,32768,32768,32,16,6,12,12,12,15,15,5,7.58,119.22,553523,55.35%
big_files/enwik6,binary,32768,32768,32,128,6,12,12,12,15,15,5,7.24,133.13,491526,49.15%
big_files/enwik6,binary,32768,32768,32,1024,6,12,12,12,15,15,5,6.39,132.14,484494,48.45%
big_files/enwik6,binary,32768,32768,32,999999999,6,12,12,12,15,15,5,4.58,124.58,484482,48.45%
big_files/enwik6,binary,32768,32768,32,1,6,12,12,15,15,15,5,6.88,103.50,617339,61.73%
big_files/enwik6,binary,32768,32768,32,4,6,12,12,15,15,15,5,6.72,105.64,612242,61.22%
big_files/enwik6,binary,32768,32768,32,16,6,12,12,15,15,15,5,6.32,110.58,553095,55.31%
big_files/enwik6,binary,32768,32768,32,128,6,12,12,15,15,15,5,5.48,133.07,491662,49.17%
big_files/enwik6,binary,32768,32768,32,1024,6,12,12,15,15,15,5,5.56,123.09,484691,48.47%
big_files/enwik6,binary,32768,32768,32,999999999,6,12,12,15,15,15,5,5.49,125.65,484679,48.47%
big_files/enwik6,binary,32768,32768,32,1,6,12,15,15,15,15,5,5.80,105.80,619227,61.92%
big_files/enwik6,binary,32768,32768,32,4,6,12,15,15,15,15,5,5.45,110.98,612094,61.21%
big_files/enwik6,binary,32768,32768,32,16,6,12,15,15,15,15,5,5.28,118.85,552241,55.22%
big_files/enwik6,binary,32768,32768,32,128,6,12,15,15,15,15,5,4.00,127.64,491331,49.13%
big_files/enwik6,binary,32768,32768,32,1024,6,12,15,15,15,15,5,4.35,129.61,484501,48.45%
big_files/enwik6,binary,32768,32768,32,999999999,6,12,15,15,15,15,5,6.00,133.60,484489,48.45%
big_files/enwik6,binary,32768,32768,32,1,6,15,15,15,15,15,5,6.79,105.21,622197,62.22%
big_files/enwik6,binary,32768,32768,32,4,6,15,15,15,15,15,5,6.59,108.98,610219,61.02%
big_files/enwik6,binary,32768,32768,32,16,6,15,15,15,15,15,5,5.80,114.89,548942,54.89%
big_files/enwik6,binary,32768,32768,32,128,6,15,15,15,15,15,5,5.22,114.81,489565,48.96%
big_files/enwik6,binary,32768,32768,32,1024,6,15,15,15,15,15,5,6.18,125.54,483637,48.36%
big_files/enwik6,binary,32768,32768,32,999999999,6,15,15,15,15,15,5,6.44,127.33,483627,48.36%
big_files/enwik6,binary,32768,32768,32,1,12,12,12,12,12,15,5,5.09,114.99,540694,54.07%
big_files/enwik6,binary,32768,32768,32,4,12,12,12,12,12,15,5,5.25,112.28,554745,55.47%
big_files/enwik6,binary,32768,32768,32,16,12,12,12,12,12,15,5,5.39,112.29,516202,51.62%
big_files/enwik6,binary,32768,32768,32,128,12,12,12,12,12,15,5,6.39,123.12,462004,46.20%
big_files/enwik6,binary,32768,32768,32,1024,12,12,12,12,12,15,5,5.57,127.52,455190,45.52%
big_files/enwik6,binary,32768,32768,32,999999999,12,12,12,12,12,15,5,6.11,125.49,455178,45.52%
big_files/enwik6,binary,32768,32768,32,1,12,12,12,12,15,15,5,6.16,113.85,541646,54.16%
big_files/enwik6,binary,32768,32768,32,4,12,12,12,12,15,15,5,6.54,110.42,555106,55.51%
big_files/enwik6,binary,32768,32768,32,16,12,12,12,12,15,15,5,6.60,119.20,516243,51.62%
big_files/enwik6,binary,32768,32768,32,128,12,12,12,12,15,15,5,6.62,123.30,462006,46.20%
big_files/enwik6,binary,32768,32768,32,1024,12,12,12,12,15,15,5,6.29,124.65,455199,45.52%
big_files/enwik6,binary,32768,32768,32,999999999,12,12,12,12,15,15,5,5.81,122.65,455187,45.52%
big_files/enwik6,binary,32768,32768,32,1,12,12,12,15,15,15,5,7.04,112.28,542992,54.30%
big_files/enwik6,binary,32768,32768,32,4,12,12,12,15,15,15,5,5.25,108.75,555375,55.54%
big_files/enwik6,binary,32768,32768,32,16,12,12,12,15,15,15,5,5.21,109.67,515817,51.58%
big_files/enwik6,binary,32768,32768,32,128,12,12,12,15,15,15,5,6.78,130.40,462142,46.21%
big_files/enwik6,binary,32768,32768,32,1024,12,12,12,15,15,15,5,5.37,126.13,455402,45.54%
big_files/enwik6,binary,32768,32768,32,999999999,12,12,12,15,15,15,5,6.09,127.51,455390,45.54%
big_files/enwik6,binary,32768,32768,32,1,12,12,15,15,15,15,5,6.30,111.28,544882,54.49%
big_files/enwik6,binary,32768,32768,32,4,12,12,15,15,15,15,5,6.16,104.45,555228,55.52%
big_files/enwik6,binary,32768,32768,32,16,12,12,15,15,15,15,5,6.27,113.84,514962,51.50%
big_files/enwik6,binary,32768,32768,32,128,12,12,15,15,15,15,5,4.93,124.02,461811,46.18%
big_files/enwik6,binary,32768,32768,32,1024,12,12,15,15,15,15,5,5.37,126.29,455207,45.52%
big_files/enwik6,binary,32768,32768,32,999999999,12,12,15,15,15,15,5,5.21,116.32,455195,45.52%
big_files/enwik6,binary,32768,32768,32,1,12,15,15,15,15,15,5,4.04,104.19,547849,54.78%
big_files/enwik6,binary,32768,32768,32,4,12,15,15,15,15,15,5,3.97,103.69,553354,55.34%
big_files/enwik6,binary,32768,32768,32,16,12,15,15,15,15,15,5,3.89,109.07,511663,51.17%
big_files/enwik6,binary,32768,32768,32,128,12,15,15,15,15,15,5,2.71,115.72,460047,46.00%
big_files/enwik6,binary,32768,32768,32,1024,12,15,15,15,15,15,5,3.85,131.78,454346,45.43%
big_files/enwik6,binary,32768,32768,32,999999999,12,15,15,15,15,15,5,3.42,127.92,454336,45.43%
big_files/enwik6,binary,32768,32768,32,1,15,15,15,15,15,15,5,3.81,111.37,551117,55.11%
big_files/enwik6,binary,32768,32768,32,4,15,15,15,15,15,15,5,3.40,110.86,543241,54.32%
big_files/enwik6,binary,32768,32768,32,16,15,15,15,15,15,15,5,3.55,116.27,501986,50.20%
big_files/enwik6,binary,32768,32768,32,128,15,15,15,15,15,15,5,3.55,124.47,461517,46.15%
big_files/enwik6,binary,32768,32768,32,1024,15,15,15,15,15,15,5,3.38,119.83,457195,45.72%
big_files/enwik6,binary,32768,32768,32,999999999,15,15,15,15,15,15,5,3.56,123.38,457186,45.72%
big_files/enwik6,binary,32768,32768,64,1,6,6,6,6,6,15,6,3.71,107.09,681673,68.17%
big_files/enwik6,binary,32768,32768,64,4,6,6,6,6,6,15,6,3.53,110.85,671488,67.15%
big_files/enwik6,binary,32768,32768,64,16,6,6,6,6,6,15,6,3.43,117.38,605563,60.56%
big_files/enwik6,binary,32768,32768,64,128,6,6,6,6,6,15,6,3.57,127.78,542663,54.27%
big_files/enwik6,binary,32768,32768,64,1024,6,6,6,6,6,15,6,3.38,127.36,536190,53.62%
big_files/enwik6,binary,32768,32768,64,999999999,6,6,6,6,6,15,6,3.37,124.96,536178,53.62%
big_files/enwik6,binary,32768,32768,64,1,6,6,6,6,12,15,6,3.64,111.09,676984,67.70%
big_files/enwik6,binary,32768,32768,64,4,6,6,6,6,12,15,6,3.55,107.67,667357,66.74%
big_files/enwik6,binary,32768,32768,64,16,6,6,6,6,12,15,6,3.44,116.28,601024,60.10%
big_files/enwik6,binary,32768,32768,64,128,6,6,6,6,12,15,6,3.44,123.16,537344,53.73%
big_files/enwik6,binary,32768,32768,64,1024,6,6,6,6,12,15,6,3.88,125.62,530752,53.08%
big_files/enwik6,binary,32768,32768,64,999999999,6,6,6,6,12,15,6,3.60,127.32,530740,53.07%
big_files/enwik6,binary,32768,32768,64,1,6,6,6,6,15,15,6,3.53,102.06,677738,67.77%
big_files/enwik6,binary,32768,32768,64,4,6,6,6,6,15,15,6,4.07,104.64,667423,66.74%
big_files/enwik6,binary,32768,32768,64,16,6,6,6,6,15,15,6,3.31,117.00,600699,60.07%
big_files/enwik6,binary,32768,32768,64,128,6,6,6,6,15,15,6,3.92,127.88,536868,53.69%
big_files/enwik6,binary,32768,32768,64,1024,6,6,6,6,15,15,6,3.77,129.11,530277,53.03%
big_files/enwik6,binary,32768,32768,64,999999999,6,6,6,6,15,15,6,3.75,129.76,530264,53.03%
big_files/enwik6,binary,32768,32768,64,1,6,6,6,12,12,15,6,3.49,105.82,669416,66.94%
big_files/enwik6,binary,32768,32768,64,4,6,6,6,12,12,15,6,3.50,108.20,660454,66.05%
big_files/enwik6,binary,32768,32768,64,16,6,6,6,12,12,15,6,4.75,118.45,594656,59.47%
big_files/enwik6,binary,32768,32768,64,128,6,6,6,12,12,15,6,3.42,127.24,529845,52.98%
big_files/enwik6,binary,32768,32768,64,1024,6,6,6,12,12,15,6,3.20,125.44,523014,52.30%
big_files/enwik6,binary,32768,32768,64,999999999,6,6,6,12,12,15,6,2.96,122.55,523001,52.30%
big_files/enwik6,binary,32768,32768,64,1,6,6,6,12,15,15,6,2.68,107.60,670171,67.02%
big_files/enwik6,binary,32768,32768,64,4,6,6,6,12,15,15,6,3.68,106.83,660518,66.05%
big_files/enwik6,binary,32768,32768,64,16,6,6,6,12,15,15,6,3.27,113.92,594326,59.43%
big_files/enwik6,binary,32768,32768,64,128,6,6,6,12,15,15,6,3.01,124.02,529372,52.94%
big_files/enwik6,binary,32768,32768,64,1024,6,6,6,12,15,15,6,4.30,123.60,522537,52.25%
big_files/enwik6,binary,32768,32768,64,999999999,6,6,6,12,15,15,6,3.87,121.34,522525,52.25%
big_files/enwik6,binary,32768,32768,64,1,6,6,6,15,15,15,6,4.74,109.76,671174,67.12%
big_files/enwik6,binary,32768,32768,64,4,6,6,6,15,15,15,6,3.95,106.81,660256,66.03%
big_files/enwik6,binary,32768,32768,64,16,6,6,6,15,15,15,6,4.39,112.69,593246,59.32%
big_files/enwik6,binary,32768,32768,64,128,6,6,6,15,15,15,6,4.30,118.28,528860,52.89%
big_files/enwik6,binary,32768,32768,64,1024,6,6,6,15,15,15,6,3.75,127.69,522077,52.21%
big_files/enwik6,binary,32768,32768,64,999999999,6,6,6,15,15,15,6,5.21,132.17,522065,52.21%
big_files/enwik6,binary,32768,32768,64,1,6,6,12,12,12,15,6,4.21,103.78,657677,65.77%
big_files/enwik6,binary,32768,32768,64,4,6,6,12,12,12,15,6,4.40,106.35,649937,64.99%
big_files/enwik6,binary,32768,32768,64,16,6,6,12,12,12,15,6,4.49,113.86,584944,58.49%
big_files/enwik6,binary,32768,32768,64,128,6,6,12,12,12,15,6,4.90,129.07,519182,51.92%
big_files/enwik6,binary,32768,32768,64,1024,6,6,12,12,12,15,6,4.24,129.95,512117,51.21%
big_files/enwik6,binary,32768,32768,64,999999999,6,6,12,12,12,15,6,4.51,131.80,512104,51.21%
big_files/enwik6,binary,32768,32768,64,1,6,6,12,12,15,15,6,4.72,96.95,658428,65.84%
big_files/enwik6,binary,32768,32768,64,4,6,6,12,12,15,15,6,4.87,106.37,650002,65.00%
big_files/enwik6,binary,32768,32768,64,16,6,6,12,12,15,15,6,4.47,108.08,584614,58.46%
big_files/enwik6,binary,32768,32768,64,128,6,6,12,12,15,15,6,4.16,123.45,518705,51.87%
big_files/enwik6,binary,32768,32768,64,1024,6,6,12,12,15,15,6,4.40,124.43,511639,51.16%
big_files/enwik6,binary,32768,32768,64,999999999,6,6,12,12,15,15,6,4.27,128.28,511627,51.16%
big_files/enwik6,binary,32768,32768,64,1,6,6,12,15,15,15,6,3.91,104.32,659436,65.94%
big_files/enwik6,binary,32768,32768,64,4,6,6,12,15,15,15,6,4.67,114.56,649734,64.97%
big_files/enwik6,binary,32768,32768,64,16,6,6,12,15,15,15,6,4.47,118.81,583537,58.35%
big_files/enwik6,binary,32768,32768,64,128,6,6,12,15,15,15,6,3.77,123.88,518192,51.82%
big_files/enwik6,binary,32768,32768,64,1024,6,6,12,15,15,15,6,3.77,116.12,511181,51.12%
big_files/enwik6,binary,32768,32768,64,999999999,6,6,12,15,15,15,6,4.18,129.13,511169,51.12%
big_files/enwik6,binary,32768,32768,64,1,6,6,15,15,15,15,6,4.55,107.19,660764,66.08%
big_files/enwik6,binary,32768,32768,64,4,6,6,15,15,15,15,6,4.73,104.12,648738,64.87%
big_files/enwik6,binary,32768,32768,64,16,6,6,15,15,15,15,6,4.31,118.86,581739,58.17%
big_files/enwik6,binary,32768,32768,64,128,6,6,15,15,15,15,6,4.93,123.69,516912,51.69%
big_files/enwik6,binary,32768,32768,64,1024,6,6,15,15,15,15,6,6.13,124.45,510048,51.00%
big_files/enwik6,binary,32768,32768,64,999999999,6,6,15,15,15,15,6,4.99,123.30,510036,51.00%
big_files/enwik6,binary,32768,32768,64,1,6,12,12,12,12,15,6,5.26,108.54,628009,62.80%
big_files/enwik6,binary,32768,32768,64,4,6,12,12,12,12,15,6,3.92,110.40,624379,62.44%
big_files/enwik6,binary,32768,32768,64,16,6,12,12,12,12,15,6,4.29,111.36,563793,56.38%
big_files/enwik6,binary,32768,32768,64,128,6,12,12,12,12,15,6,4.78,123.76,500535,50.05%
big_files/enwik6,binary,32768,32768,64,1024,6,12,12,12,12,15,6,3.95,122.73,493413,49.34%
big_files/enwik6,binary,32768,32768,64,999999999,6,12,12,12,12,15,6,5.97,125.09,493400,49.34%
big_files/enwik6,binary,32768,32768,64,1,6,12,12,12,15,15,6,5.82,102.84,628761,62.88%
big_files/enwik6,binary,32768,32768,64,4,6,12,12,12,15,15,6,5.40,108.21,624443,62.44%
big_files/enwik6,binary,32768,32768,64,16,6,12,12,12,15,15,6,4.27,100.26,563464,56.35%
big_files/enwik6,binary,32768,32768,64,128,6,12,12,12,15,15,6,6.25,130.61,500058,50.01%
big_files/enwik6,binary,32768,32768,64,1024,6,12,12,12,15,15,6,3.82,127.64,492934,49.29%
big_files/enwik6,binary,32768,32768,64,999999999,6,12,12,12,15,15,6,5.15,125.30,492922,49.29%
big_files/enwik6,binary,32768,32768,64,1,6,12,12,15,15,15,6,4.69,105.24,629772,62.98%
big_files/enwik6,binary,32768,32768,64,4,6,12,12,15,15,15,6,4.70,108.72,624179,62.42%
big_files/enwik6,binary,32768,32768,64,16,6,12,12,15,15,15,6,4.39,117.27,562387,56.24%
big_files/enwik6,binary,32768,32768,64,128,6,12,12,15,15,15,6,6.23,124.06,499546,49.95%
big_files/enwik6,binary,32768,32768,64,1024,6,12,12,15,15,15,6,5.65,124.16,492473,49.25%
big_files/enwik6,binary,32768,32768,64,999999999,6,12,12,15,15,15,6,4.85,129.92,492461,49.25%
big_files/enwik6,binary,32768,32768,64,1,6,12,15,15,15,15,6,5.50,99.25,631096,63.11%
big_files/enwik6,binary,32768,32768,64,4,6,12,15,15,15,15,6,5.58,110.58,623178,62.32%
big_files/enwik6,binary,32768,32768,64,16,6,12,15,15,15,15,6,6.05,120.28,560587,56.06%
big_files/enwik6,binary,32768,32768,64,128,6,12,15,15,15,15,6,6.82,120.95,498270,49.83%
big_files/enwik6,binary,32768,32768,64,1024,6,12,15,15,15,15,6,6.03,125.76,491342,49.13%
big_files/enwik6,binary,32768,32768,64,999999999,6,12,15,15,15,15,6,6.30,122.06,491330,49.13%
big_files/enwik6,binary,32768,32768,64,1,6,15,15,15,15,15,6,5.99,103.95,632899,63.29%
big_files/enwik6,binary,32768,32768,64,4,6,15,15,15,15,15,6,6.71,109.46,619580,61.96%
big_files/enwik6,binary,32768,32768,64,16,6,15,15,15,15,15,6,5.19,114.08,555529,55.55%
big_files/enwik6,binary,32768,32768,64,128,6,15,15,15,15,15,6,4.76,122.35,495104,49.51%
big_files/enwik6,binary,32768,32768,64,1024,6,15,15,15,15,15,6,4.57,121.48,489215,48.92%
big_files/enwik6,binary,32768,32768,64,999999999,6,15,15,15,15,15,6,5.05,127.87,489205,48.92%
big_files/enwik6,binary,32768,32768,64,1,12,12,12,12,12,15,6,5.18,113.32,545411,54.54%
big_files/enwik6,binary,32768,32768,64,4,12,12,12,12,12,15,6,4.68,107.53,561444,56.14%
big_files/enwik6,binary,32768,32768,64,16,12,12,12,12,12,15,6,4.31,117.50,522547,52.25%
big_files/enwik6,binary,32768,32768,64,128,12,12,12,12,12,15,6,5.35,129.73,467515,46.75%
big_files/enwik6,binary,32768,32768,64,1024,12,12,12,12,12,15,6,4.89,121.83,460609,46.06%
big_files/enwik6,binary,32768,32768,64,999999999,12,12,12,12,12,15,6,5.26,122.38,460596,46.06%
big_files/enwik6,binary,32768,32768,64,1,12,12,12,12,15,15,6,5.69,108.98,546163,54.62%
big_files/enwik6,binary,32768,32768,64,4,12,12,12,12,15,15,6,5.21,103.45,561506,56.15%
big_files/enwik6,binary,32768,32768,64,16,12,12,12,12,15,15,6,5.86,113.61,522218,52.22%
big_files/enwik6,binary,32768,32768,64,128,12,12,12,12,15,15,6,4.77,128.02,467043,46.70%
big_files/enwik6,binary,32768,32768,64,1024,12,12,12,12,15,15,6,7.04,128.09,460133,46.01%
big_files/enwik6,binary,32768,32768,64,999999999,12,12,12,12,15,15,6,3.86,123.98,460121,46.01%
big_files/enwik6,binary,32768,32768,64,1,12,12,12,15,15,15,6,4.71,109.37,547171,54.72%
big_files/enwik6,binary,32768,32768,64,4,12,12,12,15,15,15,6,4.51,105.56,561241,56.12%
big_files/enwik6,binary,32768,32768,64,16,12,12,12,15,15,15,6,6.74,117.26,521139,52.11%
big_files/enwik6,binary,32768,32768,64,128,12,12,12,15,15,15,6,6.39,128.64,466531,46.65%
big_files/enwik6,binary,32768,32768,64,1024,12,12,12,15,15,15,6,5.88,128.22,459672,45.97%
big_files/enwik6,binary,32768,32768,64,999999999,12,12,12,15,15,15,6,4.26,125.72,459660,45.97%
big_files/enwik6,binary,32768,32768,64,1,12,12,15,15,15,15,6,4.60,107.44,548499,54.85%
big_files/enwik6,binary,32768,32768,64,4,12,12,15,15,15,15,6,2.84,114.43,560245,56.02%
big_files/enwik6,binary,32768,32768,64,16,12,12,15,15,15,15,6,3.64,109.75,519346,51.93%
big_files/enwik6,binary,32768,32768,64,128,12,12,15,15,15,15,6,3.00,120.10,465250,46.52%
big_files/enwik6,binary,32768,32768,64,1024,12,12,15,15,15,15,6,2.72,119.47,458539,45.85%
big_files/enwik6,binary,32768,32768,64,999999999,12,12,15,15,15,15,6,2.25,121.12,458527,45.85%
big_files/enwik6,binary,32768,32768,64,1,12,15,15,15,15,15,6,1.92,100.34,550301,55.03%
big_files/enwik6,binary,32768,32768,64,4,12,15,15,15,15,15,6,2.42,101.74,556641,55.66%
big_files/enwik6,binary,32768,32768,64,16,12,15,15,15,15,15,6,2.39,112.63,514284,51.43%
big_files/enwik6,binary,32768,32768,64,128,12,15,15,15,15,15,6,2.20,120.73,462086,46.21%
big_files/enwik6,binary,32768,32768,64,1024,12,15,15,15,15,15,6,2.35,120.23,456415,45.64%
big_files/enwik6,binary,32768,32768,64,999999999,12,15,15,15,15,15,6,2.41,119.79,456405,45.64%
big_files/enwik6,binary,32768,32768,64,1,15,15,15,15,15,15,6,2.42,110.26,549611,54.96%
big_files/enwik6,binary,32768,32768,64,4,15,15,15,15,15,15,6,2.24,109.52,541366,54.14%
big_files/enwik6,binary,32768,32768,64,16,15,15,15,15,15,15,6,2.71,113.89,500623,50.06%
big_files/enwik6,binary,32768,32768,64,128,15,15,15,15,15,15,6,2.86,122.98,461815,46.18%
big_files/enwik6,binary,32768,32768,64,1024,15,15,15,15,15,15,6,3.19,125.93,457770,45.78%
big_files/enwik6,binary,32768,32768,64,999999999,15,15,15,15,15,15,6,3.71,128.23,457761,45.78%
big_files/enwik6,binary,32768,32768,128,1,6,6,6,6,6,15,7,3.85,105.01,703750,70.37%
big_files/enwik6,binary,32768,32768,128,4,6,6,6,6,6,15,7,3.99,98.06,693230,69.32%
big_files/enwik6,binary,32768,32768,128,16,6,6,6,6,6,15,7,3.45,114.67,624545,62.45%
big_files/enwik6,binary,32768,32768,128,128,6,6,6,6,6,15,7,3.78,119.31,559349,55.93%
big_files/enwik6,binary,32768,32768,128,1024,6,6,6,6,6,15,7,3.31,116.46,552689,55.27%
big_files/enwik6,binary,32768,32768,128,999999999,6,6,6,6,6,15,7,4.54,126.09,552689,55.27%
big_files/enwik6,binary,32768,32768,128,1,6,6,6,6,12,15,7,3.95,106.04,698513,69.85%
big_files/enwik6,binary,32768,32768,128,4,6,6,6,6,12,15,7,3.50,109.59,688602,68.86%
big_files/enwik6,binary,32768,32768,128,16,6,6,6,6,12,15,7,3.71,112.64,619461,61.95%
big_files/enwik6,binary,32768,32768,128,128,6,6,6,6,12,15,7,3.68,127.33,553385,55.34%
big_files/enwik6,binary,32768,32768,128,1024,6,6,6,6,12,15,7,3.58,117.42,546581,54.66%
big_files/enwik6,binary,32768,32768,128,999999999,6,6,6,6,12,15,7,3.26,124.68,546581,54.66%
big_files/enwik6,binary,32768,32768,128,1,6,6,6,6,15,15,7,4.40,101.05,699069,69.91%
big_files/enwik6,binary,32768,32768,128,4,6,6,6,6,15,15,7,4.37,103.01,688397,68.84%
big_files/enwik6,binary,32768,32768,128,16,6,6,6,6,15,15,7,3.34,113.20,618747,61.87%
big_files/enwik6,binary,32768,32768,128,128,6,6,6,6,15,15,7,3.96,124.58,552452,55.25%
big_files/enwik6,binary,32768,32768,128,1024,6,6,6,6,15,15,7,2.96,125.15,545638,54.56%
big_files/enwik6,binary,32768,32768,128,999999999,6,6,6,6,15,15,7,2.75,122.83,545638,54.56%
big_files/enwik6,binary,32768,32768,128,1,6,6,6,12,12,15,7,2.78,95.49,690058,69.01%
big_files/enwik6,binary,32768,32768,128,4,6,6,6,12,12,15,7,2.20,103.61,680881,68.09%
big_files/enwik6,binary,32768,32768,128,16,6,6,6,12,12,15,7,2.39,111.76,612323,61.23%
big_files/enwik6,binary,32768,32768,128,128,6,6,6,12,12,15,7,2.37,120.16,544954,54.50%
big_files/enwik6,binary,32768,32768,128,1024,6,6,6,12,12,15,7,2.21,116.16,537886,53.79%
big_files/enwik6,binary,32768,32768,128,999999999,6,6,6,12,12,15,7,2.22,121.18,537886,53.79%
big_files/enwik6,binary,32768,32768,128,1,6,6,6,12,15,15,7,2.37,98.96,690612,69.06%
big_files/enwik6,binary,32768,32768,128,4,6,6,6,12,15,15,7,2.40,96.82,680680,68.07%
big_files/enwik6,binary,32768,32768,128,16,6,6,6,12,15,15,7,2.32,110.30,611612,61.16%
big_files/enwik6,binary,32768,32768,128,128,6,6,6,12,15,15,7,2.27,114.56,544023,54.40%
big_files/enwik6,binary,32768,32768,128,1024,6,6,6,12,15,15,7,2.40,120.44,536942,53.69%
big_files/enwik6,binary,32768,32768,128,999999999,6,6,6,12,15,15,7,2.25,120.17,536942,53.69%
big_files/enwik6,binary,32768,32768,128,1,6,6,6,15,15,15,7,3.60,98.19,691289,69.13%
big_files/enwik6,binary,32768,32768,128,4,6,6,6,15,15,15,7,4.15,102.42,679918,67.99%
big_files/enwik6,binary,32768,32768,128,16,6,6,6,15,15,15,7,3.79,109.02,609899,60.99%
big_files/enwik6,binary,32768,32768,128,128,6,6,6,15,15,15,7,3.91,126.39,542878,54.29%
big_files/enwik6,binary,32768,32768,128,1024,6,6,6,15,15,15,7,3.87,127.75,535845,53.58%
big_files/enwik6,binary,32768,32768,128,999999999,6,6,6,15,15,15,7,2.77,101.03,535845,53.58%
big_files/enwik6,binary,32768,32768,128,1,6,6,12,12,12,15,7,2.82,105.08,676945,67.69%
big_files/enwik6,binary,32768,32768,128,4,6,6,12,12,12,15,7,3.97,103.86,669157,66.92%
big_files/enwik6,binary,32768,32768,128,16,6,6,12,12,12,15,7,3.71,112.20,601450,60.14%
big_files/enwik6,binary,32768,32768,128,128,6,6,12,12,12,15,7,3.79,125.50,533000,53.30%
big_files/enwik6,binary,32768,32768,128,1024,6,6,12,12,12,15,7,3.86,121.48,525668,52.57%
big_files/enwik6,binary,32768,32768,128,999999999,6,6,12,12,12,15,7,3.92,126.71,525668,52.57%
big_files/enwik6,binary,32768,32768,128,1,6,6,12,12,15,15,7,4.15,103.09,677507,67.75%
big_files/enwik6,binary,32768,32768,128,4,6,6,12,12,15,15,7,4.18,97.67,668954,66.90%
big_files/enwik6,binary,32768,32768,128,16,6,6,12,12,15,15,7,4.00,110.88,600739,60.07%
big_files/enwik6,binary,32768,32768,128,128,6,6,12,12,15,15,7,4.05,110.16,532066,53.21%
big_files/enwik6,binary,32768,32768,128,1024,6,6,12,12,15,15,7,4.48,124.19,524724,52.47%
big_files/enwik6,binary,32768,32768,128,999999999,6,6,12,12,15,15,7,4.08,127.06,524724,52.47%
big_files/enwik6,binary,32768,32768,128,1,6,6,12,15,15,15,7,3.69,104.16,678180,67.82%
big_files/enwik6,binary,32768,32768,128,4,6,6,12,15,15,15,7,3.33,106.88,668194,66.82%
big_files/enwik6,binary,32768,32768,128,16,6,6,12,15,15,15,7,4.14,112.72,599027,59.90%
big_files/enwik6,binary,32768,32768,128,128,6,6,12,15,15,15,7,3.79,122.88,530923,53.09%
big_files/enwik6,binary,32768,32768,128,1024,6,6,12,15,15,15,7,3.74,116.23,523626,52.36%
big_files/enwik6,binary,32768,32768,128,999999999,6,6,12,15,15,15,7,3.99,125.24,523626,52.36%
big_files/enwik6,binary,32768,32768,128,1,6,6,15,15,15,15,7,2.84,87.55,678971,67.90%
big_files/enwik6,binary,32768,32768,128,4,6,6,15,15,15,15,7,2.37,103.17,666359,66.64%
big_files/enwik6,binary,32768,32768,128,16,6,6,15,15,15,15,7,2.34,110.21,596283,59.63%
big_files/enwik6,binary,32768,32768,128,128,6,6,15,15,15,15,7,2.39,119.56,528693,52.87%
big_files/enwik6,binary,32768,32768,128,1024,6,6,15,15,15,15,7,2.69,122.12,521555,52.16%
big_files/enwik6,binary,32768,32768,128,999999999,6,6,15,15,15,15,7,3.71,124.05,521555,52.16%
big_files/enwik6,binary,32768,32768,128,1,6,12,12,12,12,15,7,3.69,107.31,644204,64.42%
big_files/enwik6,binary,32768,32768,128,4,6,12,12,12,12,15,7,4.00,105.22,641002,64.10%
big_files/enwik6,binary,32768,32768,128,16,6,12,12,12,12,15,7,3.51,118.91,578113,57.81%
big_files/enwik6,binary,32768,32768,128,128,6,12,12,12,12,15,7,3.69,118.58,512364,51.24%
big_files/enwik6,binary,32768,32768,128,1024,6,12,12,12,12,15,7,3.78,125.98,504959,50.50%
big_files/enwik6,binary,32768,32768,128,999999999,6,12,12,12,12,15,7,3.89,124.18,504959,50.50%
big_files/enwik6,binary,32768,32768,128,1,6,12,12,12,15,15,7,4.05,108.44,644759,64.48%
big_files/enwik6,binary,32768,32768,128,4,6,12,12,12,15,15,7,3.98,105.78,640793,64.08%
big_files/enwik6,binary,32768,32768,128,16,6,12,12,12,15,15,7,3.58,116.12,577403,57.74%
big_files/enwik6,binary,32768,32768,128,128,6,12,12,12,15,15,7,3.52,110.82,511433,51.14%
big_files/enwik6,binary,32768,32768,128,1024,6,12,12,12,15,15,7,3.74,122.10,504015,50.40%
big_files/enwik6,binary,32768,32768,128,999999999,6,12,12,12,15,15,7,3.82,123.43,504015,50.40%
big_files/enwik6,binary,32768,32768,128,1,6,12,12,15,15,15,7,4.09,104.84,645437,64.54%
big_files/enwik6,binary,32768,32768,128,4,6,12,12,15,15,15,7,4.07,105.51,640036,64.00%
big_files/enwik6,binary,32768,32768,128,16,6,12,12,15,15,15,7,3.91,111.72,575693,57.57%
big_files/enwik6,binary,32768,32768,128,128,6,12,12,15,15,15,7,3.85,126.37,510287,51.03%
big_files/enwik6,binary,32768,32768,128,1024,6,12,12,15,15,15,7,3.94,122.99,502920,50.29%
big_files/enwik6,binary,32768,32768,128,999999999,6,12,12,15,15,15,7,3.92,119.73,502920,50.29%
big_files/enwik6,binary,32768,32768,128,1,6,12,15,15,15,15,7,4.14,106.17,646227,64.62%
big_files/enwik6,binary,32768,32768,128,4,6,12,15,15,15,15,7,4.08,107.79,638195,63.82%
big_files/enwik6,binary,32768,32768,128,16,6,12,15,15,15,15,7,3.95,116.79,572947,57.29%
big_files/enwik6,binary,32768,32768,128,128,6,12,15,15,15,15,7,4.56,122.05,508060,50.81%
big_files/enwik6,binary,32768,32768,128,1024,6,12,15,15,15,15,7,3.57,125.13,500854,50.09%
big_files/enwik6,binary,32768,32768,128,999999999,6,12,15,15,15,15,7,4.14,119.47,500854,50.09%
big_files/enwik6,binary,32768,32768,128,1,6,15,15,15,15,15,7,3.82,100.91,646885,64.69%
big_files/enwik6,binary,32768,32768,128,4,6,15,15,15,15,15,7,3.96,109.15,632903,63.29%
big_files/enwik6,binary,32768,32768,128,16,6,15,15,15,15,15,7,3.91,111.81,566140,56.61%
big_files/enwik6,binary,32768,32768,128,128,6,15,15,15,15,15,7,3.07,119.48,503498,50.35%
big_files/enwik6,binary,32768,32768,128,1024,6,15,15,15,15,15,7,3.57,105.97,497469,49.75%
big_files/enwik6,binary,32768,32768,128,999999999,6,15,15,15,15,15,7,3.44,127.91,497469,49.75%
big_files/enwik6,binary,32768,32768,128,1,12,12,12,12,12,15,7,3.97,112.96,553167,55.32%
big_files/enwik6,binary,32768,32768,128,4,12,12,12,12,12,15,7,4.18,107.84,571648,57.16%
big_files/enwik6,binary,32768,32768,128,16,12,12,12,12,12,15,7,4.09,117.01,532597,53.26%
big_files/enwik6,binary,32768,32768,128,128,12,12,12,12,12,15,7,3.87,129.21,475819,47.58%
big_files/enwik6,binary,32768,32768,128,1024,12,12,12,12,12,15,7,3.94,124.65,468641,46.86%
big_files/enwik6,binary,32768,32768,128,999999999,12,12,12,12,12,15,7,4.08,122.04,468641,46.86%
big_files/enwik6,binary,32768,32768,128,1,12,12,12,12,15,15,7,5.76,105.64,553723,55.37%
big_files/enwik6,binary,32768,32768,128,4,12,12,12,12,15,15,7,3.97,106.60,571438,57.14%
big_files/enwik6,binary,32768,32768,128,16,12,12,12,12,15,15,7,3.94,114.27,531887,53.19%
big_files/enwik6,binary,32768,32768,128,128,12,12,12,12,15,15,7,4.89,121.73,474885,47.49%
big_files/enwik6,binary,32768,32768,128,1024,12,12,12,12,15,15,7,5.08,121.11,467698,46.77%
big_files/enwik6,binary,32768,32768,128,999999999,12,12,12,12,15,15,7,4.54,122.32,467698,46.77%
big_files/enwik6,binary,32768,32768,128,1,12,12,12,15,15,15,7,4.74,112.70,554401,55.44%
big_files/enwik6,binary,32768,32768,128,4,12,12,12,15,15,15,7,4.50,98.27,570681,57.07%
big_files/enwik6,binary,32768,32768,128,16,12,12,12,15,15,15,7,5.03,117.15,530177,53.02%
big_files/enwik6,binary,32768,32768,128,128,12,12,12,15,15,15,7,4.22,120.19,473740,47.37%
big_files/enwik6,binary,32768,32768,128,1024,12,12,12,15,15,15,7,5.11,126.17,466602,46.66%
big_files/enwik6,binary,32768,32768,128,999999999,12,12,12,15,15,15,7,4.41,122.99,466602,46.66%
big_files/enwik6,binary,32768,32768,128,1,12,12,15,15,15,15,7,4.54,110.37,555192,55.52%
big_files/enwik6,binary,32768,32768,128,4,12,12,15,15,15,15,7,3.90,103.63,568841,56.88%
big_files/enwik6,binary,32768,32768,128,16,12,12,15,15,15,15,7,4.33,114.75,527434,52.74%
big_files/enwik6,binary,32768,32768,128,128,12,12,15,15,15,15,7,4.92,124.35,471515,47.15%
big_files/enwik6,binary,32768,32768,128,1024,12,12,15,15,15,15,7,4.48,110.35,464533,46.45%
big_files/enwik6,binary,32768,32768,128,999999999,12,12,15,15,15,15,7,4.53,129.60,464533,46.45%
big_files/enwik6,binary,32768,32768,128,1,12,15,15,15,15,15,7,5.73,107.11,555846,55.58%
big_files/enwik6,binary,32768,32768,128,4,12,15,15,15,15,15,7,4.73,101.02,563553,56.36%
big_files/enwik6,binary,32768,32768,128,16,12,15,15,15,15,15,7,5.11,116.98,520622,52.06%
big_files/enwik6,binary,32768,32768,128,128,12,15,15,15,15,15,7,4.47,124.30,466949,46.69%
big_files/enwik6,binary,32768,32768,128,1024,12,15,15,15,15,15,7,5.15,128.43,461149,46.11%
big_files/enwik6,binary,32768,32768,128,999999999,12,15,15,15,15,15,7,5.24,109.31,461149,46.11%
big_files/enwik6,binary,32768,32768,128,1,15,15,15,15,15,15,7,5.58,113.42,551276,55.13%
big_files/enwik6,binary,32768,32768,128,4,15,15,15,15,15,15,7,3.80,111.44,543239,54.32%
big_files/enwik6,binary,32768,32768,128,16,15,15,15,15,15,15,7,5.43,116.42,503019,50.30%
big_files/enwik6,binary,32768,32768,128,128,15,15,15,15,15,15,7,6.55,116.46,464948,46.49%
big_files/enwik6,binary,32768,32768,128,1024,15,15,15,15,15,15,7,5.94,121.87,461017,46.10%
big_files/enwik6,binary,32768,32768,128,999999999,15,15,15,15,15,15,7,4.94,114.51,461017,46.10%
big_files/enwik6,binary,32768,32768,256,1,6,6,6,6,6,15,8,4.08,90.10,726269,72.63%
big_files/enwik6,binary,32768,32768,256,4,6,6,6,6,6,15,8,3.63,99.77,715336,71.53%
big_files/enwik6,binary,32768,32768,256,16,6,6,6,6,6,15,8,5.48,112.36,644124,64.41%
big_files/enwik6,binary,32768,32768,256,128,6,6,6,6,6,15,8,6.26,126.08,576558,57.66%
big_files/enwik6,binary,32768,32768,256,1024,6,6,6,6,6,15,8,6.02,120.57,569660,56.97%
big_files/enwik6,binary,32768,32768,256,999999999,6,6,6,6,6,15,8,5.07,122.31,569660,56.97%
big_files/enwik6,binary,32768,32768,256,1,6,6,6,6,12,15,8,4.24,107.74,720474,72.05%
big_files/enwik6,binary,32768,32768,256,4,6,6,6,6,12,15,8,5.78,109.25,710202,71.02%
big_files/enwik6,binary,32768,32768,256,16,6,6,6,6,12,15,8,5.51,115.34,638476,63.85%
big_files/enwik6,binary,32768,32768,256,128,6,6,6,6,12,15,8,5.43,123.32,569929,56.99%
big_files/enwik6,binary,32768,32768,256,1024,6,6,6,6,12,15,8,5.03,120.51,562876,56.29%
big_files/enwik6,binary,32768,32768,256,999999999,6,6,6,6,12,15,8,6.14,122.38,562876,56.29%
big_files/enwik6,binary,32768,32768,256,1,6,6,6,6,15,15,8,5.91,103.17,720845,72.08%
big_files/enwik6,binary,32768,32768,256,4,6,6,6,6,15,15,8,6.26,101.67,709725,70.97%
big_files/enwik6,binary,32768,32768,256,16,6,6,6,6,15,15,8,5.58,106.03,637388,63.74%
big_files/enwik6,binary,32768,32768,256,128,6,6,6,6,15,15,8,6.45,122.51,568541,56.85%
big_files/enwik6,binary,32768,32768,256,1024,6,6,6,6,15,15,8,5.40,127.08,561466,56.15%
big_files/enwik6,binary,32768,32768,256,999999999,6,6,6,6,15,15,8,6.75,123.48,561466,56.15%
big_files/enwik6,binary,32768,32768,256,1,6,6,6,12,12,15,8,6.95,95.63,711125,71.11%
big_files/enwik6,binary,32768,32768,256,4,6,6,6,12,12,15,8,5.07,91.21,701686,70.17%
big_files/enwik6,binary,32768,32768,256,16,6,6,6,12,12,15,8,6.80,115.92,630558,63.06%
big_files/enwik6,binary,32768,32768,256,128,6,6,6,12,12,15,8,5.29,120.61,560568,56.06%
big_files/enwik6,binary,32768,32768,256,1024,6,6,6,12,12,15,8,6.62,123.45,553217,55.32%
big_files/enwik6,binary,32768,32768,256,999999999,6,6,6,12,12,15,8,6.15,116.58,553217,55.32%
big_files/enwik6,binary,32768,32768,256,1,6,6,6,12,15,15,8,6.52,101.14,711495,71.15%
big_files/enwik6,binary,32768,32768,256,4,6,6,6,12,15,15,8,6.82,106.46,701214,70.12%
big_files/enwik6,binary,32768,32768,256,16,6,6,6,12,15,15,8,6.54,108.70,629471,62.95%
big_files/enwik6,binary,32768,32768,256,128,6,6,6,12,15,15,8,6.17,117.37,559180,55.92%
big_files/enwik6,binary,32768,32768,256,1024,6,6,6,12,15,15,8,6.61,124.51,551811,55.18%
big_files/enwik6,binary,32768,32768,256,999999999,6,6,6,12,15,15,8,6.90,126.64,551811,55.18%
big_files/enwik6,binary,32768,32768,256,1,6,6,6,15,15,15,8,6.41,100.88,711843,71.18%
big_files/enwik6,binary,32768,32768,256,4,6,6,6,15,15,15,8,6.51,106.06,699948,69.99%
big_files/enwik6,binary,32768,32768,256,16,6,6,6,15,15,15,8,6.87,106.99,627131,62.71%
big_files/enwik6,binary,32768,32768,256,128,6,6,6,15,15,15,8,7.05,119.55,557405,55.74%
big_files/enwik6,binary,32768,32768,256,1024,6,6,6,15,15,15,8,7.17,126.21,550074,55.01%
big_files/enwik6,binary,32768,32768,256,999999999,6,6,6,15,15,15,8,6.46,119.86,550074,55.01%
big_files/enwik6,binary,32768,32768,256,1,6,6,12,12,12,15,8,6.73,103.20,696636,69.66%
big_files/enwik6,binary,32768,32768,256,4,6,6,12,12,12,15,8,7.02,108.40,688732,68.87%
big_files/enwik6,binary,32768,32768,256,16,6,6,12,12,12,15,8,7.30,116.55,618528,61.85%
big_files/enwik6,binary,32768,32768,256,128,6,6,12,12,12,15,8,6.51,119.75,547314,54.73%
big_files/enwik6,binary,32768,32768,256,1024,6,6,12,12,12,15,8,7.29,120.40,539679,53.97%
big_files/enwik6,binary,32768,32768,256,999999999,6,6,12,12,12,15,8,7.31,130.00,539679,53.97%
big_files/enwik6,binary,32768,32768,256,1,6,6,12,12,15,15,8,7.01,104.16,697008,69.70%
big_files/enwik6,binary,32768,32768,256,4,6,6,12,12,15,15,8,6.97,107.10,688260,68.83%
big_files/enwik6,binary,32768,32768,256,16,6,6,12,12,15,15,8,5.73,116.87,617438,61.74%
big_files/enwik6,binary,32768,32768,256,128,6,6,12,12,15,15,8,6.38,113.05,545924,54.59%
big_files/enwik6,binary,32768,32768,256,1024,6,6,12,12,15,15,8,7.22,120.90,538272,53.83%
big_files/enwik6,binary,32768,32768,256,999999999,6,6,12,12,15,15,8,7.28,115.65,538272,53.83%
big_files/enwik6,binary,32768,32768,256,1,6,6,12,15,15,15,8,7.03,105.45,697352,69.74%
big_files/enwik6,binary,32768,32768,256,4,6,6,12,15,15,15,8,6.49,105.99,686992,68.70%
big_files/enwik6,binary,32768,32768,256,16,6,6,12,15,15,15,8,7.47,105.07,615095,61.51%
big_files/enwik6,binary,32768,32768,256,128,6,6,12,15,15,15,8,6.99,117.86,544148,54.41%
big_files/enwik6,binary,32768,32768,256,1024,6,6,12,15,15,15,8,6.45,123.37,536534,53.65%
big_files/enwik6,binary,32768,32768,256,999999999,6,6,12,15,15,15,8,6.41,119.46,536534,53.65%
big_files/enwik6,binary,32768,32768,256,1,6,6,15,15,15,15,8,6.70,94.82,697613,69.76%
big_files/enwik6,binary,32768,32768,256,4,6,6,15,15,15,15,8,6.88,105.94,684330,68.43%
big_files/enwik6,binary,32768,32768,256,16,6,6,15,15,15,15,8,6.78,109.10,611402,61.14%
big_files/enwik6,binary,32768,32768,256,128,6,6,15,15,15,15,8,7.28,113.45,540979,54.10%
big_files/enwik6,binary,32768,32768,256,1024,6,6,15,15,15,15,8,7.29,128.00,533532,53.35%
big_files/enwik6,binary,32768,32768,256,999999999,6,6,15,15,15,15,8,6.65,123.21,533532,53.35%
big_files/enwik6,binary,32768,32768,256,1,6,12,12,12,12,15,8,7.88,106.50,660825,66.08%
big_files/enwik6,binary,32768,32768,256,4,6,12,12,12,12,15,8,6.96,105.35,657956,65.80%
big_files/enwik6,binary,32768,32768,256,16,6,12,12,12,12,15,8,7.56,108.30,592973,59.30%
big_files/enwik6,binary,32768,32768,256,128,6,12,12,12,12,15,8,7.19,121.61,524687,52.47%
big_files/enwik6,binary,32768,32768,256,1024,6,12,12,12,12,15,8,6.35,128.74,516965,51.70%
big_files/enwik6,binary,32768,32768,256,999999999,6,12,12,12,12,15,8,7.09,123.16,516965,51.70%
big_files/enwik6,binary,32768,32768,256,1,6,12,12,12,15,15,8,7.91,96.85,661195,66.12%
big_files/enwik6,binary,32768,32768,256,4,6,12,12,12,15,15,8,7.53,103.02,657485,65.75%
big_files/enwik6,binary,32768,32768,256,16,6,12,12,12,15,15,8,7.26,112.81,591889,59.19%
big_files/enwik6,binary,32768,32768,256,128,6,12,12,12,15,15,8,7.18,120.31,523299,52.33%
big_files/enwik6,binary,32768,32768,256,1024,6,12,12,12,15,15,8,7.24,114.79,515556,51.56%
big_files/enwik6,binary,32768,32768,256,999999999,6,12,12,12,15,15,8,7.05,126.54,515556,51.56%
big_files/enwik6,binary,32768,32768,256,1,6,12,12,15,15,15,8,7.86,101.11,661543,66.15%
big_files/enwik6,binary,32768,32768,256,4,6,12,12,15,15,15,8,7.78,111.20,656220,65.62%
big_files/enwik6,binary,32768,32768,256,16,6,12,12,15,15,15,8,7.62,114.79,589541,58.95%
big_files/enwik6,binary,32768,32768,256,128,6,12,12,15,15,15,8,7.28,123.49,521522,52.15%
big_files/enwik6,binary,32768,32768,256,1024,6,12,12,15,15,15,8,7.23,124.14,513822,51.38%
big_files/enwik6,binary,32768,32768,256,999999999,6,12,12,15,15,15,8,7.01,127.52,513822,51.38%
big_files/enwik6,binary,32768,32768,256,1,6,12,15,15,15,15,8,7.95,102.77,661799,66.18%
big_files/enwik6,binary,32768,32768,256,4,6,12,15,15,15,15,8,6.87,107.32,653554,65.36%
big_files/enwik6,binary,32768,32768,256,16,6,12,15,15,15,15,8,7.43,112.96,585849,58.58%
big_files/enwik6,binary,32768,32768,256,128,6,12,15,15,15,15,8,7.32,122.50,518353,51.84%
big_files/enwik6,binary,32768,32768,256,1024,6,12,15,15,15,15,8,7.20,124.68,510822,51.08%
big_files/enwik6,binary,32768,32768,256,999999999,6,12,15,15,15,15,8,7.10,114.45,510822,51.08%
big_files/enwik6,binary,32768,32768,256,1,6,15,15,15,15,15,8,7.79,102.64,661320,66.13%
big_files/enwik6,binary,32768,32768,256,4,6,15,15,15,15,15,8,7.83,107.47,646569,64.66%
big_files/enwik6,binary,32768,32768,256,16,6,15,15,15,15,15,8,7.44,113.14,577296,57.73%
big_files/enwik6,binary,32768,32768,256,128,6,15,15,15,15,15,8,7.13,123.48,512384,51.24%
big_files/enwik6,binary,32768,32768,256,1024,6,15,15,15,15,15,8,7.20,129.39,506186,50.62%
big_files/enwik6,binary,32768,32768,256,999999999,6,15,15,15,15,15,8,7.42,119.96,506186,50.62%
big_files/enwik6,binary,32768,32768,256,1,12,12,12,12,12,15,8,8.01,104.08,561348,56.13%
big_files/enwik6,binary,32768,32768,256,4,12,12,12,12,12,15,8,7.80,107.63,582203,58.22%
big_files/enwik6,binary,32768,32768,256,16,12,12,12,12,12,15,8,7.50,117.19,543149,54.31%
big_files/enwik6,binary,32768,32768,256,128,12,12,12,12,12,15,8,7.22,127.05,484602,48.46%
big_files/enwik6,binary,32768,32768,256,1024,12,12,12,12,12,15,8,7.30,123.67,477124,47.71%
big_files/enwik6,binary,32768,32768,256,999999999,12,12,12,12,12,15,8,7.29,119.02,477124,47.71%
big_files/enwik6,binary,32768,32768,256,1,12,12,12,12,15,15,8,7.75,106.28,561718,56.17%
big_files/enwik6,binary,32768,32768,256,4,12,12,12,12,15,15,8,7.51,109.35,581728,58.17%
big_files/enwik6,binary,32768,32768,256,16,12,12,12,12,15,15,8,7.47,116.54,542062,54.21%
big_files/enwik6,binary,32768,32768,256,128,12,12,12,12,15,15,8,7.37,118.51,483214,48.32%
big_files/enwik6,binary,32768,32768,256,1024,12,12,12,12,15,15,8,7.25,129.32,475717,47.57%
big_files/enwik6,binary,32768,32768,256,999999999,12,12,12,12,15,15,8,7.22,124.69,475717,47.57%
big_files/enwik6,binary,32768,32768,256,1,12,12,12,15,15,15,8,7.99,111.37,562065,56.21%
big_files/enwik6,binary,32768,32768,256,4,12,12,12,15,15,15,8,7.74,108.07,580466,58.05%
big_files/enwik6,binary,32768,32768,256,16,12,12,12,15,15,15,8,7.60,111.42,539715,53.97%
big_files/enwik6,binary,32768,32768,256,128,12,12,12,15,15,15,8,7.28,123.50,481437,48.14%
big_files/enwik6,binary,32768,32768,256,1024,12,12,12,15,15,15,8,7.26,123.68,473985,47.40%
big_files/enwik6,binary,32768,32768,256,999999999,12,12,12,15,15,15,8,7.31,125.60,473985,47.40%
big_files/enwik6,binary,32768,32768,256,1,12,12,15,15,15,15,8,7.84,103.28,562326,56.23%
big_files/enwik6,binary,32768,32768,256,4,12,12,15,15,15,15,8,7.61,104.96,577798,57.78%
big_files/enwik6,binary,32768,32768,256,16,12,12,15,15,15,15,8,7.43,110.64,536025,53.60%
big_files/enwik6,binary,32768,32768,256,128,12,12,15,15,15,15,8,7.11,123.41,478266,47.83%
big_files/enwik6,binary,32768,32768,256,1024,12,12,15,15,15,15,8,7.18,126.53,470981,47.10%
big_files/enwik6,binary,32768,32768,256,999999999,12,12,15,15,15,15,8,7.00,124.49,470981,47.10%
big_files/enwik6,binary,32768,32768,256,1,12,15,15,15,15,15,8,7.80,108.01,561842,56.18%
big_files/enwik6,binary,32768,32768,256,4,12,15,15,15,15,15,8,7.65,107.38,570816,57.08%
big_files/enwik6,binary,32768,32768,256,16,12,15,15,15,15,15,8,7.46,112.99,527471,52.75%
big_files/enwik6,binary,32768,32768,256,128,12,15,15,15,15,15,8,7.24,124.04,472301,47.23%
big_files/enwik6,binary,32768,32768,256,1024,12,15,15,15,15,15,8,7.17,110.61,466344,46.63%
big_files/enwik6,binary,32768,32768,256,999999999,12,15,15,15,15,15,8,7.29,122.27,466344,46.63%
big_files/enwik6,binary,32768,32768,256,1,15,15,15,15,15,15,8,6.79,108.35,553414,55.34%
big_files/enwik6,binary,32768,32768,256,4,15,15,15,15,15,15,8,7.27,111.96,545459,54.55%
big_files/enwik6,binary,32768,32768,256,16,15,15,15,15,15,15,8,7.65,114.81,505930,50.59%
big_files/enwik6,binary,32768,32768,256,128,15,15,15,15,15,15,8,6.15,118.13,468567,46.86%
big_files/enwik6,binary,32768,32768,256,1024,15,15,15,15,15,15,8,6.98,128.06,464720,46.47%
big_files/enwik6,binary,32768,32768,256,999999999,15,15,15,15,15,15,8,5.12,126.41,464720,46.47%
big_files/enwik6,binary,32768,32768,258,1,6,6,6,6,6,15,8,7.09,103.16,726269,72.63%
big_files/enwik6,binary,32768,32768,258,4,6,6,6,6,6,15,8,6.19,101.26,715336,71.53%
big_files/enwik6,binary,32768,32768,258,16,6,6,6,6,6,15,8,4.82,115.42,644124,64.41%
big_files/enwik6,binary,32768,32768,258,128,6,6,6,6,6,15,8,5.75,122.39,576558,57.66%
big_files/enwik6,binary,32768,32768,258,1024,6,6,6,6,6,15,8,3.63,117.90,569660,56.97%
big_files/enwik6,binary,32768,32768,258,999999999,6,6,6,6,6,15,8,5.23,119.83,569660,56.97%
big_files/enwik6,binary,32768,32768,258,1,6,6,6,6,12,15,8,4.52,87.94,720474,72.05%
big_files/enwik6,binary,32768,32768,258,4,6,6,6,6,12,15,8,2.92,103.59,710202,71.02%
big_files/enwik6,binary,32768,32768,258,16,6,6,6,6,12,15,8,4.94,103.16,638476,63.85%
big_files/enwik6,binary,32768,32768,258,128,6,6,6,6,12,15,8,5.20,120.96,569929,56.99%
big_files/enwik6,binary,32768,32768,258,1024,6,6,6,6,12,15,8,5.41,126.27,562876,56.29%
big_files/enwik6,binary,32768,32768,258,999999999,6,6,6,6,12,15,8,5.93,116.78,562876,56.29%
big_files/enwik6,binary,32768,32768,258,1,6,6,6,6,15,15,8,4.72,98.28,720845,72.08%
big_files/enwik6,binary,32768,32768,258,4,6,6,6,6,15,15,8,2.36,97.32,709725,70.97%
big_files/enwik6,binary,32768,32768,258,16,6,6,6,6,15,15,8,2.75,113.90,637388,63.74%
big_files/enwik6,binary,32768,32768,258,128,6,6,6,6,15,15,8,3.32,105.97,568541,56.85%
big_files/enwik6,binary,32768,32768,258,1024,6,6,6,6,15,15,8,3.72,121.20,561466,56.15%
big_files/enwik6,binary,32768,32768,258,999999999,6,6,6,6,15,15,8,3.88,125.47,561466,56.15%
big_files/enwik6,binary,32768,32768,258,1,6,6,6,12,12,15,8,5.43,98.87,711125,71.11%
big_files/enwik6,binary,32768,32768,258,4,6,6,6,12,12,15,8,4.75,101.47,701686,70.17%
big_files/enwik6,binary,32768,32768,258,16,6,6,6,12,12,15,8,3.92,114.07,630558,63.06%
big_files/enwik6,binary,32768,32768,258,128,6,6,6,12,12,15,8,5.10,125.88,560568,56.06%
big_files/enwik6,binary,32768,32768,258,1024,6,6,6,12,12,15,8,5.36,118.53,553217,55.32%
big_files/enwik6,binary,32768,32768,258,999999999,6,6,6,12,12,15,8,4.30,123.52,553217,55.32%
big_files/enwik6,binary,32768,32768,258,1,6,6,6,12,15,15,8,4.49,103.38,711495,71.15%
big_files/enwik6,binary,32768,32768,258,4,6,6,6,12,15,15,8,4.34,100.99,701214,70.12%
big_files/enwik6,binary,32768,32768,258,16,6,6,6,12,15,15,8,5.30,114.42,629471,62.95%
big_files/enwik6,binary,32768,32768,258,128,6,6,6,12,15,15,8,4.40,121.47,559180,55.92%
big_files/enwik6,binary,32768,32768,258,1024,6,6,6,12,15,15,8,6.41,119.46,551811,55.18%
big_files/enwik6,binary,32768,32768,258,999999999,6,6,6,12,15,15,8,4.15,126.01,551811,55.18%
big_files/enwik6,binary,32768,32768,258,1,6,6,6,15,15,15,8,4.53,96.05,711843,71.18%
big_files/enwik6,binary,32768,32768,258,4,6,6,6,15,15,15,8,3.99,102.17,699948,69.99%
big_files/enwik6,binary,32768,32768,258,16,6,6,6,15,15,15,8,4.79,105.12,627131,62.71%
big_files/enwik6,binary,32768,32768,258,128,6,6,6,15,15,15,8,4.09,122.39,557405,55.74%
big_files/enwik6,binary,32768,32768,258,1024,6,6,6,15,15,15,8,5.04,129.20,550074,55.01%
big_files/enwik6,binary,32768,32768,258,999999999,6,6,6,15,15,15,8,5.27,126.63,550074,55.01%
big_files/enwik6,binary,32768,32768,258,1,6,6,12,12,12,15,8,5.49,102.37,696636,69.66%
big_files/enwik6,binary,32768,32768,258,4,6,6,12,12,12,15,8,3.62,98.35,688732,68.87%
big_files/enwik6,binary,32768,32768,258,16,6,6,12,12,12,15,8,4.44,105.70,618530,61.85%
big_files/enwik6,binary,32768,32768,258,128,6,6,12,12,12,15,8,4.57,122.26,547315,54.73%
big_files/enwik6,binary,32768,32768,258,1024,6,6,12,12,12,15,8,3.86,126.76,539680,53.97%
big_files/enwik6,binary,32768,32768,258,999999999,6,6,12,12,12,15,8,5.64,109.73,539680,53.97%
big_files/enwik6,binary,32768,32768,258,1,6,6,12,12,15,15,8,4.97,102.41,697008,69.70%
big_files/enwik6,binary,32768,32768,258,4,6,6,12,12,15,15,8,4.70,102.99,688260,68.83%
big_files/enwik6,binary,32768,32768,258,16,6,6,12,12,15,15,8,4.49,113.64,617439,61.74%
big_files/enwik6,binary,32768,32768,258,128,6,6,12,12,15,15,8,4.07,116.04,545926,54.59%
big_files/enwik6,binary,32768,32768,258,1024,6,6,12,12,15,15,8,4.62,119.62,538273,53.83%
big_files/enwik6,binary,32768,32768,258,999999999,6,6,12,12,15,15,8,4.91,124.92,538273,53.83%
big_files/enwik6,binary,32768,32768,258,1,6,6,12,15,15,15,8,4.70,101.85,697352,69.74%
big_files/enwik6,binary,32768,32768,258,4,6,6,12,15,15,15,8,4.69,106.90,686992,68.70%
big_files/enwik6,binary,32768,32768,258,16,6,6,12,15,15,15,8,5.25,108.36,615096,61.51%
big_files/enwik6,binary,32768,32768,258,128,6,6,12,15,15,15,8,4.89,126.00,544149,54.41%
big_files/enwik6,binary,32768,32768,258,1024,6,6,12,15,15,15,8,6.42,117.47,536535,53.65%
big_files/enwik6,binary,32768,32768,258,999999999,6,6,12,15,15,15,8,5.28,122.19,536535,53.65%
big_files/enwik6,binary,32768,32768,258,1,6,6,15,15,15,15,8,5.53,101.16,697613,69.76%
big_files/enwik6,binary,32768,32768,258,4,6,6,15,15,15,15,8,5.57,104.03,684330,68.43%
big_files/enwik6,binary,32768,32768,258,16,6,6,15,15,15,15,8,4.50,111.35,611403,61.14%
big_files/enwik6,binary,32768,32768,258,128,6,6,15,15,15,15,8,4.34,119.79,540980,54.10%
big_files/enwik6,binary,32768,32768,258,1024,6,6,15,15,15,15,8,5.07,117.50,533533,53.35%
big_files/enwik6,binary,32768,32768,258,999999999,6,6,15,15,15,15,8,4.74,123.71,533533,53.35%
big_files/enwik6,binary,32768,32768,258,1,6,12,12,12,12,15,8,5.69,97.23,660825,66.08%
big_files/enwik6,binary,32768,32768,258,4,6,12,12,12,12,15,8,4.32,106.09,657956,65.80%
big_files/enwik6,binary,32768,32768,258,16,6,12,12,12,12,15,8,5.19,116.22,592975,59.30%
big_files/enwik6,binary,32768,32768,258,128,6,12,12,12,12,15,8,4.44,128.09,524688,52.47%
big_files/enwik6,binary,32768,32768,258,1024,6,12,12,12,12,15,8,4.76,126.53,516966,51.70%
big_files/enwik6,binary,32768,32768,258,999999999,6,12,12,12,12,15,8,5.00,128.95,516966,51.70%
big_files/enwik6,binary,32768,32768,258,1,6,12,12,12,15,15,8,5.60,104.11,661195,66.12%
big_files/enwik6,binary,32768,32768,258,4,6,12,12,12,15,15,8,5.01,104.73,657485,65.75%
big_files/enwik6,binary,32768,32768,258,16,6,12,12,12,15,15,8,6.59,113.10,591890,59.19%
big_files/enwik6,binary,32768,32768,258,128,6,12,12,12,15,15,8,4.19,119.49,523300,52.33%
big_files/enwik6,binary,32768,32768,258,1024,6,12,12,12,15,15,8,5.91,113.22,515557,51.56%
big_files/enwik6,binary,32768,32768,258,999999999,6,12,12,12,15,15,8,6.41,127.21,515557,51.56%
big_files/enwik6,binary,32768,32768,258,1,6,12,12,15,15,15,8,3.79,102.47,661543,66.15%
big_files/enwik6,binary,32768,32768,258,4,6,12,12,15,15,15,8,5.50,109.29,656220,65.62%
big_files/enwik6,binary,32768,32768,258,16,6,12,12,15,15,15,8,5.25,112.40,589542,58.95%
big_files/enwik6,binary,32768,32768,258,128,6,12,12,15,15,15,8,5.86,122.31,521523,52.15%
big_files/enwik6,binary,32768,32768,258,1024,6,12,12,15,15,15,8,4.57,119.09,513823,51.38%
big_files/enwik6,binary,32768,32768,258,999999999,6,12,12,15,15,15,8,5.90,121.04,513823,51.38%
big_files/enwik6,binary,32768,32768,258,1,6,12,15,15,15,15,8,4.78,101.26,661799,66.18%
big_files/enwik6,binary,32768,32768,258,4,6,12,15,15,15,15,8,4.42,104.03,653554,65.36%
big_files/enwik6,binary,32768,32768,258,16,6,12,15,15,15,15,8,5.16,114.69,585850,58.58%
big_files/enwik6,binary,32768,32768,258,128,6,12,15,15,15,15,8,4.94,123.01,518354,51.84%
big_files/enwik6,binary,32768,32768,258,1024,6,12,15,15,15,15,8,5.63,123.31,510823,51.08%
big_files/enwik6,binary,32768,32768,258,999999999,6,12,15,15,15,15,8,5.82,126.41,510823,51.08%
big_files/enwik6,binary,32768,32768,258,1,6,15,15,15,15,15,8,4.29,106.61,661320,66.13%
big_files/enwik6,binary,32768,32768,258,4,6,15,15,15,15,15,8,5.54,108.29,646569,64.66%
big_files/enwik6,binary,32768,32768,258,16,6,15,15,15,15,15,8,5.17,112.30,577297,57.73%
big_files/enwik6,binary,32768,32768,258,128,6,15,15,15,15,15,8,5.35,124.73,512385,51.24%
big_files/enwik6,binary,32768,32768,258,1024,6,15,15,15,15,15,8,6.03,113.93,506187,50.62%
big_files/enwik6,binary,32768,32768,258,999999999,6,15,15,15,15,15,8,4.61,122.42,506187,50.62%
big_files/enwik6,binary,32768,32768,258,1,12,12,12,12,12,15,8,5.09,103.37,561348,56.13%
big_files/enwik6,binary,32768,32768,258,4,12,12,12,12,12,15,8,5.19,112.38,582203,58.22%
big_files/enwik6,binary,32768,32768,258,16,12,12,12,12,12,15,8,3.79,117.16,543149,54.31%
big_files/enwik6,binary,32768,32768,258,128,12,12,12,12,12,15,8,4.55,125.82,484602,48.46%
big_files/enwik6,binary,32768,32768,258,1024,12,12,12,12,12,15,8,4.25,132.94,477124,47.71%
big_files/enwik6,binary,32768,32768,258,999999999,12,12,12,12,12,15,8,5.01,124.19,477124,47.71%
big_files/enwik6,binary,32768,32768,258,1,12,12,12,12,15,15,8,4.16,109.89,561718,56.17%
big_files/enwik6,binary,32768,32768,258,4,12,12,12,12,15,15,8,4.20,102.69,581728,58.17%
big_files/enwik6,binary,32768,32768,258,16,12,12,12,12,15,15,8,3.74,113.30,542062,54.21%
big_files/enwik6,binary,32768,32768,258,128,12,12,12,12,15,15,8,3.20,115.64,483214,48.32%
big_files/enwik6,binary,32768,32768,258,1024,12,12,12,12,15,15,8,4.07,123.73,475717,47.57%
big_files/enwik6,binary,32768,32768,258,999999999,12,12,12,12,15,15,8,4.01,121.40,475717,47.57%
big_files/enwik6,binary,32768,32768,258,1,12,12,12,15,15,15,8,3.64,105.97,562065,56.21%
big_files/enwik6,binary,32768,32768,258,4,12,12,12,15,15,15,8,2.93,97.55,580466,58.05%
big_files/enwik6,binary,32768,32768,258,16,12,12,12,15,15,15,8,4.12,115.61,539715,53.97%
big_files/enwik6,binary,32768,32768,258,128,12,12,12,15,15,15,8,3.39,125.37,481437,48.14%
big_files/enwik6,binary,32768,32768,258,1024,12,12,12,15,15,15,8,3.24,125.78,473985,47.40%
big_files/enwik6,binary,32768,32768,258,999999999,12,12,12,15,15,15,8,4.51,120.64,473985,47.40%
big_files/enwik6,binary,32768,32768,258,1,12,12,15,15,15,15,8,3.60,103.85,562326,56.23%
big_files/enwik6,binary,32768,32768,258,4,12,12,15,15,15,15,8,3.70,107.92,577798,57.78%
big_files/enwik6,binary,32768,32768,258,16,12,12,15,15,15,15,8,3.49,117.43,536025,53.60%
big_files/enwik6,binary,32768,32768,258,128,12,12,15,15,15,15,8,3.52,120.54,478266,47.83%
big_files/enwik6,binary,32768,32768,258,1024,12,12,15,15,15,15,8,4.06,125.49,470980,47.10%
big_files/enwik6,binary,32768,32768,258,999999999,12,12,15,15,15,15,8,3.51,123.06,470980,47.10%
big_files/enwik6,binary,32768,32768,258,1,12,15,15,15,15,15,8,4.17,101.14,561842,56.18%
big_files/enwik6,binary,32768,32768,258,4,12,15,15,15,15,15,8,3.05,103.93,570816,57.08%
big_files/enwik6,binary,32768,32768,258,16,12,15,15,15,15,15,8,4.33,113.64,527471,52.75%
big_files/enwik6,binary,32768,32768,258,128,12,15,15,15,15,15,8,4.31,122.37,472300,47.23%
big_files/enwik6,binary,32768,32768,258,1024,12,15,15,15,15,15,8,4.72,124.11,466344,46.63%
big_files/enwik6,binary,32768,32768,258,999999999,12,15,15,15,15,15,8,4.10,127.54,466344,46.63%
big_files/enwik6,binary,32768,32768,258,1,15,15,15,15,15,15,8,4.63,109.13,553414,55.34%
big_files/enwik6,binary,32768,32768,258,4,15,15,15,15,15,15,8,4.76,111.60,545459,54.55%
big_files/enwik6,binary,32768,32768,258,16,15,15,15,15,15,15,8,4.29,113.38,505930,50.59%
big_files/enwik6,binary,32768,32768,258,128,15,15,15,15,15,15,8,5.01,122.57,468567,46.86%
big_files/enwik6,binary,32768,32768,258,1024,15,15,15,15,15,15,8,4.57,121.13,464720,46.47%
big_files/enwik6,binary,32768,32768,258,999999999,15,15,15,15,15,15,8,5.01,124.59,464720,46.47%
big_files/enwik6,binary,131072,4096,4,1,6,6,6,6,6,12,1,11.86,92.55,665983,66.60%
big_files/enwik6,binary,131072,4096,4,4,6,6,6,6,6,12,1,14.08,101.72,661291,66.13%
big_files/enwik6,binary,131072,4096,4,16,6,6,6,6,6,12,1,13.95,104.78,640165,64.02%
big_files/enwik6,binary,131072,4096,4,128,6,6,6,6,6,12,1,13.70,106.36,620729,62.07%
big_files/enwik6,binary,131072,4096,4,1024,6,6,6,6,6,12,1,13.42,105.55,618543,61.85%
big_files/enwik6,binary,131072,4096,4,999999999,6,6,6,6,6,12,1,12.93,93.87,618543,61.85%
big_files/enwik6,binary,131072,4096,4,1,6,6,6,6,12,12,1,13.59,97.73,665983,66.60%
big_files/enwik6,binary,131072,4096,4,4,6,6,6,6,12,12,1,13.78,98.85,661291,66.13%
big_files/enwik6,binary,131072,4096,4,16,6,6,6,6,12,12,1,13.37,103.40,640165,64.02%
big_files/enwik6,binary,131072,4096,4,128,6,6,6,6,12,12,1,13.59,102.77,620729,62.07%
big_files/enwik6,binary,131072,4096,4,1024,6,6,6,6,12,12,1,13.46,105.36,618543,61.85%
big_files/enwik6,binary,131072,4096,4,999999999,6,6,6,6,12,12,1,13.41,106.60,618543,61.85%
big_files/enwik6,binary,131072,4096,4,1,6,6,6,6,15,12,1,14.88,95.79,665983,66.60%
big_files/enwik6,binary,131072,4096,4,4,6,6,6,6,15,12,1,14.29,98.98,661291,66.13%
big_files/enwik6,binary,131072,4096,4,16,6,6,6,6,15,12,1,13.56,101.19,640165,64.02%
big_files/enwik6,binary,131072,4096,4,128,6,6,6,6,15,12,1,13.81,106.58,620729,62.07%
big_files/enwik6,binary,131072,4096,4,1024,6,6,6,6,15,12,1,13.09,106.67,618543,61.85%
big_files/enwik6,binary,131072,4096,4,999999999,6,6,6,6,15,12,1,13.48,110.17,618543,61.85%
big_files/enwik6,binary,131072,4096,4,1,6,6,6,12,12,12,1,14.88,97.87,665983,66.60%
big_files/enwik6,binary,131072,4096,4,4,6,6,6,12,12,12,1,14.12,101.01,661291,66.13%
big_files/enwik6,binary,131072,4096,4,16,6,6,6,12,12,12,1,13.92,99.86,640165,64.02%
big_files/enwik6,binary,131072,4096,4,128,6,6,6,12,12,12,1,13.67,101.79,620729,62.07%
big_files/enwik6,binary,131072,4096,4,1024,6,6,6,12,12,12,1,13.38,101.77,618543,61.85%
big_files/enwik6,binary,131072,4096,4,999999999,6,6,6,12,12,12,1,13.08,107.55,618543,61.85%
big_files/enwik6,binary,131072,4096,4,1,6,6,6,12,15,12,1,14.53,104.11,665983,66.60%
big_files/enwik6,binary,131072,4096,4,4,6,6,6,12,15,12,1,14.14,104.61,661291,66.13%
big_files/enwik6,binary,131072,4096,4,16,6,6,6,12,15,12,1,13.95,102.39,640165,64.02%
big_files/enwik6,binary,131072,4096,4,128,6,6,6,12,15,12,1,13.43,99.33,620729,62.07%
big_files/enwik6,binary,131072,4096,4,1024,6,6,6,12,15,12,1,13.42,100.01,618543,61.85%
big_files/enwik6,binary,131072,4096,4,999999999,6,6,6,12,15,12,1,13.11,105.91,618543,61.85%
big_files/enwik6,binary,131072,4096,4,1,6,6,6,15,15,12,1,14.83,95.00,665983,66.60%
big_files/enwik6,binary,131072,4096,4,4,6,6,6,15,15,12,1,14.06,101.12,661291,66.13%
big_files/enwik6,binary,131072,4096,4,16,6,6,6,15,15,12,1,14.10,99.36,640165,64.02%
big_files/enwik6,binary,131072,4096,4,128,6,6,6,15,15,12,1,13.75,95.40,620729,62.07%
big_files/enwik6,binary,131072,4096,4,1024,6,6,6,15,15,12,1,13.25,105.22,618543,61.85%
big_files/enwik6,binary,131072,4096,4,999999999,6,6,6,15,15,12,1,12.35,107.72,618543,61.85%
big_files/enwik6,binary,131072,4096,4,1,6,6,12,12,12,12,1,14.76,94.58,665983,66.60%
big_files/enwik6,binary,131072,4096,4,4,6,6,12,12,12,12,1,14.34,101.62,661291,66.13%
big_files/enwik6,binary,131072,4096,4,16,6,6,12,12,12,12,1,13.82,103.58,640165,64.02%
big_files/enwik6,binary,131072,4096,4,128,6,6,12,12,12,12,1,13.62,103.96,620729,62.07%
big_files/enwik6,binary,131072,4096,4,1024,6,6,12,12,12,12,1,13.07,104.11,618543,61.85%
big_files/enwik6,binary,131072,4096,4,999999999,6,6,12,12,12,12,1,12.64,104.13,618543,61.85%
big_files/enwik6,binary,131072,4096,4,1,6,6,12,12,15,12,1,14.62,98.19,665983,66.60%
big_files/enwik6,binary,131072,4096,4,4,6,6,12,12,15,12,1,14.24,102.18,661291,66.13%
big_files/enwik6,binary,131072,4096,4,16,6,6,12,12,15,12,1,13.67,102.89,640165,64.02%
big_files/enwik6,binary,131072,4096,4,128,6,6,12,12,15,12,1,13.16,106.22,620729,62.07%
big_files/enwik6,binary,131072,4096,4,1024,6,6,12,12,15,12,1,13.45,101.66,618543,61.85%
big_files/enwik6,binary,131072,4096,4,999999999,6,6,12,12,15,12,1,13.39,105.34,618543,61.85%
big_files/enwik6,binary,131072,4096,4,1,6,6,12,15,15,12,1,13.74,101.52,665983,66.60%
big_files/enwik6,binary,131072,4096,4,4,6,6,12,15,15,12,1,14.14,99.94,661291,66.13%
big_files/enwik6,binary,131072,4096,4,16,6,6,12,15,15,12,1,13.77,102.68,640165,64.02%
big_files/enwik6,binary,131072,4096,4,128,6,6,12,15,15,12,1,12.66,104.28,620729,62.07%
big_files/enwik6,binary,131072,4096,4,1024,6,6,12,15,15,12,1,13.22,106.63,618543,61.85%
big_files/enwik6,binary,131072,4096,4,999999999,6,6,12,15,15,12,1,13.61,107.50,618543,61.85%
big_files/enwik6,binary,131072,4096,4,1,6,6,15,15,15,12,1,14.42,100.66,665983,66.60%
big_files/enwik6,binary,131072,4096,4,4,6,6,15,15,15,12,1,14.36,94.39,661291,66.13%
big_files/enwik6,binary,131072,4096,4,16,6,6,15,15,15,12,1,14.11,102.64,640165,64.02%
big_files/enwik6,binary,131072,4096,4,128,6,6,15,15,15,12,1,13.03,101.83,620729,62.07%
big_files/enwik6,binary,131072,4096,4,1024,6,6,15,15,15,12,1,13.64,104.65,618543,61.85%
big_files/enwik6,binary,131072,4096,4,999999999,6,6,15,15,15,12,1,13.36,105.68,618543,61.85%
big_files/enwik6,binary,131072,4096,4,1,6,12,12,12,12,12,1,14.12,98.50,646389,64.64%
big_files/enwik6,binary,131072,4096,4,4,6,12,12,12,12,12,1,14.02,94.82,639572,63.96%
big_files/enwik6,binary,131072,4096,4,16,6,12,12,12,12,12,1,13.61,107.14,621383,62.14%
big_files/enwik6,binary,131072,4096,4,128,6,12,12,12,12,12,1,13.35,108.44,609720,60.97%
big_files/enwik6,binary,131072,4096,4,1024,6,12,12,12,12,12,1,13.54,103.32,609097,60.91%
big_files/enwik6,binary,131072,4096,4,999999999,6,12,12,12,12,12,1,13.63,107.40,609097,60.91%
big_files/enwik6,binary,131072,4096,4,1,6,12,12,12,15,12,1,14.39,97.55,646389,64.64%
big_files/enwik6,binary,131072,4096,4,4,6,12,12,12,15,12,1,14.19,100.32,639572,63.96%
big_files/enwik6,binary,131072,4096,4,16,6,12,12,12,15,12,1,12.60,101.40,621383,62.14%
big_files/enwik6,binary,131072,4096,4,128,6,12,12,12,15,12,1,13.51,91.87,609720,60.97%
big_files/enwik6,binary,131072,4096,4,1024,6,12,12,12,15,12,1,12.94,106.61,609097,60.91%
big_files/enwik6,binary,131072,4096,4,999999999,6,12,12,12,15,12,1,12.83,107.48,609097,60.91%
big_files/enwik6,binary,131072,4096,4,1,6,12,12,15,15,12,1,14.75,96.63,646389,64.64%
big_files/enwik6,binary,131072,4096,4,4,6,12,12,15,15,12,1,14.21,103.72,639572,63.96%
big_files/enwik6,binary,131072,4096,4,16,6,12,12,15,15,12,1,13.51,102.85,621383,62.14%
big_files/enwik6,binary,131072,4096,4,128,6,12,12,15,15,12,1,13.29,107.81,609720,60.97%
big_files/enwik6,binary,131072,4096,4,1024,6,12,12,15,15,12,1,13.29,99.96,609097,60.91%
big_files/enwik6,binary,131072,4096,4,999999999,6,12,12,15,15,12,1,13.45,103.98,609097,60.91%
big_files/enwik6,binary,131072,4096,4,1,6,12,15,15,15,12,1,14.73,99.77,646389,64.64%
big_files/enwik6,binary,131072,4096,4,4,6,12,15,15,15,12,1,14.17,103.57,639572,63.96%
big_files/enwik6,binary,131072,4096,4,16,6,12,15,15,15,12,1,13.92,106.88,621383,62.14%
big_files/enwik6,binary,131072,4096,4,128,6,12,15,15,15,12,1,13.44,101.24,609720,60.97%
big_files/enwik6,binary,131072,4096,4,1024,6,12,15,15,15,12,1,13.44,101.94,609097,60.91%
big_files/enwik6,binary,131072,4096,4,999999999,6,12,15,15,15,12,1,13.39,110.10,609097,60.91%
big_files/enwik6,binary,131072,4096,4,1,6,15,15,15,15,12,1,14.41,91.29,693021,69.30%
big_files/enwik6,binary,131072,4096,4,4,6,15,15,15,15,12,1,13.44,92.71,689263,68.93%
big_files/enwik6,binary,131072,4096,4,16,6,15,15,15,15,12,1,13.23,98.83,677244,67.72%
big_files/enwik6,binary,131072,4096,4,128,6,15,15,15,15,12,1,13.28,99.31,669432,66.94%
big_files/enwik6,binary,131072,4096,4,1024,6,15,15,15,15,12,1,13.19,102.00,669040,66.90%
big_files/enwik6,binary,131072,4096,4,999999999,6,15,15,15,15,12,1,13.31,99.31,669040,66.90%
big_files/enwik6,binary,131072,4096,4,1,12,12,12,12,12,12,1,14.85,99.98,622495,62.25%
big_files/enwik6,binary,131072,4096,4,4,12,12,12,12,12,12,1,14.24,102.20,617026,61.70%
big_files/enwik6,binary,131072,4096,4,16,12,12,12,12,12,12,1,13.31,108.37,606059,60.61%
big_files/enwik6,binary,131072,4096,4,128,12,12,12,12,12,12,1,13.38,93.84,599009,59.90%
big_files/enwik6,binary,131072,4096,4,1024,12,12,12,12,12,12,1,13.13,106.81,598608,59.86%
big_files/enwik6,binary,131072,4096,4,999999999,12,12,12,12,12,12,1,13.27,107.19,598608,59.86%
big_files/enwik6,binary,131072,4096,4,1,12,12,12,12,15,12,1,14.86,94.75,622495,62.25%
big_files/enwik6,binary,131072,4096,4,4,12,12,12,12,15,12,1,14.29,92.47,617026,61.70%
big_files/enwik6,binary,131072,4096,4,16,12,12,12,12,15,12,1,13.70,102.57,606059,60.61%
big_files/enwik6,binary,131072,4096,4,128,12,12,12,12,15,12,1,13.87,104.07,599009,59.90%
big_files/enwik6,binary,131072,4096,4,1024,12,12,12,12,15,12,1,13.19,101.99,598608,59.86%
big_files/enwik6,binary,131072,4096,4,999999999,12,12,12,12,15,12,1,13.33,100.97,598608,59.86%
big_files/enwik6,binary,131072,4096,4,1,12,12,12,15,15,12,1,14.19,103.03,622495,62.25%
big_files/enwik6,binary,131072,4096,4,4,12,12,12,15,15,12,1,13.85,100.57,617026,61.70%
big_files/enwik6,binary,131072,4096,4,16,12,12,12,15,15,12,1,13.52,106.91,606059,60.61%
big_files/enwik6,binary,131072,4096,4,128,12,12,12,15,15,12,1,13.24,109.42,599009,59.90%
big_files/enwik6,binary,131072,4096,4,1024,12,12,12,15,15,12,1,13.25,101.60,598608,59.86%
big_files/enwik6,binary,131072,4096,4,999999999,12,12,12,15,15,12,1,13.27,108.13,598608,59.86%
big_files/enwik6,binary,131072,4096,4,1,12,12,15,15,15,12,1,13.98,99.10,622495,62.25%
big_files/enwik6,binary,131072,4096,4,4,12,12,15,15,15,12,1,14.46,103.59,617026,61.70%
big_files/enwik6,binary,131072,4096,4,16,12,12,15,15,15,12,1,13.66,104.90,606059,60.61%
big_files/enwik6,binary,131072,4096,4,128,12,12,15,15,15,12,1,13.50,109.17,599009,59.90%
big_files/enwik6,binary,131072,4096,4,1024,12,12,15,15,15,12,1,13.63,104.39,598608,59.86%
big_files/enwik6,binary,131072,4096,4,999999999,12,12,15,15,15,12,1,12.86,110.69,598608,59.86%
big_files/enwik6,binary,131072,4096,4,1,12,15,15,15,15,12,1,14.31,91.86,669129,66.91%
big_files/enwik6,binary,131072,4096,4,4,12,15,15,15,15,12,1,14.03,94.70,666718,66.67%
big_files/enwik6,binary,131072,4096,4,16,12,15,15,15,15,12,1,13.54,96.43,661922,66.19%
big_files/enwik6,binary,131072,4096,4,128,12,15,15,15,15,12,1,13.51,104.76,658723,65.87%
big_files/enwik6,binary,131072,4096,4,1024,12,15,15,15,15,12,1,13.48,95.23,658552,65.86%
big_files/enwik6,binary,131072,4096,4,999999999,12,15,15,15,15,12,1,12.80,104.49,658552,65.86%
big_files/enwik6,binary,131072,4096,4,1,15,15,15,15,15,12,1,14.20,94.87,713151,71.32%
big_files/enwik6,binary,131072,4096,4,4,15,15,15,15,15,12,1,13.76,95.00,706754,70.68%
big_files/enwik6,binary,131072,4096,4,16,15,15,15,15,15,12,1,13.38,94.64,693901,69.39%
big_files/enwik6,binary,131072,4096,4,128,15,15,15,15,15,12,1,12.79,100.37,685729,68.57%
big_files/enwik6,binary,131072,4096,4,1024,15,15,15,15,15,12,1,12.74,105.32,685252,68.53%
big_files/enwik6,binary,131072,4096,4,999999999,15,15,15,15,15,12,1,12.65,104.16,685252,68.53%
big_files/enwik6,binary,131072,4096,8,1,6,6,6,6,6,12,3,13.45,89.17,618452,61.85%
big_files/enwik6,binary,131072,4096,8,4,6,6,6,6,6,12,3,13.66,103.78,606927,60.69%
big_files/enwik6,binary,131072,4096,8,16,6,6,6,6,6,12,3,13.65,109.54,573214,57.32%
big_files/enwik6,binary,131072,4096,8,128,6,6,6,6,6,12,3,13.42,111.50,550988,55.10%
big_files/enwik6,binary,131072,4096,8,1024,6,6,6,6,6,12,3,13.27,103.80,549437,54.94%
big_files/enwik6,binary,131072,4096,8,999999999,6,6,6,6,6,12,3,13.31,107.84,549437,54.94%
big_files/enwik6,binary,131072,4096,8,1,6,6,6,6,12,12,3,14.34,104.38,616660,61.67%
big_files/enwik6,binary,131072,4096,8,4,6,6,6,6,12,12,3,13.86,103.95,604953,60.50%
big_files/enwik6,binary,131072,4096,8,16,6,6,6,6,12,12,3,13.98,110.11,571029,57.10%
big_files/enwik6,binary,131072,4096,8,128,6,6,6,6,12,12,3,13.82,112.25,548783,54.88%
big_files/enwik6,binary,131072,4096,8,1024,6,6,6,6,12,12,3,13.72,108.32,547220,54.72%
big_files/enwik6,binary,131072,4096,8,999999999,6,6,6,6,12,12,3,13.66,114.94,547220,54.72%
big_files/enwik6,binary,131072,4096,8,1,6,6,6,6,15,12,3,14.13,101.22,619300,61.93%
big_files/enwik6,binary,131072,4096,8,4,6,6,6,6,15,12,3,14.48,107.09,607764,60.78%
big_files/enwik6,binary,131072,4096,8,16,6,6,6,6,15,12,3,13.98,113.35,574350,57.43%
big_files/enwik6,binary,131072,4096,8,128,6,6,6,6,15,12,3,13.88,109.36,552316,55.23%
big_files/enwik6,binary,131072,4096,8,1024,6,6,6,6,15,12,3,13.35,112.16,550772,55.08%
big_files/enwik6,binary,131072,4096,8,999999999,6,6,6,6,15,12,3,14.03,112.15,550772,55.08%
big_files/enwik6,binary,131072,4096,8,1,6,6,6,12,12,12,3,14.72,100.84,614135,61.41%
big_files/enwik6,binary,131072,4096,8,4,6,6,6,12,12,12,3,14.24,103.46,601464,60.15%
big_files/enwik6,binary,131072,4096,8,16,6,6,6,12,12,12,3,13.81,112.77,567741,56.77%
big_files/enwik6,binary,131072,4096,8,128,6,6,6,12,12,12,3,13.60,110.88,545639,54.56%
big_files/enwik6,binary,131072,4096,8,1024,6,6,6,12,12,12,3,13.58,113.02,544091,54.41%
big_files/enwik6,binary,131072,4096,8,999999999,6,6,6,12,12,12,3,13.70,115.50,544091,54.41%
big_files/enwik6,binary,131072,4096,8,1,6,6,6,12,15,12,3,14.55,96.14,616775,61.68%
big_files/enwik6,binary,131072,4096,8,4,6,6,6,12,15,12,3,14.59,101.15,604276,60.43%
big_files/enwik6,binary,131072,4096,8,16,6,6,6,12,15,12,3,13.70,111.79,571062,57.11%
big_files/enwik6,binary,131072,4096,8,128,6,6,6,12,15,12,3,13.29,110.06,549169,54.92%
big_files/enwik6,binary,131072,4096,8,1024,6,6,6,12,15,12,3,13.82,112.76,547646,54.76%
big_files/enwik6,binary,131072,4096,8,999999999,6,6,6,12,15,12,3,13.62,112.59,547646,54.76%
big_files/enwik6,binary,131072,4096,8,1,6,6,6,15,15,12,3,14.86,102.52,620991,62.10%
big_files/enwik6,binary,131072,4096,8,4,6,6,6,15,15,12,3,13.41,108.07,608939,60.89%
big_files/enwik6,binary,131072,4096,8,16,6,6,6,15,15,12,3,13.92,103.63,576079,57.61%
big_files/enwik6,binary,131072,4096,8,128,6,6,6,15,15,12,3,13.67,103.06,554501,55.45%
big_files/enwik6,binary,131072,4096,8,1024,6,6,6,15,15,12,3,13.15,112.65,552965,55.30%
big_files/enwik6,binary,131072,4096,8,999999999,6,6,6,15,15,12,3,13.59,111.32,552965,55.30%
big_files/enwik6,binary,131072,4096,8,1,6,6,12,12,12,12,3,14.55,102.56,609410,60.94%
big_files/enwik6,binary,131072,4096,8,4,6,6,12,12,12,12,3,13.82,107.66,596071,59.61%
big_files/enwik6,binary,131072,4096,8,16,6,6,12,12,12,12,3,13.92,104.99,562376,56.24%
big_files/enwik6,binary,131072,4096,8,128,6,6,12,12,12,12,3,12.18,102.00,540510,54.05%
big_files/enwik6,binary,131072,4096,8,1024,6,6,12,12,12,12,3,13.85,106.83,539060,53.91%
big_files/enwik6,binary,131072,4096,8,999999999,6,6,12,12,12,12,3,13.40,101.43,539060,53.91%
big_files/enwik6,binary,131072,4096,8,1,6,6,12,12,15,12,3,12.68,93.69,612053,61.21%
big_files/enwik6,binary,131072,4096,8,4,6,6,12,12,15,12,3,13.95,100.22,598883,59.89%
big_files/enwik6,binary,131072,4096,8,16,6,6,12,12,15,12,3,12.41,101.78,565698,56.57%
big_files/enwik6,binary,131072,4096,8,128,6,6,12,12,15,12,3,13.68,110.82,544043,54.40%
big_files/enwik6,binary,131072,4096,8,1024,6,6,12,12,15,12,3,12.97,106.39,542615,54.26%
big_files/enwik6,binary,131072,4096,8,999999999,6,6,12,12,15,12,3,12.42,110.43,542615,54.26%
big_files/enwik6,binary,131072,4096,8,1,6,6,12,15,15,12,3,14.81,100.01,616266,61.63%
big_files/enwik6,binary,131072,4096,8,4,6,6,12,15,15,12,3,13.59,97.84,603546,60.35%
big_files/enwik6,binary,131072,4096,8,16,6,6,12,15,15,12,3,12.95,102.36,570713,57.07%
big_files/enwik6,binary,131072,4096,8,128,6,6,12,15,15,12,3,13.73,104.98,549374,54.94%
big_files/enwik6,binary,131072,4096,8,1024,6,6,12,15,15,12,3,13.76,99.85,547934,54.79%
big_files/enwik6,binary,131072,4096,8,999999999,6,6,12,15,15,12,3,13.99,106.04,547934,54.79%
big_files/enwik6,binary,131072,4096,8,1,6,6,15,15,15,12,3,13.59,98.95,622465,62.25%
big_files/enwik6,binary,131072,4096,8,4,6,6,15,15,15,12,3,14.09,107.33,610467,61.05%
big_files/enwik6,binary,131072,4096,8,16,6,6,15,15,15,12,3,12.45,103.67,577854,57.79%
big_files/enwik6,binary,131072,4096,8,128,6,6,15,15,15,12,3,12.64,105.76,556683,55.67%
big_files/enwik6,binary,131072,4096,8,1024,6,6,15,15,15,12,3,13.99,115.08,555142,55.51%
big_files/enwik6,binary,131072,4096,8,999999999,6,6,15,15,15,12,3,14.11,110.51,555142,55.51%
big_files/enwik6,binary,131072,4096,8,1,6,12,12,12,12,12,3,15.08,101.14,594583,59.46%
big_files/enwik6,binary,131072,4096,8,4,6,12,12,12,12,12,3,13.82,101.85,580091,58.01%
big_files/enwik6,binary,131072,4096,8,16,6,12,12,12,12,12,3,13.09,105.96,547731,54.77%
big_files/enwik6,binary,131072,4096,8,128,6,12,12,12,12,12,3,13.16,109.89,528095,52.81%
big_files/enwik6,binary,131072,4096,8,1024,6,12,12,12,12,12,3,12.56,107.66,526828,52.68%
big_files/enwik6,binary,131072,4096,8,999999999,6,12,12,12,12,12,3,13.17,108.19,526828,52.68%
big_files/enwik6,binary,131072,4096,8,1,6,12,12,12,15,12,3,14.96,104.72,597222,59.72%
big_files/enwik6,binary,131072,4096,8,4,6,12,12,12,15,12,3,14.68,90.89,582903,58.29%
big_files/enwik6,binary,131072,4096,8,16,6,12,12,12,15,12,3,13.97,105.01,551052,55.11%
big_files/enwik6,binary,131072,4096,8,128,6,12,12,12,15,12,3,13.46,106.69,531626,53.16%
big_files/enwik6,binary,131072,4096,8,1024,6,12,12,12,15,12,3,13.77,107.32,530384,53.04%
big_files/enwik6,binary,131072,4096,8,999999999,6,12,12,12,15,12,3,13.99,106.84,530384,53.04%
big_files/enwik6,binary,131072,4096,8,1,6,12,12,15,15,12,3,15.17,104.55,601436,60.14%
big_files/enwik6,binary,131072,4096,8,4,6,12,12,15,15,12,3,13.45,101.19,587566,58.76%
big_files/enwik6,binary,131072,4096,8,16,6,12,12,15,15,12,3,14.48,109.10,556068,55.61%
big_files/enwik6,binary,131072,4096,8,128,6,12,12,15,15,12,3,13.68,112.39,536959,53.70%
big_files/enwik6,binary,131072,4096,8,1024,6,12,12,15,15,12,3,13.95,104.63,535700,53.57%
big_files/enwik6,binary,131072,4096,8,999999999,6,12,12,15,15,12,3,13.93,111.18,535700,53.57%
big_files/enwik6,binary,131072,4096,8,1,6,12,15,15,15,12,3,15.30,104.83,607634,60.76%
big_files/enwik6,binary,131072,4096,8,4,6,12,15,15,15,12,3,14.47,100.83,594487,59.45%
big_files/enwik6,binary,131072,4096,8,16,6,12,15,15,15,12,3,13.45,104.79,563209,56.32%
big_files/enwik6,binary,131072,4096,8,128,6,12,15,15,15,12,3,12.42,107.86,544267,54.43%
big_files/enwik6,binary,131072,4096,8,1024,6,12,15,15,15,12,3,12.46,106.17,542910,54.29%
big_files/enwik6,binary,131072,4096,8,999999999,6,12,15,15,15,12,3,12.84,111.25,542910,54.29%
big_files/enwik6,binary,131072,4096,8,1,6,15,15,15,15,12,3,14.00,95.71,620940,62.09%
big_files/enwik6,binary,131072,4096,8,4,6,15,15,15,15,12,3,13.40,103.66,608040,60.80%
big_files/enwik6,binary,131072,4096,8,16,6,15,15,15,15,12,3,13.91,105.51,576289,57.63%
big_files/enwik6,binary,131072,4096,8,128,6,15,15,15,15,12,3,14.16,103.46,556257,55.63%
big_files/enwik6,binary,131072,4096,8,1024,6,15,15,15,15,12,3,14.15,105.91,554756,55.48%
big_files/enwik6,binary,131072,4096,8,999999999,6,15,15,15,15,12,3,13.86,104.90,554756,55.48%
big_files/enwik6,binary,131072,4096,8,1,12,12,12,12,12,12,3,15.07,101.26,549164,54.92%
big_files/enwik6,binary,131072,4096,8,4,12,12,12,12,12,12,3,14.09,108.75,539324,53.93%
big_files/enwik6,binary,131072,4096,8,16,12,12,12,12,12,12,3,13.82,106.32,518093,51.81%
big_files/enwik6,binary,131072,4096,8,128,12,12,12,12,12,12,3,12.43,100.55,504519,50.45%
big_files/enwik6,binary,131072,4096,8,1024,12,12,12,12,12,12,3,13.08,112.41,503535,50.35%
big_files/enwik6,binary,131072,4096,8,999999999,12,12,12,12,12,12,3,12.67,107.14,503535,50.35%
big_files/enwik6,binary,131072,4096,8,1,12,12,12,12,15,12,3,13.63,96.91,551804,55.18%
big_files/enwik6,binary,131072,4096,8,4,12,12,12,12,15,12,3,13.15,102.54,542136,54.21%
big_files/enwik6,binary,131072,4096,8,16,12,12,12,12,15,12,3,13.85,103.21,521414,52.14%
big_files/enwik6,binary,131072,4096,8,128,12,12,12,12,15,12,3,13.65,105.55,508052,50.81%
big_files/enwik6,binary,131072,4096,8,1024,12,12,12,12,15,12,3,13.64,105.13,507091,50.71%
big_files/enwik6,binary,131072,4096,8,999999999,12,12,12,12,15,12,3,13.95,107.46,507091,50.71%
big_files/enwik6,binary,131072,4096,8,1,12,12,12,15,15,12,3,14.36,103.14,556019,55.60%
big_files/enwik6,binary,131072,4096,8,4,12,12,12,15,15,12,3,13.79,98.74,546797,54.68%
big_files/enwik6,binary,131072,4096,8,16,12,12,12,15,15,12,3,13.96,101.12,526431,52.64%
big_files/enwik6,binary,131072,4096,8,128,12,12,12,15,15,12,3,13.59,106.28,513383,51.34%
big_files/enwik6,binary,131072,4096,8,1024,12,12,12,15,15,12,3,12.67,101.46,512408,51.24%
big_files/enwik6,binary,131072,4096,8,999999999,12,12,12,15,15,12,3,13.42,100.81,512408,51.24%
big_files/enwik6,binary,131072,4096,8,1,12,12,15,15,15,12,3,14.04,101.48,562217,56.22%
big_files/enwik6,binary,131072,4096,8,4,12,12,15,15,15,12,3,13.56,98.77,553720,55.37%
big_files/enwik6,binary,131072,4096,8,16,12,12,15,15,15,12,3,13.63,100.12,533571,53.36%
big_files/enwik6,binary,131072,4096,8,128,12,12,15,15,15,12,3,13.41,101.58,520693,52.07%
big_files/enwik6,binary,131072,4096,8,1024,12,12,15,15,15,12,3,13.27,104.41,519618,51.96%
big_files/enwik6,binary,131072,4096,8,999999999,12,12,15,15,15,12,3,13.58,109.39,519618,51.96%
big_files/enwik6,binary,131072,4096,8,1,12,15,15,15,15,12,3,14.24,103.95,575523,57.55%
big_files/enwik6,binary,131072,4096,8,4,12,15,15,15,15,12,3,14.18,93.52,567273,56.73%
big_files/enwik6,binary,131072,4096,8,16,12,15,15,15,15,12,3,13.88,104.02,546652,54.67%
big_files/enwik6,binary,131072,4096,8,128,12,15,15,15,15,12,3,12.96,102.65,532680,53.27%
big_files/enwik6,binary,131072,4096,8,1024,12,15,15,15,15,12,3,13.78,107.29,531462,53.15%
big_files/enwik6,binary,131072,4096,8,999999999,12,15,15,15,15,12,3,13.52,108.84,531462,53.15%
big_files/enwik6,binary,131072,4096,8,1,15,15,15,15,15,12,3,14.39,96.48,613194,61.32%
big_files/enwik6,binary,131072,4096,8,4,15,15,15,15,15,12,3,13.98,98.44,601058,60.11%
big_files/enwik6,binary,131072,4096,8,16,15,15,15,15,15,12,3,13.77,99.02,573351,57.34%
big_files/enwik6,binary,131072,4096,8,128,15,15,15,15,15,12,3,14.01,105.94,555560,55.56%
big_files/enwik6,binary,131072,4096,8,1024,15,15,15,15,15,12,3,13.86,105.19,554127,55.41%
big_files/enwik6,binary,131072,4096,8,999999999,15,15,15,15,15,12,3,13.31,103.64,554127,55.41%
big_files/enwik6,binary,131072,4096,18,1,6,6,6,6,6,12,4,14.78,103.51,603719,60.37%
big_files/enwik6,binary,131072,4096,18,4,6,6,6,6,6,12,4,14.22,103.47,587694,58.77%
big_files/enwik6,binary,131072,4096,18,16,6,6,6,6,6,12,4,13.80,110.00,547705,54.77%
big_files/enwik6,binary,131072,4096,18,128,6,6,6,6,6,12,4,13.81,112.55,524039,52.40%
big_files/enwik6,binary,131072,4096,18,1024,6,6,6,6,6,12,4,14.00,117.69,523276,52.33%
big_files/enwik6,binary,131072,4096,18,999999999,6,6,6,6,6,12,4,13.74,108.61,523276,52.33%
big_files/enwik6,binary,131072,4096,18,1,6,6,6,6,12,12,4,14.30,109.20,601425,60.14%
big_files/enwik6,binary,131072,4096,18,4,6,6,6,6,12,12,4,14.17,107.61,585237,58.52%
big_files/enwik6,binary,131072,4096,18,16,6,6,6,6,12,12,4,13.91,109.14,544899,54.49%
big_files/enwik6,binary,131072,4096,18,128,6,6,6,6,12,12,4,13.76,116.02,521155,52.12%
big_files/enwik6,binary,131072,4096,18,1024,6,6,6,6,12,12,4,13.01,118.60,520387,52.04%
big_files/enwik6,binary,131072,4096,18,999999999,6,6,6,6,12,12,4,13.78,116.28,520387,52.04%
big_files/enwik6,binary,131072,4096,18,1,6,6,6,6,15,12,4,15.03,109.57,603740,60.37%
big_files/enwik6,binary,131072,4096,18,4,6,6,6,6,15,12,4,14.21,104.72,587717,58.77%
big_files/enwik6,binary,131072,4096,18,16,6,6,6,6,15,12,4,14.23,111.41,547828,54.78%
big_files/enwik6,binary,131072,4096,18,128,6,6,6,6,15,12,4,13.69,114.71,524232,52.42%
big_files/enwik6,binary,131072,4096,18,1024,6,6,6,6,15,12,4,13.71,118.21,523471,52.35%
big_files/enwik6,binary,131072,4096,18,999999999,6,6,6,6,15,12,4,13.75,114.56,523471,52.35%
big_files/enwik6,binary,131072,4096,18,1,6,6,6,12,12,12,4,14.30,110.18,597689,59.77%
big_files/enwik6,binary,131072,4096,18,4,6,6,6,12,12,12,4,14.44,108.11,580931,58.09%
big_files/enwik6,binary,131072,4096,18,16,6,6,6,12,12,12,4,13.81,108.49,540656,54.07%
big_files/enwik6,binary,131072,4096,18,128,6,6,6,12,12,12,4,13.77,116.12,516876,51.69%
big_files/enwik6,binary,131072,4096,18,1024,6,6,6,12,12,12,4,14.05,114.37,516115,51.61%
big_files/enwik6,binary,131072,4096,18,999999999,6,6,6,12,12,12,4,13.81,119.85,516115,51.61%
big_files/enwik6,binary,131072,4096,18,1,6,6,6,12,15,12,4,14.44,104.19,600006,60.00%
big_files/enwik6,binary,131072,4096,18,4,6,6,6,12,15,12,4,14.19,107.10,583414,58.34%
big_files/enwik6,binary,131072,4096,18,16,6,6,6,12,15,12,4,13.51,110.31,543586,54.36%
big_files/enwik6,binary,131072,4096,18,128,6,6,6,12,15,12,4,14.23,111.96,519953,52.00%
big_files/enwik6,binary,131072,4096,18,1024,6,6,6,12,15,12,4,13.27,115.88,519199,51.92%
big_files/enwik6,binary,131072,4096,18,999999999,6,6,6,12,15,12,4,13.44,116.95,519199,51.92%
big_files/enwik6,binary,131072,4096,18,1,6,6,6,15,15,12,4,14.58,102.25,603704,60.37%
big_files/enwik6,binary,131072,4096,18,4,6,6,6,15,15,12,4,14.34,98.09,587531,58.75%
big_files/enwik6,binary,131072,4096,18,16,6,6,6,15,15,12,4,13.76,103.30,547997,54.80%
big_files/enwik6,binary,131072,4096,18,128,6,6,6,15,15,12,4,13.50,114.12,524652,52.47%
big_files/enwik6,binary,131072,4096,18,1024,6,6,6,15,15,12,4,13.93,115.46,523896,52.39%
big_files/enwik6,binary,131072,4096,18,999999999,6,6,6,15,15,12,4,13.48,114.66,523896,52.39%
big_files/enwik6,binary,131072,4096,18,1,6,6,12,12,12,12,4,14.49,102.51,591501,59.15%
big_files/enwik6,binary,131072,4096,18,4,6,6,12,12,12,12,4,13.84,107.21,573968,57.40%
big_files/enwik6,binary,131072,4096,18,16,6,6,12,12,12,12,4,14.03,109.98,533884,53.39%
big_files/enwik6,binary,131072,4096,18,128,6,6,12,12,12,12,4,13.47,120.00,510121,51.01%
big_files/enwik6,binary,131072,4096,18,1024,6,6,12,12,12,12,4,13.73,116.88,509385,50.94%
big_files/enwik6,binary,131072,4096,18,999999999,6,6,12,12,12,12,4,13.85,116.66,509385,50.94%
big_files/enwik6,binary,131072,4096,18,1,6,6,12,12,15,12,4,15.01,106.33,593816,59.38%
big_files/enwik6,binary,131072,4096,18,4,6,6,12,12,15,12,4,14.50,104.89,576450,57.64%
big_files/enwik6,binary,131072,4096,18,16,6,6,12,12,15,12,4,13.47,114.31,536813,53.68%
big_files/enwik6,binary,131072,4096,18,128,6,6,12,12,15,12,4,13.67,111.37,513198,51.32%
big_files/enwik6,binary,131072,4096,18,1024,6,6,12,12,15,12,4,13.52,111.37,512467,51.25%
big_files/enwik6,binary,131072,4096,18,999999999,6,6,12,12,15,12,4,13.60,109.08,512467,51.25%
big_files/enwik6,binary,131072,4096,18,1,6,6,12,15,15,12,4,14.80,105.27,597514,59.75%
big_files/enwik6,binary,131072,4096,18,4,6,6,12,15,15,12,4,14.13,107.33,580567,58.06%
big_files/enwik6,binary,131072,4096,18,16,6,6,12,15,15,12,4,13.79,111.96,541222,54.12%
big_files/enwik6,binary,131072,4096,18,128,6,6,12,15,15,12,4,13.89,114.49,517899,51.79%
big_files/enwik6,binary,131072,4096,18,1024,6,6,12,15,15,12,4,13.42,113.65,517165,51.72%
big_files/enwik6,binary,131072,4096,18,999999999,6,6,12,15,15,12,4,13.68,118.87,517165,51.72%
big_files/enwik6,binary,131072,4096,18,1,6,6,15,15,15,12,4,14.64,101.33,603222,60.32%
big_files/enwik6,binary,131072,4096,18,4,6,6,15,15,15,12,4,14.02,107.96,586777,58.68%
big_files/enwik6,binary,131072,4096,18,16,6,6,15,15,15,12,4,12.78,104.86,547599,54.76%
big_files/enwik6,binary,131072,4096,18,128,6,6,15,15,15,12,4,13.38,110.63,524520,52.45%
big_files/enwik6,binary,131072,4096,18,1024,6,6,15,15,15,12,4,13.89,111.40,523767,52.38%
big_files/enwik6,binary,131072,4096,18,999999999,6,6,15,15,15,12,4,13.67,115.74,523767,52.38%
big_files/enwik6,binary,131072,4096,18,1,6,12,12,12,12,12,4,14.37,107.97,573129,57.31%
big_files/enwik6,binary,131072,4096,18,4,6,12,12,12,12,12,4,13.76,104.21,554864,55.49%
big_files/enwik6,binary,131072,4096,18,16,6,12,12,12,12,12,4,13.45,110.37,516632,51.66%
big_files/enwik6,binary,131072,4096,18,128,6,12,12,12,12,12,4,13.94,118.04,495128,49.51%
big_files/enwik6,binary,131072,4096,18,1024,6,12,12,12,12,12,4,14.35,112.91,494436,49.44%
big_files/enwik6,binary,131072,4096,18,999999999,6,12,12,12,12,12,4,13.23,116.38,494436,49.44%
big_files/enwik6,binary,131072,4096,18,1,6,12,12,12,15,12,4,14.88,103.00,575445,57.54%
big_files/enwik6,binary,131072,4096,18,4,6,12,12,12,15,12,4,14.43,101.64,557346,55.73%
big_files/enwik6,binary,131072,4096,18,16,6,12,12,12,15,12,4,12.50,103.41,519560,51.96%
big_files/enwik6,binary,131072,4096,18,128,6,12,12,12,15,12,4,12.31,104.57,498203,49.82%
big_files/enwik6,binary,131072,4096,18,1024,6,12,12,12,15,12,4,12.18,116.31,497517,49.75%
big_files/enwik6,binary,131072,4096,18,999999999,6,12,12,12,15,12,4,12.93,115.16,497517,49.75%
big_files/enwik6,binary,131072,4096,18,1,6,12,12,15,15,12,4,12.86,101.53,579141,57.91%
big_files/enwik6,binary,131072,4096,18,4,6,12,12,15,15,12,4,13.41,106.23,561462,56.15%
big_files/enwik6,binary,131072,4096,18,16,6,12,12,15,15,12,4,13.40,108.15,523968,52.40%
big_files/enwik6,binary,131072,4096,18,128,6,12,12,15,15,12,4,11.74,106.32,502905,50.29%
big_files/enwik6,binary,131072,4096,18,1024,6,12,12,15,15,12,4,12.06,113.50,502216,50.22%
big_files/enwik6,binary,131072,4096,18,999999999,6,12,12,15,15,12,4,11.67,111.74,502216,50.22%
big_files/enwik6,binary,131072,4096,18,1,6,12,15,15,15,12,4,12.48,95.67,584849,58.48%
big_files/enwik6,binary,131072,4096,18,4,6,12,15,15,15,12,4,12.47,99.77,567673,56.77%
big_files/enwik6,binary,131072,4096,18,16,6,12,15,15,15,12,4,11.85,101.97,530345,53.03%
big_files/enwik6,binary,131072,4096,18,128,6,12,15,15,15,12,4,11.86,110.52,509526,50.95%
big_files/enwik6,binary,131072,4096,18,1024,6,12,15,15,15,12,4,11.47,107.98,508820,50.88%
big_files/enwik6,binary,131072,4096,18,999999999,6,12,15,15,15,12,4,11.76,106.19,508820,50.88%
big_files/enwik6,binary,131072,4096,18,1,6,15,15,15,15,12,4,13.15,101.96,597309,59.73%
big_files/enwik6,binary,131072,4096,18,4,6,15,15,15,15,12,4,11.68,101.57,580254,58.03%
big_files/enwik6,binary,131072,4096,18,16,6,15,15,15,15,12,4,11.74,104.79,542383,54.24%
big_files/enwik6,binary,131072,4096,18,128,6,15,15,15,15,12,4,11.93,114.24,520619,52.06%
big_files/enwik6,binary,131072,4096,18,1024,6,15,15,15,15,12,4,12.15,109.77,519881,51.99%
big_files/enwik6,binary,131072,4096,18,999999999,6,15,15,15,15,12,4,11.98,108.77,519881,51.99%
big_files/enwik6,binary,131072,4096,18,1,12,12,12,12,12,12,4,12.74,105.58,517733,51.77%
big_files/enwik6,binary,131072,4096,18,4,12,12,12,12,12,12,4,12.60,106.48,505851,50.59%
big_files/enwik6,binary,131072,4096,18,16,12,12,12,12,12,12,4,12.03,111.69,480658,48.07%
big_files/enwik6,binary,131072,4096,18,128,12,12,12,12,12,12,4,12.41,110.10,465648,46.56%
big_files/enwik6,binary,131072,4096,18,1024,12,12,12,12,12,12,4,12.34,112.14,465105,46.51%
big_files/enwik6,binary,131072,4096,18,999999999,12,12,12,12,12,12,4,12.05,109.24,465105,46.51%
big_files/enwik6,binary,131072,4096,18,1,12,12,12,12,15,12,4,13.26,107.70,520050,52.00%
big_files/enwik6,binary,131072,4096,18,4,12,12,12,12,15,12,4,12.75,107.34,508333,50.83%
big_files/enwik6,binary,131072,4096,18,16,12,12,12,12,15,12,4,12.39,113.18,483587,48.36%
big_files/enwik6,binary,131072,4096,18,128,12,12,12,12,15,12,4,12.22,109.72,468727,46.87%
big_files/enwik6,binary,131072,4096,18,1024,12,12,12,12,15,12,4,12.41,113.80,468187,46.82%
big_files/enwik6,binary,131072,4096,18,999999999,12,12,12,12,15,12,4,11.99,112.08,468187,46.82%
big_files/enwik6,binary,131072,4096,18,1,12,12,12,15,15,12,4,12.45,105.38,523746,52.37%
big_files/enwik6,binary,131072,4096,18,4,12,12,12,15,15,12,4,12.68,106.01,512451,51.25%
big_files/enwik6,binary,131072,4096,18,16,12,12,12,15,15,12,4,12.44,108.58,487997,48.80%
big_files/enwik6,binary,131072,4096,18,128,12,12,12,15,15,12,4,11.85,105.80,473427,47.34%
big_files/enwik6,binary,131072,4096,18,1024,12,12,12,15,15,12,4,11.92,112.19,472886,47.29%
big_files/enwik6,binary,131072,4096,18,999999999,12,12,12,15,15,12,4,11.70,115.82,472886,47.29%
big_files/enwik6,binary,131072,4096,18,1,12,12,15,15,15,12,4,12.10,107.13,529452,52.95%
big_files/enwik6,binary,131072,4096,18,4,12,12,15,15,15,12,4,12.37,103.13,518660,51.87%
big_files/enwik6,binary,131072,4096,18,16,12,12,15,15,15,12,4,11.78,107.49,494372,49.44%
big_files/enwik6,binary,131072,4096,18,128,12,12,15,15,15,12,4,11.87,114.23,480047,48.00%
big_files/enwik6,binary,131072,4096,18,1024,12,12,15,15,15,12,4,11.99,112.28,479488,47.95%
big_files/enwik6,binary,131072,4096,18,999999999,12,12,15,15,15,12,4,12.01,99.53,479488,47.95%
big_files/enwik6,binary,131072,4096,18,1,12,15,15,15,15,12,4,12.59,104.97,541914,54.19%
big_files/enwik6,binary,131072,4096,18,4,12,15,15,15,15,12,4,12.46,104.56,531242,53.12%
big_files/enwik6,binary,131072,4096,18,16,12,15,15,15,15,12,4,12.35,104.94,506410,50.64%
big_files/enwik6,binary,131072,4096,18,128,12,15,15,15,15,12,4,12.00,108.75,491140,49.11%
big_files/enwik6,binary,131072,4096,18,1024,12,15,15,15,15,12,4,11.86,110.49,490551,49.06%
big_files/enwik6,binary,131072,4096,18,999999999,12,15,15,15,15,12,4,12.25,105.30,490551,49.06%
big_files/enwik6,binary,131072,4096,18,1,15,15,15,15,15,12,4,12.79,99.00,577958,57.80%
big_files/enwik6,binary,131072,4096,18,4,15,15,15,15,15,12,4,12.22,98.80,563165,56.32%
big_files/enwik6,binary,131072,4096,18,16,15,15,15,15,15,12,4,11.82,103.36,531598,53.16%
big_files/enwik6,binary,131072,4096,18,128,15,15,15,15,15,12,4,11.89,105.47,512995,51.30%
big_files/enwik6,binary,131072,4096,18,1024,15,15,15,15,15,12,4,11.86,110.79,512317,51.23%
big_files/enwik6,binary,131072,4096,18,999999999,15,15,15,15,15,12,4,11.93,113.95,512317,51.23%
big_files/enwik6,binary,131072,4096,32,1,6,6,6,6,6,12,5,12.77,103.86,617580,61.76%
big_files/enwik6,binary,131072,4096,32,4,6,6,6,6,6,12,5,12.03,105.14,599552,59.96%
big_files/enwik6,binary,131072,4096,32,16,6,6,6,6,6,12,5,12.56,107.14,557293,55.73%
big_files/enwik6,binary,131072,4096,32,128,6,6,6,6,6,12,5,12.07,113.62,533238,53.32%
big_files/enwik6,binary,131072,4096,32,1024,6,6,6,6,6,12,5,11.91,113.29,532845,53.28%
big_files/enwik6,binary,131072,4096,32,999999999,6,6,6,6,6,12,5,11.86,111.95,532845,53.28%
big_files/enwik6,binary,131072,4096,32,1,6,6,6,6,12,12,5,12.73,107.10,614679,61.47%
big_files/enwik6,binary,131072,4096,32,4,6,6,6,6,12,12,5,11.83,108.92,596433,59.64%
big_files/enwik6,binary,131072,4096,32,16,6,6,6,6,12,12,5,11.87,104.68,553688,55.37%
big_files/enwik6,binary,131072,4096,32,128,6,6,6,6,12,12,5,12.23,112.60,529495,52.95%
big_files/enwik6,binary,131072,4096,32,1024,6,6,6,6,12,12,5,14.04,116.53,529102,52.91%
big_files/enwik6,binary,131072,4096,32,999999999,6,6,6,6,12,12,5,14.54,116.81,529102,52.91%
big_files/enwik6,binary,131072,4096,32,1,6,6,6,6,15,12,5,15.30,103.87,616947,61.69%
big_files/enwik6,binary,131072,4096,32,4,6,6,6,6,15,12,5,14.32,109.49,598857,59.89%
big_files/enwik6,binary,131072,4096,32,16,6,6,6,6,15,12,5,14.39,114.50,556555,55.66%
big_files/enwik6,binary,131072,4096,32,128,6,6,6,6,15,12,5,13.51,117.17,532521,53.25%
big_files/enwik6,binary,131072,4096,32,1024,6,6,6,6,15,12,5,12.19,110.51,532128,53.21%
big_files/enwik6,binary,131072,4096,32,999999999,6,6,6,6,15,12,5,11.93,117.51,532128,53.21%
big_files/enwik6,binary,131072,4096,32,1,6,6,6,12,12,12,5,12.07,104.49,609902,60.99%
big_files/enwik6,binary,131072,4096,32,4,6,6,6,12,12,12,5,12.60,105.40,591008,59.10%
big_files/enwik6,binary,131072,4096,32,16,6,6,6,12,12,12,5,12.26,108.03,548256,54.83%
big_files/enwik6,binary,131072,4096,32,128,6,6,6,12,12,12,5,12.21,110.61,523879,52.39%
big_files/enwik6,binary,131072,4096,32,1024,6,6,6,12,12,12,5,12.17,107.96,523492,52.35%
big_files/enwik6,binary,131072,4096,32,999999999,6,6,6,12,12,12,5,12.65,110.93,523492,52.35%
big_files/enwik6,binary,131072,4096,32,1,6,6,6,12,15,12,5,13.94,108.07,612169,61.22%
big_files/enwik6,binary,131072,4096,32,4,6,6,6,12,15,12,5,13.27,105.32,593432,59.34%
big_files/enwik6,binary,131072,4096,32,16,6,6,6,12,15,12,5,12.78,108.37,551122,55.11%
big_files/enwik6,binary,131072,4096,32,128,6,6,6,12,15,12,5,14.08,111.23,526904,52.69%
big_files/enwik6,binary,131072,4096,32,1024,6,6,6,12,15,12,5,13.85,113.77,526518,52.65%
big_files/enwik6,binary,131072,4096,32,999999999,6,6,6,12,15,12,5,14.07,113.44,526518,52.65%
big_files/enwik6,binary,131072,4096,32,1,6,6,6,15,15,12,5,13.86,103.81,615808,61.58%
big_files/enwik6,binary,131072,4096,32,4,6,6,6,15,15,12,5,13.44,107.27,597455,59.75%
big_files/enwik6,binary,131072,4096,32,16,6,6,6,15,15,12,5,14.44,107.95,555444,55.54%
big_files/enwik6,binary,131072,4096,32,128,6,6,6,15,15,12,5,14.34,112.15,531561,53.16%
big_files/enwik6,binary,131072,4096,32,1024,6,6,6,15,15,12,5,14.24,117.11,531174,53.12%
big_files/enwik6,binary,131072,4096,32,999999999,6,6,6,15,15,12,5,14.36,104.28,531174,53.12%
big_files/enwik6,binary,131072,4096,32,1,6,6,12,12,12,12,5,15.04,102.55,602012,60.20%
big_files/enwik6,binary,131072,4096,32,4,6,6,12,12,12,12,5,14.50,106.69,582219,58.22%
big_files/enwik6,binary,131072,4096,32,16,6,6,12,12,12,12,5,14.19,104.28,539605,53.96%
big_files/enwik6,binary,131072,4096,32,128,6,6,12,12,12,12,5,13.83,116.42,515207,51.52%
big_files/enwik6,binary,131072,4096,32,1024,6,6,12,12,12,12,5,13.82,114.63,514830,51.48%
big_files/enwik6,binary,131072,4096,32,999999999,6,6,12,12,12,12,5,14.00,118.79,514830,51.48%
big_files/enwik6,binary,131072,4096,32,1,6,6,12,12,15,12,5,15.21,93.56,604281,60.43%
big_files/enwik6,binary,131072,4096,32,4,6,6,12,12,15,12,5,13.91,104.22,584644,58.46%
big_files/enwik6,binary,131072,4096,32,16,6,6,12,12,15,12,5,14.15,111.84,542472,54.25%
big_files/enwik6,binary,131072,4096,32,128,6,6,12,12,15,12,5,13.77,109.54,518229,51.82%
big_files/enwik6,binary,131072,4096,32,1024,6,6,12,12,15,12,5,13.83,114.68,517854,51.79%
big_files/enwik6,binary,131072,4096,32,999999999,6,6,12,12,15,12,5,14.06,110.69,517854,51.79%
big_files/enwik6,binary,131072,4096,32,1,6,6,12,15,15,12,5,14.96,96.37,607919,60.79%
big_files/enwik6,binary,131072,4096,32,4,6,6,12,15,15,12,5,13.90,107.76,588665,58.87%
big_files/enwik6,binary,131072,4096,32,16,6,6,12,15,15,12,5,14.20,112.95,546793,54.68%
big_files/enwik6,binary,131072,4096,32,128,6,6,12,15,15,12,5,14.05,114.71,522889,52.29%
big_files/enwik6,binary,131072,4096,32,1024,6,6,12,15,15,12,5,13.62,117.20,522509,52.25%
big_files/enwik6,binary,131072,4096,32,999999999,6,6,12,15,15,12,5,13.86,116.84,522509,52.25%
big_files/enwik6,binary,131072,4096,32,1,6,6,15,15,15,12,5,14.64,100.38,613583,61.36%
big_files/enwik6,binary,131072,4096,32,4,6,6,15,15,15,12,5,14.47,104.32,594803,59.48%
big_files/enwik6,binary,131072,4096,32,16,6,6,15,15,15,12,5,13.77,110.05,553100,55.31%
big_files/enwik6,binary,131072,4096,32,128,6,6,15,15,15,12,5,11.54,111.07,529431,52.94%
big_files/enwik6,binary,131072,4096,32,1024,6,6,15,15,15,12,5,11.52,105.93,529046,52.90%
big_files/enwik6,binary,131072,4096,32,999999999,6,6,15,15,15,12,5,11.97,107.45,529046,52.90%
big_files/enwik6,binary,131072,4096,32,1,6,12,12,12,12,12,5,12.77,103.92,579852,57.99%
big_files/enwik6,binary,131072,4096,32,4,6,12,12,12,12,12,5,12.56,105.47,559329,55.93%
big_files/enwik6,binary,131072,4096,32,16,6,12,12,12,12,12,5,12.43,110.69,518801,51.88%
big_files/enwik6,binary,131072,4096,32,128,6,12,12,12,12,12,5,13.47,111.97,496959,49.70%
big_files/enwik6,binary,131072,4096,32,1024,6,12,12,12,12,12,5,14.36,110.87,496604,49.66%
big_files/enwik6,binary,131072,4096,32,999999999,6,12,12,12,12,12,5,13.62,118.42,496604,49.66%
big_files/enwik6,binary,131072,4096,32,1,6,12,12,12,15,12,5,14.96,102.14,582119,58.21%
big_files/enwik6,binary,131072,4096,32,4,6,12,12,12,15,12,5,14.28,104.71,561754,56.18%
big_files/enwik6,binary,131072,4096,32,16,6,12,12,12,15,12,5,14.06,113.49,521669,52.17%
big_files/enwik6,binary,131072,4096,32,128,6,12,12,12,15,12,5,13.16,111.74,499982,50.00%
big_files/enwik6,binary,131072,4096,32,1024,6,12,12,12,15,12,5,13.47,112.53,499629,49.96%
big_files/enwik6,binary,131072,4096,32,999999999,6,12,12,12,15,12,5,13.91,115.09,499629,49.96%
big_files/enwik6,binary,131072,4096,32,1,6,12,12,15,15,12,5,13.98,103.15,585757,58.58%
big_files/enwik6,binary,131072,4096,32,4,6,12,12,15,15,12,5,14.13,105.68,565777,56.58%
big_files/enwik6,binary,131072,4096,32,16,6,12,12,15,15,12,5,14.05,103.53,525989,52.60%
big_files/enwik6,binary,131072,4096,32,128,6,12,12,15,15,12,5,13.97,114.72,504641,50.46%
big_files/enwik6,binary,131072,4096,32,1024,6,12,12,15,15,12,5,14.18,113.27,504283,50.43%
big_files/enwik6,binary,131072,4096,32,999999999,6,12,12,15,15,12,5,14.01,113.35,504283,50.43%
big_files/enwik6,binary,131072,4096,32,1,6,12,15,15,15,12,5,14.71,96.33,591420,59.14%
big_files/enwik6,binary,131072,4096,32,4,6,12,15,15,15,12,5,14.09,106.75,571918,57.19%
big_files/enwik6,binary,131072,4096,32,16,6,12,15,15,15,12,5,14.08,111.15,532298,53.23%
big_files/enwik6,binary,131072,4096,32,128,6,12,15,15,15,12,5,13.74,116.69,511185,51.12%
big_files/enwik6,binary,131072,4096,32,1024,6,12,15,15,15,12,5,14.06,118.80,510821,51.08%
big_files/enwik6,binary,131072,4096,32,999999999,6,12,15,15,15,12,5,13.57,107.49,510821,51.08%
big_files/enwik6,binary,131072,4096,32,1,6,15,15,15,15,12,5,13.61,102.27,603759,60.38%
big_files/enwik6,binary,131072,4096,32,4,6,15,15,15,15,12,5,14.05,102.14,584377,58.44%
big_files/enwik6,binary,131072,4096,32,16,6,15,15,15,15,12,5,13.75,108.83,544199,54.42%
big_files/enwik6,binary,131072,4096,32,128,6,15,15,15,15,12,5,13.39,111.72,522162,52.22%
big_files/enwik6,binary,131072,4096,32,1024,6,15,15,15,15,12,5,13.72,112.00,521784,52.18%
big_files/enwik6,binary,131072,4096,32,999999999,6,15,15,15,15,12,5,13.94,112.74,521784,52.18%
big_files/enwik6,binary,131072,4096,32,1,12,12,12,12,12,12,5,14.30,99.84,513072,51.31%
big_files/enwik6,binary,131072,4096,32,4,12,12,12,12,12,12,5,14.09,108.87,500638,50.06%
big_files/enwik6,binary,131072,4096,32,16,12,12,12,12,12,12,5,14.04,108.91,475513,47.55%
big_files/enwik6,binary,131072,4096,32,128,12,12,12,12,12,12,5,14.21,113.89,461019,46.10%
big_files/enwik6,binary,131072,4096,32,1024,12,12,12,12,12,12,5,13.69,117.31,460733,46.07%
big_files/enwik6,binary,131072,4096,32,999999999,12,12,12,12,12,12,5,14.22,110.97,460733,46.07%
big_files/enwik6,binary,131072,4096,32,1,12,12,12,12,15,12,5,14.68,104.74,515338,51.53%
big_files/enwik6,binary,131072,4096,32,4,12,12,12,12,15,12,5,14.58,104.11,503062,50.31%
big_files/enwik6,binary,131072,4096,32,16,12,12,12,12,15,12,5,14.01,114.73,478381,47.84%
big_files/enwik6,binary,131072,4096,32,128,12,12,12,12,15,12,5,13.81,112.94,464041,46.40%
big_files/enwik6,binary,131072,4096,32,1024,12,12,12,12,15,12,5,14.21,111.38,463757,46.38%
big_files/enwik6,binary,131072,4096,32,999999999,12,12,12,12,15,12,5,14.43,118.01,463757,46.38%
big_files/enwik6,binary,131072,4096,32,1,12,12,12,15,15,12,5,14.37,103.00,518978,51.90%
big_files/enwik6,binary,131072,4096,32,4,12,12,12,15,15,12,5,14.35,102.28,507082,50.71%
big_files/enwik6,binary,131072,4096,32,16,12,12,12,15,15,12,5,14.20,110.58,482703,48.27%
big_files/enwik6,binary,131072,4096,32,128,12,12,12,15,15,12,5,13.86,115.02,468700,46.87%
big_files/enwik6,binary,131072,4096,32,1024,12,12,12,15,15,12,5,14.17,106.34,468411,46.84%
big_files/enwik6,binary,131072,4096,32,999999999,12,12,12,15,15,12,5,14.27,113.89,468411,46.84%
big_files/enwik6,binary,131072,4096,32,1,12,12,15,15,15,12,5,14.99,106.97,524641,52.46%
big_files/enwik6,binary,131072,4096,32,4,12,12,15,15,15,12,5,13.98,110.76,513223,51.32%
big_files/enwik6,binary,131072,4096,32,16,12,12,15,15,15,12,5,14.04,110.96,489009,48.90%
big_files/enwik6,binary,131072,4096,32,128,12,12,15,15,15,12,5,13.61,113.83,475245,47.52%
big_files/enwik6,binary,131072,4096,32,1024,12,12,15,15,15,12,5,13.98,116.42,474948,47.49%
big_files/enwik6,binary,131072,4096,32,999999999,12,12,15,15,15,12,5,13.41,108.11,474948,47.49%
big_files/enwik6,binary,131072,4096,32,1,12,15,15,15,15,12,5,14.86,106.66,536978,53.70%
big_files/enwik6,binary,131072,4096,32,4,12,15,15,15,15,12,5,13.86,108.41,525685,52.57%
big_files/enwik6,binary,131072,4096,32,16,12,15,15,15,15,12,5,14.13,113.37,500912,50.09%
big_files/enwik6,binary,131072,4096,32,128,12,15,15,15,15,12,5,14.01,116.38,486222,48.62%
big_files/enwik6,binary,131072,4096,32,1024,12,15,15,15,15,12,5,13.26,109.32,485914,48.59%
big_files/enwik6,binary,131072,4096,32,999999999,12,15,15,15,15,12,5,13.42,113.97,485914,48.59%
big_files/enwik6,binary,131072,4096,32,1,15,15,15,15,15,12,5,14.79,103.17,572726,57.27%
big_files/enwik6,binary,131072,4096,32,4,15,15,15,15,15,12,5,13.94,102.37,557228,55.72%
big_files/enwik6,binary,131072,4096,32,16,15,15,15,15,15,12,5,13.33,105.98,525809,52.58%
big_files/enwik6,binary,131072,4096,32,128,15,15,15,15,15,12,5,13.96,111.97,507943,50.79%
big_files/enwik6,binary,131072,4096,32,1024,15,15,15,15,15,12,5,13.78,109.91,507598,50.76%
big_files/enwik6,binary,131072,4096,32,999999999,15,15,15,15,15,12,5,13.59,109.86,507598,50.76%
big_files/enwik6,binary,131072,4096,64,1,6,6,6,6,6,12,6,14.46,104.07,635491,63.55%
big_files/enwik6,binary,131072,4096,64,4,6,6,6,6,6,12,6,14.20,109.41,615971,61.60%
big_files/enwik6,binary,131072,4096,64,16,6,6,6,6,6,12,6,14.27,107.94,571901,57.19%
big_files/enwik6,binary,131072,4096,64,128,6,6,6,6,6,12,6,13.94,118.01,547627,54.76%
big_files/enwik6,binary,131072,4096,64,1024,6,6,6,6,6,12,6,13.85,116.12,547389,54.74%
big_files/enwik6,binary,131072,4096,64,999999999,6,6,6,6,6,12,6,13.45,113.26,547389,54.74%
big_files/enwik6,binary,131072,4096,64,1,6,6,6,6,12,12,6,13.98,98.45,631957,63.20%
big_files/enwik6,binary,131072,4096,64,4,6,6,6,6,12,12,6,14.37,110.19,612197,61.22%
big_files/enwik6,binary,131072,4096,64,16,6,6,6,6,12,12,6,13.74,109.34,567510,56.75%
big_files/enwik6,binary,131072,4096,64,128,6,6,6,6,12,12,6,13.73,112.93,543031,54.30%
big_files/enwik6,binary,131072,4096,64,1024,6,6,6,6,12,12,6,13.95,111.26,542794,54.28%
big_files/enwik6,binary,131072,4096,64,999999999,6,6,6,6,12,12,6,13.75,110.17,542794,54.28%
big_files/enwik6,binary,131072,4096,64,1,6,6,6,6,15,12,6,14.00,105.75,634204,63.42%
big_files/enwik6,binary,131072,4096,64,4,6,6,6,6,15,12,6,13.91,106.51,614586,61.46%
big_files/enwik6,binary,131072,4096,64,16,6,6,6,6,15,12,6,13.84,105.74,570344,57.03%
big_files/enwik6,binary,131072,4096,64,128,6,6,6,6,15,12,6,13.62,104.35,546034,54.60%
big_files/enwik6,binary,131072,4096,64,1024,6,6,6,6,15,12,6,13.15,118.28,545797,54.58%
big_files/enwik6,binary,131072,4096,64,999999999,6,6,6,6,15,12,6,13.82,116.05,545797,54.58%
big_files/enwik6,binary,131072,4096,64,1,6,6,6,12,12,12,6,14.11,105.60,626108,62.61%
big_files/enwik6,binary,131072,4096,64,4,6,6,6,12,12,12,6,14.12,104.62,605631,60.56%
big_files/enwik6,binary,131072,4096,64,16,6,6,6,12,12,12,6,14.08,109.41,560830,56.08%
big_files/enwik6,binary,131072,4096,64,128,6,6,6,12,12,12,6,14.38,113.32,536084,53.61%
big_files/enwik6,binary,131072,4096,64,1024,6,6,6,12,12,12,6,14.08,112.86,535856,53.59%
big_files/enwik6,binary,131072,4096,64,999999999,6,6,6,12,12,12,6,13.82,111.95,535856,53.59%
big_files/enwik6,binary,131072,4096,64,1,6,6,6,12,15,12,6,14.09,103.93,628353,62.84%
big_files/enwik6,binary,131072,4096,64,4,6,6,6,12,15,12,6,13.07,104.87,608022,60.80%
big_files/enwik6,binary,131072,4096,64,16,6,6,6,12,15,12,6,14.24,110.40,563665,56.37%
big_files/enwik6,binary,131072,4096,64,128,6,6,6,12,15,12,6,13.26,116.78,539085,53.91%
big_files/enwik6,binary,131072,4096,64,1024,6,6,6,12,15,12,6,13.98,103.57,538857,53.89%
big_files/enwik6,binary,131072,4096,64,999999999,6,6,6,12,15,12,6,13.71,113.63,538857,53.89%
big_files/enwik6,binary,131072,4096,64,1,6,6,6,15,15,12,6,12.96,86.90,631979,63.20%
big_files/enwik6,binary,131072,4096,64,4,6,6,6,15,15,12,6,13.63,106.24,612003,61.20%
big_files/enwik6,binary,131072,4096,64,16,6,6,6,15,15,12,6,13.10,110.84,567965,56.80%
big_files/enwik6,binary,131072,4096,64,128,6,6,6,15,15,12,6,12.63,100.42,543728,54.37%
big_files/enwik6,binary,131072,4096,64,1024,6,6,6,15,15,12,6,12.19,110.95,543497,54.35%
big_files/enwik6,binary,131072,4096,64,999999999,6,6,6,15,15,12,6,13.47,115.84,543497,54.35%
big_files/enwik6,binary,131072,4096,64,1,6,6,12,12,12,12,6,15.03,103.68,616521,61.65%
big_files/enwik6,binary,131072,4096,64,4,6,6,12,12,12,12,6,14.30,101.52,594979,59.50%
big_files/enwik6,binary,131072,4096,64,16,6,6,12,12,12,12,6,14.43,115.09,550282,55.03%
big_files/enwik6,binary,131072,4096,64,128,6,6,12,12,12,12,6,13.78,110.53,525457,52.55%
big_files/enwik6,binary,131072,4096,64,1024,6,6,12,12,12,12,6,14.04,116.20,525238,52.52%
big_files/enwik6,binary,131072,4096,64,999999999,6,6,12,12,12,12,6,14.18,111.61,525238,52.52%
big_files/enwik6,binary,131072,4096,64,1,6,6,12,12,15,12,6,14.97,92.67,618768,61.88%
big_files/enwik6,binary,131072,4096,64,4,6,6,12,12,15,12,6,12.99,102.04,597369,59.74%
big_files/enwik6,binary,131072,4096,64,16,6,6,12,12,15,12,6,14.23,102.61,553116,55.31%
big_files/enwik6,binary,131072,4096,64,128,6,6,12,12,15,12,6,13.49,115.96,528458,52.85%
big_files/enwik6,binary,131072,4096,64,1024,6,6,12,12,15,12,6,13.21,115.64,528242,52.82%
big_files/enwik6,binary,131072,4096,64,999999999,6,6,12,12,15,12,6,12.58,114.56,528242,52.82%
big_files/enwik6,binary,131072,4096,64,1,6,6,12,15,15,12,6,13.10,102.58,622393,62.24%
big_files/enwik6,binary,131072,4096,64,4,6,6,12,15,15,12,6,12.99,103.17,601348,60.13%
big_files/enwik6,binary,131072,4096,64,16,6,6,12,15,15,12,6,13.62,108.34,557418,55.74%
big_files/enwik6,binary,131072,4096,64,128,6,6,12,15,15,12,6,14.40,111.49,533102,53.31%
big_files/enwik6,binary,131072,4096,64,1024,6,6,12,15,15,12,6,14.27,109.46,532879,53.29%
big_files/enwik6,binary,131072,4096,64,999999999,6,6,12,15,15,12,6,14.21,105.08,532879,53.29%
big_files/enwik6,binary,131072,4096,64,1,6,6,15,15,15,12,6,13.48,102.69,628028,62.80%
big_files/enwik6,binary,131072,4096,64,4,6,6,15,15,15,12,6,14.31,98.65,607452,60.75%
big_files/enwik6,binary,131072,4096,64,16,6,6,15,15,15,12,6,14.07,112.41,563705,56.37%
big_files/enwik6,binary,131072,4096,64,128,6,6,15,15,15,12,6,13.34,107.98,539630,53.96%
big_files/enwik6,binary,131072,4096,64,1024,6,6,15,15,15,12,6,13.65,111.70,539402,53.94%
big_files/enwik6,binary,131072,4096,64,999999999,6,6,15,15,15,12,6,14.26,114.55,539402,53.94%
big_files/enwik6,binary,131072,4096,64,1,6,12,12,12,12,12,6,14.56,105.93,590484,59.05%
big_files/enwik6,binary,131072,4096,64,4,6,12,12,12,12,12,6,14.61,104.00,568218,56.82%
big_files/enwik6,binary,131072,4096,64,16,6,12,12,12,12,12,6,14.03,109.43,525847,52.58%
big_files/enwik6,binary,131072,4096,64,128,6,12,12,12,12,12,6,13.91,118.79,503882,50.39%
big_files/enwik6,binary,131072,4096,64,1024,6,12,12,12,12,12,6,14.08,112.18,503684,50.37%
big_files/enwik6,binary,131072,4096,64,999999999,6,12,12,12,12,12,6,13.65,114.80,503684,50.37%
big_files/enwik6,binary,131072,4096,64,1,6,12,12,12,15,12,6,14.56,98.17,592732,59.27%
big_files/enwik6,binary,131072,4096,64,4,6,12,12,12,15,12,6,14.34,100.13,570607,57.06%
big_files/enwik6,binary,131072,4096,64,16,6,12,12,12,15,12,6,13.95,106.95,528681,52.87%
big_files/enwik6,binary,131072,4096,64,128,6,12,12,12,15,12,6,13.40,108.79,506883,50.69%
big_files/enwik6,binary,131072,4096,64,1024,6,12,12,12,15,12,6,12.21,108.65,506687,50.67%
big_files/enwik6,binary,131072,4096,64,999999999,6,12,12,12,15,12,6,14.15,112.82,506687,50.67%
big_files/enwik6,binary,131072,4096,64,1,6,12,12,15,15,12,6,13.72,97.48,596355,59.64%
big_files/enwik6,binary,131072,4096,64,4,6,12,12,15,15,12,6,14.51,103.41,574587,57.46%
big_files/enwik6,binary,131072,4096,64,16,6,12,12,15,15,12,6,13.99,105.59,532982,53.30%
big_files/enwik6,binary,131072,4096,64,128,6,12,12,15,15,12,6,13.88,110.02,511526,51.15%
big_files/enwik6,binary,131072,4096,64,1024,6,12,12,15,15,12,6,13.46,107.92,511325,51.13%
big_files/enwik6,binary,131072,4096,64,999999999,6,12,12,15,15,12,6,13.93,111.47,511325,51.13%
big_files/enwik6,binary,131072,4096,64,1,6,12,15,15,15,12,6,14.60,100.45,601990,60.20%
big_files/enwik6,binary,131072,4096,64,4,6,12,15,15,15,12,6,14.05,105.34,580688,58.07%
big_files/enwik6,binary,131072,4096,64,16,6,12,15,15,15,12,6,13.30,105.95,539268,53.93%
big_files/enwik6,binary,131072,4096,64,128,6,12,15,15,15,12,6,13.59,106.97,518054,51.81%
big_files/enwik6,binary,131072,4096,64,1024,6,12,15,15,15,12,6,13.69,111.52,517849,51.78%
big_files/enwik6,binary,131072,4096,64,999999999,6,12,15,15,15,12,6,14.11,113.55,517849,51.78%
big_files/enwik6,binary,131072,4096,64,1,6,15,15,15,15,12,6,14.42,102.60,614292,61.43%
big_files/enwik6,binary,131072,4096,64,4,6,15,15,15,15,12,6,13.60,103.65,593087,59.31%
big_files/enwik6,binary,131072,4096,64,16,6,15,15,15,15,12,6,13.69,101.56,551131,55.11%
big_files/enwik6,binary,131072,4096,64,128,6,15,15,15,15,12,6,13.88,108.16,529019,52.90%
big_files/enwik6,binary,131072,4096,64,1024,6,15,15,15,15,12,6,13.92,106.57,528801,52.88%
big_files/enwik6,binary,131072,4096,64,999999999,6,15,15,15,15,12,6,13.61,112.75,528801,52.88%
big_files/enwik6,binary,131072,4096,64,1,12,12,12,12,12,12,6,14.63,107.60,512311,51.23%
big_files/enwik6,binary,131072,4096,64,4,12,12,12,12,12,12,6,14.04,102.75,499641,49.96%
big_files/enwik6,binary,131072,4096,64,16,12,12,12,12,12,12,6,13.94,106.31,475073,47.51%
big_files/enwik6,binary,131072,4096,64,128,12,12,12,12,12,12,6,13.13,115.77,461389,46.14%
big_files/enwik6,binary,131072,4096,64,1024,12,12,12,12,12,12,6,14.00,114.86,461237,46.12%
big_files/enwik6,binary,131072,4096,64,999999999,12,12,12,12,12,12,6,14.23,112.86,461237,46.12%
big_files/enwik6,binary,131072,4096,64,1,12,12,12,12,15,12,6,14.67,108.46,514555,51.46%
big_files/enwik6,binary,131072,4096,64,4,12,12,12,12,15,12,6,14.58,109.71,502030,50.20%
big_files/enwik6,binary,131072,4096,64,16,12,12,12,12,15,12,6,14.13,110.32,477911,47.79%
big_files/enwik6,binary,131072,4096,64,128,12,12,12,12,15,12,6,14.11,112.35,464391,46.44%
big_files/enwik6,binary,131072,4096,64,1024,12,12,12,12,15,12,6,13.92,105.96,464237,46.42%
big_files/enwik6,binary,131072,4096,64,999999999,12,12,12,12,15,12,6,13.49,111.61,464237,46.42%
big_files/enwik6,binary,131072,4096,64,1,12,12,12,15,15,12,6,13.12,106.06,518179,51.82%
big_files/enwik6,binary,131072,4096,64,4,12,12,12,15,15,12,6,12.99,102.82,506013,50.60%
big_files/enwik6,binary,131072,4096,64,16,12,12,12,15,15,12,6,14.19,105.54,482211,48.22%
big_files/enwik6,binary,131072,4096,64,128,12,12,12,15,15,12,6,13.69,106.97,469033,46.90%
big_files/enwik6,binary,131072,4096,64,1024,12,12,12,15,15,12,6,13.45,115.03,468878,46.89%
big_files/enwik6,binary,131072,4096,64,999999999,12,12,12,15,15,12,6,13.99,114.51,468878,46.89%
big_files/enwik6,binary,131072,4096,64,1,12,12,15,15,15,12,6,14.96,104.89,523815,52.38%
big_files/enwik6,binary,131072,4096,64,4,12,12,15,15,15,12,6,14.40,112.55,512115,51.21%
big_files/enwik6,binary,131072,4096,64,16,12,12,15,15,15,12,6,13.98,106.46,488497,48.85%
big_files/enwik6,binary,131072,4096,64,128,12,12,15,15,15,12,6,14.15,112.30,475560,47.56%
big_files/enwik6,binary,131072,4096,64,1024,12,12,15,15,15,12,6,13.95,115.10,475399,47.54%
big_files/enwik6,binary,131072,4096,64,999999999,12,12,15,15,15,12,6,14.00,116.17,475399,47.54%
big_files/enwik6,binary,131072,4096,64,1,12,15,15,15,15,12,6,14.40,103.32,536116,53.61%
big_files/enwik6,binary,131072,4096,64,4,12,15,15,15,15,12,6,14.06,104.82,524514,52.45%
big_files/enwik6,binary,131072,4096,64,16,12,15,15,15,15,12,6,13.34,109.19,500360,50.04%
big_files/enwik6,binary,131072,4096,64,128,12,15,15,15,15,12,6,14.01,107.41,486525,48.65%
big_files/enwik6,binary,131072,4096,64,1024,12,15,15,15,15,12,6,14.30,110.20,486353,48.64%
big_files/enwik6,binary,131072,4096,64,999999999,12,15,15,15,15,12,6,12.72,110.16,486353,48.64%
big_files/enwik6,binary,131072,4096,64,1,15,15,15,15,15,12,6,12.86,97.97,571735,57.17%
big_files/enwik6,binary,131072,4096,64,4,15,15,15,15,15,12,6,13.15,89.66,555878,55.59%
big_files/enwik6,binary,131072,4096,64,16,15,15,15,15,15,12,6,13.04,108.28,525134,52.51%
big_files/enwik6,binary,131072,4096,64,128,15,15,15,15,15,12,6,14.06,110.41,508213,50.82%
big_files/enwik6,binary,131072,4096,64,1024,15,15,15,15,15,12,6,13.90,112.62,508020,50.80%
big_files/enwik6,binary,131072,4096,64,999999999,15,15,15,15,15,12,6,13.84,108.84,508020,50.80%
big_files/enwik6,binary,131072,4096,128,1,6,6,6,6,6,12,7,14.68,101.97,656147,65.61%
big_files/enwik6,binary,131072,4096,128,4,6,6,6,6,6,12,7,12.93,99.23,635734,63.57%
big_files/enwik6,binary,131072,4096,128,16,6,6,6,6,6,12,7,14.14,106.76,589659,58.97%
big_files/enwik6,binary,131072,4096,128,128,6,6,6,6,6,12,7,13.60,115.70,564399,56.44%
big_files/enwik6,binary,131072,4096,128,1024,6,6,6,6,6,12,7,13.71,116.31,564228,56.42%
big_files/enwik6,binary,131072,4096,128,999999999,6,6,6,6,6,12,7,14.26,114.76,564228,56.42%
big_files/enwik6,binary,131072,4096,128,1,6,6,6,6,12,12,7,14.52,99.82,651952,65.20%
big_files/enwik6,binary,131072,4096,128,4,6,6,6,6,12,12,7,14.25,97.41,631247,63.12%
big_files/enwik6,binary,131072,4096,128,16,6,6,6,6,12,12,7,13.66,111.34,584432,58.44%
big_files/enwik6,binary,131072,4096,128,128,6,6,6,6,12,12,7,13.87,108.82,558925,55.89%
big_files/enwik6,binary,131072,4096,128,1024,6,6,6,6,12,12,7,13.78,113.63,558754,55.88%
big_files/enwik6,binary,131072,4096,128,999999999,6,6,6,6,12,12,7,13.89,113.00,558754,55.88%
big_files/enwik6,binary,131072,4096,128,1,6,6,6,6,15,12,7,14.66,94.56,654192,65.42%
big_files/enwik6,binary,131072,4096,128,4,6,6,6,6,15,12,7,13.84,102.98,633635,63.36%
big_files/enwik6,binary,131072,4096,128,16,6,6,6,6,15,12,7,13.69,108.90,587264,58.73%
big_files/enwik6,binary,131072,4096,128,128,6,6,6,6,15,12,7,13.98,107.87,561925,56.19%
big_files/enwik6,binary,131072,4096,128,1024,6,6,6,6,15,12,7,13.87,108.27,561754,56.18%
big_files/enwik6,binary,131072,4096,128,999999999,6,6,6,6,15,12,7,13.59,110.74,561754,56.18%
big_files/enwik6,binary,131072,4096,128,1,6,6,6,12,12,12,7,14.63,103.79,645018,64.50%
big_files/enwik6,binary,131072,4096,128,4,6,6,6,12,12,12,7,13.84,100.06,623487,62.35%
big_files/enwik6,binary,131072,4096,128,16,6,6,6,12,12,12,7,13.94,106.16,576496,57.65%
big_files/enwik6,binary,131072,4096,128,128,6,6,6,12,12,12,7,14.02,114.13,550632,55.06%
big_files/enwik6,binary,131072,4096,128,1024,6,6,6,12,12,12,7,13.89,109.94,550469,55.05%
big_files/enwik6,binary,131072,4096,128,999999999,6,6,6,12,12,12,7,13.57,113.37,550469,55.05%
big_files/enwik6,binary,131072,4096,128,1,6,6,6,12,15,12,7,12.82,103.87,647259,64.73%
big_files/enwik6,binary,131072,4096,128,4,6,6,6,12,15,12,7,13.85,97.93,625873,62.59%
big_files/enwik6,binary,131072,4096,128,16,6,6,6,12,15,12,7,13.71,105.17,579328,57.93%
big_files/enwik6,binary,131072,4096,128,128,6,6,6,12,15,12,7,13.97,108.05,553632,55.36%
big_files/enwik6,binary,131072,4096,128,1024,6,6,6,12,15,12,7,13.93,116.29,553472,55.35%
big_files/enwik6,binary,131072,4096,128,999999999,6,6,6,12,15,12,7,13.84,107.16,553472,55.35%
big_files/enwik6,binary,131072,4096,128,1,6,6,6,15,15,12,7,14.72,102.10,650878,65.09%
big_files/enwik6,binary,131072,4096,128,4,6,6,6,15,15,12,7,13.92,102.40,629848,62.98%
big_files/enwik6,binary,131072,4096,128,16,6,6,6,15,15,12,7,13.86,110.84,583619,58.36%
big_files/enwik6,binary,131072,4096,128,128,6,6,6,15,15,12,7,14.15,108.30,558267,55.83%
big_files/enwik6,binary,131072,4096,128,1024,6,6,6,15,15,12,7,14.04,114.04,558103,55.81%
big_files/enwik6,binary,131072,4096,128,999999999,6,6,6,15,15,12,7,14.15,108.54,558103,55.81%
big_files/enwik6,binary,131072,4096,128,1,6,6,12,12,12,12,7,14.51,101.93,633704,63.37%
big_files/enwik6,binary,131072,4096,128,4,6,6,12,12,12,12,7,14.36,95.88,610945,61.09%
big_files/enwik6,binary,131072,4096,128,16,6,6,12,12,12,12,7,13.55,111.63,564033,56.40%
big_files/enwik6,binary,131072,4096,128,128,6,6,12,12,12,12,7,13.57,113.81,538038,53.80%
big_files/enwik6,binary,131072,4096,128,1024,6,6,12,12,12,12,7,13.67,105.96,537884,53.79%
big_files/enwik6,binary,131072,4096,128,999999999,6,6,12,12,12,12,7,13.99,109.67,537884,53.79%
big_files/enwik6,binary,131072,4096,128,1,6,6,12,12,15,12,7,14.68,98.74,635943,63.59%
big_files/enwik6,binary,131072,4096,128,4,6,6,12,12,15,12,7,12.57,102.52,613332,61.33%
big_files/enwik6,binary,131072,4096,128,16,6,6,12,12,15,12,7,14.04,105.65,566866,56.69%
big_files/enwik6,binary,131072,4096,128,128,6,6,12,12,15,12,7,12.62,107.85,541038,54.10%
big_files/enwik6,binary,131072,4096,128,1024,6,6,12,12,15,12,7,14.29,111.52,540885,54.09%
big_files/enwik6,binary,131072,4096,128,999999999,6,6,12,12,15,12,7,14.21,109.18,540885,54.09%
big_files/enwik6,binary,131072,4096,128,1,6,6,12,15,15,12,7,14.69,99.47,639564,63.96%
big_files/enwik6,binary,131072,4096,128,4,6,6,12,15,15,12,7,14.01,97.16,617307,61.73%
big_files/enwik6,binary,131072,4096,128,16,6,6,12,15,15,12,7,13.82,102.13,571159,57.12%
big_files/enwik6,binary,131072,4096,128,128,6,6,12,15,15,12,7,13.89,109.72,545673,54.57%
big_files/enwik6,binary,131072,4096,128,1024,6,6,12,15,15,12,7,14.28,115.58,545518,54.55%
big_files/enwik6,binary,131072,4096,128,999999999,6,6,12,15,15,12,7,12.68,112.85,545518,54.55%
big_files/enwik6,binary,131072,4096,128,1,6,6,15,15,15,12,7,14.79,102.78,645193,64.52%
big_files/enwik6,binary,131072,4096,128,4,6,6,15,15,15,12,7,12.35,102.25,623399,62.34%
big_files/enwik6,binary,131072,4096,128,16,6,6,15,15,15,12,7,13.38,103.08,577441,57.74%
big_files/enwik6,binary,131072,4096,128,128,6,6,15,15,15,12,7,13.74,112.14,552199,55.22%
big_files/enwik6,binary,131072,4096,128,1024,6,6,15,15,15,12,7,12.96,108.52,552040,55.20%
big_files/enwik6,binary,131072,4096,128,999999999,6,6,15,15,15,12,7,13.64,104.83,552040,55.20%
big_files/enwik6,binary,131072,4096,128,1,6,12,12,12,12,12,7,14.68,94.11,603763,60.38%
big_files/enwik6,binary,131072,4096,128,4,6,12,12,12,12,12,7,13.71,99.93,580233,58.02%
big_files/enwik6,binary,131072,4096,128,16,6,12,12,12,12,12,7,14.27,107.21,535921,53.59%
big_files/enwik6,binary,131072,4096,128,128,6,12,12,12,12,12,7,14.13,112.83,513125,51.31%
big_files/enwik6,binary,131072,4096,128,1024,6,12,12,12,12,12,7,14.00,113.30,512990,51.30%
big_files/enwik6,binary,131072,4096,128,999999999,6,12,12,12,12,12,7,14.15,114.74,512990,51.30%
big_files/enwik6,binary,131072,4096,128,1,6,12,12,12,15,12,7,14.69,98.93,606002,60.60%
big_files/enwik6,binary,131072,4096,128,4,6,12,12,12,15,12,7,14.45,102.71,582619,58.26%
big_files/enwik6,binary,131072,4096,128,16,6,12,12,12,15,12,7,14.31,107.69,538753,53.88%
big_files/enwik6,binary,131072,4096,128,128,6,12,12,12,15,12,7,14.39,113.22,516125,51.61%
big_files/enwik6,binary,131072,4096,128,1024,6,12,12,12,15,12,7,13.97,116.17,515992,51.60%
big_files/enwik6,binary,131072,4096,128,999999999,6,12,12,12,15,12,7,14.25,106.58,515992,51.60%
big_files/enwik6,binary,131072,4096,128,1,6,12,12,15,15,12,7,14.15,97.96,609623,60.96%
big_files/enwik6,binary,131072,4096,128,4,6,12,12,15,15,12,7,13.27,105.24,586593,58.66%
big_files/enwik6,binary,131072,4096,128,16,6,12,12,15,15,12,7,12.36,107.36,543045,54.30%
big_files/enwik6,binary,131072,4096,128,128,6,12,12,15,15,12,7,11.52,103.04,520759,52.08%
big_files/enwik6,binary,131072,4096,128,1024,6,12,12,15,15,12,7,11.60,105.99,520623,52.06%
big_files/enwik6,binary,131072,4096,128,999999999,6,12,12,15,15,12,7,11.40,108.25,520623,52.06%
big_files/enwik6,binary,131072,4096,128,1,6,12,15,15,15,12,7,12.75,100.97,615253,61.53%
big_files/enwik6,binary,131072,4096,128,4,6,12,15,15,15,12,7,12.97,103.55,592687,59.27%
big_files/enwik6,binary,131072,4096,128,16,6,12,15,15,15,12,7,13.85,105.12,549328,54.93%
big_files/enwik6,binary,131072,4096,128,128,6,12,15,15,15,12,7,14.14,111.25,527286,52.73%
big_files/enwik6,binary,131072,4096,128,1024,6,12,15,15,15,12,7,13.26,106.46,527145,52.71%
big_files/enwik6,binary,131072,4096,128,999999999,6,12,15,15,15,12,7,14.24,109.44,527145,52.71%
big_files/enwik6,binary,131072,4096,128,1,6,15,15,15,15,12,7,15.10,97.77,627545,62.75%
big_files/enwik6,binary,131072,4096,128,4,6,15,15,15,15,12,7,13.89,100.06,605077,60.51%
big_files/enwik6,binary,131072,4096,128,16,6,15,15,15,15,12,7,12.84,107.16,561177,56.12%
big_files/enwik6,binary,131072,4096,128,128,6,15,15,15,15,12,7,13.26,105.34,538246,53.82%
big_files/enwik6,binary,131072,4096,128,1024,6,15,15,15,15,12,7,12.69,111.81,538095,53.81%
big_files/enwik6,binary,131072,4096,128,999999999,6,15,15,15,15,12,7,13.91,105.73,538095,53.81%
big_files/enwik6,binary,131072,4096,128,1,12,12,12,12,12,12,7,14.72,101.68,514090,51.41%
big_files/enwik6,binary,131072,4096,128,4,12,12,12,12,12,12,7,13.96,107.87,501594,50.16%
big_files/enwik6,binary,131072,4096,128,16,12,12,12,12,12,12,7,13.56,110.83,477462,47.75%
big_files/enwik6,binary,131072,4096,128,128,12,12,12,12,12,12,7,14.21,111.21,464047,46.40%
big_files/enwik6,binary,131072,4096,128,1024,12,12,12,12,12,12,7,13.28,110.92,463948,46.39%
big_files/enwik6,binary,131072,4096,128,999999999,12,12,12,12,12,12,7,14.46,112.77,463948,46.39%
big_files/enwik6,binary,131072,4096,128,1,12,12,12,12,15,12,7,14.56,105.81,516330,51.63%
big_files/enwik6,binary,131072,4096,128,4,12,12,12,12,15,12,7,14.41,102.15,503981,50.40%
big_files/enwik6,binary,131072,4096,128,16,12,12,12,12,15,12,7,13.63,115.06,480294,48.03%
big_files/enwik6,binary,131072,4096,128,128,12,12,12,12,15,12,7,13.98,113.27,467046,46.70%
big_files/enwik6,binary,131072,4096,128,1024,12,12,12,12,15,12,7,12.98,115.70,466948,46.69%
big_files/enwik6,binary,131072,4096,128,999999999,12,12,12,12,15,12,7,12.39,110.85,466948,46.69%
big_files/enwik6,binary,131072,4096,128,1,12,12,12,15,15,12,7,12.48,106.05,519951,52.00%
big_files/enwik6,binary,131072,4096,128,4,12,12,12,15,15,12,7,11.62,105.22,507956,50.80%
big_files/enwik6,binary,131072,4096,128,16,12,12,12,15,15,12,7,13.65,107.88,484583,48.46%
big_files/enwik6,binary,131072,4096,128,128,12,12,12,15,15,12,7,12.86,102.93,471683,47.17%
big_files/enwik6,binary,131072,4096,128,1024,12,12,12,15,15,12,7,13.87,112.68,471581,47.16%
big_files/enwik6,binary,131072,4096,128,999999999,12,12,12,15,15,12,7,14.12,113.46,471581,47.16%
big_files/enwik6,binary,131072,4096,128,1,12,12,15,15,15,12,7,15.25,105.13,525582,52.56%
big_files/enwik6,binary,131072,4096,128,4,12,12,15,15,15,12,7,14.62,104.26,514050,51.40%
big_files/enwik6,binary,131072,4096,128,16,12,12,15,15,15,12,7,14.08,107.25,490867,49.09%
big_files/enwik6,binary,131072,4096,128,128,12,12,15,15,15,12,7,13.03,106.67,478207,47.82%
big_files/enwik6,binary,131072,4096,128,1024,12,12,15,15,15,12,7,14.01,115.04,478102,47.81%
big_files/enwik6,binary,131072,4096,128,999999999,12,12,15,15,15,12,7,14.43,108.08,478102,47.81%
big_files/enwik6,binary,131072,4096,128,1,12,15,15,15,15,12,7,14.95,109.72,537873,53.79%
big_files/enwik6,binary,131072,4096,128,4,12,15,15,15,15,12,7,14.50,97.16,526439,52.64%
big_files/enwik6,binary,131072,4096,128,16,12,15,15,15,15,12,7,14.09,104.54,502717,50.27%
big_files/enwik6,binary,131072,4096,128,128,12,15,15,15,15,12,7,14.26,112.02,489168,48.92%
big_files/enwik6,binary,131072,4096,128,1024,12,15,15,15,15,12,7,13.05,112.22,489054,48.91%
big_files/enwik6,binary,131072,4096,128,999999999,12,15,15,15,15,12,7,12.14,112.30,489054,48.91%
big_files/enwik6,binary,131072,4096,128,1,15,15,15,15,15,12,7,13.75,96.86,573473,57.35%
big_files/enwik6,binary,131072,4096,128,4,15,15,15,15,15,12,7,14.05,101.21,557787,55.78%
big_files/enwik6,binary,131072,4096,128,16,15,15,15,15,15,12,7,14.05,102.25,527482,52.75%
big_files/enwik6,binary,131072,4096,128,128,15,15,15,15,15,12,7,14.09,112.75,510850,51.08%
big_files/enwik6,binary,131072,4096,128,1024,15,15,15,15,15,12,7,14.13,109.97,510719,51.07%
big_files/enwik6,binary,131072,4096,128,999999999,15,15,15,15,15,12,7,13.88,100.94,510719,51.07%
big_files/enwik6,binary,131072,4096,256,1,6,6,6,6,6,12,8,14.21,98.36,677140,67.71%
big_files/enwik6,binary,131072,4096,256,4,6,6,6,6,6,12,8,14.14,105.13,655932,65.59%
big_files/enwik6,binary,131072,4096,256,16,6,6,6,6,6,12,8,13.68,112.24,607839,60.78%
big_files/enwik6,binary,131072,4096,256,128,6,6,6,6,6,12,8,13.91,105.76,581600,58.16%
big_files/enwik6,binary,131072,4096,256,1024,6,6,6,6,6,12,8,13.80,107.58,581444,58.14%
big_files/enwik6,binary,131072,4096,256,999999999,6,6,6,6,6,12,8,14.35,107.59,581444,58.14%
big_files/enwik6,binary,131072,4096,256,1,6,6,6,6,12,12,8,14.74,102.69,672279,67.23%
big_files/enwik6,binary,131072,4096,256,4,6,6,6,6,12,12,8,13.52,96.49,650735,65.07%
big_files/enwik6,binary,131072,4096,256,16,6,6,6,6,12,12,8,13.97,104.37,601775,60.18%
big_files/enwik6,binary,131072,4096,256,128,6,6,6,6,12,12,8,13.66,113.28,575243,57.52%
big_files/enwik6,binary,131072,4096,256,1024,6,6,6,6,12,12,8,14.01,104.04,575086,57.51%
big_files/enwik6,binary,131072,4096,256,999999999,6,6,6,6,12,12,8,13.73,107.70,575086,57.51%
big_files/enwik6,binary,131072,4096,256,1,6,6,6,6,15,12,8,14.44,96.01,674516,67.45%
big_files/enwik6,binary,131072,4096,256,4,6,6,6,6,15,12,8,14.48,101.40,653123,65.31%
big_files/enwik6,binary,131072,4096,256,16,6,6,6,6,15,12,8,13.52,103.10,604606,60.46%
big_files/enwik6,binary,131072,4096,256,128,6,6,6,6,15,12,8,12.96,113.11,578243,57.82%
big_files/enwik6,binary,131072,4096,256,1024,6,6,6,6,15,12,8,14.10,111.56,578085,57.81%
big_files/enwik6,binary,131072,4096,256,999999999,6,6,6,6,15,12,8,13.99,103.12,578085,57.81%
big_files/enwik6,binary,131072,4096,256,1,6,6,6,12,12,12,8,14.19,98.74,664261,66.43%
big_files/enwik6,binary,131072,4096,256,4,6,6,6,12,12,12,8,14.66,99.92,641783,64.18%
big_files/enwik6,binary,131072,4096,256,16,6,6,6,12,12,12,8,13.97,107.42,592585,59.26%
big_files/enwik6,binary,131072,4096,256,128,6,6,6,12,12,12,8,13.79,112.70,565602,56.56%
big_files/enwik6,binary,131072,4096,256,1024,6,6,6,12,12,12,8,13.03,110.22,565454,56.55%
big_files/enwik6,binary,131072,4096,256,999999999,6,6,6,12,12,12,8,13.68,106.84,565454,56.55%
big_files/enwik6,binary,131072,4096,256,1,6,6,6,12,15,12,8,14.10,89.28,666498,66.65%
big_files/enwik6,binary,131072,4096,256,4,6,6,6,12,15,12,8,13.97,98.21,644167,64.42%
big_files/enwik6,binary,131072,4096,256,16,6,6,6,12,15,12,8,13.84,106.81,595414,59.54%
big_files/enwik6,binary,131072,4096,256,128,6,6,6,12,15,12,8,13.57,112.40,568599,56.86%
big_files/enwik6,binary,131072,4096,256,1024,6,6,6,12,15,12,8,13.69,111.26,568452,56.85%
big_files/enwik6,binary,131072,4096,256,999999999,6,6,6,12,15,12,8,13.50,109.02,568452,56.85%
big_files/enwik6,binary,131072,4096,256,1,6,6,6,15,15,12,8,13.80,104.95,670116,67.01%
big_files/enwik6,binary,131072,4096,256,4,6,6,6,15,15,12,8,14.66,106.76,648135,64.81%
big_files/enwik6,binary,131072,4096,256,16,6,6,6,15,15,12,8,13.86,105.06,599701,59.97%
big_files/enwik6,binary,131072,4096,256,128,6,6,6,15,15,12,8,14.07,102.36,573235,57.32%
big_files/enwik6,binary,131072,4096,256,1024,6,6,6,15,15,12,8,14.15,107.67,573086,57.31%
big_files/enwik6,binary,131072,4096,256,999999999,6,6,6,15,15,12,8,14.17,112.91,573086,57.31%
big_files/enwik6,binary,131072,4096,256,1,6,6,12,12,12,12,8,14.69,98.30,651212,65.12%
big_files/enwik6,binary,131072,4096,256,4,6,6,12,12,12,12,8,13.45,94.45,627338,62.73%
big_files/enwik6,binary,131072,4096,256,16,6,6,12,12,12,12,8,13.46,102.23,578199,57.82%
big_files/enwik6,binary,131072,4096,256,128,6,6,12,12,12,12,8,12.90,111.21,551035,55.10%
big_files/enwik6,binary,131072,4096,256,1024,6,6,12,12,12,12,8,13.94,114.24,550895,55.09%
big_files/enwik6,binary,131072,4096,256,999999999,6,6,12,12,12,12,8,13.27,108.59,550895,55.09%
big_files/enwik6,binary,131072,4096,256,1,6,6,12,12,15,12,8,14.62,98.58,653450,65.34%
big_files/enwik6,binary,131072,4096,256,4,6,6,12,12,15,12,8,13.32,109.57,629723,62.97%
big_files/enwik6,binary,131072,4096,256,16,6,6,12,12,15,12,8,13.22,104.76,581031,58.10%
big_files/enwik6,binary,131072,4096,256,128,6,6,12,12,15,12,8,13.17,106.85,554032,55.40%
big_files/enwik6,binary,131072,4096,256,1024,6,6,12,12,15,12,8,12.99,109.38,553895,55.39%
big_files/enwik6,binary,131072,4096,256,999999999,6,6,12,12,15,12,8,13.06,109.95,553895,55.39%
big_files/enwik6,binary,131072,4096,256,1,6,6,12,15,15,12,8,13.48,102.21,657068,65.71%
big_files/enwik6,binary,131072,4096,256,4,6,6,12,15,15,12,8,15.01,105.11,633691,63.37%
big_files/enwik6,binary,131072,4096,256,16,6,6,12,15,15,12,8,14.55,111.89,585318,58.53%
big_files/enwik6,binary,131072,4096,256,128,6,6,12,15,15,12,8,14.68,117.47,558668,55.87%
big_files/enwik6,binary,131072,4096,256,1024,6,6,12,15,15,12,8,14.52,108.69,558529,55.85%
big_files/enwik6,binary,131072,4096,256,999999999,6,6,12,15,15,12,8,14.76,110.06,558529,55.85%
big_files/enwik6,binary,131072,4096,256,1,6,6,15,15,15,12,8,14.85,97.87,662696,66.27%
big_files/enwik6,binary,131072,4096,256,4,6,6,15,15,15,12,8,14.82,102.62,639785,63.98%
big_files/enwik6,binary,131072,4096,256,16,6,6,15,15,15,12,8,13.90,105.41,591596,59.16%
big_files/enwik6,binary,131072,4096,256,128,6,6,15,15,15,12,8,13.57,92.20,565193,56.52%
big_files/enwik6,binary,131072,4096,256,1024,6,6,15,15,15,12,8,13.03,114.21,565048,56.50%
big_files/enwik6,binary,131072,4096,256,999999999,6,6,15,15,15,12,8,13.17,107.52,565048,56.50%
big_files/enwik6,binary,131072,4096,256,1,6,12,12,12,12,12,8,13.99,94.73,617382,61.74%
big_files/enwik6,binary,131072,4096,256,4,6,12,12,12,12,12,8,13.27,109.08,592663,59.27%
big_files/enwik6,binary,131072,4096,256,16,6,12,12,12,12,12,8,11.98,107.32,546389,54.64%
big_files/enwik6,binary,131072,4096,256,128,6,12,12,12,12,12,8,14.15,101.79,522776,52.28%
big_files/enwik6,binary,131072,4096,256,1024,6,12,12,12,12,12,8,14.46,108.82,522659,52.27%
big_files/enwik6,binary,131072,4096,256,999999999,6,12,12,12,12,12,8,14.78,122.15,522659,52.27%
big_files/enwik6,binary,131072,4096,256,1,6,12,12,12,15,12,8,14.94,96.78,619618,61.96%
big_files/enwik6,binary,131072,4096,256,4,6,12,12,12,15,12,8,14.97,103.58,595050,59.50%
big_files/enwik6,binary,131072,4096,256,16,6,12,12,12,15,12,8,14.11,108.13,549220,54.92%
big_files/enwik6,binary,131072,4096,256,128,6,12,12,12,15,12,8,12.26,112.18,525774,52.58%
big_files/enwik6,binary,131072,4096,256,1024,6,12,12,12,15,12,8,13.78,105.00,525658,52.57%
big_files/enwik6,binary,131072,4096,256,999999999,6,12,12,12,15,12,8,12.99,108.50,525658,52.57%
big_files/enwik6,binary,131072,4096,256,1,6,12,12,15,15,12,8,13.34,96.44,623235,62.32%
big_files/enwik6,binary,131072,4096,256,4,6,12,12,15,15,12,8,13.95,94.98,599018,59.90%
big_files/enwik6,binary,131072,4096,256,16,6,12,12,15,15,12,8,13.58,104.45,553505,55.35%
big_files/enwik6,binary,131072,4096,256,128,6,12,12,15,15,12,8,13.95,114.41,530409,53.04%
big_files/enwik6,binary,131072,4096,256,1024,6,12,12,15,15,12,8,14.84,118.78,530291,53.03%
big_files/enwik6,binary,131072,4096,256,999999999,6,12,12,15,15,12,8,14.76,117.70,530291,53.03%
big_files/enwik6,binary,131072,4096,256,1,6,12,15,15,15,12,8,14.08,99.47,628865,62.89%
big_files/enwik6,binary,131072,4096,256,4,6,12,15,15,15,12,8,13.54,107.39,605112,60.51%
big_files/enwik6,binary,131072,4096,256,16,6,12,15,15,15,12,8,13.49,112.35,559785,55.98%
big_files/enwik6,binary,131072,4096,256,128,6,12,15,15,15,12,8,13.30,106.40,536935,53.69%
big_files/enwik6,binary,131072,4096,256,1024,6,12,15,15,15,12,8,13.42,114.18,536812,53.68%
big_files/enwik6,binary,131072,4096,256,999999999,6,12,15,15,15,12,8,12.58,111.07,536812,53.68%
big_files/enwik6,binary,131072,4096,256,1,6,15,15,15,15,12,8,13.55,100.37,641154,64.12%
big_files/enwik6,binary,131072,4096,256,4,6,15,15,15,15,12,8,12.87,90.45,617500,61.75%
big_files/enwik6,binary,131072,4096,256,16,6,15,15,15,15,12,8,12.63,101.31,571635,57.16%
big_files/enwik6,binary,131072,4096,256,128,6,15,15,15,15,12,8,11.72,102.07,547894,54.79%
big_files/enwik6,binary,131072,4096,256,1024,6,15,15,15,15,12,8,13.08,101.78,547762,54.78%
big_files/enwik6,binary,131072,4096,256,999999999,6,15,15,15,15,12,8,12.81,105.65,547762,54.78%
big_files/enwik6,binary,131072,4096,256,1,12,12,12,12,12,12,8,14.02,111.34,516226,51.62%
big_files/enwik6,binary,131072,4096,256,4,12,12,12,12,12,12,8,14.11,103.27,503942,50.39%
big_files/enwik6,binary,131072,4096,256,16,12,12,12,12,12,12,8,14.37,117.01,480233,48.02%
big_files/enwik6,binary,131072,4096,256,128,12,12,12,12,12,12,8,14.32,115.48,467101,46.71%
big_files/enwik6,binary,131072,4096,256,1024,12,12,12,12,12,12,8,14.06,119.85,467018,46.70%
big_files/enwik6,binary,131072,4096,256,999999999,12,12,12,12,12,12,8,14.49,120.19,467018,46.70%
big_files/enwik6,binary,131072,4096,256,1,12,12,12,12,15,12,8,14.84,113.68,518461,51.85%
big_files/enwik6,binary,131072,4096,256,4,12,12,12,12,15,12,8,14.43,113.49,506327,50.63%
big_files/enwik6,binary,131072,4096,256,16,12,12,12,12,15,12,8,14.75,110.45,483064,48.31%
big_files/enwik6,binary,131072,4096,256,128,12,12,12,12,15,12,8,13.92,107.44,470100,47.01%
big_files/enwik6,binary,131072,4096,256,1024,12,12,12,12,15,12,8,12.40,106.59,470019,47.00%
big_files/enwik6,binary,131072,4096,256,999999999,12,12,12,12,15,12,8,13.57,113.87,470019,47.00%
big_files/enwik6,binary,131072,4096,256,1,12,12,12,15,15,12,8,14.45,100.81,522080,52.21%
big_files/enwik6,binary,131072,4096,256,4,12,12,12,15,15,12,8,14.20,107.39,510296,51.03%
big_files/enwik6,binary,131072,4096,256,16,12,12,12,15,15,12,8,14.05,113.45,487350,48.73%
big_files/enwik6,binary,131072,4096,256,128,12,12,12,15,15,12,8,14.30,117.49,474736,47.47%
big_files/enwik6,binary,131072,4096,256,1024,12,12,12,15,15,12,8,14.13,112.25,474651,47.47%
big_files/enwik6,binary,131072,4096,256,999999999,12,12,12,15,15,12,8,13.62,106.86,474651,47.47%
big_files/enwik6,binary,131072,4096,256,1,12,12,15,15,15,12,8,14.97,103.96,527707,52.77%
big_files/enwik6,binary,131072,4096,256,4,12,12,15,15,15,12,8,13.29,103.09,516390,51.64%
big_files/enwik6,binary,131072,4096,256,16,12,12,15,15,15,12,8,13.47,107.34,493630,49.36%
big_files/enwik6,binary,131072,4096,256,128,12,12,15,15,15,12,8,15.06,115.97,481260,48.13%
big_files/enwik6,binary,131072,4096,256,1024,12,12,15,15,15,12,8,14.79,120.77,481170,48.12%
big_files/enwik6,binary,131072,4096,256,999999999,12,12,15,15,15,12,8,14.82,118.79,481170,48.12%
big_files/enwik6,binary,131072,4096,256,1,12,15,15,15,15,12,8,15.36,101.55,539997,54.00%
big_files/enwik6,binary,131072,4096,256,4,12,15,15,15,15,12,8,15.14,102.79,528777,52.88%
big_files/enwik6,binary,131072,4096,256,16,12,15,15,15,15,12,8,14.43,114.07,505479,50.55%
big_files/enwik6,binary,131072,4096,256,128,12,15,15,15,15,12,8,13.46,110.06,492220,49.22%
big_files/enwik6,binary,131072,4096,256,1024,12,15,15,15,15,12,8,12.16,109.69,492122,49.21%
big_files/enwik6,binary,131072,4096,256,999999999,12,15,15,15,15,12,8,13.33,107.96,492122,49.21%
big_files/enwik6,binary,131072,4096,256,1,15,15,15,15,15,12,8,12.67,102.75,575591,57.56%
big_files/enwik6,binary,131072,4096,256,4,15,15,15,15,15,12,8,13.59,102.48,560116,56.01%
big_files/enwik6,binary,131072,4096,256,16,15,15,15,15,15,12,8,14.13,108.11,530236,53.02%
big_files/enwik6,binary,131072,4096,256,128,15,15,15,15,15,12,8,13.43,104.34,513898,51.39%
big_files/enwik6,binary,131072,4096,256,1024,15,15,15,15,15,12,8,13.50,107.51,513788,51.38%
big_files/enwik6,binary,131072,4096,256,999999999,15,15,15,15,15,12,8,13.45,105.67,513788,51.38%
big_files/enwik6,binary,131072,4096,258,1,6,6,6,6,6,12,8,14.42,98.36,677140,67.71%
big_files/enwik6,binary,131072,4096,258,4,6,6,6,6,6,12,8,14.58,106.39,655932,65.59%
big_files/enwik6,binary,131072,4096,258,16,6,6,6,6,6,12,8,14.51,110.08,607839,60.78%
big_files/enwik6,binary,131072,4096,258,128,6,6,6,6,6,12,8,13.68,112.67,581600,58.16%
big_files/enwik6,binary,131072,4096,258,1024,6,6,6,6,6,12,8,13.73,110.85,581444,58.14%
big_files/enwik6,binary,131072,4096,258,999999999,6,6,6,6,6,12,8,14.01,113.61,581444,58.14%
big_files/enwik6,binary,131072,4096,258,1,6,6,6,6,12,12,8,14.76,99.01,672279,67.23%
big_files/enwik6,binary,131072,4096,258,4,6,6,6,6,12,12,8,14.06,102.85,650735,65.07%
big_files/enwik6,binary,131072,4096,258,16,6,6,6,6,12,12,8,14.09,106.40,601775,60.18%
big_files/enwik6,binary,131072,4096,258,128,6,6,6,6,12,12,8,14.07,110.43,575243,57.52%
big_files/enwik6,binary,131072,4096,258,1024,6,6,6,6,12,12,8,13.78,107.23,575086,57.51%
big_files/enwik6,binary,131072,4096,258,999999999,6,6,6,6,12,12,8,12.99,112.56,575086,57.51%
big_files/enwik6,binary,131072,4096,258,1,6,6,6,6,15,12,8,14.49,100.33,674516,67.45%
big_files/enwik6,binary,131072,4096,258,4,6,6,6,6,15,12,8,13.63,97.46,653123,65.31%
big_files/enwik6,binary,131072,4096,258,16,6,6,6,6,15,12,8,14.23,107.53,604606,60.46%
big_files/enwik6,binary,131072,4096,258,128,6,6,6,6,15,12,8,14.28,109.65,578243,57.82%
big_files/enwik6,binary,131072,4096,258,1024,6,6,6,6,15,12,8,13.95,104.43,578085,57.81%
big_files/enwik6,binary,131072,4096,258,999999999,6,6,6,6,15,12,8,13.39,100.64,578085,57.81%
big_files/enwik6,binary,131072,4096,258,1,6,6,6,12,12,12,8,13.58,94.86,664261,66.43%
big_files/enwik6,binary,131072,4096,258,4,6,6,6,12,12,12,8,14.10,107.23,641783,64.18%
big_files/enwik6,binary,131072,4096,258,16,6,6,6,12,12,12,8,13.66,109.12,592585,59.26%
big_files/enwik6,binary,131072,4096,258,128,6,6,6,12,12,12,8,13.48,113.03,565602,56.56%
big_files/enwik6,binary,131072,4096,258,1024,6,6,6,12,12,12,8,14.06,108.65,565454,56.55%
big_files/enwik6,binary,131072,4096,258,999999999,6,6,6,12,12,12,8,13.88,111.29,565454,56.55%
big_files/enwik6,binary,131072,4096,258,1,6,6,6,12,15,12,8,14.60,100.38,666498,66.65%
big_files/enwik6,binary,131072,4096,258,4,6,6,6,12,15,12,8,14.02,100.07,644167,64.42%
big_files/enwik6,binary,131072,4096,258,16,6,6,6,12,15,12,8,13.72,110.35,595414,59.54%
big_files/enwik6,binary,131072,4096,258,128,6,6,6,12,15,12,8,13.45,99.42,568599,56.86%
big_files/enwik6,binary,131072,4096,258,1024,6,6,6,12,15,12,8,13.54,109.98,568452,56.85%
big_files/enwik6,binary,131072,4096,258,999999999,6,6,6,12,15,12,8,13.87,110.95,568452,56.85%
big_files/enwik6,binary,131072,4096,258,1,6,6,6,15,15,12,8,14.34,102.91,670116,67.01%
big_files/enwik6,binary,131072,4096,258,4,6,6,6,15,15,12,8,14.14,103.61,648135,64.81%
big_files/enwik6,binary,131072,4096,258,16,6,6,6,15,15,12,8,13.75,111.15,599701,59.97%
big_files/enwik6,binary,131072,4096,258,128,6,6,6,15,15,12,8,13.64,111.17,573235,57.32%
big_files/enwik6,binary,131072,4096,258,1024,6,6,6,15,15,12,8,13.52,108.63,573086,57.31%
big_files/enwik6,binary,131072,4096,258,999999999,6,6,6,15,15,12,8,14.06,109.19,573086,57.31%
big_files/enwik6,binary,131072,4096,258,1,6,6,12,12,12,12,8,14.19,106.35,651212,65.12%
big_files/enwik6,binary,131072,4096,258,4,6,6,12,12,12,12,8,13.89,100.45,627338,62.73%
big_files/enwik6,binary,131072,4096,258,16,6,6,12,12,12,12,8,14.39,104.72,578200,57.82%
big_files/enwik6,binary,131072,4096,258,128,6,6,12,12,12,12,8,14.04,107.00,551036,55.10%
big_files/enwik6,binary,131072,4096,258,1024,6,6,12,12,12,12,8,13.53,108.67,550896,55.09%
big_files/enwik6,binary,131072,4096,258,999999999,6,6,12,12,12,12,8,13.85,110.08,550896,55.09%
big_files/enwik6,binary,131072,4096,258,1,6,6,12,12,15,12,8,14.84,92.59,653450,65.34%
big_files/enwik6,binary,131072,4096,258,4,6,6,12,12,15,12,8,14.00,103.65,629723,62.97%
big_files/enwik6,binary,131072,4096,258,16,6,6,12,12,15,12,8,13.64,97.14,581032,58.10%
big_files/enwik6,binary,131072,4096,258,128,6,6,12,12,15,12,8,13.82,103.11,554033,55.40%
big_files/enwik6,binary,131072,4096,258,1024,6,6,12,12,15,12,8,14.02,112.28,553896,55.39%
big_files/enwik6,binary,131072,4096,258,999999999,6,6,12,12,15,12,8,14.09,110.63,553896,55.39%
big_files/enwik6,binary,131072,4096,258,1,6,6,12,15,15,12,8,14.21,102.06,657068,65.71%
big_files/enwik6,binary,131072,4096,258,4,6,6,12,15,15,12,8,14.11,98.88,633691,63.37%
big_files/enwik6,binary,131072,4096,258,16,6,6,12,15,15,12,8,13.86,106.74,585319,58.53%
big_files/enwik6,binary,131072,4096,258,128,6,6,12,15,15,12,8,13.08,111.28,558669,55.87%
big_files/enwik6,binary,131072,4096,258,1024,6,6,12,15,15,12,8,13.55,110.64,558530,55.85%
big_files/enwik6,binary,131072,4096,258,999999999,6,6,12,15,15,12,8,13.88,110.21,558530,55.85%
big_files/enwik6,binary,131072,4096,258,1,6,6,15,15,15,12,8,14.81,92.77,662696,66.27%
big_files/enwik6,binary,131072,4096,258,4,6,6,15,15,15,12,8,13.97,100.33,639785,63.98%
big_files/enwik6,binary,131072,4096,258,16,6,6,15,15,15,12,8,13.53,109.17,591596,59.16%
big_files/enwik6,binary,131072,4096,258,128,6,6,15,15,15,12,8,13.80,107.24,565193,56.52%
big_files/enwik6,binary,131072,4096,258,1024,6,6,15,15,15,12,8,13.20,104.41,565049,56.50%
big_files/enwik6,binary,131072,4096,258,999999999,6,6,15,15,15,12,8,13.74,106.95,565049,56.50%
big_files/enwik6,binary,131072,4096,258,1,6,12,12,12,12,12,8,14.03,97.07,617382,61.74%
big_files/enwik6,binary,131072,4096,258,4,6,12,12,12,12,12,8,14.22,93.32,592663,59.27%
big_files/enwik6,binary,131072,4096,258,16,6,12,12,12,12,12,8,13.97,104.59,546390,54.64%
big_files/enwik6,binary,131072,4096,258,128,6,12,12,12,12,12,8,14.03,111.63,522777,52.28%
big_files/enwik6,binary,131072,4096,258,1024,6,12,12,12,12,12,8,14.07,107.02,522660,52.27%
big_files/enwik6,binary,131072,4096,258,999999999,6,12,12,12,12,12,8,14.08,107.06,522660,52.27%
big_files/enwik6,binary,131072,4096,258,1,6,12,12,12,15,12,8,14.36,100.75,619618,61.96%
big_files/enwik6,binary,131072,4096,258,4,6,12,12,12,15,12,8,14.56,105.23,595050,59.50%
big_files/enwik6,binary,131072,4096,258,16,6,12,12,12,15,12,8,13.31,104.88,549221,54.92%
big_files/enwik6,binary,131072,4096,258,128,6,12,12,12,15,12,8,13.88,110.13,525775,52.58%
big_files/enwik6,binary,131072,4096,258,1024,6,12,12,12,15,12,8,13.63,111.02,525659,52.57%
big_files/enwik6,binary,131072,4096,258,999999999,6,12,12,12,15,12,8,14.10,107.08,525659,52.57%
big_files/enwik6,binary,131072,4096,258,1,6,12,12,15,15,12,8,13.68,100.18,623235,62.32%
big_files/enwik6,binary,131072,4096,258,4,6,12,12,15,15,12,8,13.67,98.90,599018,59.90%
big_files/enwik6,binary,131072,4096,258,16,6,12,12,15,15,12,8,13.86,102.35,553506,55.35%
big_files/enwik6,binary,131072,4096,258,128,6,12,12,15,15,12,8,13.47,107.38,530410,53.04%
big_files/enwik6,binary,131072,4096,258,1024,6,12,12,15,15,12,8,13.58,101.96,530292,53.03%
big_files/enwik6,binary,131072,4096,258,999999999,6,12,12,15,15,12,8,14.06,105.88,530292,53.03%
big_files/enwik6,binary,131072,4096,258,1,6,12,15,15,15,12,8,14.49,93.65,628865,62.89%
big_files/enwik6,binary,131072,4096,258,4,6,12,15,15,15,12,8,13.78,93.62,605112,60.51%
big_files/enwik6,binary,131072,4096,258,16,6,12,15,15,15,12,8,13.92,110.72,559786,55.98%
big_files/enwik6,binary,131072,4096,258,128,6,12,15,15,15,12,8,13.19,108.34,536936,53.69%
big_files/enwik6,binary,131072,4096,258,1024,6,12,15,15,15,12,8,13.53,106.06,536813,53.68%
big_files/enwik6,binary,131072,4096,258,999999999,6,12,15,15,15,12,8,13.84,104.28,536813,53.68%
big_files/enwik6,binary,131072,4096,258,1,6,15,15,15,15,12,8,14.31,97.81,641154,64.12%
big_files/enwik6,binary,131072,4096,258,4,6,15,15,15,15,12,8,14.27,101.04,617500,61.75%
big_files/enwik6,binary,131072,4096,258,16,6,15,15,15,15,12,8,13.80,106.20,571636,57.16%
big_files/enwik6,binary,131072,4096,258,128,6,15,15,15,15,12,8,14.17,104.59,547894,54.79%
big_files/enwik6,binary,131072,4096,258,1024,6,15,15,15,15,12,8,13.23,107.39,547763,54.78%
big_files/enwik6,binary,131072,4096,258,999999999,6,15,15,15,15,12,8,13.73,102.16,547763,54.78%
big_files/enwik6,binary,131072,4096,258,1,12,12,12,12,12,12,8,14.43,107.21,516226,51.62%
big_files/enwik6,binary,131072,4096,258,4,12,12,12,12,12,12,8,14.00,110.72,503942,50.39%
big_files/enwik6,binary,131072,4096,258,16,12,12,12,12,12,12,8,13.91,108.00,480233,48.02%
big_files/enwik6,binary,131072,4096,258,128,12,12,12,12,12,12,8,13.55,109.19,467101,46.71%
big_files/enwik6,binary,131072,4096,258,1024,12,12,12,12,12,12,8,13.93,112.94,467018,46.70%
big_files/enwik6,binary,131072,4096,258,999999999,12,12,12,12,12,12,8,14.25,106.70,467018,46.70%
big_files/enwik6,binary,131072,4096,258,1,12,12,12,12,15,12,8,14.67,105.14,518461,51.85%
big_files/enwik6,binary,131072,4096,258,4,12,12,12,12,15,12,8,14.38,107.68,506327,50.63%
big_files/enwik6,binary,131072,4096,258,16,12,12,12,12,15,12,8,13.76,116.64,483064,48.31%
big_files/enwik6,binary,131072,4096,258,128,12,12,12,12,15,12,8,13.93,108.53,470100,47.01%
big_files/enwik6,binary,131072,4096,258,1024,12,12,12,12,15,12,8,14.08,106.24,470019,47.00%
big_files/enwik6,binary,131072,4096,258,999999999,12,12,12,12,15,12,8,13.84,112.83,470019,47.00%
big_files/enwik6,binary,131072,4096,258,1,12,12,12,15,15,12,8,13.52,108.54,522080,52.21%
big_files/enwik6,binary,131072,4096,258,4,12,12,12,15,15,12,8,14.22,103.80,510296,51.03%
big_files/enwik6,binary,131072,4096,258,16,12,12,12,15,15,12,8,13.89,120.84,487350,48.73%
big_files/enwik6,binary,131072,4096,258,128,12,12,12,15,15,12,8,14.10,113.93,474736,47.47%
big_files/enwik6,binary,131072,4096,258,1024,12,12,12,15,15,12,8,13.54,111.28,474651,47.47%
big_files/enwik6,binary,131072,4096,258,999999999,12,12,12,15,15,12,8,14.04,110.55,474651,47.47%
big_files/enwik6,binary,131072,4096,258,1,12,12,15,15,15,12,8,14.45,106.96,527707,52.77%
big_files/enwik6,binary,131072,4096,258,4,12,12,15,15,15,12,8,13.71,103.01,516390,51.64%
big_files/enwik6,binary,131072,4096,258,16,12,12,15,15,15,12,8,14.08,105.81,493630,49.36%
big_files/enwik6,binary,131072,4096,258,128,12,12,15,15,15,12,8,13.81,113.41,481259,48.13%
big_files/enwik6,binary,131072,4096,258,1024,12,12,15,15,15,12,8,13.21,109.85,481170,48.12%
big_files/enwik6,binary,131072,4096,258,999999999,12,12,15,15,15,12,8,14.27,116.24,481170,48.12%
big_files/enwik6,binary,131072,4096,258,1,12,15,15,15,15,12,8,14.66,107.26,539997,54.00%
big_files/enwik6,binary,131072,4096,258,4,12,15,15,15,15,12,8,14.52,102.45,528777,52.88%
big_files/enwik6,binary,131072,4096,258,16,12,15,15,15,15,12,8,13.83,112.08,505479,50.55%
big_files/enwik6,binary,131072,4096,258,128,12,15,15,15,15,12,8,13.89,115.19,492220,49.22%
big_files/enwik6,binary,131072,4096,258,1024,12,15,15,15,15,12,8,12.81,106.47,492122,49.21%
big_files/enwik6,binary,131072,4096,258,999999999,12,15,15,15,15,12,8,13.73,109.99,492122,49.21%
big_files/enwik6,binary,131072,4096,258,1,15,15,15,15,15,12,8,14.60,95.63,575591,57.56%
big_files/enwik6,binary,131072,4096,258,4,15,15,15,15,15,12,8,14.28,102.10,560116,56.01%
big_files/enwik6,binary,131072,4096,258,16,15,15,15,15,15,12,8,14.00,108.30,530236,53.02%
big_files/enwik6,binary,131072,4096,258,128,15,15,15,15,15,12,8,13.43,108.23,513898,51.39%
big_files/enwik6,binary,131072,4096,258,1024,15,15,15,15,15,12,8,13.86,105.37,513787,51.38%
big_files/enwik6,binary,131072,4096,258,999999999,15,15,15,15,15,12,8,13.50,108.14,513787,51.38%
big_files/enwik6,binary,131072,16384,4,1,6,6,6,6,6,14,1,14.92,96.67,695472,69.55%
big_files/enwik6,binary,131072,16384,4,4,6,6,6,6,6,14,1,14.21,101.48,697753,69.78%
big_files/enwik6,binary,131072,16384,4,16,6,6,6,6,6,14,1,13.23,100.87,671993,67.20%
big_files/enwik6,binary,131072,16384,4,128,6,6,6,6,6,14,1,11.63,109.92,632692,63.27%
big_files/enwik6,binary,131072,16384,4,1024,6,6,6,6,6,14,1,10.85,111.93,625796,62.58%
big_files/enwik6,binary,131072,16384,4,999999999,6,6,6,6,6,14,1,11.07,108.00,625220,62.52%
big_files/enwik6,binary,131072,16384,4,1,6,6,6,6,12,14,1,14.56,101.35,695472,69.55%
big_files/enwik6,binary,131072,16384,4,4,6,6,6,6,12,14,1,14.44,104.29,697753,69.78%
big_files/enwik6,binary,131072,16384,4,16,6,6,6,6,12,14,1,12.71,106.86,671993,67.20%
big_files/enwik6,binary,131072,16384,4,128,6,6,6,6,12,14,1,11.55,109.80,632692,63.27%
big_files/enwik6,binary,131072,16384,4,1024,6,6,6,6,12,14,1,11.36,109.42,625796,62.58%
big_files/enwik6,binary,131072,16384,4,999999999,6,6,6,6,12,14,1,11.19,107.34,625220,62.52%
big_files/enwik6,binary,131072,16384,4,1,6,6,6,6,15,14,1,14.45,105.11,695472,69.55%
big_files/enwik6,binary,131072,16384,4,4,6,6,6,6,15,14,1,14.04,96.33,697753,69.78%
big_files/enwik6,binary,131072,16384,4,16,6,6,6,6,15,14,1,13.21,103.47,671993,67.20%
big_files/enwik6,binary,131072,16384,4,128,6,6,6,6,15,14,1,11.54,108.19,632692,63.27%
big_files/enwik6,binary,131072,16384,4,1024,6,6,6,6,15,14,1,10.91,103.35,625796,62.58%
big_files/enwik6,binary,131072,16384,4,999999999,6,6,6,6,15,14,1,10.82,111.51,625220,62.52%
big_files/enwik6,binary,131072,16384,4,1,6,6,6,12,12,14,1,14.44,109.04,695472,69.55%
big_files/enwik6,binary,131072,16384,4,4,6,6,6,12,12,14,1,14.21,98.04,697753,69.78%
big_files/enwik6,binary,131072,16384,4,16,6,6,6,12,12,14,1,12.99,107.12,671993,67.20%
big_files/enwik6,binary,131072,16384,4,128,6,6,6,12,12,14,1,11.29,114.11,632692,63.27%
big_files/enwik6,binary,131072,16384,4,1024,6,6,6,12,12,14,1,11.07,113.35,625796,62.58%
big_files/enwik6,binary,131072,16384,4,999999999,6,6,6,12,12,14,1,10.99,109.45,625220,62.52%
big_files/enwik6,binary,131072,16384,4,1,6,6,6,12,15,14,1,14.24,95.85,695472,69.55%
big_files/enwik6,binary,131072,16384,4,4,6,6,6,12,15,14,1,13.83,100.20,697753,69.78%
big_files/enwik6,binary,131072,16384,4,16,6,6,6,12,15,14,1,13.01,106.27,671993,67.20%
big_files/enwik6,binary,131072,16384,4,128,6,6,6,12,15,14,1,11.31,111.16,632692,63.27%
big_files/enwik6,binary,131072,16384,4,1024,6,6,6,12,15,14,1,11.19,114.22,625796,62.58%
big_files/enwik6,binary,131072,16384,4,999999999,6,6,6,12,15,14,1,10.83,115.19,625220,62.52%
big_files/enwik6,binary,131072,16384,4,1,6,6,6,15,15,14,1,14.71,102.32,695472,69.55%
big_files/enwik6,binary,131072,16384,4,4,6,6,6,15,15,14,1,14.07,104.40,697753,69.78%
big_files/enwik6,binary,131072,16384,4,16,6,6,6,15,15,14,1,12.94,108.61,671993,67.20%
big_files/enwik6,binary,131072,16384,4,128,6,6,6,15,15,14,1,11.05,105.06,632692,63.27%
big_files/enwik6,binary,131072,16384,4,1024,6,6,6,15,15,14,1,11.07,110.01,625796,62.58%
big_files/enwik6,binary,131072,16384,4,999999999,6,6,6,15,15,14,1,10.97,97.77,625220,62.52%
big_files/enwik6,binary,131072,16384,4,1,6,6,12,12,12,14,1,14.40,101.47,695472,69.55%
big_files/enwik6,binary,131072,16384,4,4,6,6,12,12,12,14,1,14.00,100.00,697753,69.78%
big_files/enwik6,binary,131072,16384,4,16,6,6,12,12,12,14,1,12.59,107.06,671993,67.20%
big_files/enwik6,binary,131072,16384,4,128,6,6,12,12,12,14,1,11.24,110.64,632692,63.27%
big_files/enwik6,binary,131072,16384,4,1024,6,6,12,12,12,14,1,11.22,115.73,625796,62.58%
big_files/enwik6,binary,131072,16384,4,999999999,6,6,12,12,12,14,1,11.34,109.83,625220,62.52%
big_files/enwik6,binary,131072,16384,4,1,6,6,12,12,15,14,1,14.64,102.73,695472,69.55%
big_files/enwik6,binary,131072,16384,4,4,6,6,12,12,15,14,1,14.03,100.38,697753,69.78%
big_files/enwik6,binary,131072,16384,4,16,6,6,12,12,15,14,1,12.96,101.66,671993,67.20%
big_files/enwik6,binary,131072,16384,4,128,6,6,12,12,15,14,1,10.92,112.78,632692,63.27%
big_files/enwik6,binary,131072,16384,4,1024,6,6,12,12,15,14,1,11.38,114.42,625796,62.58%
big_files/enwik6,binary,131072,16384,4,999999999,6,6,12,12,15,14,1,10.57,109.36,625220,62.52%
big_files/enwik6,binary,131072,16384,4,1,6,6,12,15,15,14,1,14.33,93.79,695472,69.55%
big_files/enwik6,binary,131072,16384,4,4,6,6,12,15,15,14,1,13.42,106.36,697753,69.78%
big_files/enwik6,binary,131072,16384,4,16,6,6,12,15,15,14,1,13.05,101.74,671993,67.20%
big_files/enwik6,binary,131072,16384,4,128,6,6,12,15,15,14,1,11.43,109.81,632692,63.27%
big_files/enwik6,binary,131072,16384,4,1024,6,6,12,15,15,14,1,10.87,105.26,625796,62.58%
big_files/enwik6,binary,131072,16384,4,999999999,6,6,12,15,15,14,1,10.49,108.00,625220,62.52%
big_files/enwik6,binary,131072,16384,4,1,6,6,15,15,15,14,1,12.60,98.77,695472,69.55%
big_files/enwik6,binary,131072,16384,4,4,6,6,15,15,15,14,1,13.56,95.94,697753,69.78%
big_files/enwik6,binary,131072,16384,4,16,6,6,15,15,15,14,1,12.02,105.59,671993,67.20%
big_files/enwik6,binary,131072,16384,4,128,6,6,15,15,15,14,1,11.41,112.14,632692,63.27%
big_files/enwik6,binary,131072,16384,4,1024,6,6,15,15,15,14,1,11.04,117.14,625796,62.58%
big_files/enwik6,binary,131072,16384,4,999999999,6,6,15,15,15,14,1,10.94,114.70,625220,62.52%
big_files/enwik6,binary,131072,16384,4,1,6,12,12,12,12,14,1,14.71,102.06,655246,65.52%
big_files/enwik6,binary,131072,16384,4,4,6,12,12,12,12,14,1,13.38,103.24,660917,66.09%
big_files/enwik6,binary,131072,16384,4,16,6,12,12,12,12,14,1,13.04,94.57,635102,63.51%
big_files/enwik6,binary,131072,16384,4,128,6,12,12,12,12,14,1,11.54,112.40,593186,59.32%
big_files/enwik6,binary,131072,16384,4,1024,6,12,12,12,12,14,1,11.29,110.24,587881,58.79%
big_files/enwik6,binary,131072,16384,4,999999999,6,12,12,12,12,14,1,11.10,109.98,587599,58.76%
big_files/enwik6,binary,131072,16384,4,1,6,12,12,12,15,14,1,14.58,98.50,655246,65.52%
big_files/enwik6,binary,131072,16384,4,4,6,12,12,12,15,14,1,14.05,97.20,660917,66.09%
big_files/enwik6,binary,131072,16384,4,16,6,12,12,12,15,14,1,13.17,108.64,635102,63.51%
big_files/enwik6,binary,131072,16384,4,128,6,12,12,12,15,14,1,11.34,102.89,593186,59.32%
big_files/enwik6,binary,131072,16384,4,1024,6,12,12,12,15,14,1,11.07,117.35,587881,58.79%
big_files/enwik6,binary,131072,16384,4,999999999,6,12,12,12,15,14,1,10.63,112.23,587599,58.76%
big_files/enwik6,binary,131072,16384,4,1,6,12,12,15,15,14,1,14.43,101.74,655246,65.52%
big_files/enwik6,binary,131072,16384,4,4,6,12,12,15,15,14,1,14.20,98.13,660917,66.09%
big_files/enwik6,binary,131072,16384,4,16,6,12,12,15,15,14,1,12.89,103.42,635102,63.51%
big_files/enwik6,binary,131072,16384,4,128,6,12,12,15,15,14,1,11.47,109.90,593186,59.32%
big_files/enwik6,binary,131072,16384,4,1024,6,12,12,15,15,14,1,11.03,109.26,587881,58.79%
big_files/enwik6,binary,131072,16384,4,999999999,6,12,12,15,15,14,1,10.87,112.19,587599,58.76%
big_files/enwik6,binary,131072,16384,4,1,6,12,15,15,15,14,1,14.41,96.20,655246,65.52%
big_files/enwik6,binary,131072,16384,4,4,6,12,15,15,15,14,1,13.11,96.09,660917,66.09%
big_files/enwik6,binary,131072,16384,4,16,6,12,15,15,15,14,1,12.84,102.97,635102,63.51%
big_files/enwik6,binary,131072,16384,4,128,6,12,15,15,15,14,1,11.45,110.90,593186,59.32%
big_files/enwik6,binary,131072,16384,4,1024,6,12,15,15,15,14,1,10.81,109.51,587881,58.79%
big_files/enwik6,binary,131072,16384,4,999999999,6,12,15,15,15,14,1,10.77,109.22,587599,58.76%
big_files/enwik6,binary,131072,16384,4,1,6,15,15,15,15,14,1,14.64,101.94,690578,69.06%
big_files/enwik6,binary,131072,16384,4,4,6,15,15,15,15,14,1,14.34,102.51,689905,68.99%
big_files/enwik6,binary,131072,16384,4,16,6,15,15,15,15,14,1,13.08,106.16,668455,66.85%
big_files/enwik6,binary,131072,16384,4,128,6,15,15,15,15,14,1,12.24,102.61,641288,64.13%
big_files/enwik6,binary,131072,16384,4,1024,6,15,15,15,15,14,1,11.02,112.29,638463,63.85%
big_files/enwik6,binary,131072,16384,4,999999999,6,15,15,15,15,14,1,10.83,118.68,638326,63.83%
big_files/enwik6,binary,131072,16384,4,1,12,12,12,12,12,14,1,15.35,106.64,616774,61.68%
big_files/enwik6,binary,131072,16384,4,4,12,12,12,12,12,14,1,14.33,96.87,629699,62.97%
big_files/enwik6,binary,131072,16384,4,16,12,12,12,12,12,14,1,13.34,104.49,614689,61.47%
big_files/enwik6,binary,131072,16384,4,128,12,12,12,12,12,14,1,11.99,120.24,579095,57.91%
big_files/enwik6,binary,131072,16384,4,1024,12,12,12,12,12,14,1,11.16,110.12,574240,57.42%
big_files/enwik6,binary,131072,16384,4,999999999,12,12,12,12,12,14,1,10.43,110.51,573952,57.40%
big_files/enwik6,binary,131072,16384,4,1,12,12,12,12,15,14,1,13.35,87.74,616774,61.68%
big_files/enwik6,binary,131072,16384,4,4,12,12,12,12,15,14,1,14.39,98.07,629699,62.97%
big_files/enwik6,binary,131072,16384,4,16,12,12,12,12,15,14,1,13.24,104.61,614689,61.47%
big_files/enwik6,binary,131072,16384,4,128,12,12,12,12,15,14,1,11.50,110.62,579095,57.91%
big_files/enwik6,binary,131072,16384,4,1024,12,12,12,12,15,14,1,10.56,112.36,574240,57.42%
big_files/enwik6,binary,131072,16384,4,999999999,12,12,12,12,15,14,1,11.18,114.97,573952,57.40%
big_files/enwik6,binary,131072,16384,4,1,12,12,12,15,15,14,1,14.28,100.10,616774,61.68%
big_files/enwik6,binary,131072,16384,4,4,12,12,12,15,15,14,1,14.03,98.69,629699,62.97%
big_files/enwik6,binary,131072,16384,4,16,12,12,12,15,15,14,1,12.93,99.98,614689,61.47%
big_files/enwik6,binary,131072,16384,4,128,12,12,12,15,15,14,1,11.55,108.60,579095,57.91%
big_files/enwik6,binary,131072,16384,4,1024,12,12,12,15,15,14,1,10.99,115.52,574240,57.42%
big_files/enwik6,binary,131072,16384,4,999999999,12,12,12,15,15,14,1,11.32,114.38,573952,57.40%
big_files/enwik6,binary,131072,16384,4,1,12,12,15,15,15,14,1,13.84,100.54,616774,61.68%
big_files/enwik6,binary,131072,16384,4,4,12,12,15,15,15,14,1,14.24,99.21,629699,62.97%
big_files/enwik6,binary,131072,16384,4,16,12,12,15,15,15,14,1,13.18,103.89,614689,61.47%
big_files/enwik6,binary,131072,16384,4,128,12,12,15,15,15,14,1,11.46,110.44,579095,57.91%
big_files/enwik6,binary,131072,16384,4,1024,12,12,15,15,15,14,1,11.04,110.43,574240,57.42%
big_files/enwik6,binary,131072,16384,4,999999999,12,12,15,15,15,14,1,10.89,111.01,573952,57.40%
big_files/enwik6,binary,131072,16384,4,1,12,15,15,15,15,14,1,13.23,101.74,652106,65.21%
big_files/enwik6,binary,131072,16384,4,4,12,15,15,15,15,14,1,13.41,97.07,658685,65.87%
big_files/enwik6,binary,131072,16384,4,16,12,15,15,15,15,14,1,13.00,98.73,648043,64.80%
big_files/enwik6,binary,131072,16384,4,128,12,15,15,15,15,14,1,11.56,110.59,627196,62.72%
big_files/enwik6,binary,131072,16384,4,1024,12,15,15,15,15,14,1,11.06,106.98,624821,62.48%
big_files/enwik6,binary,131072,16384,4,999999999,12,15,15,15,15,14,1,11.02,110.92,624678,62.47%
big_files/enwik6,binary,131072,16384,4,1,15,15,15,15,15,14,1,14.75,85.49,680213,68.02%
big_files/enwik6,binary,131072,16384,4,4,15,15,15,15,15,14,1,13.91,98.40,677221,67.72%
big_files/enwik6,binary,131072,16384,4,16,15,15,15,15,15,14,1,12.79,101.88,660185,66.02%
big_files/enwik6,binary,131072,16384,4,128,15,15,15,15,15,14,1,11.26,116.74,639179,63.92%
big_files/enwik6,binary,131072,16384,4,1024,15,15,15,15,15,14,1,11.13,114.46,636916,63.69%
big_files/enwik6,binary,131072,16384,4,999999999,15,15,15,15,15,14,1,10.71,114.14,636804,63.68%
big_files/enwik6,binary,131072,16384,8,1,6,6,6,6,6,14,3,14.11,106.24,636270,63.63%
big_files/enwik6,binary,131072,16384,8,4,6,6,6,6,6,14,3,14.26,107.10,633236,63.32%
big_files/enwik6,binary,131072,16384,8,16,6,6,6,6,6,14,3,13.28,110.28,584554,58.46%
big_files/enwik6,binary,131072,16384,8,128,6,6,6,6,6,14,3,12.50,126.43,529040,52.90%
big_files/enwik6,binary,131072,16384,8,1024,6,6,6,6,6,14,3,11.93,128.22,523252,52.33%
big_files/enwik6,binary,131072,16384,8,999999999,6,6,6,6,6,14,3,12.12,120.95,522893,52.29%
big_files/enwik6,binary,131072,16384,8,1,6,6,6,6,12,14,3,13.68,107.19,633393,63.34%
big_files/enwik6,binary,131072,16384,8,4,6,6,6,6,12,14,3,14.22,103.56,630736,63.07%
big_files/enwik6,binary,131072,16384,8,16,6,6,6,6,12,14,3,12.63,104.25,581939,58.19%
big_files/enwik6,binary,131072,16384,8,128,6,6,6,6,12,14,3,12.10,126.74,525910,52.59%
big_files/enwik6,binary,131072,16384,8,1024,6,6,6,6,12,14,3,12.20,124.74,520023,52.00%
big_files/enwik6,binary,131072,16384,8,999999999,6,6,6,6,12,14,3,12.00,118.05,519654,51.97%
big_files/enwik6,binary,131072,16384,8,1,6,6,6,6,15,14,3,14.99,105.80,635170,63.52%
big_files/enwik6,binary,131072,16384,8,4,6,6,6,6,15,14,3,13.73,103.34,632007,63.20%
big_files/enwik6,binary,131072,16384,8,16,6,6,6,6,15,14,3,13.08,110.63,583162,58.32%
big_files/enwik6,binary,131072,16384,8,128,6,6,6,6,15,14,3,12.32,126.06,527488,52.75%
big_files/enwik6,binary,131072,16384,8,1024,6,6,6,6,15,14,3,12.24,121.86,521666,52.17%
big_files/enwik6,binary,131072,16384,8,999999999,6,6,6,6,15,14,3,11.98,117.36,521302,52.13%
big_files/enwik6,binary,131072,16384,8,1,6,6,6,12,12,14,3,15.04,108.73,629216,62.92%
big_files/enwik6,binary,131072,16384,8,4,6,6,6,12,12,14,3,13.83,105.71,626349,62.63%
big_files/enwik6,binary,131072,16384,8,16,6,6,6,12,12,14,3,13.46,104.88,578023,57.80%
big_files/enwik6,binary,131072,16384,8,128,6,6,6,12,12,14,3,12.43,121.46,521528,52.15%
big_files/enwik6,binary,131072,16384,8,1024,6,6,6,12,12,14,3,11.78,111.25,515560,51.56%
big_files/enwik6,binary,131072,16384,8,999999999,6,6,6,12,12,14,3,11.45,120.02,515188,51.52%
big_files/enwik6,binary,131072,16384,8,1,6,6,6,12,15,14,3,14.42,104.98,630991,63.10%
big_files/enwik6,binary,131072,16384,8,4,6,6,6,12,15,14,3,13.95,108.53,627621,62.76%
big_files/enwik6,binary,131072,16384,8,16,6,6,6,12,15,14,3,13.44,117.47,579245,57.92%
big_files/enwik6,binary,131072,16384,8,128,6,6,6,12,15,14,3,12.18,119.60,523105,52.31%
big_files/enwik6,binary,131072,16384,8,1024,6,6,6,12,15,14,3,11.87,126.89,517203,51.72%
big_files/enwik6,binary,131072,16384,8,999999999,6,6,6,12,15,14,3,12.15,118.72,516835,51.68%
big_files/enwik6,binary,131072,16384,8,1,6,6,6,15,15,14,3,14.58,101.39,633691,63.37%
big_files/enwik6,binary,131072,16384,8,4,6,6,6,15,15,14,3,14.42,108.58,629572,62.96%
big_files/enwik6,binary,131072,16384,8,16,6,6,6,15,15,14,3,13.70,109.85,580857,58.09%
big_files/enwik6,binary,131072,16384,8,128,6,6,6,15,15,14,3,12.06,123.20,525395,52.54%
big_files/enwik6,binary,131072,16384,8,1024,6,6,6,15,15,14,3,11.89,125.19,519549,51.95%
big_files/enwik6,binary,131072,16384,8,999999999,6,6,6,15,15,14,3,11.74,117.43,519186,51.92%
big_files/enwik6,binary,131072,16384,8,1,6,6,12,12,12,14,3,14.83,103.01,622522,62.25%
big_files/enwik6,binary,131072,16384,8,4,6,6,12,12,12,14,3,13.30,106.05,620178,62.02%
big_files/enwik6,binary,131072,16384,8,16,6,6,12,12,12,14,3,13.53,118.54,572272,57.23%
big_files/enwik6,binary,131072,16384,8,128,6,6,12,12,12,14,3,12.46,121.83,515321,51.53%
big_files/enwik6,binary,131072,16384,8,1024,6,6,12,12,12,14,3,12.48,116.32,509343,50.93%
big_files/enwik6,binary,131072,16384,8,999999999,6,6,12,12,12,14,3,11.73,126.68,508976,50.90%
big_files/enwik6,binary,131072,16384,8,1,6,6,12,12,15,14,3,14.88,103.31,624300,62.43%
big_files/enwik6,binary,131072,16384,8,4,6,6,12,12,15,14,3,14.11,100.47,621450,62.14%
big_files/enwik6,binary,131072,16384,8,16,6,6,12,12,15,14,3,12.71,104.58,573495,57.35%
big_files/enwik6,binary,131072,16384,8,128,6,6,12,12,15,14,3,11.92,115.26,516898,51.69%
big_files/enwik6,binary,131072,16384,8,1024,6,6,12,12,15,14,3,11.64,124.63,510985,51.10%
big_files/enwik6,binary,131072,16384,8,999999999,6,6,12,12,15,14,3,11.76,115.11,510622,51.06%
big_files/enwik6,binary,131072,16384,8,1,6,6,12,15,15,14,3,13.95,106.58,626998,62.70%
big_files/enwik6,binary,131072,16384,8,4,6,6,12,15,15,14,3,13.48,94.75,623399,62.34%
big_files/enwik6,binary,131072,16384,8,16,6,6,12,15,15,14,3,13.53,98.37,575107,57.51%
big_files/enwik6,binary,131072,16384,8,128,6,6,12,15,15,14,3,11.98,121.92,519191,51.92%
big_files/enwik6,binary,131072,16384,8,1024,6,6,12,15,15,14,3,11.91,117.61,513333,51.33%
big_files/enwik6,binary,131072,16384,8,999999999,6,6,12,15,15,14,3,11.91,118.76,512975,51.30%
big_files/enwik6,binary,131072,16384,8,1,6,6,15,15,15,14,3,14.32,105.58,630675,63.07%
big_files/enwik6,binary,131072,16384,8,4,6,6,15,15,15,14,3,14.37,102.79,625899,62.59%
big_files/enwik6,binary,131072,16384,8,16,6,6,15,15,15,14,3,13.45,111.98,577115,57.71%
big_files/enwik6,binary,131072,16384,8,128,6,6,15,15,15,14,3,11.98,120.50,521768,52.18%
big_files/enwik6,binary,131072,16384,8,1024,6,6,15,15,15,14,3,12.03,119.15,515998,51.60%
big_files/enwik6,binary,131072,16384,8,999999999,6,6,15,15,15,14,3,11.63,113.42,515650,51.56%
big_files/enwik6,binary,131072,16384,8,1,6,12,12,12,12,14,3,15.00,99.40,604680,60.47%
big_files/enwik6,binary,131072,16384,8,4,6,12,12,12,12,14,3,14.12,103.61,604176,60.42%
big_files/enwik6,binary,131072,16384,8,16,6,12,12,12,12,14,3,13.04,109.04,558730,55.87%
big_files/enwik6,binary,131072,16384,8,128,6,12,12,12,12,14,3,12.07,122.93,503756,50.38%
big_files/enwik6,binary,131072,16384,8,1024,6,12,12,12,12,14,3,11.80,114.25,497990,49.80%
big_files/enwik6,binary,131072,16384,8,999999999,6,12,12,12,12,14,3,11.81,115.60,497634,49.76%
big_files/enwik6,binary,131072,16384,8,1,6,12,12,12,15,14,3,15.07,108.66,606453,60.65%
big_files/enwik6,binary,131072,16384,8,4,6,12,12,12,15,14,3,14.20,106.18,605447,60.54%
big_files/enwik6,binary,131072,16384,8,16,6,12,12,12,15,14,3,13.37,116.41,559953,56.00%
big_files/enwik6,binary,131072,16384,8,128,6,12,12,12,15,14,3,12.40,114.48,505334,50.53%
big_files/enwik6,binary,131072,16384,8,1024,6,12,12,12,15,14,3,12.59,127.58,499631,49.96%
big_files/enwik6,binary,131072,16384,8,999999999,6,12,12,12,15,14,3,12.01,118.71,499281,49.93%
big_files/enwik6,binary,131072,16384,8,1,6,12,12,15,15,14,3,14.84,105.42,609153,60.92%
big_files/enwik6,binary,131072,16384,8,4,6,12,12,15,15,14,3,14.39,108.49,607398,60.74%
big_files/enwik6,binary,131072,16384,8,16,6,12,12,15,15,14,3,13.21,106.33,561563,56.16%
big_files/enwik6,binary,131072,16384,8,128,6,12,12,15,15,14,3,12.17,121.88,507625,50.76%
big_files/enwik6,binary,131072,16384,8,1024,6,12,12,15,15,14,3,12.12,123.01,501980,50.20%
big_files/enwik6,binary,131072,16384,8,999999999,6,12,12,15,15,14,3,12.31,114.45,501634,50.16%
big_files/enwik6,binary,131072,16384,8,1,6,12,15,15,15,14,3,14.60,107.90,612829,61.28%
big_files/enwik6,binary,131072,16384,8,4,6,12,15,15,15,14,3,13.73,108.23,609899,60.99%
big_files/enwik6,binary,131072,16384,8,16,6,12,15,15,15,14,3,12.90,109.89,563572,56.36%
big_files/enwik6,binary,131072,16384,8,128,6,12,15,15,15,14,3,12.15,116.12,510201,51.02%
big_files/enwik6,binary,131072,16384,8,1024,6,12,15,15,15,14,3,11.78,121.30,504643,50.46%
big_files/enwik6,binary,131072,16384,8,999999999,6,12,15,15,15,14,3,11.65,110.68,504307,50.43%
big_files/enwik6,binary,131072,16384,8,1,6,15,15,15,15,14,3,14.74,105.47,619147,61.91%
big_files/enwik6,binary,131072,16384,8,4,6,15,15,15,15,14,3,13.91,98.21,612563,61.26%
big_files/enwik6,binary,131072,16384,8,16,6,15,15,15,15,14,3,13.08,102.13,564913,56.49%
big_files/enwik6,binary,131072,16384,8,128,6,15,15,15,15,14,3,11.89,116.78,512349,51.23%
big_files/enwik6,binary,131072,16384,8,1024,6,15,15,15,15,14,3,12.07,121.34,507068,50.71%
big_files/enwik6,binary,131072,16384,8,999999999,6,15,15,15,15,14,3,12.15,119.93,506748,50.67%
big_files/enwik6,binary,131072,16384,8,1,12,12,12,12,12,14,3,14.83,106.12,554536,55.45%
big_files/enwik6,binary,131072,16384,8,4,12,12,12,12,12,14,3,14.14,105.68,565432,56.54%
big_files/enwik6,binary,131072,16384,8,16,12,12,12,12,12,14,3,13.40,108.93,533363,53.34%
big_files/enwik6,binary,131072,16384,8,128,12,12,12,12,12,14,3,12.20,119.57,485217,48.52%
big_files/enwik6,binary,131072,16384,8,1024,12,12,12,12,12,14,3,11.66,114.81,479996,48.00%
big_files/enwik6,binary,131072,16384,8,999999999,12,12,12,12,12,14,3,11.87,115.50,479647,47.96%
big_files/enwik6,binary,131072,16384,8,1,12,12,12,12,15,14,3,14.36,105.44,556311,55.63%
big_files/enwik6,binary,131072,16384,8,4,12,12,12,12,15,14,3,14.12,96.23,566705,56.67%
big_files/enwik6,binary,131072,16384,8,16,12,12,12,12,15,14,3,12.89,111.41,534586,53.46%
big_files/enwik6,binary,131072,16384,8,128,12,12,12,12,15,14,3,12.23,117.94,486793,48.68%
big_files/enwik6,binary,131072,16384,8,1024,12,12,12,12,15,14,3,11.91,122.35,481637,48.16%
big_files/enwik6,binary,131072,16384,8,999999999,12,12,12,12,15,14,3,11.53,118.10,481294,48.13%
big_files/enwik6,binary,131072,16384,8,1,12,12,12,15,15,14,3,14.99,102.45,559012,55.90%
big_files/enwik6,binary,131072,16384,8,4,12,12,12,15,15,14,3,14.18,103.19,568655,56.87%
big_files/enwik6,binary,131072,16384,8,16,12,12,12,15,15,14,3,13.03,105.02,536196,53.62%
big_files/enwik6,binary,131072,16384,8,128,12,12,12,15,15,14,3,12.33,112.07,489087,48.91%
big_files/enwik6,binary,131072,16384,8,1024,12,12,12,15,15,14,3,11.84,117.03,483987,48.40%
big_files/enwik6,binary,131072,16384,8,999999999,12,12,12,15,15,14,3,12.19,114.36,483647,48.36%
big_files/enwik6,binary,131072,16384,8,1,12,12,15,15,15,14,3,14.75,104.82,562687,56.27%
big_files/enwik6,binary,131072,16384,8,4,12,12,15,15,15,14,3,13.82,105.91,571155,57.12%
big_files/enwik6,binary,131072,16384,8,16,12,12,15,15,15,14,3,13.10,107.49,538206,53.82%
big_files/enwik6,binary,131072,16384,8,128,12,12,15,15,15,14,3,12.09,115.80,491663,49.17%
big_files/enwik6,binary,131072,16384,8,1024,12,12,15,15,15,14,3,12.08,119.20,486650,48.66%
big_files/enwik6,binary,131072,16384,8,999999999,12,12,15,15,15,14,3,11.93,114.74,486321,48.63%
big_files/enwik6,binary,131072,16384,8,1,12,15,15,15,15,14,3,15.01,105.52,569005,56.90%
big_files/enwik6,binary,131072,16384,8,4,12,15,15,15,15,14,3,14.08,103.20,573819,57.38%
big_files/enwik6,binary,131072,16384,8,16,12,15,15,15,15,14,3,13.03,104.44,539546,53.95%
big_files/enwik6,binary,131072,16384,8,128,12,15,15,15,15,14,3,12.31,115.90,493810,49.38%
big_files/enwik6,binary,131072,16384,8,1024,12,15,15,15,15,14,3,11.65,116.81,489073,48.91%
big_files/enwik6,binary,131072,16384,8,999999999,12,15,15,15,15,14,3,11.93,107.11,488760,48.88%
big_files/enwik6,binary,131072,16384,8,1,15,15,15,15,15,14,3,14.47,106.08,582559,58.26%
big_files/enwik6,binary,131072,16384,8,4,15,15,15,15,15,14,3,14.27,105.95,576476,57.65%
big_files/enwik6,binary,131072,16384,8,16,15,15,15,15,15,14,3,13.34,100.43,539758,53.98%
big_files/enwik6,binary,131072,16384,8,128,15,15,15,15,15,14,3,12.33,105.46,499038,49.90%
big_files/enwik6,binary,131072,16384,8,1024,15,15,15,15,15,14,3,11.83,115.18,494720,49.47%
big_files/enwik6,binary,131072,16384,8,999999999,15,15,15,15,15,14,3,11.75,102.77,494450,49.44%
big_files/enwik6,binary,131072,16384,18,1,6,6,6,6,6,14,4,14.41,110.40,618466,61.85%
big_files/enwik6,binary,131072,16384,18,4,6,6,6,6,6,14,4,13.67,113.39,611613,61.16%
big_files/enwik6,binary,131072,16384,18,16,6,6,6,6,6,14,4,12.94,117.46,550756,55.08%
big_files/enwik6,binary,131072,16384,18,128,6,6,6,6,6,14,4,12.26,123.54,490183,49.02%
big_files/enwik6,binary,131072,16384,18,1024,6,6,6,6,6,14,4,12.05,129.48,485097,48.51%
big_files/enwik6,binary,131072,16384,18,999999999,6,6,6,6,6,14,4,12.20,117.64,484929,48.49%
big_files/enwik6,binary,131072,16384,18,1,6,6,6,6,12,14,4,14.65,113.32,615315,61.53%
big_files/enwik6,binary,131072,16384,18,4,6,6,6,6,12,14,4,13.49,105.98,608951,60.90%
big_files/enwik6,binary,131072,16384,18,16,6,6,6,6,12,14,4,12.50,117.80,547913,54.79%
big_files/enwik6,binary,131072,16384,18,128,6,6,6,6,12,14,4,11.39,112.57,486799,48.68%
big_files/enwik6,binary,131072,16384,18,1024,6,6,6,6,12,14,4,11.98,126.44,481669,48.17%
big_files/enwik6,binary,131072,16384,18,999999999,6,6,6,6,12,14,4,12.42,128.74,481497,48.15%
big_files/enwik6,binary,131072,16384,18,1,6,6,6,6,15,14,4,14.64,113.28,616611,61.66%
big_files/enwik6,binary,131072,16384,18,4,6,6,6,6,15,14,4,14.26,105.90,609712,60.97%
big_files/enwik6,binary,131072,16384,18,16,6,6,6,6,15,14,4,13.15,112.67,548503,54.85%
big_files/enwik6,binary,131072,16384,18,128,6,6,6,6,15,14,4,12.50,115.84,487585,48.76%
big_files/enwik6,binary,131072,16384,18,1024,6,6,6,6,15,14,4,12.45,122.76,482455,48.25%
big_files/enwik6,binary,131072,16384,18,999999999,6,6,6,6,15,14,4,12.32,119.55,482286,48.23%
big_files/enwik6,binary,131072,16384,18,1,6,6,6,12,12,14,4,14.60,106.33,610354,61.04%
big_files/enwik6,binary,131072,16384,18,4,6,6,6,12,12,14,4,12.69,107.13,604427,60.44%
big_files/enwik6,binary,131072,16384,18,16,6,6,6,12,12,14,4,13.31,123.04,543783,54.38%
big_files/enwik6,binary,131072,16384,18,128,6,6,6,12,12,14,4,12.75,123.64,481978,48.20%
big_files/enwik6,binary,131072,16384,18,1024,6,6,6,12,12,14,4,12.22,125.66,476739,47.67%
big_files/enwik6,binary,131072,16384,18,999999999,6,6,6,12,12,14,4,11.89,132.45,476570,47.66%
big_files/enwik6,binary,131072,16384,18,1,6,6,6,12,15,14,4,14.92,99.58,611648,61.16%
big_files/enwik6,binary,131072,16384,18,4,6,6,6,12,15,14,4,14.23,114.18,605186,60.52%
big_files/enwik6,binary,131072,16384,18,16,6,6,6,12,15,14,4,13.35,117.07,544373,54.44%
big_files/enwik6,binary,131072,16384,18,128,6,6,6,12,15,14,4,12.21,126.58,482760,48.28%
big_files/enwik6,binary,131072,16384,18,1024,6,6,6,12,15,14,4,12.07,115.45,477523,47.75%
big_files/enwik6,binary,131072,16384,18,999999999,6,6,6,12,15,14,4,12.04,124.63,477356,47.74%
big_files/enwik6,binary,131072,16384,18,1,6,6,6,15,15,14,4,14.46,110.28,613524,61.35%
big_files/enwik6,binary,131072,16384,18,4,6,6,6,15,15,14,4,14.04,111.05,606171,60.62%
big_files/enwik6,binary,131072,16384,18,16,6,6,6,15,15,14,4,13.12,117.69,544930,54.49%
big_files/enwik6,binary,131072,16384,18,128,6,6,6,15,15,14,4,12.53,121.88,483955,48.40%
big_files/enwik6,binary,131072,16384,18,1024,6,6,6,15,15,14,4,12.22,127.30,478771,47.88%
big_files/enwik6,binary,131072,16384,18,999999999,6,6,6,15,15,14,4,11.86,119.35,478605,47.86%
big_files/enwik6,binary,131072,16384,18,1,6,6,12,12,12,14,4,14.86,112.09,602759,60.28%
big_files/enwik6,binary,131072,16384,18,4,6,6,12,12,12,14,4,13.96,115.43,597646,59.76%
big_files/enwik6,binary,131072,16384,18,16,6,6,12,12,12,14,4,13.00,119.37,537668,53.77%
big_files/enwik6,binary,131072,16384,18,128,6,6,12,12,12,14,4,12.42,118.65,475166,47.52%
big_files/enwik6,binary,131072,16384,18,1024,6,6,12,12,12,14,4,12.13,125.06,469789,46.98%
big_files/enwik6,binary,131072,16384,18,999999999,6,6,12,12,12,14,4,12.36,125.15,469624,46.96%
big_files/enwik6,binary,131072,16384,18,1,6,6,12,12,15,14,4,14.91,101.22,604051,60.41%
big_files/enwik6,binary,131072,16384,18,4,6,6,12,12,15,14,4,13.96,114.25,598408,59.84%
big_files/enwik6,binary,131072,16384,18,16,6,6,12,12,15,14,4,13.53,123.45,538258,53.83%
big_files/enwik6,binary,131072,16384,18,128,6,6,12,12,15,14,4,12.40,128.29,475949,47.59%
big_files/enwik6,binary,131072,16384,18,1024,6,6,12,12,15,14,4,12.26,118.92,470574,47.06%
big_files/enwik6,binary,131072,16384,18,999999999,6,6,12,12,15,14,4,12.31,113.87,470410,47.04%
big_files/enwik6,binary,131072,16384,18,1,6,6,12,15,15,14,4,14.53,107.73,605927,60.59%
big_files/enwik6,binary,131072,16384,18,4,6,6,12,15,15,14,4,13.38,110.28,599391,59.94%
big_files/enwik6,binary,131072,16384,18,16,6,6,12,15,15,14,4,12.94,113.69,538816,53.88%
big_files/enwik6,binary,131072,16384,18,128,6,6,12,15,15,14,4,12.42,122.31,477142,47.71%
big_files/enwik6,binary,131072,16384,18,1024,6,6,12,15,15,14,4,12.48,117.00,471822,47.18%
big_files/enwik6,binary,131072,16384,18,999999999,6,6,12,15,15,14,4,12.34,115.15,471659,47.17%
big_files/enwik6,binary,131072,16384,18,1,6,6,15,15,15,14,4,14.17,106.61,608576,60.86%
big_files/enwik6,binary,131072,16384,18,4,6,6,15,15,15,14,4,14.28,108.16,600460,60.05%
big_files/enwik6,binary,131072,16384,18,16,6,6,15,15,15,14,4,13.18,105.52,539366,53.94%
big_files/enwik6,binary,131072,16384,18,128,6,6,15,15,15,14,4,12.07,127.08,478264,47.83%
big_files/enwik6,binary,131072,16384,18,1024,6,6,15,15,15,14,4,11.96,125.39,473063,47.31%
big_files/enwik6,binary,131072,16384,18,999999999,6,6,15,15,15,14,4,11.95,129.01,472902,47.29%
big_files/enwik6,binary,131072,16384,18,1,6,12,12,12,12,14,4,14.87,116.30,582557,58.26%
big_files/enwik6,binary,131072,16384,18,4,6,12,12,12,12,14,4,13.37,109.22,580390,58.04%
big_files/enwik6,binary,131072,16384,18,16,6,12,12,12,12,14,4,12.62,120.76,523421,52.34%
big_files/enwik6,binary,131072,16384,18,128,6,12,12,12,12,14,4,12.53,119.48,462852,46.29%
big_files/enwik6,binary,131072,16384,18,1024,6,12,12,12,12,14,4,12.50,120.24,457496,45.75%
big_files/enwik6,binary,131072,16384,18,999999999,6,12,12,12,12,14,4,12.11,127.68,457336,45.73%
big_files/enwik6,binary,131072,16384,18,1,6,12,12,12,15,14,4,15.01,114.33,583853,58.39%
big_files/enwik6,binary,131072,16384,18,4,6,12,12,12,15,14,4,13.88,112.80,581150,58.11%
big_files/enwik6,binary,131072,16384,18,16,6,12,12,12,15,14,4,13.20,117.23,524011,52.40%
big_files/enwik6,binary,131072,16384,18,128,6,12,12,12,15,14,4,12.32,126.02,463634,46.36%
big_files/enwik6,binary,131072,16384,18,1024,6,12,12,12,15,14,4,12.00,122.05,458284,45.83%
big_files/enwik6,binary,131072,16384,18,999999999,6,12,12,12,15,14,4,12.04,126.85,458125,45.81%
big_files/enwik6,binary,131072,16384,18,1,6,12,12,15,15,14,4,14.71,107.64,585728,58.57%
big_files/enwik6,binary,131072,16384,18,4,6,12,12,15,15,14,4,14.18,110.42,582134,58.21%
big_files/enwik6,binary,131072,16384,18,16,6,12,12,15,15,14,4,13.51,119.57,524568,52.46%
big_files/enwik6,binary,131072,16384,18,128,6,12,12,15,15,14,4,12.46,120.06,464827,46.48%
big_files/enwik6,binary,131072,16384,18,1024,6,12,12,15,15,14,4,12.27,122.10,459531,45.95%
big_files/enwik6,binary,131072,16384,18,999999999,6,12,12,15,15,14,4,12.25,116.03,459372,45.94%
big_files/enwik6,binary,131072,16384,18,1,6,12,15,15,15,14,4,14.25,111.63,588376,58.84%
big_files/enwik6,binary,131072,16384,18,4,6,12,15,15,15,14,4,14.11,109.74,583202,58.32%
big_files/enwik6,binary,131072,16384,18,16,6,12,15,15,15,14,4,12.95,120.59,525123,52.51%
big_files/enwik6,binary,131072,16384,18,128,6,12,15,15,15,14,4,12.29,122.91,465948,46.59%
big_files/enwik6,binary,131072,16384,18,1024,6,12,15,15,15,14,4,12.16,119.42,460774,46.08%
big_files/enwik6,binary,131072,16384,18,999999999,6,12,15,15,15,14,4,12.12,122.45,460617,46.06%
big_files/enwik6,binary,131072,16384,18,1,6,15,15,15,15,14,4,14.89,110.78,592713,59.27%
big_files/enwik6,binary,131072,16384,18,4,6,15,15,15,15,14,4,14.42,108.08,583361,58.34%
big_files/enwik6,binary,131072,16384,18,16,6,15,15,15,15,14,4,13.21,122.58,524010,52.40%
big_files/enwik6,binary,131072,16384,18,128,6,15,15,15,15,14,4,12.35,120.02,466000,46.60%
big_files/enwik6,binary,131072,16384,18,1024,6,15,15,15,15,14,4,12.30,125.64,461291,46.13%
big_files/enwik6,binary,131072,16384,18,999999999,6,15,15,15,15,14,4,12.36,121.55,461142,46.11%
big_files/enwik6,binary,131072,16384,18,1,12,12,12,12,12,14,4,14.90,107.54,526576,52.66%
big_files/enwik6,binary,131072,16384,18,4,12,12,12,12,12,14,4,14.02,110.38,538047,53.80%
big_files/enwik6,binary,131072,16384,18,16,12,12,12,12,12,14,4,11.96,115.06,496149,49.61%
big_files/enwik6,binary,131072,16384,18,128,12,12,12,12,12,14,4,12.22,120.04,442148,44.21%
big_files/enwik6,binary,131072,16384,18,1024,12,12,12,12,12,14,4,12.37,118.90,437176,43.72%
big_files/enwik6,binary,131072,16384,18,999999999,12,12,12,12,12,14,4,12.04,124.28,437018,43.70%
big_files/enwik6,binary,131072,16384,18,1,12,12,12,12,15,14,4,14.16,106.70,527870,52.79%
big_files/enwik6,binary,131072,16384,18,4,12,12,12,12,15,14,4,13.98,103.45,538807,53.88%
big_files/enwik6,binary,131072,16384,18,16,12,12,12,12,15,14,4,12.85,117.50,496740,49.67%
big_files/enwik6,binary,131072,16384,18,128,12,12,12,12,15,14,4,12.11,127.21,442934,44.29%
big_files/enwik6,binary,131072,16384,18,1024,12,12,12,12,15,14,4,12.17,127.92,437960,43.80%
big_files/enwik6,binary,131072,16384,18,999999999,12,12,12,12,15,14,4,12.33,123.14,437804,43.78%
big_files/enwik6,binary,131072,16384,18,1,12,12,12,15,15,14,4,14.76,109.46,529746,52.97%
big_files/enwik6,binary,131072,16384,18,4,12,12,12,15,15,14,4,13.70,107.67,539791,53.98%
big_files/enwik6,binary,131072,16384,18,16,12,12,12,15,15,14,4,12.48,114.58,497295,49.73%
big_files/enwik6,binary,131072,16384,18,128,12,12,12,15,15,14,4,11.52,127.28,444126,44.41%
big_files/enwik6,binary,131072,16384,18,1024,12,12,12,15,15,14,4,12.09,117.55,439209,43.92%
big_files/enwik6,binary,131072,16384,18,999999999,12,12,12,15,15,14,4,11.51,124.90,439053,43.91%
big_files/enwik6,binary,131072,16384,18,1,12,12,15,15,15,14,4,14.64,103.15,532394,53.24%
big_files/enwik6,binary,131072,16384,18,4,12,12,15,15,15,14,4,14.17,106.86,540860,54.09%
big_files/enwik6,binary,131072,16384,18,16,12,12,15,15,15,14,4,13.07,115.36,497848,49.78%
big_files/enwik6,binary,131072,16384,18,128,12,12,15,15,15,14,4,11.46,117.81,445249,44.52%
big_files/enwik6,binary,131072,16384,18,1024,12,12,15,15,15,14,4,11.73,119.96,440451,44.05%
big_files/enwik6,binary,131072,16384,18,999999999,12,12,15,15,15,14,4,11.93,118.80,440297,44.03%
big_files/enwik6,binary,131072,16384,18,1,12,15,15,15,15,14,4,14.83,100.30,536731,53.67%
big_files/enwik6,binary,131072,16384,18,4,12,15,15,15,15,14,4,13.82,105.73,541018,54.10%
big_files/enwik6,binary,131072,16384,18,16,12,15,15,15,15,14,4,13.10,118.10,496736,49.67%
big_files/enwik6,binary,131072,16384,18,128,12,15,15,15,15,14,4,12.41,120.66,445301,44.53%
big_files/enwik6,binary,131072,16384,18,1024,12,15,15,15,15,14,4,11.99,116.89,440969,44.10%
big_files/enwik6,binary,131072,16384,18,999999999,12,15,15,15,15,14,4,12.32,117.88,440823,44.08%
big_files/enwik6,binary,131072,16384,18,1,15,15,15,15,15,14,4,14.58,113.45,544505,54.45%
big_files/enwik6,binary,131072,16384,18,4,15,15,15,15,15,14,4,13.76,108.85,536943,53.69%
big_files/enwik6,binary,131072,16384,18,16,15,15,15,15,15,14,4,12.97,111.95,492209,49.22%
big_files/enwik6,binary,131072,16384,18,128,15,15,15,15,15,14,4,12.17,109.09,448045,44.80%
big_files/enwik6,binary,131072,16384,18,1024,15,15,15,15,15,14,4,11.64,110.12,444283,44.43%
big_files/enwik6,binary,131072,16384,18,999999999,15,15,15,15,15,14,4,12.07,115.37,444153,44.42%
big_files/enwik6,binary,131072,16384,32,1,6,6,6,6,6,14,5,14.07,110.08,633197,63.32%
big_files/enwik6,binary,131072,16384,32,4,6,6,6,6,6,14,5,12.87,106.73,624683,62.47%
big_files/enwik6,binary,131072,16384,32,16,6,6,6,6,6,14,5,12.06,124.69,560061,56.01%
big_files/enwik6,binary,131072,16384,32,128,6,6,6,6,6,14,5,11.60,129.26,497663,49.77%
big_files/enwik6,binary,131072,16384,32,1024,6,6,6,6,6,14,5,11.90,136.64,492949,49.29%
big_files/enwik6,binary,131072,16384,32,999999999,6,6,6,6,6,14,5,11.26,126.35,492937,49.29%
big_files/enwik6,binary,131072,16384,32,1,6,6,6,6,12,14,5,13.83,104.47,629573,62.96%
big_files/enwik6,binary,131072,16384,32,4,6,6,6,6,12,14,5,12.68,102.84,621631,62.16%
big_files/enwik6,binary,131072,16384,32,16,6,6,6,6,12,14,5,11.34,115.81,556757,55.68%
big_files/enwik6,binary,131072,16384,32,128,6,6,6,6,12,14,5,11.24,127.51,493664,49.37%
big_files/enwik6,binary,131072,16384,32,1024,6,6,6,6,12,14,5,11.80,128.23,488880,48.89%
big_files/enwik6,binary,131072,16384,32,999999999,6,6,6,6,12,14,5,11.39,119.92,488868,48.89%
big_files/enwik6,binary,131072,16384,32,1,6,6,6,6,15,14,5,12.87,100.10,630614,63.06%
big_files/enwik6,binary,131072,16384,32,4,6,6,6,6,15,14,5,12.58,109.39,622040,62.20%
big_files/enwik6,binary,131072,16384,32,16,6,6,6,6,15,14,5,11.86,119.19,556860,55.69%
big_files/enwik6,binary,131072,16384,32,128,6,6,6,6,15,14,5,11.69,124.29,493927,49.39%
big_files/enwik6,binary,131072,16384,32,1024,6,6,6,6,15,14,5,11.30,130.85,489131,48.91%
big_files/enwik6,binary,131072,16384,32,999999999,6,6,6,6,15,14,5,11.33,124.40,489119,48.91%
big_files/enwik6,binary,131072,16384,32,1,6,6,6,12,12,14,5,12.75,106.61,623803,62.38%
big_files/enwik6,binary,131072,16384,32,4,6,6,6,12,12,14,5,12.48,110.76,616413,61.64%
big_files/enwik6,binary,131072,16384,32,16,6,6,6,12,12,14,5,12.04,116.63,551971,55.20%
big_files/enwik6,binary,131072,16384,32,128,6,6,6,12,12,14,5,11.87,131.89,487926,48.79%
big_files/enwik6,binary,131072,16384,32,1024,6,6,6,12,12,14,5,11.15,120.98,483010,48.30%
big_files/enwik6,binary,131072,16384,32,999999999,6,6,6,12,12,14,5,11.65,133.34,482998,48.30%
big_files/enwik6,binary,131072,16384,32,1,6,6,6,12,15,14,5,13.06,113.85,624844,62.48%
big_files/enwik6,binary,131072,16384,32,4,6,6,6,12,15,14,5,12.57,114.96,616820,61.68%
big_files/enwik6,binary,131072,16384,32,16,6,6,6,12,15,14,5,11.80,114.29,552073,55.21%
big_files/enwik6,binary,131072,16384,32,128,6,6,6,12,15,14,5,11.81,127.64,488187,48.82%
big_files/enwik6,binary,131072,16384,32,1024,6,6,6,12,15,14,5,11.50,124.91,483262,48.33%
big_files/enwik6,binary,131072,16384,32,999999999,6,6,6,12,15,14,5,11.58,127.51,483250,48.32%
big_files/enwik6,binary,131072,16384,32,1,6,6,6,15,15,14,5,13.06,107.71,626291,62.63%
big_files/enwik6,binary,131072,16384,32,4,6,6,6,15,15,14,5,12.12,105.20,617187,61.72%
big_files/enwik6,binary,131072,16384,32,16,6,6,6,15,15,14,5,11.87,118.04,551872,55.19%
big_files/enwik6,binary,131072,16384,32,128,6,6,6,15,15,14,5,11.75,127.33,488662,48.87%
big_files/enwik6,binary,131072,16384,32,1024,6,6,6,15,15,14,5,11.93,121.68,483783,48.38%
big_files/enwik6,binary,131072,16384,32,999999999,6,6,6,15,15,14,5,11.11,129.65,483772,48.38%
big_files/enwik6,binary,131072,16384,32,1,6,6,12,12,12,14,5,12.91,110.13,614909,61.49%
big_files/enwik6,binary,131072,16384,32,4,6,6,12,12,12,14,5,12.17,111.57,608605,60.86%
big_files/enwik6,binary,131072,16384,32,16,6,6,12,12,12,14,5,11.98,115.34,544831,54.48%
big_files/enwik6,binary,131072,16384,32,128,6,6,12,12,12,14,5,11.45,124.37,479944,47.99%
big_files/enwik6,binary,131072,16384,32,1024,6,6,12,12,12,14,5,11.23,133.85,474843,47.48%
big_files/enwik6,binary,131072,16384,32,999999999,6,6,12,12,12,14,5,11.64,126.36,474831,47.48%
big_files/enwik6,binary,131072,16384,32,1,6,6,12,12,15,14,5,13.17,105.87,615949,61.59%
big_files/enwik6,binary,131072,16384,32,4,6,6,12,12,15,14,5,12.87,109.59,609011,60.90%
big_files/enwik6,binary,131072,16384,32,16,6,6,12,12,15,14,5,11.79,117.60,544935,54.49%
big_files/enwik6,binary,131072,16384,32,128,6,6,12,12,15,14,5,11.77,126.56,480206,48.02%
big_files/enwik6,binary,131072,16384,32,1024,6,6,12,12,15,14,5,11.83,128.50,475094,47.51%
big_files/enwik6,binary,131072,16384,32,999999999,6,6,12,12,15,14,5,11.42,131.49,475082,47.51%
big_files/enwik6,binary,131072,16384,32,1,6,6,12,15,15,14,5,12.65,104.49,617397,61.74%
big_files/enwik6,binary,131072,16384,32,4,6,6,12,15,15,14,5,12.18,111.09,609379,60.94%
big_files/enwik6,binary,131072,16384,32,16,6,6,12,15,15,14,5,11.77,114.08,544729,54.47%
big_files/enwik6,binary,131072,16384,32,128,6,6,12,15,15,14,5,11.70,128.69,480681,48.07%
big_files/enwik6,binary,131072,16384,32,1024,6,6,12,15,15,14,5,11.39,128.89,475614,47.56%
big_files/enwik6,binary,131072,16384,32,999999999,6,6,12,15,15,14,5,11.58,125.86,475603,47.56%
big_files/enwik6,binary,131072,16384,32,1,6,6,15,15,15,14,5,13.24,110.69,619396,61.94%
big_files/enwik6,binary,131072,16384,32,4,6,6,15,15,15,14,5,12.00,106.31,609452,60.95%
big_files/enwik6,binary,131072,16384,32,16,6,6,15,15,15,14,5,11.83,114.20,544175,54.42%
big_files/enwik6,binary,131072,16384,32,128,6,6,15,15,15,14,5,11.47,125.62,480686,48.07%
big_files/enwik6,binary,131072,16384,32,1024,6,6,15,15,15,14,5,11.88,126.83,475772,47.58%
big_files/enwik6,binary,131072,16384,32,999999999,6,6,15,15,15,14,5,11.51,124.74,475761,47.58%
big_files/enwik6,binary,131072,16384,32,1,6,12,12,12,12,14,5,13.07,101.72,591794,59.18%
big_files/enwik6,binary,131072,16384,32,4,6,12,12,12,12,14,5,11.98,100.44,589013,58.90%
big_files/enwik6,binary,131072,16384,32,16,6,12,12,12,12,14,5,11.69,117.59,528684,52.87%
big_files/enwik6,binary,131072,16384,32,128,6,12,12,12,12,14,5,10.90,132.10,465833,46.58%
big_files/enwik6,binary,131072,16384,32,1024,6,12,12,12,12,14,5,11.43,131.53,460729,46.07%
big_files/enwik6,binary,131072,16384,32,999999999,6,12,12,12,12,14,5,11.53,130.64,460717,46.07%
big_files/enwik6,binary,131072,16384,32,1,6,12,12,12,15,14,5,13.15,107.95,592836,59.28%
big_files/enwik6,binary,131072,16384,32,4,6,12,12,12,15,14,5,12.59,108.64,589421,58.94%
big_files/enwik6,binary,131072,16384,32,16,6,12,12,12,15,14,5,11.91,118.08,528786,52.88%
big_files/enwik6,binary,131072,16384,32,128,6,12,12,12,15,14,5,11.26,126.00,466094,46.61%
big_files/enwik6,binary,131072,16384,32,1024,6,12,12,12,15,14,5,11.54,132.63,460981,46.10%
big_files/enwik6,binary,131072,16384,32,999999999,6,12,12,12,15,14,5,12.01,124.70,460969,46.10%
big_files/enwik6,binary,131072,16384,32,1,6,12,12,15,15,14,5,13.25,105.71,594282,59.43%
big_files/enwik6,binary,131072,16384,32,4,6,12,12,15,15,14,5,12.63,112.03,589788,58.98%
big_files/enwik6,binary,131072,16384,32,16,6,12,12,15,15,14,5,11.77,117.84,528585,52.86%
big_files/enwik6,binary,131072,16384,32,128,6,12,12,15,15,14,5,11.86,131.88,466569,46.66%
big_files/enwik6,binary,131072,16384,32,1024,6,12,12,15,15,14,5,12.03,130.51,461500,46.15%
big_files/enwik6,binary,131072,16384,32,999999999,6,12,12,15,15,14,5,11.52,131.27,461489,46.15%
big_files/enwik6,binary,131072,16384,32,1,6,12,15,15,15,14,5,12.72,102.30,596280,59.63%
big_files/enwik6,binary,131072,16384,32,4,6,12,15,15,15,14,5,12.35,102.60,589861,58.99%
big_files/enwik6,binary,131072,16384,32,16,6,12,15,15,15,14,5,11.47,113.88,528028,52.80%
big_files/enwik6,binary,131072,16384,32,128,6,12,15,15,15,14,5,11.86,116.54,466574,46.66%
big_files/enwik6,binary,131072,16384,32,1024,6,12,15,15,15,14,5,11.62,120.01,461657,46.17%
big_files/enwik6,binary,131072,16384,32,999999999,6,12,15,15,15,14,5,11.56,130.85,461646,46.16%
big_files/enwik6,binary,131072,16384,32,1,6,15,15,15,15,14,5,12.62,104.31,599222,59.92%
big_files/enwik6,binary,131072,16384,32,4,6,15,15,15,15,14,5,12.52,107.54,588053,58.81%
big_files/enwik6,binary,131072,16384,32,16,6,15,15,15,15,14,5,12.13,119.01,524893,52.49%
big_files/enwik6,binary,131072,16384,32,128,6,15,15,15,15,14,5,11.54,125.67,464987,46.50%
big_files/enwik6,binary,131072,16384,32,1024,6,15,15,15,15,14,5,11.67,125.30,460658,46.07%
big_files/enwik6,binary,131072,16384,32,999999999,6,15,15,15,15,14,5,10.88,121.90,460647,46.06%
big_files/enwik6,binary,131072,16384,32,1,12,12,12,12,12,14,5,11.94,102.62,527909,52.79%
big_files/enwik6,binary,131072,16384,32,4,12,12,12,12,12,14,5,12.45,104.91,541200,54.12%
big_files/enwik6,binary,131072,16384,32,16,12,12,12,12,12,14,5,11.88,120.87,497935,49.79%
big_files/enwik6,binary,131072,16384,32,128,12,12,12,12,12,14,5,11.54,126.67,442169,44.22%
big_files/enwik6,binary,131072,16384,32,1024,12,12,12,12,12,14,5,11.85,122.78,437312,43.73%
big_files/enwik6,binary,131072,16384,32,999999999,12,12,12,12,12,14,5,11.31,122.27,437301,43.73%
big_files/enwik6,binary,131072,16384,32,1,12,12,12,12,15,14,5,12.78,105.27,528951,52.90%
big_files/enwik6,binary,131072,16384,32,4,12,12,12,12,15,14,5,12.25,107.69,541606,54.16%
big_files/enwik6,binary,131072,16384,32,16,12,12,12,12,15,14,5,11.82,119.71,498036,49.80%
big_files/enwik6,binary,131072,16384,32,128,12,12,12,12,15,14,5,12.03,133.32,442430,44.24%
big_files/enwik6,binary,131072,16384,32,1024,12,12,12,12,15,14,5,11.66,127.20,437563,43.76%
big_files/enwik6,binary,131072,16384,32,999999999,12,12,12,12,15,14,5,11.41,125.47,437552,43.76%
big_files/enwik6,binary,131072,16384,32,1,12,12,12,15,15,14,5,13.17,106.90,530397,53.04%
big_files/enwik6,binary,131072,16384,32,4,12,12,12,15,15,14,5,11.88,106.09,541975,54.20%
big_files/enwik6,binary,131072,16384,32,16,12,12,12,15,15,14,5,11.85,113.12,497834,49.78%
big_files/enwik6,binary,131072,16384,32,128,12,12,12,15,15,14,5,11.98,126.47,442905,44.29%
big_files/enwik6,binary,131072,16384,32,1024,12,12,12,15,15,14,5,11.63,128.37,438084,43.81%
big_files/enwik6,binary,131072,16384,32,999999999,12,12,12,15,15,14,5,11.63,125.69,438072,43.81%
big_files/enwik6,binary,131072,16384,32,1,12,12,15,15,15,14,5,13.01,110.25,532396,53.24%
big_files/enwik6,binary,131072,16384,32,4,12,12,15,15,15,14,5,12.23,102.94,542047,54.20%
big_files/enwik6,binary,131072,16384,32,16,12,12,15,15,15,14,5,11.86,118.70,497281,49.73%
big_files/enwik6,binary,131072,16384,32,128,12,12,15,15,15,14,5,11.50,127.30,442909,44.29%
big_files/enwik6,binary,131072,16384,32,1024,12,12,15,15,15,14,5,11.57,127.83,438242,43.82%
big_files/enwik6,binary,131072,16384,32,999999999,12,12,15,15,15,14,5,11.57,126.21,438230,43.82%
big_files/enwik6,binary,131072,16384,32,1,12,15,15,15,15,14,5,12.97,108.04,535338,53.53%
big_files/enwik6,binary,131072,16384,32,4,12,15,15,15,15,14,5,12.39,106.39,540241,54.02%
big_files/enwik6,binary,131072,16384,32,16,12,15,15,15,15,14,5,11.96,114.94,494144,49.41%
big_files/enwik6,binary,131072,16384,32,128,12,15,15,15,15,14,5,11.48,124.92,441324,44.13%
big_files/enwik6,binary,131072,16384,32,1024,12,15,15,15,15,14,5,11.65,125.61,437241,43.72%
big_files/enwik6,binary,131072,16384,32,999999999,12,15,15,15,15,14,5,11.70,125.56,437230,43.72%
big_files/enwik6,binary,131072,16384,32,1,15,15,15,15,15,14,5,12.78,112.70,538334,53.83%
big_files/enwik6,binary,131072,16384,32,4,15,15,15,15,15,14,5,12.30,110.19,530175,53.02%
big_files/enwik6,binary,131072,16384,32,16,15,15,15,15,15,14,5,11.52,110.30,485194,48.52%
big_files/enwik6,binary,131072,16384,32,128,15,15,15,15,15,14,5,11.10,121.94,441992,44.20%
big_files/enwik6,binary,131072,16384,32,1024,15,15,15,15,15,14,5,11.84,128.12,438690,43.87%
big_files/enwik6,binary,131072,16384,32,999999999,15,15,15,15,15,14,5,11.88,122.31,438681,43.87%
big_files/enwik6,binary,131072,16384,64,1,6,6,6,6,6,14,6,13.27,102.75,652648,65.26%
big_files/enwik6,binary,131072,16384,64,4,6,6,6,6,6,14,6,12.07,110.58,642771,64.28%
big_files/enwik6,binary,131072,16384,64,16,6,6,6,6,6,14,6,12.05,119.70,575227,57.52%
big_files/enwik6,binary,131072,16384,64,128,6,6,6,6,6,14,6,11.39,121.55,511836,51.18%
big_files/enwik6,binary,131072,16384,64,1024,6,6,6,6,6,14,6,11.37,124.62,507172,50.72%
big_files/enwik6,binary,131072,16384,64,999999999,6,6,6,6,6,14,6,11.43,132.06,507163,50.72%
big_files/enwik6,binary,131072,16384,64,1,6,6,6,6,12,14,6,14.09,109.85,648516,64.85%
big_files/enwik6,binary,131072,16384,64,4,6,6,6,6,12,14,6,14.00,109.56,639323,63.93%
big_files/enwik6,binary,131072,16384,64,16,6,6,6,6,12,14,6,13.20,119.28,571425,57.14%
big_files/enwik6,binary,131072,16384,64,128,6,6,6,6,12,14,6,12.31,123.35,507241,50.72%
big_files/enwik6,binary,131072,16384,64,1024,6,6,6,6,12,14,6,12.29,126.87,502490,50.25%
big_files/enwik6,binary,131072,16384,64,999999999,6,6,6,6,12,14,6,12.20,127.77,502481,50.25%
big_files/enwik6,binary,131072,16384,64,1,6,6,6,6,15,14,6,14.89,103.34,649330,64.93%
big_files/enwik6,binary,131072,16384,64,4,6,6,6,6,15,14,6,13.74,109.07,639396,63.94%
big_files/enwik6,binary,131072,16384,64,16,6,6,6,6,15,14,6,12.79,112.36,571088,57.11%
big_files/enwik6,binary,131072,16384,64,128,6,6,6,6,15,14,6,12.20,132.64,506984,50.70%
big_files/enwik6,binary,131072,16384,64,1024,6,6,6,6,15,14,6,12.41,124.82,502212,50.22%
big_files/enwik6,binary,131072,16384,64,999999999,6,6,6,6,15,14,6,12.10,121.73,502203,50.22%
big_files/enwik6,binary,131072,16384,64,1,6,6,6,12,12,14,6,13.98,109.69,641877,64.19%
big_files/enwik6,binary,131072,16384,64,4,6,6,6,12,12,14,6,14.11,117.24,633401,63.34%
big_files/enwik6,binary,131072,16384,64,16,6,6,6,12,12,14,6,13.75,121.87,565918,56.59%
big_files/enwik6,binary,131072,16384,64,128,6,6,6,12,12,14,6,12.59,129.08,500591,50.06%
big_files/enwik6,binary,131072,16384,64,1024,6,6,6,12,12,14,6,12.81,128.78,495691,49.57%
big_files/enwik6,binary,131072,16384,64,999999999,6,6,6,12,12,14,6,12.25,134.61,495682,49.57%
big_files/enwik6,binary,131072,16384,64,1,6,6,6,12,15,14,6,14.71,107.56,642691,64.27%
big_files/enwik6,binary,131072,16384,64,4,6,6,6,12,15,14,6,14.21,107.36,633475,63.35%
big_files/enwik6,binary,131072,16384,64,16,6,6,6,12,15,14,6,13.33,115.51,565582,56.56%
big_files/enwik6,binary,131072,16384,64,128,6,6,6,12,15,14,6,12.28,122.16,500332,50.03%
big_files/enwik6,binary,131072,16384,64,1024,6,6,6,12,15,14,6,12.82,131.58,495413,49.54%
big_files/enwik6,binary,131072,16384,64,999999999,6,6,6,12,15,14,6,12.72,131.32,495404,49.54%
big_files/enwik6,binary,131072,16384,64,1,6,6,6,15,15,14,6,14.17,105.59,643758,64.38%
big_files/enwik6,binary,131072,16384,64,4,6,6,6,15,15,14,6,13.99,101.63,633245,63.32%
big_files/enwik6,binary,131072,16384,64,16,6,6,6,15,15,14,6,13.35,115.76,564662,56.47%
big_files/enwik6,binary,131072,16384,64,128,6,6,6,15,15,14,6,12.88,130.83,500087,50.01%
big_files/enwik6,binary,131072,16384,64,1024,6,6,6,15,15,14,6,12.42,125.75,495207,49.52%
big_files/enwik6,binary,131072,16384,64,999999999,6,6,6,15,15,14,6,12.74,122.95,495198,49.52%
big_files/enwik6,binary,131072,16384,64,1,6,6,12,12,12,14,6,15.02,110.70,631682,63.17%
big_files/enwik6,binary,131072,16384,64,4,6,6,12,12,12,14,6,13.72,105.69,624455,62.45%
big_files/enwik6,binary,131072,16384,64,16,6,6,12,12,12,14,6,13.48,119.26,557700,55.77%
big_files/enwik6,binary,131072,16384,64,128,6,6,12,12,12,14,6,12.50,122.12,491362,49.14%
big_files/enwik6,binary,131072,16384,64,1024,6,6,12,12,12,14,6,12.77,123.51,486243,48.62%
big_files/enwik6,binary,131072,16384,64,999999999,6,6,12,12,12,14,6,12.55,130.23,486234,48.62%
big_files/enwik6,binary,131072,16384,64,1,6,6,12,12,15,14,6,14.85,101.72,632496,63.25%
big_files/enwik6,binary,131072,16384,64,4,6,6,12,12,15,14,6,13.45,104.14,624529,62.45%
big_files/enwik6,binary,131072,16384,64,16,6,6,12,12,15,14,6,13.49,123.97,557364,55.74%
big_files/enwik6,binary,131072,16384,64,128,6,6,12,12,15,14,6,12.71,122.90,491104,49.11%
big_files/enwik6,binary,131072,16384,64,1024,6,6,12,12,15,14,6,12.11,128.36,485964,48.60%
big_files/enwik6,binary,131072,16384,64,999999999,6,6,12,12,15,14,6,12.47,121.03,485955,48.60%
big_files/enwik6,binary,131072,16384,64,1,6,6,12,15,15,14,6,14.67,96.63,633563,63.36%
big_files/enwik6,binary,131072,16384,64,4,6,6,12,15,15,14,6,13.79,107.10,624298,62.43%
big_files/enwik6,binary,131072,16384,64,16,6,6,12,15,15,14,6,13.06,116.80,556446,55.64%
big_files/enwik6,binary,131072,16384,64,128,6,6,12,15,15,14,6,12.23,127.97,490858,49.09%
big_files/enwik6,binary,131072,16384,64,1024,6,6,12,15,15,14,6,12.24,123.32,485760,48.58%
big_files/enwik6,binary,131072,16384,64,999999999,6,6,12,15,15,14,6,12.51,129.25,485751,48.58%
big_files/enwik6,binary,131072,16384,64,1,6,6,15,15,15,14,6,14.17,108.48,634928,63.49%
big_files/enwik6,binary,131072,16384,64,4,6,6,15,15,15,14,6,13.79,110.91,623410,62.34%
big_files/enwik6,binary,131072,16384,64,16,6,6,15,15,15,14,6,13.32,107.98,554830,55.48%
big_files/enwik6,binary,131072,16384,64,128,6,6,15,15,15,14,6,12.63,119.25,489796,48.98%
big_files/enwik6,binary,131072,16384,64,1024,6,6,15,15,15,14,6,12.75,128.23,484860,48.49%
big_files/enwik6,binary,131072,16384,64,999999999,6,6,15,15,15,14,6,12.95,133.07,484852,48.49%
big_files/enwik6,binary,131072,16384,64,1,6,12,12,12,12,14,6,14.41,105.84,605613,60.56%
big_files/enwik6,binary,131072,16384,64,4,6,12,12,12,12,14,6,14.22,108.68,602491,60.25%
big_files/enwik6,binary,131072,16384,64,16,6,12,12,12,12,14,6,13.30,109.87,539537,53.95%
big_files/enwik6,binary,131072,16384,64,128,6,12,12,12,12,14,6,12.42,127.53,475357,47.54%
big_files/enwik6,binary,131072,16384,64,1024,6,12,12,12,12,14,6,12.26,131.69,470216,47.02%
big_files/enwik6,binary,131072,16384,64,999999999,6,12,12,12,12,14,6,12.62,125.04,470207,47.02%
big_files/enwik6,binary,131072,16384,64,1,6,12,12,12,15,14,6,14.64,108.77,606427,60.64%
big_files/enwik6,binary,131072,16384,64,4,6,12,12,12,15,14,6,14.12,105.89,602564,60.26%
big_files/enwik6,binary,131072,16384,64,16,6,12,12,12,15,14,6,13.15,116.40,539200,53.92%
big_files/enwik6,binary,131072,16384,64,128,6,12,12,12,15,14,6,12.70,119.50,475100,47.51%
big_files/enwik6,binary,131072,16384,64,1024,6,12,12,12,15,14,6,12.45,128.80,469938,46.99%
big_files/enwik6,binary,131072,16384,64,999999999,6,12,12,12,15,14,6,12.68,127.83,469929,46.99%
big_files/enwik6,binary,131072,16384,64,1,6,12,12,15,15,14,6,13.92,107.74,607493,60.75%
big_files/enwik6,binary,131072,16384,64,4,6,12,12,15,15,14,6,13.84,113.61,602333,60.23%
big_files/enwik6,binary,131072,16384,64,16,6,12,12,15,15,14,6,13.14,114.71,538282,53.83%
big_files/enwik6,binary,131072,16384,64,128,6,12,12,15,15,14,6,12.87,117.16,474856,47.49%
big_files/enwik6,binary,131072,16384,64,1024,6,12,12,15,15,14,6,12.46,131.46,469732,46.97%
big_files/enwik6,binary,131072,16384,64,999999999,6,12,12,15,15,14,6,12.29,121.20,469723,46.97%
big_files/enwik6,binary,131072,16384,64,1,6,12,15,15,15,14,6,14.74,111.07,608860,60.89%
big_files/enwik6,binary,131072,16384,64,4,6,12,15,15,15,14,6,14.09,108.09,601445,60.14%
big_files/enwik6,binary,131072,16384,64,16,6,12,15,15,15,14,6,13.39,114.02,536667,53.67%
big_files/enwik6,binary,131072,16384,64,128,6,12,15,15,15,14,6,12.69,128.77,473793,47.38%
big_files/enwik6,binary,131072,16384,64,1024,6,12,15,15,15,14,6,12.48,130.88,468835,46.88%
big_files/enwik6,binary,131072,16384,64,999999999,6,12,15,15,15,14,6,12.66,125.38,468827,46.88%
big_files/enwik6,binary,131072,16384,64,1,6,15,15,15,15,14,6,14.79,109.22,610448,61.04%
big_files/enwik6,binary,131072,16384,64,4,6,15,15,15,15,14,6,13.59,107.41,597651,59.77%
big_files/enwik6,binary,131072,16384,64,16,6,15,15,15,15,14,6,12.85,116.27,531521,53.15%
big_files/enwik6,binary,131072,16384,64,128,6,15,15,15,15,14,6,12.20,125.95,470612,47.06%
big_files/enwik6,binary,131072,16384,64,1024,6,15,15,15,15,14,6,12.63,131.58,466354,46.64%
big_files/enwik6,binary,131072,16384,64,999999999,6,15,15,15,15,14,6,12.40,121.85,466347,46.63%
big_files/enwik6,binary,131072,16384,64,1,12,12,12,12,12,14,6,15.07,106.14,533709,53.37%
big_files/enwik6,binary,131072,16384,64,4,12,12,12,12,12,14,6,14.07,108.41,548983,54.90%
big_files/enwik6,binary,131072,16384,64,16,12,12,12,12,12,14,6,11.96,116.28,505137,50.51%
big_files/enwik6,binary,131072,16384,64,128,12,12,12,12,12,14,6,12.38,119.53,448539,44.85%
big_files/enwik6,binary,131072,16384,64,1024,12,12,12,12,12,14,6,12.65,133.00,443638,44.36%
big_files/enwik6,binary,131072,16384,64,999999999,12,12,12,12,12,14,6,12.26,129.73,443629,44.36%
big_files/enwik6,binary,131072,16384,64,1,12,12,12,12,15,14,6,14.78,106.03,534525,53.45%
big_files/enwik6,binary,131072,16384,64,4,12,12,12,12,15,14,6,13.58,97.70,549056,54.91%
big_files/enwik6,binary,131072,16384,64,16,12,12,12,12,15,14,6,12.72,112.12,504801,50.48%
big_files/enwik6,binary,131072,16384,64,128,12,12,12,12,15,14,6,11.73,127.56,448281,44.83%
big_files/enwik6,binary,131072,16384,64,1024,12,12,12,12,15,14,6,12.04,125.01,443361,44.34%
big_files/enwik6,binary,131072,16384,64,999999999,12,12,12,12,15,14,6,12.01,122.05,443352,44.34%
big_files/enwik6,binary,131072,16384,64,1,12,12,12,15,15,14,6,14.84,110.60,535591,53.56%
big_files/enwik6,binary,131072,16384,64,4,12,12,12,15,15,14,6,13.66,113.01,548826,54.88%
big_files/enwik6,binary,131072,16384,64,16,12,12,12,15,15,14,6,12.96,118.42,503881,50.39%
big_files/enwik6,binary,131072,16384,64,128,12,12,12,15,15,14,6,12.46,118.71,448035,44.80%
big_files/enwik6,binary,131072,16384,64,1024,12,12,12,15,15,14,6,12.60,128.88,443154,44.32%
big_files/enwik6,binary,131072,16384,64,999999999,12,12,12,15,15,14,6,12.53,125.95,443145,44.31%
big_files/enwik6,binary,131072,16384,64,1,12,12,15,15,15,14,6,14.41,109.02,536955,53.70%
big_files/enwik6,binary,131072,16384,64,4,12,12,15,15,15,14,6,14.39,108.86,547936,54.79%
big_files/enwik6,binary,131072,16384,64,16,12,12,15,15,15,14,6,13.62,102.67,502267,50.23%
big_files/enwik6,binary,131072,16384,64,128,12,12,15,15,15,14,6,12.64,122.80,446972,44.70%
big_files/enwik6,binary,131072,16384,64,1024,12,12,15,15,15,14,6,12.12,125.10,442255,44.23%
big_files/enwik6,binary,131072,16384,64,999999999,12,12,15,15,15,14,6,12.22,119.59,442247,44.22%
big_files/enwik6,binary,131072,16384,64,1,12,15,15,15,15,14,6,14.86,109.09,538545,53.85%
big_files/enwik6,binary,131072,16384,64,4,12,15,15,15,15,14,6,14.18,100.39,544143,54.41%
big_files/enwik6,binary,131072,16384,64,16,12,15,15,15,15,14,6,13.15,110.97,497121,49.71%
big_files/enwik6,binary,131072,16384,64,128,12,15,15,15,15,14,6,12.48,123.09,443794,44.38%
big_files/enwik6,binary,131072,16384,64,1024,12,15,15,15,15,14,6,12.82,125.36,439777,43.98%
big_files/enwik6,binary,131072,16384,64,999999999,12,15,15,15,15,14,6,12.77,122.57,439769,43.98%
big_files/enwik6,binary,131072,16384,64,1,15,15,15,15,15,14,6,14.80,106.52,536948,53.69%
big_files/enwik6,binary,131072,16384,64,4,15,15,15,15,15,14,6,13.40,105.71,528163,52.82%
big_files/enwik6,binary,131072,16384,64,16,15,15,15,15,15,14,6,13.34,115.82,483778,48.38%
big_files/enwik6,binary,131072,16384,64,128,15,15,15,15,15,14,6,12.74,120.36,442455,44.25%
big_files/enwik6,binary,131072,16384,64,1024,15,15,15,15,15,14,6,12.46,118.22,439397,43.94%
big_files/enwik6,binary,131072,16384,64,999999999,15,15,15,15,15,14,6,12.50,128.57,439390,43.94%
big_files/enwik6,binary,131072,16384,128,1,6,6,6,6,6,14,7,15.08,101.93,675323,67.53%
big_files/enwik6,binary,131072,16384,128,4,6,6,6,6,6,14,7,13.76,114.15,665146,66.51%
big_files/enwik6,binary,131072,16384,128,16,6,6,6,6,6,14,7,12.65,114.22,594668,59.47%
big_files/enwik6,binary,131072,16384,128,128,6,6,6,6,6,14,7,12.79,123.74,528862,52.89%
big_files/enwik6,binary,131072,16384,128,1024,6,6,6,6,6,14,7,11.65,124.99,524077,52.41%
big_files/enwik6,binary,131072,16384,128,999999999,6,6,6,6,6,14,7,12.33,132.84,524077,52.41%
big_files/enwik6,binary,131072,16384,128,1,6,6,6,6,12,14,7,15.06,105.32,670641,67.06%
big_files/enwik6,binary,131072,16384,128,4,6,6,6,6,12,14,7,13.79,103.42,661219,66.12%
big_files/enwik6,binary,131072,16384,128,16,6,6,6,6,12,14,7,12.76,115.63,590341,59.03%
big_files/enwik6,binary,131072,16384,128,128,6,6,6,6,12,14,7,12.76,128.45,523623,52.36%
big_files/enwik6,binary,131072,16384,128,1024,6,6,6,6,12,14,7,12.53,125.59,518742,51.87%
big_files/enwik6,binary,131072,16384,128,999999999,6,6,6,6,12,14,7,12.85,125.49,518742,51.87%
big_files/enwik6,binary,131072,16384,128,1,6,6,6,6,15,14,7,14.90,107.02,671241,67.12%
big_files/enwik6,binary,131072,16384,128,4,6,6,6,6,15,14,7,13.41,106.62,660987,66.10%
big_files/enwik6,binary,131072,16384,128,16,6,6,6,6,15,14,7,13.44,111.13,589568,58.96%
big_files/enwik6,binary,131072,16384,128,128,6,6,6,6,15,14,7,12.66,109.72,522867,52.29%
big_files/enwik6,binary,131072,16384,128,1024,6,6,6,6,15,14,7,12.56,125.95,517952,51.80%
big_files/enwik6,binary,131072,16384,128,999999999,6,6,6,6,15,14,7,12.63,121.23,517952,51.80%
big_files/enwik6,binary,131072,16384,128,1,6,6,6,12,12,14,7,14.67,109.49,663119,66.31%
big_files/enwik6,binary,131072,16384,128,4,6,6,6,12,12,14,7,13.89,102.81,654510,65.45%
big_files/enwik6,binary,131072,16384,128,16,6,6,6,12,12,14,7,13.49,110.91,584078,58.41%
big_files/enwik6,binary,131072,16384,128,128,6,6,6,12,12,14,7,12.55,130.51,516036,51.60%
big_files/enwik6,binary,131072,16384,128,1024,6,6,6,12,12,14,7,12.59,125.05,510982,51.10%
big_files/enwik6,binary,131072,16384,128,999999999,6,6,6,12,12,14,7,12.91,126.85,510982,51.10%
big_files/enwik6,binary,131072,16384,128,1,6,6,6,12,15,14,7,14.83,105.18,663719,66.37%
big_files/enwik6,binary,131072,16384,128,4,6,6,6,12,15,14,7,13.87,108.10,654280,65.43%
big_files/enwik6,binary,131072,16384,128,16,6,6,6,12,15,14,7,13.29,117.24,583305,58.33%
big_files/enwik6,binary,131072,16384,128,128,6,6,6,12,15,14,7,12.17,121.70,515281,51.53%
big_files/enwik6,binary,131072,16384,128,1024,6,6,6,12,15,14,7,12.31,131.95,510192,51.02%
big_files/enwik6,binary,131072,16384,128,999999999,6,6,6,12,15,14,7,12.33,124.51,510192,51.02%
big_files/enwik6,binary,131072,16384,128,1,6,6,6,15,15,14,7,14.44,99.19,664410,66.44%
big_files/enwik6,binary,131072,16384,128,4,6,6,6,15,15,14,7,13.02,108.39,653478,65.35%
big_files/enwik6,binary,131072,16384,128,16,6,6,6,15,15,14,7,13.51,109.51,581671,58.17%
big_files/enwik6,binary,131072,16384,128,128,6,6,6,15,15,14,7,12.61,131.71,514332,51.43%
big_files/enwik6,binary,131072,16384,128,1024,6,6,6,15,15,14,7,12.30,125.97,509275,50.93%
big_files/enwik6,binary,131072,16384,128,999999999,6,6,6,15,15,14,7,12.54,119.37,509275,50.93%
big_files/enwik6,binary,131072,16384,128,1,6,6,12,12,12,14,7,14.52,96.41,651584,65.16%
big_files/enwik6,binary,131072,16384,128,4,6,6,12,12,12,14,7,13.55,104.19,644409,64.44%
big_files/enwik6,binary,131072,16384,128,16,6,6,12,12,12,14,7,12.73,115.26,574754,57.48%
big_files/enwik6,binary,131072,16384,128,128,6,6,12,12,12,14,7,12.92,128.44,505543,50.55%
big_files/enwik6,binary,131072,16384,128,1024,6,6,12,12,12,14,7,12.27,122.15,500242,50.02%
big_files/enwik6,binary,131072,16384,128,999999999,6,6,12,12,12,14,7,12.15,126.54,500242,50.02%
big_files/enwik6,binary,131072,16384,128,1,6,6,12,12,15,14,7,14.28,107.57,652183,65.22%
big_files/enwik6,binary,131072,16384,128,4,6,6,12,12,15,14,7,14.31,109.85,644176,64.42%
big_files/enwik6,binary,131072,16384,128,16,6,6,12,12,15,14,7,13.50,116.90,573978,57.40%
big_files/enwik6,binary,131072,16384,128,128,6,6,12,12,15,14,7,12.80,130.48,504787,50.48%
big_files/enwik6,binary,131072,16384,128,1024,6,6,12,12,15,14,7,12.48,123.89,499452,49.95%
big_files/enwik6,binary,131072,16384,128,999999999,6,6,12,12,15,14,7,12.15,126.34,499452,49.95%
big_files/enwik6,binary,131072,16384,128,1,6,6,12,15,15,14,7,14.23,104.51,652875,65.29%
big_files/enwik6,binary,131072,16384,128,4,6,6,12,15,15,14,7,12.46,104.74,643374,64.34%
big_files/enwik6,binary,131072,16384,128,16,6,6,12,15,15,14,7,12.74,112.67,572345,57.23%
big_files/enwik6,binary,131072,16384,128,128,6,6,12,15,15,14,7,12.67,125.53,503839,50.38%
big_files/enwik6,binary,131072,16384,128,1024,6,6,12,15,15,14,7,11.96,123.99,498536,49.85%
big_files/enwik6,binary,131072,16384,128,999999999,6,6,12,15,15,14,7,12.44,126.40,498536,49.85%
big_files/enwik6,binary,131072,16384,128,1,6,6,15,15,15,14,7,13.75,104.59,653628,65.36%
big_files/enwik6,binary,131072,16384,128,4,6,6,15,15,15,14,7,11.79,103.48,641544,64.15%
big_files/enwik6,binary,131072,16384,128,16,6,6,15,15,15,14,7,13.39,111.73,569666,56.97%
big_files/enwik6,binary,131072,16384,128,128,6,6,15,15,15,14,7,12.56,128.79,501711,50.17%
big_files/enwik6,binary,131072,16384,128,1024,6,6,15,15,15,14,7,12.68,121.75,496590,49.66%
big_files/enwik6,binary,131072,16384,128,999999999,6,6,15,15,15,14,7,12.50,121.94,496590,49.66%
big_files/enwik6,binary,131072,16384,128,1,6,12,12,12,12,14,7,14.93,108.52,622496,62.25%
big_files/enwik6,binary,131072,16384,128,4,6,12,12,12,12,14,7,14.02,108.20,619946,61.99%
big_files/enwik6,binary,131072,16384,128,16,6,12,12,12,12,14,7,11.95,111.48,554497,55.45%
big_files/enwik6,binary,131072,16384,128,128,6,12,12,12,12,14,7,12.76,121.70,487636,48.76%
big_files/enwik6,binary,131072,16384,128,1024,6,12,12,12,12,14,7,12.53,124.31,482296,48.23%
big_files/enwik6,binary,131072,16384,128,999999999,6,12,12,12,12,14,7,12.95,125.73,482296,48.23%
big_files/enwik6,binary,131072,16384,128,1,6,12,12,12,15,14,7,14.49,100.10,623093,62.31%
big_files/enwik6,binary,131072,16384,128,4,6,12,12,12,15,14,7,13.55,112.94,619714,61.97%
big_files/enwik6,binary,131072,16384,128,16,6,12,12,12,15,14,7,13.48,117.39,553720,55.37%
big_files/enwik6,binary,131072,16384,128,128,6,12,12,12,15,14,7,12.59,127.85,486880,48.69%
big_files/enwik6,binary,131072,16384,128,1024,6,12,12,12,15,14,7,12.15,126.95,481506,48.15%
big_files/enwik6,binary,131072,16384,128,999999999,6,12,12,12,15,14,7,12.68,103.86,481506,48.15%
big_files/enwik6,binary,131072,16384,128,1,6,12,12,15,15,14,7,14.26,101.75,623785,62.38%
big_files/enwik6,binary,131072,16384,128,4,6,12,12,15,15,14,7,13.85,111.82,618915,61.89%
big_files/enwik6,binary,131072,16384,128,16,6,12,12,15,15,14,7,13.05,112.24,552089,55.21%
big_files/enwik6,binary,131072,16384,128,128,6,12,12,15,15,14,7,12.65,124.07,485930,48.59%
big_files/enwik6,binary,131072,16384,128,1024,6,12,12,15,15,14,7,12.23,125.34,480589,48.06%
big_files/enwik6,binary,131072,16384,128,999999999,6,12,12,15,15,14,7,12.22,122.74,480589,48.06%
big_files/enwik6,binary,131072,16384,128,1,6,12,15,15,15,14,7,14.63,104.59,624538,62.45%
big_files/enwik6,binary,131072,16384,128,4,6,12,15,15,15,14,7,14.05,108.34,617081,61.71%
big_files/enwik6,binary,131072,16384,128,16,6,12,15,15,15,14,7,13.42,114.29,549412,54.94%
big_files/enwik6,binary,131072,16384,128,128,6,12,15,15,15,14,7,12.49,120.79,483803,48.38%
big_files/enwik6,binary,131072,16384,128,1024,6,12,15,15,15,14,7,11.68,132.79,478644,47.86%
big_files/enwik6,binary,131072,16384,128,999999999,6,12,15,15,15,14,7,12.02,116.58,478644,47.86%
big_files/enwik6,binary,131072,16384,128,1,6,15,15,15,15,14,7,14.12,105.46,624794,62.48%
big_files/enwik6,binary,131072,16384,128,4,6,15,15,15,15,14,7,14.61,98.83,611355,61.14%
big_files/enwik6,binary,131072,16384,128,16,6,15,15,15,15,14,7,13.81,113.59,542268,54.23%
big_files/enwik6,binary,131072,16384,128,128,6,15,15,15,15,14,7,12.23,131.85,479035,47.90%
big_files/enwik6,binary,131072,16384,128,1024,6,15,15,15,15,14,7,12.64,119.41,474684,47.47%
big_files/enwik6,binary,131072,16384,128,999999999,6,15,15,15,15,14,7,12.55,121.49,474684,47.47%
big_files/enwik6,binary,131072,16384,128,1,12,12,12,12,12,14,7,14.84,100.73,542422,54.24%
big_files/enwik6,binary,131072,16384,128,4,12,12,12,12,12,14,7,14.42,109.67,560399,56.04%
big_files/enwik6,binary,131072,16384,128,16,12,12,12,12,12,14,7,13.32,115.09,516160,51.62%
big_files/enwik6,binary,131072,16384,128,128,12,12,12,12,12,14,7,12.64,121.55,457626,45.76%
big_files/enwik6,binary,131072,16384,128,1024,12,12,12,12,12,14,7,12.85,134.66,452547,45.25%
big_files/enwik6,binary,131072,16384,128,999999999,12,12,12,12,12,14,7,12.96,124.71,452547,45.25%
big_files/enwik6,binary,131072,16384,128,1,12,12,12,12,15,14,7,14.33,102.20,543022,54.30%
big_files/enwik6,binary,131072,16384,128,4,12,12,12,12,15,14,7,13.34,105.81,560166,56.02%
big_files/enwik6,binary,131072,16384,128,16,12,12,12,12,15,14,7,12.84,116.70,515385,51.54%
big_files/enwik6,binary,131072,16384,128,128,12,12,12,12,15,14,7,12.27,129.35,456869,45.69%
big_files/enwik6,binary,131072,16384,128,1024,12,12,12,12,15,14,7,12.38,118.11,451755,45.18%
big_files/enwik6,binary,131072,16384,128,999999999,12,12,12,12,15,14,7,12.07,122.41,451755,45.18%
big_files/enwik6,binary,131072,16384,128,1,12,12,12,15,15,14,7,14.45,105.17,543714,54.37%
big_files/enwik6,binary,131072,16384,128,4,12,12,12,15,15,14,7,14.30,110.01,559364,55.94%
big_files/enwik6,binary,131072,16384,128,16,12,12,12,15,15,14,7,13.27,117.23,513752,51.38%
big_files/enwik6,binary,131072,16384,128,128,12,12,12,15,15,14,7,12.90,124.24,455921,45.59%
big_files/enwik6,binary,131072,16384,128,1024,12,12,12,15,15,14,7,12.64,127.28,450841,45.08%
big_files/enwik6,binary,131072,16384,128,999999999,12,12,12,15,15,14,7,12.55,120.28,450841,45.08%
big_files/enwik6,binary,131072,16384,128,1,12,12,15,15,15,14,7,15.10,101.04,544465,54.45%
big_files/enwik6,binary,131072,16384,128,4,12,12,15,15,15,14,7,14.31,105.48,557535,55.75%
big_files/enwik6,binary,131072,16384,128,16,12,12,15,15,15,14,7,13.15,115.34,511074,51.11%
big_files/enwik6,binary,131072,16384,128,128,12,12,15,15,15,14,7,12.27,126.92,453794,45.38%
big_files/enwik6,binary,131072,16384,128,1024,12,12,15,15,15,14,7,12.48,117.88,448894,44.89%
big_files/enwik6,binary,131072,16384,128,999999999,12,12,15,15,15,14,7,12.53,123.26,448894,44.89%
big_files/enwik6,binary,131072,16384,128,1,12,15,15,15,15,14,7,14.86,107.91,544722,54.47%
big_files/enwik6,binary,131072,16384,128,4,12,15,15,15,15,14,7,14.30,104.56,551807,55.18%
big_files/enwik6,binary,131072,16384,128,16,12,15,15,15,15,14,7,13.26,112.65,503932,50.39%
big_files/enwik6,binary,131072,16384,128,128,12,15,15,15,15,14,7,12.85,124.53,449028,44.90%
big_files/enwik6,binary,131072,16384,128,1024,12,15,15,15,15,14,7,12.90,130.71,444936,44.49%
big_files/enwik6,binary,131072,16384,128,999999999,12,15,15,15,15,14,7,12.43,115.92,444936,44.49%
big_files/enwik6,binary,131072,16384,128,1,15,15,15,15,15,14,7,14.65,110.71,538608,53.86%
big_files/enwik6,binary,131072,16384,128,4,15,15,15,15,15,14,7,14.46,105.63,530054,53.01%
big_files/enwik6,binary,131072,16384,128,16,15,15,15,15,15,14,7,13.17,120.65,486241,48.62%
big_files/enwik6,binary,131072,16384,128,128,15,15,15,15,15,14,7,12.84,124.56,445698,44.57%
big_files/enwik6,binary,131072,16384,128,1024,15,15,15,15,15,14,7,12.18,122.68,442739,44.27%
big_files/enwik6,binary,131072,16384,128,999999999,15,15,15,15,15,14,7,12.45,122.17,442739,44.27%
big_files/enwik6,binary,131072,16384,256,1,6,6,6,6,6,14,8,14.55,105.85,698420,69.84%
big_files/enwik6,binary,131072,16384,256,4,6,6,6,6,6,14,8,13.72,106.83,687869,68.79%
big_files/enwik6,binary,131072,16384,256,16,6,6,6,6,6,14,8,13.31,110.29,614656,61.47%
big_files/enwik6,binary,131072,16384,256,128,6,6,6,6,6,14,8,12.45,121.68,546378,54.64%
big_files/enwik6,binary,131072,16384,256,1024,6,6,6,6,6,14,8,12.88,124.39,541431,54.14%
big_files/enwik6,binary,131072,16384,256,999999999,6,6,6,6,6,14,8,12.41,123.34,541431,54.14%
big_files/enwik6,binary,131072,16384,256,1,6,6,6,6,12,14,8,12.95,104.61,693183,69.32%
big_files/enwik6,binary,131072,16384,256,4,6,6,6,6,12,14,8,13.74,111.30,683469,68.35%
big_files/enwik6,binary,131072,16384,256,16,6,6,6,6,12,14,8,12.93,111.74,609797,60.98%
big_files/enwik6,binary,131072,16384,256,128,6,6,6,6,12,14,8,12.53,118.35,540487,54.05%
big_files/enwik6,binary,131072,16384,256,1024,6,6,6,6,12,14,8,12.51,124.74,535434,53.54%
big_files/enwik6,binary,131072,16384,256,999999999,6,6,6,6,12,14,8,12.17,128.87,535434,53.54%
big_files/enwik6,binary,131072,16384,256,1,6,6,6,6,15,14,8,14.38,99.98,693574,69.36%
big_files/enwik6,binary,131072,16384,256,4,6,6,6,6,15,14,8,13.76,104.14,682930,68.29%
big_files/enwik6,binary,131072,16384,256,16,6,6,6,6,15,14,8,13.35,116.85,608587,60.86%
big_files/enwik6,binary,131072,16384,256,128,6,6,6,6,15,14,8,12.92,124.73,539233,53.92%
big_files/enwik6,binary,131072,16384,256,1024,6,6,6,6,15,14,8,12.81,130.11,534134,53.41%
big_files/enwik6,binary,131072,16384,256,999999999,6,6,6,6,15,14,8,12.28,128.10,534134,53.41%
big_files/enwik6,binary,131072,16384,256,1,6,6,6,12,12,14,8,14.79,106.71,684780,68.48%
big_files/enwik6,binary,131072,16384,256,4,6,6,6,12,12,14,8,14.26,105.84,675989,67.60%
big_files/enwik6,binary,131072,16384,256,16,6,6,6,12,12,14,8,13.32,107.51,602778,60.28%
big_files/enwik6,binary,131072,16384,256,128,6,6,6,12,12,14,8,12.59,125.00,531967,53.20%
big_files/enwik6,binary,131072,16384,256,1024,6,6,6,12,12,14,8,12.69,116.12,526716,52.67%
big_files/enwik6,binary,131072,16384,256,999999999,6,6,6,12,12,14,8,12.90,125.14,526716,52.67%
big_files/enwik6,binary,131072,16384,256,1,6,6,6,12,15,14,8,14.26,106.93,685171,68.52%
big_files/enwik6,binary,131072,16384,256,4,6,6,6,12,15,14,8,14.06,105.70,675450,67.54%
big_files/enwik6,binary,131072,16384,256,16,6,6,6,12,15,14,8,13.55,110.66,601568,60.16%
big_files/enwik6,binary,131072,16384,256,128,6,6,6,12,15,14,8,12.16,124.75,530711,53.07%
big_files/enwik6,binary,131072,16384,256,1024,6,6,6,12,15,14,8,12.55,126.28,525418,52.54%
big_files/enwik6,binary,131072,16384,256,999999999,6,6,6,12,15,14,8,12.81,119.42,525418,52.54%
big_files/enwik6,binary,131072,16384,256,1,6,6,6,15,15,14,8,14.33,101.63,685489,68.55%
big_files/enwik6,binary,131072,16384,256,4,6,6,6,15,15,14,8,13.97,105.46,674076,67.41%
big_files/enwik6,binary,131072,16384,256,16,6,6,6,15,15,14,8,13.22,110.13,599223,59.92%
big_files/enwik6,binary,131072,16384,256,128,6,6,6,15,15,14,8,12.92,115.78,529058,52.91%
big_files/enwik6,binary,131072,16384,256,1024,6,6,6,15,15,14,8,12.49,127.72,523791,52.38%
big_files/enwik6,binary,131072,16384,256,999999999,6,6,6,15,15,14,8,12.56,122.42,523791,52.38%
big_files/enwik6,binary,131072,16384,256,1,6,6,12,12,12,14,8,14.65,101.95,671893,67.19%
big_files/enwik6,binary,131072,16384,256,4,6,6,12,12,12,14,8,14.00,106.03,664708,66.47%
big_files/enwik6,binary,131072,16384,256,16,6,6,12,12,12,14,8,13.13,113.20,592341,59.23%
big_files/enwik6,binary,131072,16384,256,128,6,6,12,12,12,14,8,12.54,121.76,520204,52.02%
big_files/enwik6,binary,131072,16384,256,1024,6,6,12,12,12,14,8,12.72,121.07,514679,51.47%
big_files/enwik6,binary,131072,16384,256,999999999,6,6,12,12,12,14,8,12.39,121.04,514679,51.47%
big_files/enwik6,binary,131072,16384,256,1,6,6,12,12,15,14,8,13.60,97.42,672282,67.23%
big_files/enwik6,binary,131072,16384,256,4,6,6,12,12,15,14,8,14.13,103.28,664171,66.42%
big_files/enwik6,binary,131072,16384,256,16,6,6,12,12,15,14,8,12.98,110.25,591129,59.11%
big_files/enwik6,binary,131072,16384,256,128,6,6,12,12,15,14,8,12.40,119.15,518949,51.89%
big_files/enwik6,binary,131072,16384,256,1024,6,6,12,12,15,14,8,12.62,118.01,513378,51.34%
big_files/enwik6,binary,131072,16384,256,999999999,6,6,12,12,15,14,8,12.48,125.08,513378,51.34%
big_files/enwik6,binary,131072,16384,256,1,6,6,12,15,15,14,8,15.01,104.77,672602,67.26%
big_files/enwik6,binary,131072,16384,256,4,6,6,12,15,15,14,8,13.39,105.49,662795,66.28%
big_files/enwik6,binary,131072,16384,256,16,6,6,12,15,15,14,8,13.33,109.20,588785,58.88%
big_files/enwik6,binary,131072,16384,256,128,6,6,12,15,15,14,8,12.63,121.20,517297,51.73%
big_files/enwik6,binary,131072,16384,256,1024,6,6,12,15,15,14,8,12.67,127.87,511753,51.18%
big_files/enwik6,binary,131072,16384,256,999999999,6,6,12,15,15,14,8,12.41,119.72,511753,51.18%
big_files/enwik6,binary,131072,16384,256,1,6,6,15,15,15,14,8,13.89,107.76,672744,67.27%
big_files/enwik6,binary,131072,16384,256,4,6,6,15,15,15,14,8,13.46,102.63,660026,66.00%
big_files/enwik6,binary,131072,16384,256,16,6,6,15,15,15,14,8,12.69,108.31,585043,58.50%
big_files/enwik6,binary,131072,16384,256,128,6,6,15,15,15,14,8,12.60,123.22,514110,51.41%
big_files/enwik6,binary,131072,16384,256,1024,6,6,15,15,15,14,8,12.56,128.32,508761,50.88%
big_files/enwik6,binary,131072,16384,256,999999999,6,6,15,15,15,14,8,12.53,122.38,508761,50.88%
big_files/enwik6,binary,131072,16384,256,1,6,12,12,12,12,14,8,14.55,103.35,639801,63.98%
big_files/enwik6,binary,131072,16384,256,4,6,12,12,12,12,14,8,14.13,103.57,637751,63.78%
big_files/enwik6,binary,131072,16384,256,16,6,12,12,12,12,14,8,13.45,120.40,569971,57.00%
big_files/enwik6,binary,131072,16384,256,128,6,12,12,12,12,14,8,12.65,127.31,500381,50.04%
big_files/enwik6,binary,131072,16384,256,1024,6,12,12,12,12,14,8,12.64,121.48,494813,49.48%
big_files/enwik6,binary,131072,16384,256,999999999,6,12,12,12,12,14,8,12.55,124.45,494813,49.48%
big_files/enwik6,binary,131072,16384,256,1,6,12,12,12,15,14,8,14.55,102.57,640191,64.02%
big_files/enwik6,binary,131072,16384,256,4,6,12,12,12,15,14,8,13.65,105.90,637212,63.72%
big_files/enwik6,binary,131072,16384,256,16,6,12,12,12,15,14,8,12.54,111.19,568761,56.88%
big_files/enwik6,binary,131072,16384,256,128,6,12,12,12,15,14,8,12.02,127.71,499128,49.91%
big_files/enwik6,binary,131072,16384,256,1024,6,12,12,12,15,14,8,12.18,130.34,493513,49.35%
big_files/enwik6,binary,131072,16384,256,999999999,6,12,12,12,15,14,8,12.44,122.72,493513,49.35%
big_files/enwik6,binary,131072,16384,256,1,6,12,12,15,15,14,8,14.13,104.43,640511,64.05%
big_files/enwik6,binary,131072,16384,256,4,6,12,12,15,15,14,8,13.30,101.39,635837,63.58%
big_files/enwik6,binary,131072,16384,256,16,6,12,12,15,15,14,8,13.05,117.46,566415,56.64%
big_files/enwik6,binary,131072,16384,256,128,6,12,12,15,15,14,8,12.56,115.97,497476,49.75%
big_files/enwik6,binary,131072,16384,256,1024,6,12,12,15,15,14,8,12.68,132.93,491885,49.19%
big_files/enwik6,binary,131072,16384,256,999999999,6,12,12,15,15,14,8,12.42,125.94,491885,49.19%
big_files/enwik6,binary,131072,16384,256,1,6,12,15,15,15,14,8,14.49,104.55,640653,64.07%
big_files/enwik6,binary,131072,16384,256,4,6,12,15,15,15,14,8,13.92,104.34,633071,63.31%
big_files/enwik6,binary,131072,16384,256,16,6,12,15,15,15,14,8,13.07,113.45,562675,56.27%
big_files/enwik6,binary,131072,16384,256,128,6,12,15,15,15,14,8,12.30,126.71,494288,49.43%
big_files/enwik6,binary,131072,16384,256,1024,6,12,15,15,15,14,8,12.55,119.40,488893,48.89%
big_files/enwik6,binary,131072,16384,256,999999999,6,12,15,15,15,14,8,12.44,130.82,488893,48.89%
big_files/enwik6,binary,131072,16384,256,1,6,15,15,15,15,14,8,14.39,106.09,639586,63.96%
big_files/enwik6,binary,131072,16384,256,4,6,15,15,15,15,14,8,13.76,102.88,625402,62.54%
big_files/enwik6,binary,131072,16384,256,16,6,15,15,15,15,14,8,13.15,113.42,553536,55.35%
big_files/enwik6,binary,131072,16384,256,128,6,15,15,15,15,14,8,12.47,120.90,487933,48.79%
big_files/enwik6,binary,131072,16384,256,1024,6,15,15,15,15,14,8,12.43,124.04,483459,48.35%
big_files/enwik6,binary,131072,16384,256,999999999,6,15,15,15,15,14,8,12.35,125.45,483459,48.35%
big_files/enwik6,binary,131072,16384,256,1,12,12,12,12,12,14,8,14.46,105.47,551563,55.16%
big_files/enwik6,binary,131072,16384,256,4,12,12,12,12,12,14,8,13.70,107.62,572179,57.22%
big_files/enwik6,binary,131072,16384,256,16,12,12,12,12,12,14,8,13.08,109.32,527662,52.77%
big_files/enwik6,binary,131072,16384,256,128,12,12,12,12,12,14,8,12.17,121.50,467180,46.72%
big_files/enwik6,binary,131072,16384,256,1024,12,12,12,12,12,14,8,12.55,129.48,461887,46.19%
big_files/enwik6,binary,131072,16384,256,999999999,12,12,12,12,12,14,8,12.66,120.73,461887,46.19%
big_files/enwik6,binary,131072,16384,256,1,12,12,12,12,15,14,8,14.55,103.92,551953,55.20%
big_files/enwik6,binary,131072,16384,256,4,12,12,12,12,15,14,8,13.32,107.42,571640,57.16%
big_files/enwik6,binary,131072,16384,256,16,12,12,12,12,15,14,8,13.19,114.75,526450,52.64%
big_files/enwik6,binary,131072,16384,256,128,12,12,12,12,15,14,8,12.48,121.33,465927,46.59%
big_files/enwik6,binary,131072,16384,256,1024,12,12,12,12,15,14,8,12.68,123.25,460587,46.06%
big_files/enwik6,binary,131072,16384,256,999999999,12,12,12,12,15,14,8,12.35,123.00,460587,46.06%
big_files/enwik6,binary,131072,16384,256,1,12,12,12,15,15,14,8,14.63,109.11,552272,55.23%
big_files/enwik6,binary,131072,16384,256,4,12,12,12,15,15,14,8,14.06,107.11,570266,57.03%
big_files/enwik6,binary,131072,16384,256,16,12,12,12,15,15,14,8,13.18,110.11,524106,52.41%
big_files/enwik6,binary,131072,16384,256,128,12,12,12,15,15,14,8,12.32,124.82,464276,46.43%
big_files/enwik6,binary,131072,16384,256,1024,12,12,12,15,15,14,8,12.06,120.97,458960,45.90%
big_files/enwik6,binary,131072,16384,256,999999999,12,12,12,15,15,14,8,12.76,128.57,458960,45.90%
big_files/enwik6,binary,131072,16384,256,1,12,12,15,15,15,14,8,14.93,103.46,552415,55.24%
big_files/enwik6,binary,131072,16384,256,4,12,12,15,15,15,14,8,13.68,104.53,567498,56.75%
big_files/enwik6,binary,131072,16384,256,16,12,12,15,15,15,14,8,13.30,113.40,520363,52.04%
big_files/enwik6,binary,131072,16384,256,128,12,12,15,15,15,14,8,12.61,124.10,461085,46.11%
big_files/enwik6,binary,131072,16384,256,1024,12,12,15,15,15,14,8,12.25,130.44,455967,45.60%
big_files/enwik6,binary,131072,16384,256,999999999,12,12,15,15,15,14,8,12.47,124.75,455967,45.60%
big_files/enwik6,binary,131072,16384,256,1,12,15,15,15,15,14,8,14.69,107.65,551348,55.13%
big_files/enwik6,binary,131072,16384,256,4,12,15,15,15,15,14,8,13.80,103.57,559831,55.98%
big_files/enwik6,binary,131072,16384,256,16,12,15,15,15,15,14,8,13.18,116.36,511226,51.12%
big_files/enwik6,binary,131072,16384,256,128,12,15,15,15,15,14,8,12.52,126.07,454732,45.47%
big_files/enwik6,binary,131072,16384,256,1024,12,15,15,15,15,14,8,12.42,115.74,450534,45.05%
big_files/enwik6,binary,131072,16384,256,999999999,12,15,15,15,15,14,8,12.75,120.14,450534,45.05%
big_files/enwik6,binary,131072,16384,256,1,15,15,15,15,15,14,8,14.07,105.30,540734,54.07%
big_files/enwik6,binary,131072,16384,256,4,15,15,15,15,15,14,8,14.03,114.24,532297,53.23%
big_files/enwik6,binary,131072,16384,256,16,15,15,15,15,15,14,8,13.33,115.23,489199,48.92%
big_files/enwik6,binary,131072,16384,256,128,15,15,15,15,15,14,8,12.36,122.85,449408,44.94%
big_files/enwik6,binary,131072,16384,256,1024,15,15,15,15,15,14,8,12.39,120.23,446512,44.65%
big_files/enwik6,binary,131072,16384,256,999999999,15,15,15,15,15,14,8,12.29,122.40,446512,44.65%
big_files/enwik6,binary,131072,16384,258,1,6,6,6,6,6,14,8,14.05,104.74,698420,69.84%
big_files/enwik6,binary,131072,16384,258,4,6,6,6,6,6,14,8,13.80,100.53,687869,68.79%
big_files/enwik6,binary,131072,16384,258,16,6,6,6,6,6,14,8,12.99,114.70,614656,61.47%
big_files/enwik6,binary,131072,16384,258,128,6,6,6,6,6,14,8,12.44,128.08,546378,54.64%
big_files/enwik6,binary,131072,16384,258,1024,6,6,6,6,6,14,8,12.57,123.56,541431,54.14%
big_files/enwik6,binary,131072,16384,258,999999999,6,6,6,6,6,14,8,12.77,124.16,541431,54.14%
big_files/enwik6,binary,131072,16384,258,1,6,6,6,6,12,14,8,14.50,99.21,693183,69.32%
big_files/enwik6,binary,131072,16384,258,4,6,6,6,6,12,14,8,13.63,103.53,683469,68.35%
big_files/enwik6,binary,131072,16384,258,16,6,6,6,6,12,14,8,13.42,107.35,609797,60.98%
big_files/enwik6,binary,131072,16384,258,128,6,6,6,6,12,14,8,12.46,120.21,540487,54.05%
big_files/enwik6,binary,131072,16384,258,1024,6,6,6,6,12,14,8,12.38,119.13,535434,53.54%
big_files/enwik6,binary,131072,16384,258,999999999,6,6,6,6,12,14,8,11.64,127.87,535434,53.54%
big_files/enwik6,binary,131072,16384,258,1,6,6,6,6,15,14,8,14.52,104.17,693574,69.36%
big_files/enwik6,binary,131072,16384,258,4,6,6,6,6,15,14,8,14.13,100.65,682930,68.29%
big_files/enwik6,binary,131072,16384,258,16,6,6,6,6,15,14,8,13.50,108.13,608587,60.86%
big_files/enwik6,binary,131072,16384,258,128,6,6,6,6,15,14,8,12.73,121.62,539233,53.92%
big_files/enwik6,binary,131072,16384,258,1024,6,6,6,6,15,14,8,12.49,118.39,534134,53.41%
big_files/enwik6,binary,131072,16384,258,999999999,6,6,6,6,15,14,8,12.70,116.87,534134,53.41%
big_files/enwik6,binary,131072,16384,258,1,6,6,6,12,12,14,8,14.21,100.27,684780,68.48%
big_files/enwik6,binary,131072,16384,258,4,6,6,6,12,12,14,8,14.40,109.20,675989,67.60%
big_files/enwik6,binary,131072,16384,258,16,6,6,6,12,12,14,8,13.40,110.71,602778,60.28%
big_files/enwik6,binary,131072,16384,258,128,6,6,6,12,12,14,8,12.79,121.46,531967,53.20%
big_files/enwik6,binary,131072,16384,258,1024,6,6,6,12,12,14,8,12.79,123.10,526716,52.67%
big_files/enwik6,binary,131072,16384,258,999999999,6,6,6,12,12,14,8,12.68,117.36,526716,52.67%
big_files/enwik6,binary,131072,16384,258,1,6,6,6,12,15,14,8,13.53,96.37,685171,68.52%
big_files/enwik6,binary,131072,16384,258,4,6,6,6,12,15,14,8,12.47,105.22,675450,67.54%
big_files/enwik6,binary,131072,16384,258,16,6,6,6,12,15,14,8,13.36,110.01,601568,60.16%
big_files/enwik6,binary,131072,16384,258,128,6,6,6,12,15,14,8,12.81,125.27,530711,53.07%
big_files/enwik6,binary,131072,16384,258,1024,6,6,6,12,15,14,8,12.91,121.47,525418,52.54%
big_files/enwik6,binary,131072,16384,258,999999999,6,6,6,12,15,14,8,12.72,120.75,525418,52.54%
big_files/enwik6,binary,131072,16384,258,1,6,6,6,15,15,14,8,14.65,102.15,685489,68.55%
big_files/enwik6,binary,131072,16384,258,4,6,6,6,15,15,14,8,13.99,89.03,674076,67.41%
big_files/enwik6,binary,131072,16384,258,16,6,6,6,15,15,14,8,12.30,115.42,599223,59.92%
big_files/enwik6,binary,131072,16384,258,128,6,6,6,15,15,14,8,12.36,115.91,529058,52.91%
big_files/enwik6,binary,131072,16384,258,1024,6,6,6,15,15,14,8,12.43,121.75,523791,52.38%
big_files/enwik6,binary,131072,16384,258,999999999,6,6,6,15,15,14,8,12.76,130.07,523791,52.38%
big_files/enwik6,binary,131072,16384,258,1,6,6,12,12,12,14,8,14.50,98.67,671893,67.19%
big_files/enwik6,binary,131072,16384,258,4,6,6,12,12,12,14,8,14.08,108.82,664708,66.47%
big_files/enwik6,binary,131072,16384,258,16,6,6,12,12,12,14,8,13.43,112.91,592342,59.23%
big_files/enwik6,binary,131072,16384,258,128,6,6,12,12,12,14,8,12.50,123.64,520205,52.02%
big_files/enwik6,binary,131072,16384,258,1024,6,6,12,12,12,14,8,11.96,121.12,514680,51.47%
big_files/enwik6,binary,131072,16384,258,999999999,6,6,12,12,12,14,8,12.84,126.53,514680,51.47%
big_files/enwik6,binary,131072,16384,258,1,6,6,12,12,15,14,8,14.45,106.57,672282,67.23%
big_files/enwik6,binary,131072,16384,258,4,6,6,12,12,15,14,8,14.05,103.78,664171,66.42%
big_files/enwik6,binary,131072,16384,258,16,6,6,12,12,15,14,8,13.32,110.95,591130,59.11%
big_files/enwik6,binary,131072,16384,258,128,6,6,12,12,15,14,8,12.73,125.99,518950,51.89%
big_files/enwik6,binary,131072,16384,258,1024,6,6,12,12,15,14,8,12.69,122.14,513379,51.34%
big_files/enwik6,binary,131072,16384,258,999999999,6,6,12,12,15,14,8,12.41,130.95,513379,51.34%
big_files/enwik6,binary,131072,16384,258,1,6,6,12,15,15,14,8,14.98,97.24,672602,67.26%
big_files/enwik6,binary,131072,16384,258,4,6,6,12,15,15,14,8,14.22,101.58,662795,66.28%
big_files/enwik6,binary,131072,16384,258,16,6,6,12,15,15,14,8,13.24,114.45,588786,58.88%
big_files/enwik6,binary,131072,16384,258,128,6,6,12,15,15,14,8,12.56,110.53,517298,51.73%
big_files/enwik6,binary,131072,16384,258,1024,6,6,12,15,15,14,8,12.87,126.00,511755,51.18%
big_files/enwik6,binary,131072,16384,258,999999999,6,6,12,15,15,14,8,12.55,124.91,511755,51.18%
big_files/enwik6,binary,131072,16384,258,1,6,6,15,15,15,14,8,14.59,104.38,672744,67.27%
big_files/enwik6,binary,131072,16384,258,4,6,6,15,15,15,14,8,13.96,102.35,660026,66.00%
big_files/enwik6,binary,131072,16384,258,16,6,6,15,15,15,14,8,13.28,114.40,585044,58.50%
big_files/enwik6,binary,131072,16384,258,128,6,6,15,15,15,14,8,12.91,121.40,514110,51.41%
big_files/enwik6,binary,131072,16384,258,1024,6,6,15,15,15,14,8,12.79,122.72,508762,50.88%
big_files/enwik6,binary,131072,16384,258,999999999,6,6,15,15,15,14,8,12.50,119.12,508762,50.88%
big_files/enwik6,binary,131072,16384,258,1,6,12,12,12,12,14,8,14.84,103.47,639801,63.98%
big_files/enwik6,binary,131072,16384,258,4,6,12,12,12,12,14,8,14.23,107.57,637751,63.78%
big_files/enwik6,binary,131072,16384,258,16,6,12,12,12,12,14,8,13.54,120.12,569972,57.00%
big_files/enwik6,binary,131072,16384,258,128,6,12,12,12,12,14,8,12.73,121.84,500383,50.04%
big_files/enwik6,binary,131072,16384,258,1024,6,12,12,12,12,14,8,12.60,127.18,494814,49.48%
big_files/enwik6,binary,131072,16384,258,999999999,6,12,12,12,12,14,8,12.31,128.56,494814,49.48%
big_files/enwik6,binary,131072,16384,258,1,6,12,12,12,15,14,8,13.50,107.59,640191,64.02%
big_files/enwik6,binary,131072,16384,258,4,6,12,12,12,15,14,8,14.24,107.38,637212,63.72%
big_files/enwik6,binary,131072,16384,258,16,6,12,12,12,15,14,8,13.09,113.26,568762,56.88%
big_files/enwik6,binary,131072,16384,258,128,6,12,12,12,15,14,8,12.99,116.48,499129,49.91%
big_files/enwik6,binary,131072,16384,258,1024,6,12,12,12,15,14,8,11.68,127.33,493514,49.35%
big_files/enwik6,binary,131072,16384,258,999999999,6,12,12,12,15,14,8,12.49,115.11,493514,49.35%
big_files/enwik6,binary,131072,16384,258,1,6,12,12,15,15,14,8,14.86,104.17,640511,64.05%
big_files/enwik6,binary,131072,16384,258,4,6,12,12,15,15,14,8,14.05,103.56,635837,63.58%
big_files/enwik6,binary,131072,16384,258,16,6,12,12,15,15,14,8,13.26,109.67,566416,56.64%
big_files/enwik6,binary,131072,16384,258,128,6,12,12,15,15,14,8,12.39,127.51,497477,49.75%
big_files/enwik6,binary,131072,16384,258,1024,6,12,12,15,15,14,8,12.40,126.88,491886,49.19%
big_files/enwik6,binary,131072,16384,258,999999999,6,12,12,15,15,14,8,12.15,122.16,491886,49.19%
big_files/enwik6,binary,131072,16384,258,1,6,12,15,15,15,14,8,13.47,105.55,640653,64.07%
big_files/enwik6,binary,131072,16384,258,4,6,12,15,15,15,14,8,14.14,101.27,633071,63.31%
big_files/enwik6,binary,131072,16384,258,16,6,12,15,15,15,14,8,12.83,115.01,562676,56.27%
big_files/enwik6,binary,131072,16384,258,128,6,12,15,15,15,14,8,12.54,119.47,494289,49.43%
big_files/enwik6,binary,131072,16384,258,1024,6,12,15,15,15,14,8,12.55,127.00,488894,48.89%
big_files/enwik6,binary,131072,16384,258,999999999,6,12,15,15,15,14,8,12.55,109.64,488894,48.89%
big_files/enwik6,binary,131072,16384,258,1,6,15,15,15,15,14,8,14.76,104.16,639586,63.96%
big_files/enwik6,binary,131072,16384,258,4,6,15,15,15,15,14,8,13.87,103.21,625402,62.54%
big_files/enwik6,binary,131072,16384,258,16,6,15,15,15,15,14,8,12.41,106.38,553537,55.35%
big_files/enwik6,binary,131072,16384,258,128,6,15,15,15,15,14,8,12.24,118.96,487933,48.79%
big_files/enwik6,binary,131072,16384,258,1024,6,15,15,15,15,14,8,12.54,121.66,483460,48.35%
big_files/enwik6,binary,131072,16384,258,999999999,6,15,15,15,15,14,8,12.55,120.35,483460,48.35%
big_files/enwik6,binary,131072,16384,258,1,12,12,12,12,12,14,8,14.89,106.94,551563,55.16%
big_files/enwik6,binary,131072,16384,258,4,12,12,12,12,12,14,8,13.71,107.19,572179,57.22%
big_files/enwik6,binary,131072,16384,258,16,12,12,12,12,12,14,8,13.19,112.67,527662,52.77%
big_files/enwik6,binary,131072,16384,258,128,12,12,12,12,12,14,8,12.77,127.75,467180,46.72%
big_files/enwik6,binary,131072,16384,258,1024,12,12,12,12,12,14,8,12.80,131.30,461887,46.19%
big_files/enwik6,binary,131072,16384,258,999999999,12,12,12,12,12,14,8,12.77,122.16,461887,46.19%
big_files/enwik6,binary,131072,16384,258,1,12,12,12,12,15,14,8,14.71,100.24,551953,55.20%
big_files/enwik6,binary,131072,16384,258,4,12,12,12,12,15,14,8,13.71,114.60,571640,57.16%
big_files/enwik6,binary,131072,16384,258,16,12,12,12,12,15,14,8,12.96,116.63,526450,52.64%
big_files/enwik6,binary,131072,16384,258,128,12,12,12,12,15,14,8,12.18,121.76,465927,46.59%
big_files/enwik6,binary,131072,16384,258,1024,12,12,12,12,15,14,8,12.32,128.13,460587,46.06%
big_files/enwik6,binary,131072,16384,258,999999999,12,12,12,12,15,14,8,12.68,122.86,460587,46.06%
big_files/enwik6,binary,131072,16384,258,1,12,12,12,15,15,14,8,14.53,101.90,552272,55.23%
big_files/enwik6,binary,131072,16384,258,4,12,12,12,15,15,14,8,13.66,106.72,570266,57.03%
big_files/enwik6,binary,131072,16384,258,16,12,12,12,15,15,14,8,13.23,113.46,524106,52.41%
big_files/enwik6,binary,131072,16384,258,128,12,12,12,15,15,14,8,12.53,116.64,464276,46.43%
big_files/enwik6,binary,131072,16384,258,1024,12,12,12,15,15,14,8,12.45,129.83,458960,45.90%
big_files/enwik6,binary,131072,16384,258,999999999,12,12,12,15,15,14,8,12.68,125.87,458960,45.90%
big_files/enwik6,binary,131072,16384,258,1,12,12,15,15,15,14,8,14.62,107.17,552415,55.24%
big_files/enwik6,binary,131072,16384,258,4,12,12,15,15,15,14,8,14.03,102.37,567498,56.75%
big_files/enwik6,binary,131072,16384,258,16,12,12,15,15,15,14,8,13.50,117.70,520363,52.04%
big_files/enwik6,binary,131072,16384,258,128,12,12,15,15,15,14,8,12.76,120.78,461084,46.11%
big_files/enwik6,binary,131072,16384,258,1024,12,12,15,15,15,14,8,12.84,119.57,455967,45.60%
big_files/enwik6,binary,131072,16384,258,999999999,12,12,15,15,15,14,8,12.44,130.45,455967,45.60%
big_files/enwik6,binary,131072,16384,258,1,12,15,15,15,15,14,8,14.64,102.46,551348,55.13%
big_files/enwik6,binary,131072,16384,258,4,12,15,15,15,15,14,8,13.76,109.39,559831,55.98%
big_files/enwik6,binary,131072,16384,258,16,12,15,15,15,15,14,8,13.69,109.22,511225,51.12%
big_files/enwik6,binary,131072,16384,258,128,12,15,15,15,15,14,8,12.56,111.70,454731,45.47%
big_files/enwik6,binary,131072,16384,258,1024,12,15,15,15,15,14,8,12.67,127.86,450533,45.05%
big_files/enwik6,binary,131072,16384,258,999999999,12,15,15,15,15,14,8,12.57,116.64,450533,45.05%
big_files/enwik6,binary,131072,16384,258,1,15,15,15,15,15,14,8,14.82,101.15,540734,54.07%
big_files/enwik6,binary,131072,16384,258,4,15,15,15,15,15,14,8,13.84,112.83,532297,53.23%
big_files/enwik6,binary,131072,16384,258,16,15,15,15,15,15,14,8,13.17,107.73,489199,48.92%
big_files/enwik6,binary,131072,16384,258,128,15,15,15,15,15,14,8,12.68,124.32,449408,44.94%
big_files/enwik6,binary,131072,16384,258,1024,15,15,15,15,15,14,8,12.79,119.73,446512,44.65%
big_files/enwik6,binary,131072,16384,258,999999999,15,15,15,15,15,14,8,12.66,113.70,446512,44.65%
big_files/enwik6,binary,131072,32768,4,1,6,6,6,6,6,15,1,14.62,104.38,720662,72.07%
big_files/enwik6,binary,131072,32768,4,4,6,6,6,6,6,15,1,13.76,102.03,727037,72.70%
big_files/enwik6,binary,131072,32768,4,16,6,6,6,6,6,15,1,12.42,103.76,703452,70.35%
big_files/enwik6,binary,131072,32768,4,128,6,6,6,6,6,15,1,10.36,110.20,654477,65.45%
big_files/enwik6,binary,131072,32768,4,1024,6,6,6,6,6,15,1,9.20,114.49,640346,64.03%
big_files/enwik6,binary,131072,32768,4,999999999,6,6,6,6,6,15,1,8.88,117.08,639409,63.94%
big_files/enwik6,binary,131072,32768,4,1,6,6,6,6,12,15,1,14.22,100.68,720662,72.07%
big_files/enwik6,binary,131072,32768,4,4,6,6,6,6,12,15,1,13.80,100.48,727037,72.70%
big_files/enwik6,binary,131072,32768,4,16,6,6,6,6,12,15,1,13.00,106.95,703452,70.35%
big_files/enwik6,binary,131072,32768,4,128,6,6,6,6,12,15,1,9.46,113.78,654477,65.45%
big_files/enwik6,binary,131072,32768,4,1024,6,6,6,6,12,15,1,9.10,118.65,640346,64.03%
big_files/enwik6,binary,131072,32768,4,999999999,6,6,6,6,12,15,1,9.13,113.25,639409,63.94%
big_files/enwik6,binary,131072,32768,4,1,6,6,6,6,15,15,1,14.84,102.59,720662,72.07%
big_files/enwik6,binary,131072,32768,4,4,6,6,6,6,15,15,1,14.39,105.65,727037,72.70%
big_files/enwik6,binary,131072,32768,4,16,6,6,6,6,15,15,1,12.40,108.79,703452,70.35%
big_files/enwik6,binary,131072,32768,4,128,6,6,6,6,15,15,1,9.60,101.61,654477,65.45%
big_files/enwik6,binary,131072,32768,4,1024,6,6,6,6,15,15,1,8.85,105.51,640346,64.03%
big_files/enwik6,binary,131072,32768,4,999999999,6,6,6,6,15,15,1,9.25,112.70,639409,63.94%
big_files/enwik6,binary,131072,32768,4,1,6,6,6,12,12,15,1,14.84,104.18,720662,72.07%
big_files/enwik6,binary,131072,32768,4,4,6,6,6,12,12,15,1,13.71,102.97,727037,72.70%
big_files/enwik6,binary,131072,32768,4,16,6,6,6,12,12,15,1,12.54,102.62,703452,70.35%
big_files/enwik6,binary,131072,32768,4,128,6,6,6,12,12,15,1,9.70,112.19,654477,65.45%
big_files/enwik6,binary,131072,32768,4,1024,6,6,6,12,12,15,1,9.23,114.84,640346,64.03%
big_files/enwik6,binary,131072,32768,4,999999999,6,6,6,12,12,15,1,9.35,112.08,639409,63.94%
big_files/enwik6,binary,131072,32768,4,1,6,6,6,12,15,15,1,14.66,100.05,720662,72.07%
big_files/enwik6,binary,131072,32768,4,4,6,6,6,12,15,15,1,13.96,96.23,727037,72.70%
big_files/enwik6,binary,131072,32768,4,16,6,6,6,12,15,15,1,12.72,108.82,703452,70.35%
big_files/enwik6,binary,131072,32768,4,128,6,6,6,12,15,15,1,9.90,118.43,654477,65.45%
big_files/enwik6,binary,131072,32768,4,1024,6,6,6,12,15,15,1,9.48,115.64,640346,64.03%
big_files/enwik6,binary,131072,32768,4,999999999,6,6,6,12,15,15,1,9.09,112.08,639409,63.94%
big_files/enwik6,binary,131072,32768,4,1,6,6,6,15,15,15,1,14.53,93.30,720662,72.07%
big_files/enwik6,binary,131072,32768,4,4,6,6,6,15,15,15,1,13.36,103.33,727037,72.70%
big_files/enwik6,binary,131072,32768,4,16,6,6,6,15,15,15,1,12.35,108.02,703452,70.35%
big_files/enwik6,binary,131072,32768,4,128,6,6,6,15,15,15,1,9.99,114.91,654477,65.45%
big_files/enwik6,binary,131072,32768,4,1024,6,6,6,15,15,15,1,9.56,115.18,640346,64.03%
big_files/enwik6,binary,131072,32768,4,999999999,6,6,6,15,15,15,1,9.15,110.56,639409,63.94%
big_files/enwik6,binary,131072,32768,4,1,6,6,12,12,12,15,1,14.82,108.10,720662,72.07%
big_files/enwik6,binary,131072,32768,4,4,6,6,12,12,12,15,1,13.50,104.70,727037,72.70%
big_files/enwik6,binary,131072,32768,4,16,6,6,12,12,12,15,1,12.68,107.45,703452,70.35%
big_files/enwik6,binary,131072,32768,4,128,6,6,12,12,12,15,1,10.32,106.70,654477,65.45%
big_files/enwik6,binary,131072,32768,4,1024,6,6,12,12,12,15,1,9.46,112.22,640346,64.03%
big_files/enwik6,binary,131072,32768,4,999999999,6,6,12,12,12,15,1,9.34,112.97,639409,63.94%
big_files/enwik6,binary,131072,32768,4,1,6,6,12,12,15,15,1,14.44,102.33,720662,72.07%
big_files/enwik6,binary,131072,32768,4,4,6,6,12,12,15,15,1,13.54,101.16,727037,72.70%
big_files/enwik6,binary,131072,32768,4,16,6,6,12,12,15,15,1,12.87,109.23,703452,70.35%
big_files/enwik6,binary,131072,32768,4,128,6,6,12,12,15,15,1,9.86,105.08,654477,65.45%
big_files/enwik6,binary,131072,32768,4,1024,6,6,12,12,15,15,1,9.20,109.99,640346,64.03%
big_files/enwik6,binary,131072,32768,4,999999999,6,6,12,12,15,15,1,9.43,108.06,639409,63.94%
big_files/enwik6,binary,131072,32768,4,1,6,6,12,15,15,15,1,15.01,100.32,720662,72.07%
big_files/enwik6,binary,131072,32768,4,4,6,6,12,15,15,15,1,14.16,98.54,727037,72.70%
big_files/enwik6,binary,131072,32768,4,16,6,6,12,15,15,15,1,12.46,106.14,703452,70.35%
big_files/enwik6,binary,131072,32768,4,128,6,6,12,15,15,15,1,9.71,106.47,654477,65.45%
big_files/enwik6,binary,131072,32768,4,1024,6,6,12,15,15,15,1,9.24,124.08,640346,64.03%
big_files/enwik6,binary,131072,32768,4,999999999,6,6,12,15,15,15,1,9.17,117.92,639409,63.94%
big_files/enwik6,binary,131072,32768,4,1,6,6,15,15,15,15,1,14.82,102.54,720662,72.07%
big_files/enwik6,binary,131072,32768,4,4,6,6,15,15,15,15,1,13.71,103.19,727037,72.70%
big_files/enwik6,binary,131072,32768,4,16,6,6,15,15,15,15,1,12.52,109.21,703452,70.35%
big_files/enwik6,binary,131072,32768,4,128,6,6,15,15,15,15,1,9.85,102.76,654477,65.45%
big_files/enwik6,binary,131072,32768,4,1024,6,6,15,15,15,15,1,9.35,110.22,640346,64.03%
big_files/enwik6,binary,131072,32768,4,999999999,6,6,15,15,15,15,1,8.93,113.97,639409,63.94%
big_files/enwik6,binary,131072,32768,4,1,6,12,12,12,12,15,1,14.27,103.20,670046,67.00%
big_files/enwik6,binary,131072,32768,4,4,6,12,12,12,12,15,1,14.27,95.07,683900,68.39%
big_files/enwik6,binary,131072,32768,4,16,6,12,12,12,12,15,1,12.52,104.26,662932,66.29%
big_files/enwik6,binary,131072,32768,4,128,6,12,12,12,12,15,1,10.18,109.27,604228,60.42%
big_files/enwik6,binary,131072,32768,4,1024,6,12,12,12,12,15,1,9.25,115.85,588556,58.86%
big_files/enwik6,binary,131072,32768,4,999999999,6,12,12,12,12,15,1,8.93,111.12,588053,58.81%
big_files/enwik6,binary,131072,32768,4,1,6,12,12,12,15,15,1,14.76,94.95,670046,67.00%
big_files/enwik6,binary,131072,32768,4,4,6,12,12,12,15,15,1,13.98,102.86,683900,68.39%
big_files/enwik6,binary,131072,32768,4,16,6,12,12,12,15,15,1,12.45,106.30,662932,66.29%
big_files/enwik6,binary,131072,32768,4,128,6,12,12,12,15,15,1,9.83,113.15,604228,60.42%
big_files/enwik6,binary,131072,32768,4,1024,6,12,12,12,15,15,1,9.44,117.00,588556,58.86%
big_files/enwik6,binary,131072,32768,4,999999999,6,12,12,12,15,15,1,9.17,120.58,588053,58.81%
big_files/enwik6,binary,131072,32768,4,1,6,12,12,15,15,15,1,14.70,106.41,670046,67.00%
big_files/enwik6,binary,131072,32768,4,4,6,12,12,15,15,15,1,13.16,103.39,683900,68.39%
big_files/enwik6,binary,131072,32768,4,16,6,12,12,15,15,15,1,12.16,105.30,662932,66.29%
big_files/enwik6,binary,131072,32768,4,128,6,12,12,15,15,15,1,10.08,111.11,604228,60.42%
big_files/enwik6,binary,131072,32768,4,1024,6,12,12,15,15,15,1,9.13,113.05,588556,58.86%
big_files/enwik6,binary,131072,32768,4,999999999,6,12,12,15,15,15,1,8.90,110.14,588053,58.81%
big_files/enwik6,binary,131072,32768,4,1,6,12,15,15,15,15,1,13.65,101.67,670046,67.00%
big_files/enwik6,binary,131072,32768,4,4,6,12,15,15,15,15,1,14.05,97.64,683900,68.39%
big_files/enwik6,binary,131072,32768,4,16,6,12,15,15,15,15,1,12.21,102.26,662932,66.29%
big_files/enwik6,binary,131072,32768,4,128,6,12,15,15,15,15,1,9.63,105.40,604228,60.42%
big_files/enwik6,binary,131072,32768,4,1024,6,12,15,15,15,15,1,8.83,117.67,588556,58.86%
big_files/enwik6,binary,131072,32768,4,999999999,6,12,15,15,15,15,1,8.77,113.76,588053,58.81%
big_files/enwik6,binary,131072,32768,4,1,6,15,15,15,15,15,1,14.05,96.67,699032,69.90%
big_files/enwik6,binary,131072,32768,4,4,6,15,15,15,15,15,1,12.86,102.52,701304,70.13%
big_files/enwik6,binary,131072,32768,4,16,6,15,15,15,15,15,1,12.38,93.01,679185,67.92%
big_files/enwik6,binary,131072,32768,4,128,6,15,15,15,15,15,1,9.66,118.72,637942,63.79%
big_files/enwik6,binary,131072,32768,4,1024,6,15,15,15,15,15,1,9.25,114.83,629548,62.95%
big_files/enwik6,binary,131072,32768,4,999999999,6,15,15,15,15,15,1,9.09,121.88,629310,62.93%
big_files/enwik6,binary,131072,32768,4,1,12,12,12,12,12,15,1,13.68,100.42,623275,62.33%
big_files/enwik6,binary,131072,32768,4,4,12,12,12,12,12,15,1,13.29,100.17,648160,64.82%
big_files/enwik6,binary,131072,32768,4,16,12,12,12,12,12,15,1,12.44,106.09,642160,64.22%
big_files/enwik6,binary,131072,32768,4,128,12,12,12,12,12,15,1,9.81,109.22,590519,59.05%
big_files/enwik6,binary,131072,32768,4,1024,12,12,12,12,12,15,1,9.39,117.27,575385,57.54%
big_files/enwik6,binary,131072,32768,4,999999999,12,12,12,12,12,15,1,9.14,120.58,574877,57.49%
big_files/enwik6,binary,131072,32768,4,1,12,12,12,12,15,15,1,14.34,103.04,623275,62.33%
big_files/enwik6,binary,131072,32768,4,4,12,12,12,12,15,15,1,13.07,98.04,648160,64.82%
big_files/enwik6,binary,131072,32768,4,16,12,12,12,12,15,15,1,12.38,105.02,642160,64.22%
big_files/enwik6,binary,131072,32768,4,128,12,12,12,12,15,15,1,9.80,107.07,590519,59.05%
big_files/enwik6,binary,131072,32768,4,1024,12,12,12,12,15,15,1,9.17,115.91,575385,57.54%
big_files/enwik6,binary,131072,32768,4,999999999,12,12,12,12,15,15,1,8.90,119.95,574877,57.49%
big_files/enwik6,binary,131072,32768,4,1,12,12,12,15,15,15,1,14.28,102.60,623275,62.33%
big_files/enwik6,binary,131072,32768,4,4,12,12,12,15,15,15,1,13.31,97.20,648160,64.82%
big_files/enwik6,binary,131072,32768,4,16,12,12,12,15,15,15,1,11.91,108.68,642160,64.22%
big_files/enwik6,binary,131072,32768,4,128,12,12,12,15,15,15,1,9.99,113.48,590519,59.05%
big_files/enwik6,binary,131072,32768,4,1024,12,12,12,15,15,15,1,9.40,118.94,575385,57.54%
big_files/enwik6,binary,131072,32768,4,999999999,12,12,12,15,15,15,1,9.20,119.62,574877,57.49%
big_files/enwik6,binary,131072,32768,4,1,12,12,15,15,15,15,1,14.38,102.83,623275,62.33%
big_files/enwik6,binary,131072,32768,4,4,12,12,15,15,15,15,1,13.30,100.72,648160,64.82%
big_files/enwik6,binary,131072,32768,4,16,12,12,15,15,15,15,1,12.43,103.06,642160,64.22%
big_files/enwik6,binary,131072,32768,4,128,12,12,15,15,15,15,1,9.82,110.83,590519,59.05%
big_files/enwik6,binary,131072,32768,4,1024,12,12,15,15,15,15,1,9.04,118.05,575385,57.54%
big_files/enwik6,binary,131072,32768,4,999999999,12,12,15,15,15,15,1,9.30,115.76,574877,57.49%
big_files/enwik6,binary,131072,32768,4,1,12,15,15,15,15,15,1,13.77,102.80,652262,65.23%
big_files/enwik6,binary,131072,32768,4,4,12,15,15,15,15,15,1,13.58,102.75,665561,66.56%
big_files/enwik6,binary,131072,32768,4,16,12,15,15,15,15,15,1,12.36,104.13,658412,65.84%
big_files/enwik6,binary,131072,32768,4,128,12,15,15,15,15,15,1,9.81,113.52,624238,62.42%
big_files/enwik6,binary,131072,32768,4,1024,12,15,15,15,15,15,1,9.10,128.94,616378,61.64%
big_files/enwik6,binary,131072,32768,4,999999999,12,15,15,15,15,15,1,9.19,128.04,616135,61.61%
big_files/enwik6,binary,131072,32768,4,1,15,15,15,15,15,15,1,14.31,103.95,671951,67.20%
big_files/enwik6,binary,131072,32768,4,4,15,15,15,15,15,15,1,13.85,104.48,671122,67.11%
big_files/enwik6,binary,131072,32768,4,16,15,15,15,15,15,15,1,12.34,107.04,655948,65.59%
big_files/enwik6,binary,131072,32768,4,128,15,15,15,15,15,15,1,9.97,116.71,628219,62.82%
big_files/enwik6,binary,131072,32768,4,1024,15,15,15,15,15,15,1,9.17,122.21,622501,62.25%
big_files/enwik6,binary,131072,32768,4,999999999,15,15,15,15,15,15,1,9.02,119.63,622335,62.23%
big_files/enwik6,binary,131072,32768,8,1,6,6,6,6,6,15,3,14.25,110.93,655725,65.57%
big_files/enwik6,binary,131072,32768,8,4,6,6,6,6,6,15,3,13.82,112.09,659664,65.97%
big_files/enwik6,binary,131072,32768,8,16,6,6,6,6,6,15,3,12.67,112.11,609990,61.00%
big_files/enwik6,binary,131072,32768,8,128,6,6,6,6,6,15,3,10.93,117.56,535060,53.51%
big_files/enwik6,binary,131072,32768,8,1024,6,6,6,6,6,15,3,10.64,128.83,519949,51.99%
big_files/enwik6,binary,131072,32768,8,999999999,6,6,6,6,6,15,3,10.38,129.39,519363,51.94%
big_files/enwik6,binary,131072,32768,8,1,6,6,6,6,12,15,3,14.38,108.68,652344,65.23%
big_files/enwik6,binary,131072,32768,8,4,6,6,6,6,12,15,3,13.84,102.97,656901,65.69%
big_files/enwik6,binary,131072,32768,8,16,6,6,6,6,12,15,3,12.51,116.31,607245,60.72%
big_files/enwik6,binary,131072,32768,8,128,6,6,6,6,12,15,3,11.05,122.70,531697,53.17%
big_files/enwik6,binary,131072,32768,8,1024,6,6,6,6,12,15,3,10.26,130.90,516275,51.63%
big_files/enwik6,binary,131072,32768,8,999999999,6,6,6,6,12,15,3,10.20,120.67,515673,51.57%
big_files/enwik6,binary,131072,32768,8,1,6,6,6,6,15,15,3,13.80,109.23,653648,65.36%
big_files/enwik6,binary,131072,32768,8,4,6,6,6,6,15,15,3,13.66,105.53,657386,65.74%
big_files/enwik6,binary,131072,32768,8,16,6,6,6,6,15,15,3,12.71,113.54,607396,60.74%
big_files/enwik6,binary,131072,32768,8,128,6,6,6,6,15,15,3,10.93,130.97,531738,53.17%
big_files/enwik6,binary,131072,32768,8,1024,6,6,6,6,15,15,3,10.51,126.69,516448,51.64%
big_files/enwik6,binary,131072,32768,8,999999999,6,6,6,6,15,15,3,9.80,125.39,515855,51.59%
big_files/enwik6,binary,131072,32768,8,1,6,6,6,12,12,15,3,14.23,107.87,647341,64.73%
big_files/enwik6,binary,131072,32768,8,4,6,6,6,12,12,15,3,13.75,112.25,652061,65.21%
big_files/enwik6,binary,131072,32768,8,16,6,6,6,12,12,15,3,12.88,112.74,603302,60.33%
big_files/enwik6,binary,131072,32768,8,128,6,6,6,12,12,15,3,10.91,126.51,527150,52.71%
big_files/enwik6,binary,131072,32768,8,1024,6,6,6,12,12,15,3,10.53,121.90,511436,51.14%
big_files/enwik6,binary,131072,32768,8,999999999,6,6,6,12,12,15,3,9.97,125.84,510828,51.08%
big_files/enwik6,binary,131072,32768,8,1,6,6,6,12,15,15,3,13.89,106.53,648643,64.86%
big_files/enwik6,binary,131072,32768,8,4,6,6,6,12,15,15,3,13.79,102.48,652550,65.25%
big_files/enwik6,binary,131072,32768,8,16,6,6,6,12,15,15,3,12.74,110.60,603454,60.35%
big_files/enwik6,binary,131072,32768,8,128,6,6,6,12,15,15,3,10.94,132.82,527189,52.72%
big_files/enwik6,binary,131072,32768,8,1024,6,6,6,12,15,15,3,10.47,116.87,511608,51.16%
big_files/enwik6,binary,131072,32768,8,999999999,6,6,6,12,15,15,3,10.14,124.38,511010,51.10%
big_files/enwik6,binary,131072,32768,8,1,6,6,6,15,15,15,3,14.33,107.13,650584,65.06%
big_files/enwik6,binary,131072,32768,8,4,6,6,6,15,15,15,3,14.30,108.68,653217,65.32%
big_files/enwik6,binary,131072,32768,8,16,6,6,6,15,15,15,3,12.96,116.02,603133,60.31%
big_files/enwik6,binary,131072,32768,8,128,6,6,6,15,15,15,3,11.18,129.78,527372,52.74%
big_files/enwik6,binary,131072,32768,8,1024,6,6,6,15,15,15,3,10.54,120.94,511905,51.19%
big_files/enwik6,binary,131072,32768,8,999999999,6,6,6,15,15,15,3,10.38,123.39,511320,51.13%
big_files/enwik6,binary,131072,32768,8,1,6,6,12,12,12,15,3,14.69,106.86,639468,63.95%
big_files/enwik6,binary,131072,32768,8,4,6,6,12,12,12,15,3,13.88,110.12,645388,64.54%
big_files/enwik6,binary,131072,32768,8,16,6,6,12,12,12,15,3,12.46,107.83,597688,59.77%
big_files/enwik6,binary,131072,32768,8,128,6,6,12,12,12,15,3,10.96,110.82,520874,52.09%
big_files/enwik6,binary,131072,32768,8,1024,6,6,12,12,12,15,3,10.30,126.63,504960,50.50%
big_files/enwik6,binary,131072,32768,8,999999999,6,6,12,12,12,15,3,10.34,118.06,504358,50.44%
big_files/enwik6,binary,131072,32768,8,1,6,6,12,12,15,15,3,14.56,106.46,640771,64.08%
big_files/enwik6,binary,131072,32768,8,4,6,6,12,12,15,15,3,13.56,106.93,645875,64.59%
big_files/enwik6,binary,131072,32768,8,16,6,6,12,12,15,15,3,12.57,110.03,597839,59.78%
big_files/enwik6,binary,131072,32768,8,128,6,6,12,12,15,15,3,11.07,122.02,520914,52.09%
big_files/enwik6,binary,131072,32768,8,1024,6,6,12,12,15,15,3,10.67,121.17,505131,50.51%
big_files/enwik6,binary,131072,32768,8,999999999,6,6,12,12,15,15,3,10.27,130.09,504540,50.45%
big_files/enwik6,binary,131072,32768,8,1,6,6,12,15,15,15,3,13.74,108.89,642713,64.27%
big_files/enwik6,binary,131072,32768,8,4,6,6,12,15,15,15,3,14.18,111.08,646542,64.65%
big_files/enwik6,binary,131072,32768,8,16,6,6,12,15,15,15,3,13.02,116.81,597518,59.75%
big_files/enwik6,binary,131072,32768,8,128,6,6,12,15,15,15,3,11.08,127.32,521097,52.11%
big_files/enwik6,binary,131072,32768,8,1024,6,6,12,15,15,15,3,10.37,110.70,505431,50.54%
big_files/enwik6,binary,131072,32768,8,999999999,6,6,12,15,15,15,3,10.61,128.77,504852,50.49%
big_files/enwik6,binary,131072,32768,8,1,6,6,15,15,15,15,3,14.50,106.04,645189,64.52%
big_files/enwik6,binary,131072,32768,8,4,6,6,15,15,15,15,3,14.15,107.22,646955,64.70%
big_files/enwik6,binary,131072,32768,8,16,6,6,15,15,15,15,3,12.43,112.91,596600,59.66%
big_files/enwik6,binary,131072,32768,8,128,6,6,15,15,15,15,3,10.53,118.13,520598,52.06%
big_files/enwik6,binary,131072,32768,8,1024,6,6,15,15,15,15,3,10.41,119.90,505187,50.52%
big_files/enwik6,binary,131072,32768,8,999999999,6,6,15,15,15,15,3,10.59,118.18,504636,50.46%
big_files/enwik6,binary,131072,32768,8,1,6,12,12,12,12,15,3,14.92,109.47,619051,61.91%
big_files/enwik6,binary,131072,32768,8,4,6,12,12,12,12,15,3,13.99,105.78,628205,62.82%
big_files/enwik6,binary,131072,32768,8,16,6,12,12,12,12,15,3,12.33,110.71,584621,58.46%
big_files/enwik6,binary,131072,32768,8,128,6,12,12,12,12,15,3,10.85,122.76,510197,51.02%
big_files/enwik6,binary,131072,32768,8,1024,6,12,12,12,12,15,3,10.49,120.14,494307,49.43%
big_files/enwik6,binary,131072,32768,8,999999999,6,12,12,12,12,15,3,10.20,127.50,493731,49.37%
big_files/enwik6,binary,131072,32768,8,1,6,12,12,12,15,15,3,14.52,105.06,620352,62.04%
big_files/enwik6,binary,131072,32768,8,4,6,12,12,12,15,15,3,13.96,100.55,628691,62.87%
big_files/enwik6,binary,131072,32768,8,16,6,12,12,12,15,15,3,12.57,120.29,584771,58.48%
big_files/enwik6,binary,131072,32768,8,128,6,12,12,12,15,15,3,10.91,126.69,510239,51.02%
big_files/enwik6,binary,131072,32768,8,1024,6,12,12,12,15,15,3,10.51,125.63,494481,49.45%
big_files/enwik6,binary,131072,32768,8,999999999,6,12,12,12,15,15,3,10.34,125.86,493915,49.39%
big_files/enwik6,binary,131072,32768,8,1,6,12,12,15,15,15,3,14.43,106.44,622294,62.23%
big_files/enwik6,binary,131072,32768,8,4,6,12,12,15,15,15,3,14.17,104.11,629358,62.94%
big_files/enwik6,binary,131072,32768,8,16,6,12,12,15,15,15,3,12.75,112.65,584450,58.44%
big_files/enwik6,binary,131072,32768,8,128,6,12,12,15,15,15,3,10.99,125.83,510422,51.04%
big_files/enwik6,binary,131072,32768,8,1024,6,12,12,15,15,15,3,10.49,120.22,494779,49.48%
big_files/enwik6,binary,131072,32768,8,999999999,6,12,12,15,15,15,3,10.24,124.68,494226,49.42%
big_files/enwik6,binary,131072,32768,8,1,6,12,15,15,15,15,3,14.48,109.30,624773,62.48%
big_files/enwik6,binary,131072,32768,8,4,6,12,15,15,15,15,3,13.57,111.50,629770,62.98%
big_files/enwik6,binary,131072,32768,8,16,6,12,15,15,15,15,3,12.77,106.18,583532,58.35%
big_files/enwik6,binary,131072,32768,8,128,6,12,15,15,15,15,3,11.07,107.65,509921,50.99%
big_files/enwik6,binary,131072,32768,8,1024,6,12,15,15,15,15,3,10.25,114.91,494535,49.45%
big_files/enwik6,binary,131072,32768,8,999999999,6,12,15,15,15,15,3,10.57,124.39,494009,49.40%
big_files/enwik6,binary,131072,32768,8,1,6,15,15,15,15,15,3,14.97,105.12,628372,62.84%
big_files/enwik6,binary,131072,32768,8,4,6,15,15,15,15,15,3,13.71,101.34,627865,62.79%
big_files/enwik6,binary,131072,32768,8,16,6,15,15,15,15,15,3,12.74,107.52,578980,57.90%
big_files/enwik6,binary,131072,32768,8,128,6,15,15,15,15,15,3,10.79,110.49,506735,50.67%
big_files/enwik6,binary,131072,32768,8,1024,6,15,15,15,15,15,3,10.51,122.67,492856,49.29%
big_files/enwik6,binary,131072,32768,8,999999999,6,15,15,15,15,15,3,10.35,120.46,492362,49.24%
big_files/enwik6,binary,131072,32768,8,1,12,12,12,12,12,15,3,13.65,107.55,563183,56.32%
big_files/enwik6,binary,131072,32768,8,4,12,12,12,12,12,15,3,14.10,107.15,587272,58.73%
big_files/enwik6,binary,131072,32768,8,16,12,12,12,12,12,15,3,12.85,108.23,561033,56.10%
big_files/enwik6,binary,131072,32768,8,128,12,12,12,12,12,15,3,11.03,121.04,494165,49.42%
big_files/enwik6,binary,131072,32768,8,1024,12,12,12,12,12,15,3,10.39,124.66,478834,47.88%
big_files/enwik6,binary,131072,32768,8,999999999,12,12,12,12,12,15,3,10.41,125.55,478264,47.83%
big_files/enwik6,binary,131072,32768,8,1,12,12,12,12,15,15,3,14.56,102.11,564485,56.45%
big_files/enwik6,binary,131072,32768,8,4,12,12,12,12,15,15,3,13.80,102.61,587758,58.78%
big_files/enwik6,binary,131072,32768,8,16,12,12,12,12,15,15,3,12.42,110.58,561184,56.12%
big_files/enwik6,binary,131072,32768,8,128,12,12,12,12,15,15,3,10.83,119.52,494205,49.42%
big_files/enwik6,binary,131072,32768,8,1024,12,12,12,12,15,15,3,10.46,122.61,479007,47.90%
big_files/enwik6,binary,131072,32768,8,999999999,12,12,12,12,15,15,3,10.52,120.01,478448,47.84%
big_files/enwik6,binary,131072,32768,8,1,12,12,12,15,15,15,3,13.66,101.14,566429,56.64%
big_files/enwik6,binary,131072,32768,8,4,12,12,12,15,15,15,3,13.46,95.88,588425,58.84%
big_files/enwik6,binary,131072,32768,8,16,12,12,12,15,15,15,3,12.46,110.94,560865,56.09%
big_files/enwik6,binary,131072,32768,8,128,12,12,12,15,15,15,3,10.77,108.35,494389,49.44%
big_files/enwik6,binary,131072,32768,8,1024,12,12,12,15,15,15,3,10.13,118.19,479305,47.93%
big_files/enwik6,binary,131072,32768,8,999999999,12,12,12,15,15,15,3,10.25,113.91,478758,47.88%
big_files/enwik6,binary,131072,32768,8,1,12,12,15,15,15,15,3,14.40,102.04,568905,56.89%
big_files/enwik6,binary,131072,32768,8,4,12,12,15,15,15,15,3,14.31,104.83,588838,58.88%
big_files/enwik6,binary,131072,32768,8,16,12,12,15,15,15,15,3,12.43,112.41,559946,55.99%
big_files/enwik6,binary,131072,32768,8,128,12,12,15,15,15,15,3,10.56,123.35,493888,49.39%
big_files/enwik6,binary,131072,32768,8,1024,12,12,15,15,15,15,3,10.53,121.81,479060,47.91%
big_files/enwik6,binary,131072,32768,8,999999999,12,12,15,15,15,15,3,10.43,129.19,478541,47.85%
big_files/enwik6,binary,131072,32768,8,1,12,15,15,15,15,15,3,14.58,103.26,572503,57.25%
big_files/enwik6,binary,131072,32768,8,4,12,15,15,15,15,15,3,13.76,97.27,586933,58.69%
big_files/enwik6,binary,131072,32768,8,16,12,15,15,15,15,15,3,12.57,113.38,555394,55.54%
big_files/enwik6,binary,131072,32768,8,128,12,15,15,15,15,15,3,10.84,115.05,490700,49.07%
big_files/enwik6,binary,131072,32768,8,1024,12,15,15,15,15,15,3,10.77,114.74,477381,47.74%
big_files/enwik6,binary,131072,32768,8,999999999,12,15,15,15,15,15,3,9.86,122.37,476894,47.69%
big_files/enwik6,binary,131072,32768,8,1,15,15,15,15,15,15,3,14.26,108.75,576991,57.70%
big_files/enwik6,binary,131072,32768,8,4,15,15,15,15,15,15,3,14.22,102.67,575496,57.55%
big_files/enwik6,binary,131072,32768,8,16,15,15,15,15,15,15,3,12.53,111.72,540471,54.05%
big_files/enwik6,binary,131072,32768,8,128,15,15,15,15,15,15,3,10.49,114.20,488466,48.85%
big_files/enwik6,binary,131072,32768,8,1024,15,15,15,15,15,15,3,10.43,121.68,477955,47.80%
big_files/enwik6,binary,131072,32768,8,999999999,15,15,15,15,15,15,3,10.39,119.02,477556,47.76%
big_files/enwik6,binary,131072,32768,18,1,6,6,6,6,6,15,4,13.68,106.14,636283,63.63%
big_files/enwik6,binary,131072,32768,18,4,6,6,6,6,6,15,4,13.78,112.77,637311,63.73%
big_files/enwik6,binary,131072,32768,18,16,6,6,6,6,6,15,4,13.28,120.24,573253,57.33%
big_files/enwik6,binary,131072,32768,18,128,6,6,6,6,6,15,4,11.34,139.95,490081,49.01%
big_files/enwik6,binary,131072,32768,18,1024,6,6,6,6,6,15,4,10.82,143.30,475399,47.54%
big_files/enwik6,binary,131072,32768,18,999999999,6,6,6,6,6,15,4,10.61,141.69,475069,47.51%
big_files/enwik6,binary,131072,32768,18,1,6,6,6,6,12,15,4,14.86,106.32,632718,63.27%
big_files/enwik6,binary,131072,32768,18,4,6,6,6,6,12,15,4,13.44,106.20,634488,63.45%
big_files/enwik6,binary,131072,32768,18,16,6,6,6,6,12,15,4,12.44,118.39,570404,57.04%
big_files/enwik6,binary,131072,32768,18,128,6,6,6,6,12,15,4,10.86,128.35,486639,48.66%
big_files/enwik6,binary,131072,32768,18,1024,6,6,6,6,12,15,4,11.15,138.08,471734,47.17%
big_files/enwik6,binary,131072,32768,18,999999999,6,6,6,6,12,15,4,10.75,133.86,471400,47.14%
big_files/enwik6,binary,131072,32768,18,1,6,6,6,6,15,15,4,14.20,108.84,633510,63.35%
big_files/enwik6,binary,131072,32768,18,4,6,6,6,6,15,15,4,13.16,116.86,634461,63.45%
big_files/enwik6,binary,131072,32768,18,16,6,6,6,6,15,15,4,12.34,113.44,569938,56.99%
big_files/enwik6,binary,131072,32768,18,128,6,6,6,6,15,15,4,11.47,136.82,485861,48.59%
big_files/enwik6,binary,131072,32768,18,1024,6,6,6,6,15,15,4,10.30,143.81,470979,47.10%
big_files/enwik6,binary,131072,32768,18,999999999,6,6,6,6,15,15,4,10.88,136.16,470648,47.06%
big_files/enwik6,binary,131072,32768,18,1,6,6,6,12,12,15,4,14.19,114.44,627074,62.71%
big_files/enwik6,binary,131072,32768,18,4,6,6,6,12,12,15,4,13.14,113.73,629682,62.97%
big_files/enwik6,binary,131072,32768,18,16,6,6,6,12,12,15,4,12.72,117.32,566426,56.64%
big_files/enwik6,binary,131072,32768,18,128,6,6,6,12,12,15,4,11.28,131.20,481825,48.18%
big_files/enwik6,binary,131072,32768,18,1024,6,6,6,12,12,15,4,10.75,129.40,466619,46.66%
big_files/enwik6,binary,131072,32768,18,999999999,6,6,6,12,12,15,4,10.95,134.52,466286,46.63%
big_files/enwik6,binary,131072,32768,18,1,6,6,6,12,15,15,4,14.54,111.76,627866,62.79%
big_files/enwik6,binary,131072,32768,18,4,6,6,6,12,15,15,4,13.79,105.64,629654,62.97%
big_files/enwik6,binary,131072,32768,18,16,6,6,6,12,15,15,4,12.99,124.23,565958,56.60%
big_files/enwik6,binary,131072,32768,18,128,6,6,6,12,15,15,4,11.15,128.83,481048,48.10%
big_files/enwik6,binary,131072,32768,18,1024,6,6,6,12,15,15,4,10.76,134.63,465868,46.59%
big_files/enwik6,binary,131072,32768,18,999999999,6,6,6,12,15,15,4,10.86,125.77,465538,46.55%
big_files/enwik6,binary,131072,32768,18,1,6,6,6,15,15,15,4,14.57,109.58,628955,62.90%
big_files/enwik6,binary,131072,32768,18,4,6,6,6,15,15,15,4,13.95,106.56,629346,62.93%
big_files/enwik6,binary,131072,32768,18,16,6,6,6,15,15,15,4,12.76,109.80,564570,56.46%
big_files/enwik6,binary,131072,32768,18,128,6,6,6,15,15,15,4,11.24,120.33,480156,48.02%
big_files/enwik6,binary,131072,32768,18,1024,6,6,6,15,15,15,4,10.78,126.36,465064,46.51%
big_files/enwik6,binary,131072,32768,18,999999999,6,6,6,15,15,15,4,11.02,128.29,464736,46.47%
big_files/enwik6,binary,131072,32768,18,1,6,6,12,12,12,15,4,14.37,113.87,618492,61.85%
big_files/enwik6,binary,131072,32768,18,4,6,6,12,12,12,15,4,13.65,109.57,622669,62.27%
big_files/enwik6,binary,131072,32768,18,16,6,6,12,12,12,15,4,12.57,117.72,560789,56.08%
big_files/enwik6,binary,131072,32768,18,128,6,6,12,12,12,15,4,10.61,129.12,475347,47.53%
big_files/enwik6,binary,131072,32768,18,1024,6,6,12,12,12,15,4,11.06,144.99,459802,45.98%
big_files/enwik6,binary,131072,32768,18,999999999,6,6,12,12,12,15,4,10.37,133.19,459477,45.95%
big_files/enwik6,binary,131072,32768,18,1,6,6,12,12,15,15,4,14.31,111.22,619285,61.93%
big_files/enwik6,binary,131072,32768,18,4,6,6,12,12,15,15,4,13.60,110.59,622641,62.26%
big_files/enwik6,binary,131072,32768,18,16,6,6,12,12,15,15,4,12.83,111.25,560321,56.03%
big_files/enwik6,binary,131072,32768,18,128,6,6,12,12,15,15,4,11.14,126.09,474571,47.46%
big_files/enwik6,binary,131072,32768,18,1024,6,6,12,12,15,15,4,10.91,137.96,459048,45.90%
big_files/enwik6,binary,131072,32768,18,999999999,6,6,12,12,15,15,4,10.60,135.87,458727,45.87%
big_files/enwik6,binary,131072,32768,18,1,6,6,12,15,15,15,4,14.47,106.31,620373,62.04%
big_files/enwik6,binary,131072,32768,18,4,6,6,12,15,15,15,4,13.57,103.43,622332,62.23%
big_files/enwik6,binary,131072,32768,18,16,6,6,12,15,15,15,4,12.26,112.58,558934,55.89%
big_files/enwik6,binary,131072,32768,18,128,6,6,12,15,15,15,4,11.27,134.46,473679,47.37%
big_files/enwik6,binary,131072,32768,18,1024,6,6,12,15,15,15,4,10.41,133.52,458247,45.82%
big_files/enwik6,binary,131072,32768,18,999999999,6,6,12,15,15,15,4,10.79,137.81,457926,45.79%
big_files/enwik6,binary,131072,32768,18,1,6,6,15,15,15,15,4,14.61,108.42,621734,62.17%
big_files/enwik6,binary,131072,32768,18,4,6,6,15,15,15,15,4,13.72,108.47,621253,62.13%
big_files/enwik6,binary,131072,32768,18,16,6,6,15,15,15,15,4,12.60,117.63,556456,55.65%
big_files/enwik6,binary,131072,32768,18,128,6,6,15,15,15,15,4,10.86,124.07,471716,47.17%
big_files/enwik6,binary,131072,32768,18,1024,6,6,15,15,15,15,4,11.02,138.77,456518,45.65%
big_files/enwik6,binary,131072,32768,18,999999999,6,6,15,15,15,15,4,10.72,126.76,456206,45.62%
big_files/enwik6,binary,131072,32768,18,1,6,12,12,12,12,15,4,14.83,103.33,596086,59.61%
big_files/enwik6,binary,131072,32768,18,4,6,12,12,12,12,15,4,13.56,109.79,604567,60.46%
big_files/enwik6,binary,131072,32768,18,16,6,12,12,12,12,15,4,12.61,119.56,547454,54.75%
big_files/enwik6,binary,131072,32768,18,128,6,12,12,12,12,15,4,10.93,135.51,464427,46.44%
big_files/enwik6,binary,131072,32768,18,1024,6,12,12,12,12,15,4,10.63,141.71,448649,44.86%
big_files/enwik6,binary,131072,32768,18,999999999,6,12,12,12,12,15,4,10.94,133.51,448331,44.83%
big_files/enwik6,binary,131072,32768,18,1,6,12,12,12,15,15,4,14.65,110.26,596876,59.69%
big_files/enwik6,binary,131072,32768,18,4,6,12,12,12,15,15,4,13.60,112.48,604539,60.45%
big_files/enwik6,binary,131072,32768,18,16,6,12,12,12,15,15,4,12.68,126.00,546987,54.70%
big_files/enwik6,binary,131072,32768,18,128,6,12,12,12,15,15,4,11.25,128.89,463649,46.36%
big_files/enwik6,binary,131072,32768,18,1024,6,12,12,12,15,15,4,11.03,140.95,447897,44.79%
big_files/enwik6,binary,131072,32768,18,999999999,6,12,12,12,15,15,4,10.92,142.26,447583,44.76%
big_files/enwik6,binary,131072,32768,18,1,6,12,12,15,15,15,4,15.09,113.82,597966,59.80%
big_files/enwik6,binary,131072,32768,18,4,6,12,12,15,15,15,4,13.80,109.45,604230,60.42%
big_files/enwik6,binary,131072,32768,18,16,6,12,12,15,15,15,4,12.76,118.15,545600,54.56%
big_files/enwik6,binary,131072,32768,18,128,6,12,12,15,15,15,4,11.16,127.80,462757,46.28%
big_files/enwik6,binary,131072,32768,18,1024,6,12,12,15,15,15,4,10.60,132.09,447095,44.71%
big_files/enwik6,binary,131072,32768,18,999999999,6,12,12,15,15,15,4,10.83,134.78,446781,44.68%
big_files/enwik6,binary,131072,32768,18,1,6,12,15,15,15,15,4,14.86,112.39,599327,59.93%
big_files/enwik6,binary,131072,32768,18,4,6,12,15,15,15,15,4,13.62,105.05,603151,60.32%
big_files/enwik6,binary,131072,32768,18,16,6,12,15,15,15,15,4,12.83,116.41,543124,54.31%
big_files/enwik6,binary,131072,32768,18,128,6,12,15,15,15,15,4,11.22,132.28,460795,46.08%
big_files/enwik6,binary,131072,32768,18,1024,6,12,15,15,15,15,4,11.12,133.59,445363,44.54%
big_files/enwik6,binary,131072,32768,18,999999999,6,12,15,15,15,15,4,11.06,130.55,445058,44.51%
big_files/enwik6,binary,131072,32768,18,1,6,15,15,15,15,15,4,14.28,110.58,600781,60.08%
big_files/enwik6,binary,131072,32768,18,4,6,15,15,15,15,15,4,14.20,107.56,598536,59.85%
big_files/enwik6,binary,131072,32768,18,16,6,15,15,15,15,15,4,12.77,115.47,536081,53.61%
big_files/enwik6,binary,131072,32768,18,128,6,15,15,15,15,15,4,10.97,135.35,455441,45.54%
big_files/enwik6,binary,131072,32768,18,1024,6,15,15,15,15,15,4,10.52,121.91,441837,44.18%
big_files/enwik6,binary,131072,32768,18,999999999,6,15,15,15,15,15,4,10.30,130.34,441553,44.16%
big_files/enwik6,binary,131072,32768,18,1,12,12,12,12,12,15,4,14.83,112.13,535051,53.51%
big_files/enwik6,binary,131072,32768,18,4,12,12,12,12,12,15,4,13.71,114.86,560997,56.10%
big_files/enwik6,binary,131072,32768,18,16,12,12,12,12,12,15,4,12.78,109.39,523062,52.31%
big_files/enwik6,binary,131072,32768,18,128,12,12,12,12,12,15,4,11.13,135.86,447241,44.72%
big_files/enwik6,binary,131072,32768,18,1024,12,12,12,12,12,15,4,10.60,121.40,431790,43.18%
big_files/enwik6,binary,131072,32768,18,999999999,12,12,12,12,12,15,4,10.86,143.93,431472,43.15%
big_files/enwik6,binary,131072,32768,18,1,12,12,12,12,15,15,4,14.04,105.33,535843,53.58%
big_files/enwik6,binary,131072,32768,18,4,12,12,12,12,15,15,4,13.99,102.40,560970,56.10%
big_files/enwik6,binary,131072,32768,18,16,12,12,12,12,15,15,4,13.01,116.41,522593,52.26%
big_files/enwik6,binary,131072,32768,18,128,12,12,12,12,15,15,4,11.41,132.19,446463,44.65%
big_files/enwik6,binary,131072,32768,18,1024,12,12,12,12,15,15,4,10.93,135.43,431038,43.10%
big_files/enwik6,binary,131072,32768,18,999999999,12,12,12,12,15,15,4,10.95,131.82,430723,43.07%
big_files/enwik6,binary,131072,32768,18,1,12,12,12,15,15,15,4,14.70,111.00,536931,53.69%
big_files/enwik6,binary,131072,32768,18,4,12,12,12,15,15,15,4,14.14,108.84,560659,56.07%
big_files/enwik6,binary,131072,32768,18,16,12,12,12,15,15,15,4,12.67,120.15,521206,52.12%
big_files/enwik6,binary,131072,32768,18,128,12,12,12,15,15,15,4,11.12,133.46,445571,44.56%
big_files/enwik6,binary,131072,32768,18,1024,12,12,12,15,15,15,4,11.05,125.23,430234,43.02%
big_files/enwik6,binary,131072,32768,18,999999999,12,12,12,15,15,15,4,10.75,129.75,429921,42.99%
big_files/enwik6,binary,131072,32768,18,1,12,12,15,15,15,15,4,14.96,109.09,538292,53.83%
big_files/enwik6,binary,131072,32768,18,4,12,12,15,15,15,15,4,13.72,110.72,559582,55.96%
big_files/enwik6,binary,131072,32768,18,16,12,12,15,15,15,15,4,13.08,117.93,518731,51.87%
big_files/enwik6,binary,131072,32768,18,128,12,12,15,15,15,15,4,11.23,128.17,443610,44.36%
big_files/enwik6,binary,131072,32768,18,1024,12,12,15,15,15,15,4,10.85,133.42,428504,42.85%
big_files/enwik6,binary,131072,32768,18,999999999,12,12,15,15,15,15,4,10.83,135.34,428199,42.82%
big_files/enwik6,binary,131072,32768,18,1,12,15,15,15,15,15,4,14.67,101.81,539747,53.97%
big_files/enwik6,binary,131072,32768,18,4,12,15,15,15,15,15,4,14.04,105.31,554966,55.50%
big_files/enwik6,binary,131072,32768,18,16,12,15,15,15,15,15,4,12.47,115.70,511690,51.17%
big_files/enwik6,binary,131072,32768,18,128,12,15,15,15,15,15,4,10.64,129.04,438256,43.83%
big_files/enwik6,binary,131072,32768,18,1024,12,15,15,15,15,15,4,11.09,129.07,424978,42.50%
big_files/enwik6,binary,131072,32768,18,999999999,12,15,15,15,15,15,4,11.01,129.94,424693,42.47%
big_files/enwik6,binary,131072,32768,18,1,15,15,15,15,15,15,4,14.57,109.49,538023,53.80%
big_files/enwik6,binary,131072,32768,18,4,15,15,15,15,15,15,4,13.68,110.57,535941,53.59%
big_files/enwik6,binary,131072,32768,18,16,15,15,15,15,15,15,4,12.33,111.49,491443,49.14%
big_files/enwik6,binary,131072,32768,18,128,15,15,15,15,15,15,4,11.00,127.20,433684,43.37%
big_files/enwik6,binary,131072,32768,18,1024,15,15,15,15,15,15,4,11.03,129.27,423391,42.34%
big_files/enwik6,binary,131072,32768,18,999999999,15,15,15,15,15,15,4,10.61,128.30,423148,42.31%
big_files/enwik6,binary,131072,32768,32,1,6,6,6,6,6,15,5,14.45,113.64,650819,65.08%
big_files/enwik6,binary,131072,32768,32,4,6,6,6,6,6,15,5,13.67,109.43,650852,65.09%
big_files/enwik6,binary,131072,32768,32,16,6,6,6,6,6,15,5,12.56,119.51,582361,58.24%
big_files/enwik6,binary,131072,32768,32,128,6,6,6,6,6,15,5,11.48,139.22,496408,49.64%
big_files/enwik6,binary,131072,32768,32,1024,6,6,6,6,6,15,5,11.18,132.15,481887,48.19%
big_files/enwik6,binary,131072,32768,32,999999999,6,6,6,6,6,15,5,11.33,138.91,481791,48.18%
big_files/enwik6,binary,131072,32768,32,1,6,6,6,6,12,15,5,14.85,108.03,646825,64.68%
big_files/enwik6,binary,131072,32768,32,4,6,6,6,6,12,15,5,13.95,104.87,647740,64.77%
big_files/enwik6,binary,131072,32768,32,16,6,6,6,6,12,15,5,12.86,122.50,579170,57.92%
big_files/enwik6,binary,131072,32768,32,128,6,6,6,6,12,15,5,11.38,132.06,492450,49.24%
big_files/enwik6,binary,131072,32768,32,1024,6,6,6,6,12,15,5,11.03,135.50,477653,47.77%
big_files/enwik6,binary,131072,32768,32,999999999,6,6,6,6,12,15,5,11.18,136.19,477558,47.76%
big_files/enwik6,binary,131072,32768,32,1,6,6,6,6,15,15,5,14.94,106.30,647323,64.73%
big_files/enwik6,binary,131072,32768,32,4,6,6,6,6,15,15,5,13.91,103.25,647300,64.73%
big_files/enwik6,binary,131072,32768,32,16,6,6,6,6,15,15,5,13.12,113.99,578147,57.81%
big_files/enwik6,binary,131072,32768,32,128,6,6,6,6,15,15,5,11.21,135.90,490982,49.10%
big_files/enwik6,binary,131072,32768,32,1024,6,6,6,6,15,15,5,11.33,141.71,476191,47.62%
big_files/enwik6,binary,131072,32768,32,999999999,6,6,6,6,15,15,5,11.04,139.40,476097,47.61%
big_files/enwik6,binary,131072,32768,32,1,6,6,6,12,12,15,5,14.71,109.23,640437,64.04%
big_files/enwik6,binary,131072,32768,32,4,6,6,6,12,12,15,5,14.05,110.57,642347,64.23%
big_files/enwik6,binary,131072,32768,32,16,6,6,6,12,12,15,5,13.25,114.61,574691,57.47%
big_files/enwik6,binary,131072,32768,32,128,6,6,6,12,12,15,5,11.30,132.33,486910,48.69%
big_files/enwik6,binary,131072,32768,32,1024,6,6,6,12,12,15,5,11.49,147.34,471748,47.17%
big_files/enwik6,binary,131072,32768,32,999999999,6,6,6,12,12,15,5,10.94,141.54,471652,47.17%
big_files/enwik6,binary,131072,32768,32,1,6,6,6,12,15,15,5,14.52,110.12,640938,64.09%
big_files/enwik6,binary,131072,32768,32,4,6,6,6,12,15,15,5,14.06,110.90,641906,64.19%
big_files/enwik6,binary,131072,32768,32,16,6,6,6,12,15,15,5,12.97,120.18,573669,57.37%
big_files/enwik6,binary,131072,32768,32,128,6,6,6,12,15,15,5,11.32,136.83,485440,48.54%
big_files/enwik6,binary,131072,32768,32,1024,6,6,6,12,15,15,5,10.97,136.68,470286,47.03%
big_files/enwik6,binary,131072,32768,32,999999999,6,6,6,12,15,15,5,11.24,139.30,470192,47.02%
big_files/enwik6,binary,131072,32768,32,1,6,6,6,15,15,15,5,13.74,106.47,641527,64.15%
big_files/enwik6,binary,131072,32768,32,4,6,6,6,15,15,15,5,12.44,103.00,640898,64.09%
big_files/enwik6,binary,131072,32768,32,16,6,6,6,15,15,15,5,12.56,119.89,571375,57.14%
big_files/enwik6,binary,131072,32768,32,128,6,6,6,15,15,15,5,11.38,131.72,483626,48.36%
big_files/enwik6,binary,131072,32768,32,1024,6,6,6,15,15,15,5,11.19,123.27,468545,46.85%
big_files/enwik6,binary,131072,32768,32,999999999,6,6,6,15,15,15,5,10.55,132.07,468452,46.85%
big_files/enwik6,binary,131072,32768,32,1,6,6,12,12,12,15,5,13.55,110.17,630627,63.06%
big_files/enwik6,binary,131072,32768,32,4,6,6,12,12,12,15,5,13.12,109.88,634473,63.45%
big_files/enwik6,binary,131072,32768,32,16,6,6,12,12,12,15,5,12.54,114.58,568286,56.83%
big_files/enwik6,binary,131072,32768,32,128,6,6,12,12,12,15,5,10.77,129.15,479501,47.95%
big_files/enwik6,binary,131072,32768,32,1024,6,6,12,12,12,15,5,10.81,138.15,463929,46.39%
big_files/enwik6,binary,131072,32768,32,999999999,6,6,12,12,12,15,5,10.41,138.91,463835,46.38%
big_files/enwik6,binary,131072,32768,32,1,6,6,12,12,15,15,5,12.81,109.34,631126,63.11%
big_files/enwik6,binary,131072,32768,32,4,6,6,12,12,15,15,5,13.13,114.45,634031,63.40%
big_files/enwik6,binary,131072,32768,32,16,6,6,12,12,15,15,5,11.90,122.72,567263,56.73%
big_files/enwik6,binary,131072,32768,32,128,6,6,12,12,15,15,5,11.36,134.64,478032,47.80%
big_files/enwik6,binary,131072,32768,32,1024,6,6,12,12,15,15,5,10.69,137.76,462467,46.25%
big_files/enwik6,binary,131072,32768,32,999999999,6,6,12,12,15,15,5,10.90,136.92,462375,46.24%
big_files/enwik6,binary,131072,32768,32,1,6,6,12,15,15,15,5,14.02,106.96,631719,63.17%
big_files/enwik6,binary,131072,32768,32,4,6,6,12,15,15,15,5,13.98,110.35,633020,63.30%
big_files/enwik6,binary,131072,32768,32,16,6,6,12,15,15,15,5,12.60,116.83,564969,56.50%
big_files/enwik6,binary,131072,32768,32,128,6,6,12,15,15,15,5,11.03,127.51,476219,47.62%
big_files/enwik6,binary,131072,32768,32,1024,6,6,12,15,15,15,5,11.27,127.93,460725,46.07%
big_files/enwik6,binary,131072,32768,32,999999999,6,6,12,15,15,15,5,11.08,130.47,460634,46.06%
big_files/enwik6,binary,131072,32768,32,1,6,6,15,15,15,15,5,13.98,104.19,632330,63.23%
big_files/enwik6,binary,131072,32768,32,4,6,6,15,15,15,15,5,13.53,109.40,630778,63.08%
big_files/enwik6,binary,131072,32768,32,16,6,6,15,15,15,15,5,13.08,116.81,561117,56.11%
big_files/enwik6,binary,131072,32768,32,128,6,6,15,15,15,15,5,11.50,127.16,472883,47.29%
big_files/enwik6,binary,131072,32768,32,1024,6,6,15,15,15,15,5,11.16,129.42,457655,45.77%
big_files/enwik6,binary,131072,32768,32,999999999,6,6,15,15,15,15,5,11.12,140.54,457565,45.76%
big_files/enwik6,binary,131072,32768,32,1,6,12,12,12,12,15,5,14.77,107.36,605441,60.54%
big_files/enwik6,binary,131072,32768,32,4,6,12,12,12,12,15,5,13.83,111.50,614264,61.43%
big_files/enwik6,binary,131072,32768,32,16,6,12,12,12,12,15,5,12.77,115.00,553481,55.35%
big_files/enwik6,binary,131072,32768,32,128,6,12,12,12,12,15,5,11.69,132.41,467236,46.72%
big_files/enwik6,binary,131072,32768,32,1024,6,12,12,12,12,15,5,11.27,143.45,451388,45.14%
big_files/enwik6,binary,131072,32768,32,999999999,6,12,12,12,12,15,5,11.18,143.89,451294,45.13%
big_files/enwik6,binary,131072,32768,32,1,6,12,12,12,15,15,5,14.56,105.00,605941,60.59%
big_files/enwik6,binary,131072,32768,32,4,6,12,12,12,15,15,5,13.64,107.50,613822,61.38%
big_files/enwik6,binary,131072,32768,32,16,6,12,12,12,15,15,5,12.54,122.05,552458,55.25%
big_files/enwik6,binary,131072,32768,32,128,6,12,12,12,15,15,5,11.55,140.53,465765,46.58%
big_files/enwik6,binary,131072,32768,32,1024,6,12,12,12,15,15,5,11.26,134.33,449927,44.99%
big_files/enwik6,binary,131072,32768,32,999999999,6,12,12,12,15,15,5,11.02,143.75,449833,44.98%
big_files/enwik6,binary,131072,32768,32,1,6,12,12,15,15,15,5,14.12,107.51,606534,60.65%
big_files/enwik6,binary,131072,32768,32,4,6,12,12,15,15,15,5,13.77,109.31,612813,61.28%
big_files/enwik6,binary,131072,32768,32,16,6,12,12,15,15,15,5,12.79,115.87,550164,55.02%
big_files/enwik6,binary,131072,32768,32,128,6,12,12,15,15,15,5,11.49,124.52,463953,46.40%
big_files/enwik6,binary,131072,32768,32,1024,6,12,12,15,15,15,5,11.13,129.49,448186,44.82%
big_files/enwik6,binary,131072,32768,32,999999999,6,12,12,15,15,15,5,11.29,133.18,448095,44.81%
big_files/enwik6,binary,131072,32768,32,1,6,12,15,15,15,15,5,14.79,107.51,607146,60.71%
big_files/enwik6,binary,131072,32768,32,4,6,12,15,15,15,15,5,13.58,112.91,610571,61.06%
big_files/enwik6,binary,131072,32768,32,16,6,12,15,15,15,15,5,11.72,113.95,546312,54.63%
big_files/enwik6,binary,131072,32768,32,128,6,12,15,15,15,15,5,11.34,125.96,460614,46.06%
big_files/enwik6,binary,131072,32768,32,1024,6,12,15,15,15,15,5,11.00,133.97,445114,44.51%
big_files/enwik6,binary,131072,32768,32,999999999,6,12,15,15,15,15,5,11.16,132.40,445024,44.50%
big_files/enwik6,binary,131072,32768,32,1,6,15,15,15,15,15,5,14.49,108.26,606988,60.70%
big_files/enwik6,binary,131072,32768,32,4,6,15,15,15,15,15,5,13.32,97.95,603609,60.36%
big_files/enwik6,binary,131072,32768,32,16,6,15,15,15,15,15,5,12.63,114.46,536810,53.68%
big_files/enwik6,binary,131072,32768,32,128,6,15,15,15,15,15,5,11.40,132.07,453211,45.32%
big_files/enwik6,binary,131072,32768,32,1024,6,15,15,15,15,15,5,11.57,128.97,439836,43.98%
big_files/enwik6,binary,131072,32768,32,999999999,6,15,15,15,15,15,5,11.20,127.96,439756,43.98%
big_files/enwik6,binary,131072,32768,32,1,12,12,12,12,12,15,5,14.34,113.81,537027,53.70%
big_files/enwik6,binary,131072,32768,32,4,12,12,12,12,12,15,5,13.48,105.60,565960,56.60%
big_files/enwik6,binary,131072,32768,32,16,12,12,12,12,12,15,5,13.10,116.32,526593,52.66%
big_files/enwik6,binary,131072,32768,32,128,12,12,12,12,12,15,5,11.34,128.35,448034,44.80%
big_files/enwik6,binary,131072,32768,32,1024,12,12,12,12,12,15,5,11.38,139.10,432357,43.24%
big_files/enwik6,binary,131072,32768,32,999999999,12,12,12,12,12,15,5,11.16,134.99,432263,43.23%
big_files/enwik6,binary,131072,32768,32,1,12,12,12,12,15,15,5,14.59,114.24,537528,53.75%
big_files/enwik6,binary,131072,32768,32,4,12,12,12,12,15,15,5,13.33,110.40,565518,56.55%
big_files/enwik6,binary,131072,32768,32,16,12,12,12,12,15,15,5,12.73,114.87,525569,52.56%
big_files/enwik6,binary,131072,32768,32,128,12,12,12,12,15,15,5,11.42,121.85,446564,44.66%
big_files/enwik6,binary,131072,32768,32,1024,12,12,12,12,15,15,5,11.02,129.92,430894,43.09%
big_files/enwik6,binary,131072,32768,32,999999999,12,12,12,12,15,15,5,11.02,141.01,430801,43.08%
big_files/enwik6,binary,131072,32768,32,1,12,12,12,15,15,15,5,14.36,111.55,538118,53.81%
big_files/enwik6,binary,131072,32768,32,4,12,12,12,15,15,15,5,13.10,106.23,564508,56.45%
big_files/enwik6,binary,131072,32768,32,16,12,12,12,15,15,15,5,12.92,117.22,523275,52.33%
big_files/enwik6,binary,131072,32768,32,128,12,12,12,15,15,15,5,11.36,130.34,444752,44.48%
big_files/enwik6,binary,131072,32768,32,1024,12,12,12,15,15,15,5,11.37,136.65,429154,42.92%
big_files/enwik6,binary,131072,32768,32,999999999,12,12,12,15,15,15,5,11.11,132.69,429062,42.91%
big_files/enwik6,binary,131072,32768,32,1,12,12,15,15,15,15,5,15.02,98.75,538729,53.87%
big_files/enwik6,binary,131072,32768,32,4,12,12,15,15,15,15,5,13.85,111.16,562265,56.23%
big_files/enwik6,binary,131072,32768,32,16,12,12,15,15,15,15,5,13.07,103.77,519424,51.94%
big_files/enwik6,binary,131072,32768,32,128,12,12,15,15,15,15,5,11.20,123.63,441414,44.14%
big_files/enwik6,binary,131072,32768,32,1024,12,12,15,15,15,15,5,11.44,132.75,426082,42.61%
big_files/enwik6,binary,131072,32768,32,999999999,12,12,15,15,15,15,5,11.05,139.92,425992,42.60%
big_files/enwik6,binary,131072,32768,32,1,12,15,15,15,15,15,5,13.79,104.80,538573,53.86%
big_files/enwik6,binary,131072,32768,32,4,12,15,15,15,15,15,5,13.99,109.91,555305,55.53%
big_files/enwik6,binary,131072,32768,32,16,12,15,15,15,15,15,5,12.86,115.93,509921,50.99%
big_files/enwik6,binary,131072,32768,32,128,12,15,15,15,15,15,5,10.97,131.52,434007,43.40%
big_files/enwik6,binary,131072,32768,32,1024,12,15,15,15,15,15,5,11.16,127.73,420805,42.08%
big_files/enwik6,binary,131072,32768,32,999999999,12,15,15,15,15,15,5,11.09,141.01,420724,42.07%
big_files/enwik6,binary,131072,32768,32,1,15,15,15,15,15,15,5,14.78,115.78,531387,53.14%
big_files/enwik6,binary,131072,32768,32,4,15,15,15,15,15,15,5,13.67,106.81,528979,52.90%
big_files/enwik6,binary,131072,32768,32,16,15,15,15,15,15,15,5,12.82,111.16,483778,48.38%
big_files/enwik6,binary,131072,32768,32,128,15,15,15,15,15,15,5,11.35,131.24,426989,42.70%
big_files/enwik6,binary,131072,32768,32,1024,15,15,15,15,15,15,5,11.09,128.32,417352,41.74%
big_files/enwik6,binary,131072,32768,32,999999999,15,15,15,15,15,15,5,11.07,123.83,417283,41.73%
big_files/enwik6,binary,131072,32768,64,1,6,6,6,6,6,15,6,14.57,101.01,670396,67.04%
big_files/enwik6,binary,131072,32768,64,4,6,6,6,6,6,15,6,13.86,105.62,669533,66.95%
big_files/enwik6,binary,131072,32768,64,16,6,6,6,6,6,15,6,12.85,119.78,597767,59.78%
big_files/enwik6,binary,131072,32768,64,128,6,6,6,6,6,15,6,11.45,133.07,510121,51.01%
big_files/enwik6,binary,131072,32768,64,1024,6,6,6,6,6,15,6,11.38,140.43,495424,49.54%
big_files/enwik6,binary,131072,32768,64,999999999,6,6,6,6,6,15,6,10.93,112.84,495322,49.53%
big_files/enwik6,binary,131072,32768,64,1,6,6,6,6,12,15,6,14.50,107.45,665926,66.59%
big_files/enwik6,binary,131072,32768,64,4,6,6,6,6,12,15,6,13.84,107.30,666078,66.61%
big_files/enwik6,binary,131072,32768,64,16,6,6,6,6,12,15,6,12.05,115.51,594164,59.42%
big_files/enwik6,binary,131072,32768,64,128,6,6,6,6,12,15,6,11.43,136.71,505660,50.57%
big_files/enwik6,binary,131072,32768,64,1024,6,6,6,6,12,15,6,11.14,126.29,490655,49.07%
big_files/enwik6,binary,131072,32768,64,999999999,6,6,6,6,12,15,6,10.87,140.91,490554,49.06%
big_files/enwik6,binary,131072,32768,64,1,6,6,6,6,15,15,6,14.26,107.92,666154,66.62%
big_files/enwik6,binary,131072,32768,64,4,6,6,6,6,15,15,6,13.78,106.84,665241,66.52%
big_files/enwik6,binary,131072,32768,64,16,6,6,6,6,15,15,6,13.35,118.70,592637,59.26%
big_files/enwik6,binary,131072,32768,64,128,6,6,6,6,15,15,6,11.87,130.90,503489,50.35%
big_files/enwik6,binary,131072,32768,64,1024,6,6,6,6,15,15,6,11.36,133.88,488469,48.85%
big_files/enwik6,binary,131072,32768,64,999999999,6,6,6,6,15,15,6,11.56,137.87,488368,48.84%
big_files/enwik6,binary,131072,32768,64,1,6,6,6,12,12,15,6,14.75,109.64,658719,65.87%
big_files/enwik6,binary,131072,32768,64,4,6,6,6,12,12,15,6,13.55,108.41,660097,66.01%
big_files/enwik6,binary,131072,32768,64,16,6,6,6,12,12,15,6,12.45,120.53,589123,58.91%
big_files/enwik6,binary,131072,32768,64,128,6,6,6,12,12,15,6,11.51,128.97,499366,49.94%
big_files/enwik6,binary,131072,32768,64,1024,6,6,6,12,12,15,6,10.94,134.60,483950,48.39%
big_files/enwik6,binary,131072,32768,64,999999999,6,6,6,12,12,15,6,11.22,132.37,483849,48.38%
big_files/enwik6,binary,131072,32768,64,1,6,6,6,12,15,15,6,14.65,115.53,658948,65.89%
big_files/enwik6,binary,131072,32768,64,4,6,6,6,12,15,15,6,12.78,107.53,659259,65.93%
big_files/enwik6,binary,131072,32768,64,16,6,6,6,12,15,15,6,13.01,113.77,587599,58.76%
big_files/enwik6,binary,131072,32768,64,128,6,6,6,12,15,15,6,11.89,129.27,497199,49.72%
big_files/enwik6,binary,131072,32768,64,1024,6,6,6,12,15,15,6,11.20,130.33,481765,48.18%
big_files/enwik6,binary,131072,32768,64,999999999,6,6,6,12,15,15,6,11.04,142.05,481664,48.17%
big_files/enwik6,binary,131072,32768,64,1,6,6,6,15,15,15,6,14.39,107.40,659097,65.91%
big_files/enwik6,binary,131072,32768,64,4,6,6,6,15,15,15,6,13.72,108.14,657559,65.76%
big_files/enwik6,binary,131072,32768,64,16,6,6,6,15,15,15,6,12.56,121.17,584430,58.44%
big_files/enwik6,binary,131072,32768,64,128,6,6,6,15,15,15,6,11.19,128.45,494466,49.45%
big_files/enwik6,binary,131072,32768,64,1024,6,6,6,15,15,15,6,11.16,136.25,479086,47.91%
big_files/enwik6,binary,131072,32768,64,999999999,6,6,6,15,15,15,6,10.69,139.82,478987,47.90%
big_files/enwik6,binary,131072,32768,64,1,6,6,12,12,12,15,6,14.61,100.89,647678,64.77%
big_files/enwik6,binary,131072,32768,64,4,6,6,12,12,12,15,6,13.88,105.89,651233,65.12%
big_files/enwik6,binary,131072,32768,64,16,6,6,12,12,12,15,6,13.03,125.34,581882,58.19%
big_files/enwik6,binary,131072,32768,64,128,6,6,12,12,12,15,6,11.59,131.48,490958,49.10%
big_files/enwik6,binary,131072,32768,64,1024,6,6,12,12,12,15,6,11.30,131.15,475072,47.51%
big_files/enwik6,binary,131072,32768,64,999999999,6,6,12,12,12,15,6,10.97,137.19,474973,47.50%
big_files/enwik6,binary,131072,32768,64,1,6,6,12,12,15,15,6,14.38,112.10,647908,64.79%
big_files/enwik6,binary,131072,32768,64,4,6,6,12,12,15,15,6,13.80,110.17,650396,65.04%
big_files/enwik6,binary,131072,32768,64,16,6,6,12,12,15,15,6,12.69,118.46,580355,58.04%
big_files/enwik6,binary,131072,32768,64,128,6,6,12,12,15,15,6,11.61,136.25,488791,48.88%
big_files/enwik6,binary,131072,32768,64,1024,6,6,12,12,15,15,6,11.07,140.73,472885,47.29%
big_files/enwik6,binary,131072,32768,64,999999999,6,6,12,12,15,15,6,11.00,140.24,472786,47.28%
big_files/enwik6,binary,131072,32768,64,1,6,6,12,15,15,15,6,14.70,107.41,648056,64.81%
big_files/enwik6,binary,131072,32768,64,4,6,6,12,15,15,15,6,14.13,109.88,648696,64.87%
big_files/enwik6,binary,131072,32768,64,16,6,6,12,15,15,15,6,13.10,113.02,577186,57.72%
big_files/enwik6,binary,131072,32768,64,128,6,6,12,15,15,15,6,11.19,127.25,486059,48.61%
big_files/enwik6,binary,131072,32768,64,1024,6,6,12,15,15,15,6,10.98,138.72,470205,47.02%
big_files/enwik6,binary,131072,32768,64,999999999,6,6,12,15,15,15,6,10.77,138.98,470108,47.01%
big_files/enwik6,binary,131072,32768,64,1,6,6,15,15,15,15,6,14.35,102.69,647921,64.79%
big_files/enwik6,binary,131072,32768,64,4,6,6,15,15,15,15,6,13.80,108.84,645317,64.53%
big_files/enwik6,binary,131072,32768,64,16,6,6,15,15,15,15,6,13.20,117.11,571999,57.20%
big_files/enwik6,binary,131072,32768,64,128,6,6,15,15,15,15,6,11.04,131.61,481362,48.14%
big_files/enwik6,binary,131072,32768,64,1024,6,6,15,15,15,15,6,11.11,136.56,465785,46.58%
big_files/enwik6,binary,131072,32768,64,999999999,6,6,15,15,15,15,6,11.40,137.13,465692,46.57%
big_files/enwik6,binary,131072,32768,64,1,6,12,12,12,12,15,6,14.41,107.92,619642,61.96%
big_files/enwik6,binary,131072,32768,64,4,6,12,12,12,12,15,6,14.05,107.31,628903,62.89%
big_files/enwik6,binary,131072,32768,64,16,6,12,12,12,12,15,6,12.32,120.03,565493,56.55%
big_files/enwik6,binary,131072,32768,64,128,6,12,12,12,12,15,6,11.66,137.55,477270,47.73%
big_files/enwik6,binary,131072,32768,64,1024,6,12,12,12,12,15,6,11.35,134.53,461050,46.10%
big_files/enwik6,binary,131072,32768,64,999999999,6,12,12,12,12,15,6,11.37,132.87,460951,46.10%
big_files/enwik6,binary,131072,32768,64,1,6,12,12,12,15,15,6,15.07,108.58,619871,61.99%
big_files/enwik6,binary,131072,32768,64,4,6,12,12,12,15,15,6,14.01,113.25,628064,62.81%
big_files/enwik6,binary,131072,32768,64,16,6,12,12,12,15,15,6,12.82,119.57,563968,56.40%
big_files/enwik6,binary,131072,32768,64,128,6,12,12,12,15,15,6,11.43,125.81,475101,47.51%
big_files/enwik6,binary,131072,32768,64,1024,6,12,12,12,15,15,6,11.11,133.65,458863,45.89%
big_files/enwik6,binary,131072,32768,64,999999999,6,12,12,12,15,15,6,11.17,138.23,458765,45.88%
big_files/enwik6,binary,131072,32768,64,1,6,12,12,15,15,15,6,14.55,108.29,620019,62.00%
big_files/enwik6,binary,131072,32768,64,4,6,12,12,15,15,15,6,13.65,103.98,626366,62.64%
big_files/enwik6,binary,131072,32768,64,16,6,12,12,15,15,15,6,12.50,117.76,560799,56.08%
big_files/enwik6,binary,131072,32768,64,128,6,12,12,15,15,15,6,11.50,137.72,472371,47.24%
big_files/enwik6,binary,131072,32768,64,1024,6,12,12,15,15,15,6,10.80,127.17,456184,45.62%
big_files/enwik6,binary,131072,32768,64,999999999,6,12,12,15,15,15,6,10.99,134.07,456088,45.61%
big_files/enwik6,binary,131072,32768,64,1,6,12,15,15,15,15,6,14.58,103.10,619882,61.99%
big_files/enwik6,binary,131072,32768,64,4,6,12,15,15,15,15,6,13.43,106.96,622986,62.30%
big_files/enwik6,binary,131072,32768,64,16,6,12,15,15,15,15,6,12.43,115.52,555611,55.56%
big_files/enwik6,binary,131072,32768,64,128,6,12,15,15,15,15,6,11.12,126.03,467673,46.77%
big_files/enwik6,binary,131072,32768,64,1024,6,12,15,15,15,15,6,10.85,135.58,451763,45.18%
big_files/enwik6,binary,131072,32768,64,999999999,6,12,15,15,15,15,6,11.15,130.99,451671,45.17%
big_files/enwik6,binary,131072,32768,64,1,6,15,15,15,15,15,6,14.51,111.63,618143,61.81%
big_files/enwik6,binary,131072,32768,64,4,6,15,15,15,15,15,6,13.28,107.12,613635,61.36%
big_files/enwik6,binary,131072,32768,64,16,6,15,15,15,15,15,6,12.74,115.69,543610,54.36%
big_files/enwik6,binary,131072,32768,64,128,6,15,15,15,15,15,6,11.15,137.60,458216,45.82%
big_files/enwik6,binary,131072,32768,64,1024,6,15,15,15,15,15,6,11.10,133.64,444763,44.48%
big_files/enwik6,binary,131072,32768,64,999999999,6,15,15,15,15,15,6,11.01,132.82,444682,44.47%
big_files/enwik6,binary,131072,32768,64,1,12,12,12,12,12,15,6,14.56,114.73,543685,54.37%
big_files/enwik6,binary,131072,32768,64,4,12,12,12,12,12,15,6,13.55,108.05,575593,57.56%
big_files/enwik6,binary,131072,32768,64,16,12,12,12,12,12,15,6,12.78,118.21,535932,53.59%
big_files/enwik6,binary,131072,32768,64,128,12,12,12,12,12,15,6,11.53,131.21,455813,45.58%
big_files/enwik6,binary,131072,32768,64,1024,12,12,12,12,12,15,6,10.84,130.52,439739,43.97%
big_files/enwik6,binary,131072,32768,64,999999999,12,12,12,12,12,15,6,11.22,137.31,439641,43.96%
big_files/enwik6,binary,131072,32768,64,1,12,12,12,12,15,15,6,14.58,110.30,543914,54.39%
big_files/enwik6,binary,131072,32768,64,4,12,12,12,12,15,15,6,13.72,109.47,574755,57.48%
big_files/enwik6,binary,131072,32768,64,16,12,12,12,12,15,15,6,12.73,118.74,534407,53.44%
big_files/enwik6,binary,131072,32768,64,128,12,12,12,12,15,15,6,11.48,122.78,453644,45.36%
big_files/enwik6,binary,131072,32768,64,1024,12,12,12,12,15,15,6,11.25,137.80,437552,43.76%
big_files/enwik6,binary,131072,32768,64,999999999,12,12,12,12,15,15,6,11.00,133.56,437454,43.75%
big_files/enwik6,binary,131072,32768,64,1,12,12,12,15,15,15,6,14.46,108.11,544063,54.41%
big_files/enwik6,binary,131072,32768,64,4,12,12,12,15,15,15,6,13.39,106.82,573056,57.31%
big_files/enwik6,binary,131072,32768,64,16,12,12,12,15,15,15,6,12.99,118.34,531236,53.12%
big_files/enwik6,binary,131072,32768,64,128,12,12,12,15,15,15,6,11.71,127.74,450912,45.09%
big_files/enwik6,binary,131072,32768,64,1024,12,12,12,15,15,15,6,11.10,135.72,434873,43.49%
big_files/enwik6,binary,131072,32768,64,999999999,12,12,12,15,15,15,6,11.30,136.94,434777,43.48%
big_files/enwik6,binary,131072,32768,64,1,12,12,15,15,15,15,6,14.45,113.16,543925,54.39%
big_files/enwik6,binary,131072,32768,64,4,12,12,15,15,15,15,6,13.78,101.24,569678,56.97%
big_files/enwik6,binary,131072,32768,64,16,12,12,15,15,15,15,6,13.09,124.15,526050,52.60%
big_files/enwik6,binary,131072,32768,64,128,12,12,15,15,15,15,6,11.17,133.22,446217,44.62%
big_files/enwik6,binary,131072,32768,64,1024,12,12,15,15,15,15,6,11.31,123.94,430453,43.05%
big_files/enwik6,binary,131072,32768,64,999999999,12,12,15,15,15,15,6,11.00,135.03,430360,43.04%
big_files/enwik6,binary,131072,32768,64,1,12,15,15,15,15,15,6,14.77,109.32,542187,54.22%
big_files/enwik6,binary,131072,32768,64,4,12,15,15,15,15,15,6,13.55,90.60,560328,56.03%
big_files/enwik6,binary,131072,32768,64,16,12,15,15,15,15,15,6,12.59,110.54,514049,51.40%
big_files/enwik6,binary,131072,32768,64,128,12,15,15,15,15,15,6,11.51,138.92,436760,43.68%
big_files/enwik6,binary,131072,32768,64,1024,12,15,15,15,15,15,6,11.02,123.78,423453,42.35%
big_files/enwik6,binary,131072,32768,64,999999999,12,15,15,15,15,15,6,10.73,132.14,423371,42.34%
big_files/enwik6,binary,131072,32768,64,1,15,15,15,15,15,15,6,13.41,116.56,529711,52.97%
big_files/enwik6,binary,131072,32768,64,4,15,15,15,15,15,15,6,12.95,114.63,526729,52.67%
big_files/enwik6,binary,131072,32768,64,16,15,15,15,15,15,15,6,13.10,115.29,481941,48.19%
big_files/enwik6,binary,131072,32768,64,128,15,15,15,15,15,15,6,11.69,123.23,427305,42.73%
big_files/enwik6,binary,131072,32768,64,1024,15,15,15,15,15,15,6,11.05,132.41,418149,41.81%
big_files/enwik6,binary,131072,32768,64,999999999,15,15,15,15,15,15,6,11.28,133.22,418080,41.81%
big_files/enwik6,binary,131072,32768,128,1,6,6,6,6,6,15,7,14.72,103.64,693494,69.35%
big_files/enwik6,binary,131072,32768,128,4,6,6,6,6,6,15,7,13.40,107.54,692680,69.27%
big_files/enwik6,binary,131072,32768,128,16,6,6,6,6,6,15,7,12.96,119.79,617943,61.79%
big_files/enwik6,binary,131072,32768,128,128,6,6,6,6,6,15,7,11.45,126.85,527040,52.70%
big_files/enwik6,binary,131072,32768,128,1024,6,6,6,6,6,15,7,11.24,128.26,511862,51.19%
big_files/enwik6,binary,131072,32768,128,999999999,6,6,6,6,6,15,7,11.48,130.13,511776,51.18%
big_files/enwik6,binary,131072,32768,128,1,6,6,6,6,12,15,7,14.49,109.87,688507,68.85%
big_files/enwik6,binary,131072,32768,128,4,6,6,6,6,12,15,7,14.08,106.21,688812,68.88%
big_files/enwik6,binary,131072,32768,128,16,6,6,6,6,12,15,7,12.50,115.82,613907,61.39%
big_files/enwik6,binary,131072,32768,128,128,6,6,6,6,12,15,7,11.40,136.47,522032,52.20%
big_files/enwik6,binary,131072,32768,128,1024,6,6,6,6,12,15,7,11.50,133.04,506510,50.65%
big_files/enwik6,binary,131072,32768,128,999999999,6,6,6,6,12,15,7,11.29,122.91,506425,50.64%
big_files/enwik6,binary,131072,32768,128,1,6,6,6,6,15,15,7,14.65,105.16,688477,68.85%
big_files/enwik6,binary,131072,32768,128,4,6,6,6,6,15,15,7,14.31,105.55,687604,68.76%
big_files/enwik6,binary,131072,32768,128,16,6,6,6,6,15,15,7,13.07,110.75,611866,61.19%
big_files/enwik6,binary,131072,32768,128,128,6,6,6,6,15,15,7,11.83,127.58,519177,51.92%
big_files/enwik6,binary,131072,32768,128,1024,6,6,6,6,15,15,7,11.26,134.64,503616,50.36%
big_files/enwik6,binary,131072,32768,128,999999999,6,6,6,6,15,15,7,11.18,132.65,503532,50.35%
big_files/enwik6,binary,131072,32768,128,1,6,6,6,12,12,15,7,14.17,107.90,680462,68.05%
big_files/enwik6,binary,131072,32768,128,4,6,6,6,12,12,15,7,14.07,103.15,682136,68.21%
big_files/enwik6,binary,131072,32768,128,16,6,6,6,12,12,15,7,13.01,116.09,608266,60.83%
big_files/enwik6,binary,131072,32768,128,128,6,6,6,12,12,15,7,11.27,129.50,514963,51.50%
big_files/enwik6,binary,131072,32768,128,1024,6,6,6,12,12,15,7,11.28,138.63,498977,49.90%
big_files/enwik6,binary,131072,32768,128,999999999,6,6,6,12,12,15,7,10.93,134.83,498891,49.89%
big_files/enwik6,binary,131072,32768,128,1,6,6,6,12,15,15,7,14.78,105.15,680432,68.04%
big_files/enwik6,binary,131072,32768,128,4,6,6,6,12,15,15,7,13.78,99.01,680927,68.09%
big_files/enwik6,binary,131072,32768,128,16,6,6,6,12,15,15,7,13.05,115.93,606223,60.62%
big_files/enwik6,binary,131072,32768,128,128,6,6,6,12,15,15,7,11.47,119.83,512106,51.21%
big_files/enwik6,binary,131072,32768,128,1024,6,6,6,12,15,15,7,11.12,133.04,496086,49.61%
big_files/enwik6,binary,131072,32768,128,999999999,6,6,6,12,15,15,7,10.98,123.96,496002,49.60%
big_files/enwik6,binary,131072,32768,128,1,6,6,6,15,15,15,7,14.23,107.37,680139,68.01%
big_files/enwik6,binary,131072,32768,128,4,6,6,6,15,15,15,7,14.01,104.10,678563,67.86%
big_files/enwik6,binary,131072,32768,128,16,6,6,6,15,15,15,7,12.80,112.54,602175,60.22%
big_files/enwik6,binary,131072,32768,128,128,6,6,6,15,15,15,7,11.67,128.29,508468,50.85%
big_files/enwik6,binary,131072,32768,128,1024,6,6,6,15,15,15,7,11.19,130.21,492481,49.25%
big_files/enwik6,binary,131072,32768,128,999999999,6,6,6,15,15,15,7,11.41,132.14,492400,49.24%
big_files/enwik6,binary,131072,32768,128,1,6,6,12,12,12,15,7,14.99,110.56,668147,66.81%
big_files/enwik6,binary,131072,32768,128,4,6,6,12,12,12,15,7,12.95,108.78,672266,67.23%
big_files/enwik6,binary,131072,32768,128,16,6,6,12,12,12,15,7,12.98,120.06,600160,60.02%
big_files/enwik6,binary,131072,32768,128,128,6,6,12,12,12,15,7,11.58,132.46,505533,50.55%
big_files/enwik6,binary,131072,32768,128,1024,6,6,12,12,12,15,7,11.29,139.28,489017,48.90%
big_files/enwik6,binary,131072,32768,128,999999999,6,6,12,12,12,15,7,11.56,129.00,488934,48.89%
big_files/enwik6,binary,131072,32768,128,1,6,6,12,12,15,15,7,14.64,105.23,668116,66.81%
big_files/enwik6,binary,131072,32768,128,4,6,6,12,12,15,15,7,13.97,106.36,671058,67.11%
big_files/enwik6,binary,131072,32768,128,16,6,6,12,12,15,15,7,12.76,114.98,598119,59.81%
big_files/enwik6,binary,131072,32768,128,128,6,6,12,12,15,15,7,11.56,128.43,502678,50.27%
big_files/enwik6,binary,131072,32768,128,1024,6,6,12,12,15,15,7,11.33,129.61,486126,48.61%
big_files/enwik6,binary,131072,32768,128,999999999,6,6,12,12,15,15,7,11.27,126.77,486045,48.60%
big_files/enwik6,binary,131072,32768,128,1,6,6,12,15,15,15,7,13.87,105.58,667825,66.78%
big_files/enwik6,binary,131072,32768,128,4,6,6,12,15,15,15,7,13.99,102.39,668695,66.87%
big_files/enwik6,binary,131072,32768,128,16,6,6,12,15,15,15,7,13.12,115.08,594071,59.41%
big_files/enwik6,binary,131072,32768,128,128,6,6,12,15,15,15,7,11.51,124.73,499039,49.90%
big_files/enwik6,binary,131072,32768,128,1024,6,6,12,15,15,15,7,11.30,133.40,482523,48.25%
big_files/enwik6,binary,131072,32768,128,999999999,6,6,12,15,15,15,7,11.28,128.81,482444,48.24%
big_files/enwik6,binary,131072,32768,128,1,6,6,15,15,15,15,7,14.46,98.77,666962,66.70%
big_files/enwik6,binary,131072,32768,128,4,6,6,15,15,15,15,7,13.66,100.77,664191,66.42%
big_files/enwik6,binary,131072,32768,128,16,6,6,15,15,15,15,7,12.81,113.59,587536,58.75%
big_files/enwik6,binary,131072,32768,128,128,6,6,15,15,15,15,7,11.53,130.38,492979,49.30%
big_files/enwik6,binary,131072,32768,128,1024,6,6,15,15,15,15,7,11.40,128.27,476755,47.68%
big_files/enwik6,binary,131072,32768,128,999999999,6,6,15,15,15,15,7,11.26,127.27,476679,47.67%
big_files/enwik6,binary,131072,32768,128,1,6,12,12,12,12,15,7,14.44,109.28,637206,63.72%
big_files/enwik6,binary,131072,32768,128,4,6,12,12,12,12,15,7,13.55,109.14,647673,64.77%
big_files/enwik6,binary,131072,32768,128,16,6,12,12,12,12,15,7,11.77,119.04,582090,58.21%
big_files/enwik6,binary,131072,32768,128,128,6,12,12,12,12,15,7,11.56,130.41,490383,49.04%
big_files/enwik6,binary,131072,32768,128,1024,6,12,12,12,12,15,7,11.17,132.82,473492,47.35%
big_files/enwik6,binary,131072,32768,128,999999999,6,12,12,12,12,15,7,11.08,137.54,473410,47.34%
big_files/enwik6,binary,131072,32768,128,1,6,12,12,12,15,15,7,13.97,110.03,637176,63.72%
big_files/enwik6,binary,131072,32768,128,4,6,12,12,12,15,15,7,13.63,110.88,646463,64.65%
big_files/enwik6,binary,131072,32768,128,16,6,12,12,12,15,15,7,13.04,116.61,580048,58.00%
big_files/enwik6,binary,131072,32768,128,128,6,12,12,12,15,15,7,11.23,131.22,487528,48.75%
big_files/enwik6,binary,131072,32768,128,1024,6,12,12,12,15,15,7,11.20,140.76,470603,47.06%
big_files/enwik6,binary,131072,32768,128,999999999,6,12,12,12,15,15,7,11.30,130.71,470522,47.05%
big_files/enwik6,binary,131072,32768,128,1,6,12,12,15,15,15,7,14.50,108.01,636884,63.69%
big_files/enwik6,binary,131072,32768,128,4,6,12,12,15,15,15,7,13.80,103.87,644100,64.41%
big_files/enwik6,binary,131072,32768,128,16,6,12,12,15,15,15,7,12.99,108.76,576001,57.60%
big_files/enwik6,binary,131072,32768,128,128,6,12,12,15,15,15,7,11.59,136.44,483888,48.39%
big_files/enwik6,binary,131072,32768,128,1024,6,12,12,15,15,15,7,11.50,141.23,466996,46.70%
big_files/enwik6,binary,131072,32768,128,999999999,6,12,12,15,15,15,7,11.62,131.72,466918,46.69%
big_files/enwik6,binary,131072,32768,128,1,6,12,15,15,15,15,7,14.41,108.61,636021,63.60%
big_files/enwik6,binary,131072,32768,128,4,6,12,15,15,15,15,7,13.59,107.93,639598,63.96%
big_files/enwik6,binary,131072,32768,128,16,6,12,15,15,15,15,7,12.90,112.26,569462,56.95%
big_files/enwik6,binary,131072,32768,128,128,6,12,15,15,15,15,7,11.58,132.09,477827,47.78%
big_files/enwik6,binary,131072,32768,128,1024,6,12,15,15,15,15,7,11.09,137.80,461230,46.12%
big_files/enwik6,binary,131072,32768,128,999999999,6,12,15,15,15,15,7,11.03,129.22,461155,46.12%
big_files/enwik6,binary,131072,32768,128,1,6,15,15,15,15,15,7,14.65,108.52,632715,63.27%
big_files/enwik6,binary,131072,32768,128,4,6,15,15,15,15,15,7,13.95,104.21,627918,62.79%
big_files/enwik6,binary,131072,32768,128,16,6,15,15,15,15,15,7,13.01,117.20,554963,55.50%
big_files/enwik6,binary,131072,32768,128,128,6,15,15,15,15,15,7,11.82,129.73,466323,46.63%
big_files/enwik6,binary,131072,32768,128,1024,6,15,15,15,15,15,7,11.10,133.73,452520,45.25%
big_files/enwik6,binary,131072,32768,128,999999999,6,15,15,15,15,15,7,11.30,131.68,452456,45.25%
big_files/enwik6,binary,131072,32768,128,1,12,12,12,12,12,15,7,13.94,105.79,553519,55.35%
big_files/enwik6,binary,131072,32768,128,4,12,12,12,12,12,15,7,13.56,110.97,588976,58.90%
big_files/enwik6,binary,131072,32768,128,16,12,12,12,12,12,15,7,12.62,114.37,549505,54.95%
big_files/enwik6,binary,131072,32768,128,128,12,12,12,12,12,15,7,11.67,119.18,466646,46.66%
big_files/enwik6,binary,131072,32768,128,1024,12,12,12,12,12,15,7,11.28,131.74,449899,44.99%
big_files/enwik6,binary,131072,32768,128,999999999,12,12,12,12,12,15,7,11.50,137.78,449817,44.98%
big_files/enwik6,binary,131072,32768,128,1,12,12,12,12,15,15,7,14.37,108.59,553489,55.35%
big_files/enwik6,binary,131072,32768,128,4,12,12,12,12,15,15,7,13.44,98.70,587766,58.78%
big_files/enwik6,binary,131072,32768,128,16,12,12,12,12,15,15,7,12.70,115.09,547466,54.75%
big_files/enwik6,binary,131072,32768,128,128,12,12,12,12,15,15,7,11.39,129.60,463790,46.38%
big_files/enwik6,binary,131072,32768,128,1024,12,12,12,12,15,15,7,11.42,139.26,447008,44.70%
big_files/enwik6,binary,131072,32768,128,999999999,12,12,12,12,15,15,7,11.13,132.53,446927,44.69%
big_files/enwik6,binary,131072,32768,128,1,12,12,12,15,15,15,7,14.70,110.03,553196,55.32%
big_files/enwik6,binary,131072,32768,128,4,12,12,12,15,15,15,7,13.60,107.96,585403,58.54%
big_files/enwik6,binary,131072,32768,128,16,12,12,12,15,15,15,7,12.57,117.76,543417,54.34%
big_files/enwik6,binary,131072,32768,128,128,12,12,12,15,15,15,7,11.49,137.25,460150,46.01%
big_files/enwik6,binary,131072,32768,128,1024,12,12,12,15,15,15,7,11.12,134.63,443405,44.34%
big_files/enwik6,binary,131072,32768,128,999999999,12,12,12,15,15,15,7,11.55,139.13,443327,44.33%
big_files/enwik6,binary,131072,32768,128,1,12,12,15,15,15,15,7,14.39,108.23,552332,55.23%
big_files/enwik6,binary,131072,32768,128,4,12,12,15,15,15,15,7,13.20,106.96,580901,58.09%
big_files/enwik6,binary,131072,32768,128,16,12,12,15,15,15,15,7,12.98,113.38,536880,53.69%
big_files/enwik6,binary,131072,32768,128,128,12,12,15,15,15,15,7,11.70,128.53,454088,45.41%
big_files/enwik6,binary,131072,32768,128,1024,12,12,15,15,15,15,7,10.88,134.77,437637,43.76%
big_files/enwik6,binary,131072,32768,128,999999999,12,12,15,15,15,15,7,10.98,126.59,437561,43.76%
big_files/enwik6,binary,131072,32768,128,1,12,15,15,15,15,15,7,14.39,109.77,549027,54.90%
big_files/enwik6,binary,131072,32768,128,4,12,15,15,15,15,15,7,13.75,94.82,569220,56.92%
big_files/enwik6,binary,131072,32768,128,16,12,15,15,15,15,15,7,12.96,109.39,522381,52.24%
big_files/enwik6,binary,131072,32768,128,128,12,15,15,15,15,15,7,11.49,126.73,442584,44.26%
big_files/enwik6,binary,131072,32768,128,1024,12,15,15,15,15,15,7,11.09,131.91,428928,42.89%
big_files/enwik6,binary,131072,32768,128,999999999,12,15,15,15,15,15,7,11.03,132.46,428865,42.89%
big_files/enwik6,binary,131072,32768,128,1,15,15,15,15,15,15,7,14.82,117.84,531314,53.13%
big_files/enwik6,binary,131072,32768,128,4,15,15,15,15,15,15,7,13.78,113.21,528468,52.85%
big_files/enwik6,binary,131072,32768,128,16,15,15,15,15,15,15,7,12.69,121.22,484302,48.43%
big_files/enwik6,binary,131072,32768,128,128,15,15,15,15,15,15,7,11.45,127.60,430694,43.07%
big_files/enwik6,binary,131072,32768,128,1024,15,15,15,15,15,15,7,11.08,128.54,421773,42.18%
big_files/enwik6,binary,131072,32768,128,999999999,15,15,15,15,15,15,7,11.22,123.47,421720,42.17%
big_files/enwik6,binary,131072,32768,256,1,6,6,6,6,6,15,8,13.94,104.61,717102,71.71%
big_files/enwik6,binary,131072,32768,256,4,6,6,6,6,6,15,8,13.93,106.82,716260,71.63%
big_files/enwik6,binary,131072,32768,256,16,6,6,6,6,6,15,8,13.11,106.82,638758,63.88%
big_files/enwik6,binary,131072,32768,256,128,6,6,6,6,6,15,8,11.69,123.50,544541,54.45%
big_files/enwik6,binary,131072,32768,256,1024,6,6,6,6,6,15,8,11.71,131.93,528806,52.88%
big_files/enwik6,binary,131072,32768,256,999999999,6,6,6,6,6,15,8,11.19,123.52,528717,52.87%
big_files/enwik6,binary,131072,32768,256,1,6,6,6,6,12,15,8,14.46,105.34,711587,71.16%
big_files/enwik6,binary,131072,32768,256,4,6,6,6,6,12,15,8,13.95,101.95,711978,71.20%
big_files/enwik6,binary,131072,32768,256,16,6,6,6,6,12,15,8,12.91,112.56,634277,63.43%
big_files/enwik6,binary,131072,32768,256,128,6,6,6,6,12,15,8,11.93,129.46,538975,53.90%
big_files/enwik6,binary,131072,32768,256,1024,6,6,6,6,12,15,8,10.88,137.35,522858,52.29%
big_files/enwik6,binary,131072,32768,256,999999999,6,6,6,6,12,15,8,11.52,130.76,522770,52.28%
big_files/enwik6,binary,131072,32768,256,1,6,6,6,6,15,15,8,14.21,99.51,711301,71.13%
big_files/enwik6,binary,131072,32768,256,4,6,6,6,6,15,15,8,14.15,103.54,710396,71.04%
big_files/enwik6,binary,131072,32768,256,16,6,6,6,6,15,15,8,12.79,112.35,631724,63.17%
big_files/enwik6,binary,131072,32768,256,128,6,6,6,6,15,15,8,11.63,110.95,535440,53.54%
big_files/enwik6,binary,131072,32768,256,1024,6,6,6,6,15,15,8,11.51,128.94,519263,51.93%
big_files/enwik6,binary,131072,32768,256,999999999,6,6,6,6,15,15,8,11.41,128.76,519177,51.92%
big_files/enwik6,binary,131072,32768,256,1,6,6,6,12,12,15,8,14.78,105.69,702704,70.27%
big_files/enwik6,binary,131072,32768,256,4,6,6,6,12,12,15,8,13.91,109.03,704627,70.46%
big_files/enwik6,binary,131072,32768,256,16,6,6,6,12,12,15,8,12.78,109.62,628025,62.80%
big_files/enwik6,binary,131072,32768,256,128,6,6,6,12,12,15,8,11.63,133.52,531127,53.11%
big_files/enwik6,binary,131072,32768,256,1024,6,6,6,12,12,15,8,11.09,131.68,514499,51.45%
big_files/enwik6,binary,131072,32768,256,999999999,6,6,6,12,12,15,8,11.18,132.17,514411,51.44%
big_files/enwik6,binary,131072,32768,256,1,6,6,6,12,15,15,8,13.76,100.43,702419,70.24%
big_files/enwik6,binary,131072,32768,256,4,6,6,6,12,15,15,8,13.99,104.17,703046,70.30%
big_files/enwik6,binary,131072,32768,256,16,6,6,6,12,15,15,8,12.44,115.06,625472,62.55%
big_files/enwik6,binary,131072,32768,256,128,6,6,6,12,15,15,8,11.53,130.14,527588,52.76%
big_files/enwik6,binary,131072,32768,256,1024,6,6,6,12,15,15,8,11.36,132.82,510903,51.09%
big_files/enwik6,binary,131072,32768,256,999999999,6,6,6,12,15,15,8,11.41,132.54,510817,51.08%
big_files/enwik6,binary,131072,32768,256,1,6,6,6,15,15,15,8,13.97,104.07,701687,70.17%
big_files/enwik6,binary,131072,32768,256,4,6,6,6,15,15,15,8,14.00,102.16,700012,70.00%
big_files/enwik6,binary,131072,32768,256,16,6,6,6,15,15,15,8,13.03,112.46,620540,62.05%
big_files/enwik6,binary,131072,32768,256,128,6,6,6,15,15,15,8,11.55,136.39,523038,52.30%
big_files/enwik6,binary,131072,32768,256,1024,6,6,6,15,15,15,8,11.81,122.42,506372,50.64%
big_files/enwik6,binary,131072,32768,256,999999999,6,6,6,15,15,15,8,11.44,126.09,506289,50.63%
big_files/enwik6,binary,131072,32768,256,1,6,6,12,12,12,15,8,14.43,103.17,689096,68.91%
big_files/enwik6,binary,131072,32768,256,4,6,6,12,12,12,15,8,14.08,98.03,693729,69.37%
big_files/enwik6,binary,131072,32768,256,16,6,6,12,12,12,15,8,12.67,109.50,619055,61.91%
big_files/enwik6,binary,131072,32768,256,128,6,6,12,12,12,15,8,11.56,126.47,520673,52.07%
big_files/enwik6,binary,131072,32768,256,1024,6,6,12,12,12,15,8,11.42,126.53,503459,50.35%
big_files/enwik6,binary,131072,32768,256,999999999,6,6,12,12,12,15,8,11.49,126.13,503374,50.34%
big_files/enwik6,binary,131072,32768,256,1,6,6,12,12,15,15,8,14.69,104.46,688812,68.88%
big_files/enwik6,binary,131072,32768,256,4,6,6,12,12,15,15,8,13.47,103.19,692146,69.21%
big_files/enwik6,binary,131072,32768,256,16,6,6,12,12,15,15,8,13.38,116.30,616499,61.65%
big_files/enwik6,binary,131072,32768,256,128,6,6,12,12,15,15,8,11.64,129.58,517136,51.71%
big_files/enwik6,binary,131072,32768,256,1024,6,6,12,12,15,15,8,11.38,135.42,499864,49.99%
big_files/enwik6,binary,131072,32768,256,999999999,6,6,12,12,15,15,8,11.03,135.72,499781,49.98%
big_files/enwik6,binary,131072,32768,256,1,6,6,12,15,15,15,8,14.29,98.31,688079,68.81%
big_files/enwik6,binary,131072,32768,256,4,6,6,12,15,15,15,8,13.77,101.54,689115,68.91%
big_files/enwik6,binary,131072,32768,256,16,6,6,12,15,15,15,8,12.36,112.96,611569,61.16%
big_files/enwik6,binary,131072,32768,256,128,6,6,12,15,15,15,8,11.49,130.37,512586,51.26%
big_files/enwik6,binary,131072,32768,256,1024,6,6,12,15,15,15,8,11.36,128.47,495331,49.53%
big_files/enwik6,binary,131072,32768,256,999999999,6,6,12,15,15,15,8,11.33,130.62,495250,49.52%
big_files/enwik6,binary,131072,32768,256,1,6,6,15,15,15,15,8,14.19,100.53,686495,68.65%
big_files/enwik6,binary,131072,32768,256,4,6,6,15,15,15,15,8,13.92,100.29,683498,68.35%
big_files/enwik6,binary,131072,32768,256,16,6,6,15,15,15,15,8,12.44,109.53,603685,60.37%
big_files/enwik6,binary,131072,32768,256,128,6,6,15,15,15,15,8,11.29,127.79,505164,50.52%
big_files/enwik6,binary,131072,32768,256,1024,6,6,15,15,15,15,8,11.55,129.02,488222,48.82%
big_files/enwik6,binary,131072,32768,256,999999999,6,6,15,15,15,15,8,11.41,128.20,488145,48.81%
big_files/enwik6,binary,131072,32768,256,1,6,12,12,12,12,15,8,14.14,101.43,655268,65.53%
big_files/enwik6,binary,131072,32768,256,4,6,12,12,12,12,15,8,13.80,106.24,666870,66.69%
big_files/enwik6,binary,131072,32768,256,16,6,12,12,12,12,15,8,12.69,105.42,599272,59.93%
big_files/enwik6,binary,131072,32768,256,128,6,12,12,12,12,15,8,11.56,134.09,504053,50.41%
big_files/enwik6,binary,131072,32768,256,1024,6,12,12,12,12,15,8,11.31,134.54,486428,48.64%
big_files/enwik6,binary,131072,32768,256,999999999,6,12,12,12,12,15,8,11.32,124.67,486344,48.63%
big_files/enwik6,binary,131072,32768,256,1,6,12,12,12,15,15,8,14.79,107.27,654984,65.50%
big_files/enwik6,binary,131072,32768,256,4,6,12,12,12,15,15,8,14.11,105.55,665288,66.53%
big_files/enwik6,binary,131072,32768,256,16,6,12,12,12,15,15,8,12.86,111.68,596720,59.67%
big_files/enwik6,binary,131072,32768,256,128,6,12,12,12,15,15,8,11.71,134.77,500517,50.05%
big_files/enwik6,binary,131072,32768,256,1024,6,12,12,12,15,15,8,11.67,130.59,482833,48.28%
big_files/enwik6,binary,131072,32768,256,999999999,6,12,12,12,15,15,8,11.11,128.68,482751,48.28%
big_files/enwik6,binary,131072,32768,256,1,6,12,12,15,15,15,8,13.29,105.14,654252,65.43%
big_files/enwik6,binary,131072,32768,256,4,6,12,12,15,15,15,8,12.84,103.13,662253,66.23%
big_files/enwik6,binary,131072,32768,256,16,6,12,12,15,15,15,8,11.32,110.83,591790,59.18%
big_files/enwik6,binary,131072,32768,256,128,6,12,12,15,15,15,8,11.38,122.08,495966,49.60%
big_files/enwik6,binary,131072,32768,256,1024,6,12,12,15,15,15,8,11.54,136.49,478301,47.83%
big_files/enwik6,binary,131072,32768,256,999999999,6,12,12,15,15,15,8,11.29,136.62,478222,47.82%
big_files/enwik6,binary,131072,32768,256,1,6,12,15,15,15,15,8,14.34,109.24,652665,65.27%
big_files/enwik6,binary,131072,32768,256,4,6,12,15,15,15,15,8,13.76,107.57,656639,65.66%
big_files/enwik6,binary,131072,32768,256,16,6,12,15,15,15,15,8,12.92,109.02,583905,58.39%
big_files/enwik6,binary,131072,32768,256,128,6,12,15,15,15,15,8,11.34,125.29,488545,48.85%
big_files/enwik6,binary,131072,32768,256,1024,6,12,15,15,15,15,8,11.45,124.57,471192,47.12%
big_files/enwik6,binary,131072,32768,256,999999999,6,12,15,15,15,15,8,11.16,124.59,471117,47.11%
big_files/enwik6,binary,131072,32768,256,1,6,15,15,15,15,15,8,13.44,107.24,647802,64.78%
big_files/enwik6,binary,131072,32768,256,4,6,15,15,15,15,15,8,13.66,104.75,642611,64.26%
big_files/enwik6,binary,131072,32768,256,16,6,15,15,15,15,15,8,12.25,117.17,566903,56.69%
big_files/enwik6,binary,131072,32768,256,128,6,15,15,15,15,15,8,11.55,122.81,474991,47.50%
big_files/enwik6,binary,131072,32768,256,1024,6,15,15,15,15,15,8,11.21,127.91,460766,46.08%
big_files/enwik6,binary,131072,32768,256,999999999,6,15,15,15,15,15,8,11.02,128.98,460704,46.07%
big_files/enwik6,binary,131072,32768,256,1,12,12,12,12,12,15,8,13.61,107.22,563842,56.38%
big_files/enwik6,binary,131072,32768,256,4,12,12,12,12,12,15,8,14.08,109.52,602804,60.28%
big_files/enwik6,binary,131072,32768,256,16,12,12,12,12,12,15,8,13.17,117.22,563636,56.36%
big_files/enwik6,binary,131072,32768,256,128,12,12,12,12,12,15,8,11.52,133.93,478026,47.80%
big_files/enwik6,binary,131072,32768,256,1024,12,12,12,12,12,15,8,10.94,129.59,460548,46.05%
big_files/enwik6,binary,131072,32768,256,999999999,12,12,12,12,12,15,8,11.57,134.18,460464,46.05%
big_files/enwik6,binary,131072,32768,256,1,12,12,12,12,15,15,8,14.17,113.56,563557,56.36%
big_files/enwik6,binary,131072,32768,256,4,12,12,12,12,15,15,8,14.15,108.64,601223,60.12%
big_files/enwik6,binary,131072,32768,256,16,12,12,12,12,15,15,8,12.63,114.80,561084,56.11%
big_files/enwik6,binary,131072,32768,256,128,12,12,12,12,15,15,8,11.86,136.52,474488,47.45%
big_files/enwik6,binary,131072,32768,256,1024,12,12,12,12,15,15,8,11.21,133.91,456953,45.70%
big_files/enwik6,binary,131072,32768,256,999999999,12,12,12,12,15,15,8,11.10,124.23,456871,45.69%
big_files/enwik6,binary,131072,32768,256,1,12,12,12,15,15,15,8,14.79,103.39,562826,56.28%
big_files/enwik6,binary,131072,32768,256,4,12,12,12,15,15,15,8,13.53,97.96,598189,59.82%
big_files/enwik6,binary,131072,32768,256,16,12,12,12,15,15,15,8,12.03,108.65,556152,55.62%
big_files/enwik6,binary,131072,32768,256,128,12,12,12,15,15,15,8,11.73,125.85,469939,46.99%
big_files/enwik6,binary,131072,32768,256,1024,12,12,12,15,15,15,8,11.37,135.10,452422,45.24%
big_files/enwik6,binary,131072,32768,256,999999999,12,12,12,15,15,15,8,11.29,126.06,452343,45.23%
big_files/enwik6,binary,131072,32768,256,1,12,12,15,15,15,15,8,14.39,111.25,561240,56.12%
big_files/enwik6,binary,131072,32768,256,4,12,12,15,15,15,15,8,13.76,108.47,592574,59.26%
big_files/enwik6,binary,131072,32768,256,16,12,12,15,15,15,15,8,13.00,114.91,548267,54.83%
big_files/enwik6,binary,131072,32768,256,128,12,12,15,15,15,15,8,11.30,128.67,462516,46.25%
big_files/enwik6,binary,131072,32768,256,1024,12,12,15,15,15,15,8,11.11,132.71,445312,44.53%
big_files/enwik6,binary,131072,32768,256,999999999,12,12,15,15,15,15,8,11.15,137.95,445236,44.52%
big_files/enwik6,binary,131072,32768,256,1,12,15,15,15,15,15,8,14.93,106.17,556375,55.64%
big_files/enwik6,binary,131072,32768,256,4,12,15,15,15,15,15,8,12.47,99.56,578547,57.85%
big_files/enwik6,binary,131072,32768,256,16,12,15,15,15,15,15,8,13.16,115.49,531268,53.13%
big_files/enwik6,binary,131072,32768,256,128,12,15,15,15,15,15,8,11.57,127.96,448964,44.90%
big_files/enwik6,binary,131072,32768,256,1024,12,15,15,15,15,15,8,11.49,130.41,434888,43.49%
big_files/enwik6,binary,131072,32768,256,999999999,12,15,15,15,15,15,8,11.53,134.05,434825,43.48%
big_files/enwik6,binary,131072,32768,256,1,15,15,15,15,15,15,8,14.63,109.13,533455,53.35%
big_files/enwik6,binary,131072,32768,256,4,15,15,15,15,15,15,8,14.31,116.10,530624,53.06%
big_files/enwik6,binary,131072,32768,256,16,15,15,15,15,15,15,8,12.51,109.58,487219,48.72%
big_files/enwik6,binary,131072,32768,256,128,15,15,15,15,15,15,8,11.64,128.64,434629,43.46%
big_files/enwik6,binary,131072,32768,256,1024,15,15,15,15,15,15,8,11.21,130.98,425882,42.59%
big_files/enwik6,binary,131072,32768,256,999999999,15,15,15,15,15,15,8,11.22,127.79,425831,42.58%
big_files/enwik6,binary,131072,32768,258,1,6,6,6,6,6,15,8,15.00,105.22,717102,71.71%
big_files/enwik6,binary,131072,32768,258,4,6,6,6,6,6,15,8,13.96,103.68,716260,71.63%
big_files/enwik6,binary,131072,32768,258,16,6,6,6,6,6,15,8,12.76,119.96,638758,63.88%
big_files/enwik6,binary,131072,32768,258,128,6,6,6,6,6,15,8,11.65,122.34,544541,54.45%
big_files/enwik6,binary,131072,32768,258,1024,6,6,6,6,6,15,8,11.40,125.78,528806,52.88%
big_files/enwik6,binary,131072,32768,258,999999999,6,6,6,6,6,15,8,11.35,125.37,528717,52.87%
big_files/enwik6,binary,131072,32768,258,1,6,6,6,6,12,15,8,14.23,102.28,711587,71.16%
big_files/enwik6,binary,131072,32768,258,4,6,6,6,6,12,15,8,13.65,101.94,711978,71.20%
big_files/enwik6,binary,131072,32768,258,16,6,6,6,6,12,15,8,12.98,108.88,634277,63.43%
big_files/enwik6,binary,131072,32768,258,128,6,6,6,6,12,15,8,11.51,132.83,538975,53.90%
big_files/enwik6,binary,131072,32768,258,1024,6,6,6,6,12,15,8,11.21,130.37,522858,52.29%
big_files/enwik6,binary,131072,32768,258,999999999,6,6,6,6,12,15,8,11.47,129.41,522770,52.28%
big_files/enwik6,binary,131072,32768,258,1,6,6,6,6,15,15,8,14.78,104.47,711301,71.13%
big_files/enwik6,binary,131072,32768,258,4,6,6,6,6,15,15,8,14.27,106.22,710396,71.04%
big_files/enwik6,binary,131072,32768,258,16,6,6,6,6,15,15,8,12.73,116.09,631724,63.17%
big_files/enwik6,binary,131072,32768,258,128,6,6,6,6,15,15,8,11.72,127.56,535440,53.54%
big_files/enwik6,binary,131072,32768,258,1024,6,6,6,6,15,15,8,11.70,129.10,519263,51.93%
big_files/enwik6,binary,131072,32768,258,999999999,6,6,6,6,15,15,8,11.11,120.25,519177,51.92%
big_files/enwik6,binary,131072,32768,258,1,6,6,6,12,12,15,8,14.31,106.09,702704,70.27%
big_files/enwik6,binary,131072,32768,258,4,6,6,6,12,12,15,8,13.97,104.18,704627,70.46%
big_files/enwik6,binary,131072,32768,258,16,6,6,6,12,12,15,8,12.85,116.27,628025,62.80%
big_files/enwik6,binary,131072,32768,258,128,6,6,6,12,12,15,8,11.52,127.93,531127,53.11%
big_files/enwik6,binary,131072,32768,258,1024,6,6,6,12,12,15,8,11.55,128.18,514499,51.45%
big_files/enwik6,binary,131072,32768,258,999999999,6,6,6,12,12,15,8,11.11,135.67,514411,51.44%
big_files/enwik6,binary,131072,32768,258,1,6,6,6,12,15,15,8,14.38,104.60,702419,70.24%
big_files/enwik6,binary,131072,32768,258,4,6,6,6,12,15,15,8,13.97,105.44,703046,70.30%
big_files/enwik6,binary,131072,32768,258,16,6,6,6,12,15,15,8,12.84,113.47,625472,62.55%
big_files/enwik6,binary,131072,32768,258,128,6,6,6,12,15,15,8,11.49,131.09,527588,52.76%
big_files/enwik6,binary,131072,32768,258,1024,6,6,6,12,15,15,8,10.88,132.46,510903,51.09%
big_files/enwik6,binary,131072,32768,258,999999999,6,6,6,12,15,15,8,11.48,133.67,510817,51.08%
big_files/enwik6,binary,131072,32768,258,1,6,6,6,15,15,15,8,13.89,97.31,701687,70.17%
big_files/enwik6,binary,131072,32768,258,4,6,6,6,15,15,15,8,13.88,102.72,700012,70.00%
big_files/enwik6,binary,131072,32768,258,16,6,6,6,15,15,15,8,12.91,116.99,620540,62.05%
big_files/enwik6,binary,131072,32768,258,128,6,6,6,15,15,15,8,11.80,127.88,523038,52.30%
big_files/enwik6,binary,131072,32768,258,1024,6,6,6,15,15,15,8,11.10,135.58,506372,50.64%
big_files/enwik6,binary,131072,32768,258,999999999,6,6,6,15,15,15,8,11.44,130.05,506289,50.63%
big_files/enwik6,binary,131072,32768,258,1,6,6,12,12,12,15,8,14.69,108.23,689096,68.91%
big_files/enwik6,binary,131072,32768,258,4,6,6,12,12,12,15,8,14.02,104.59,693729,69.37%
big_files/enwik6,binary,131072,32768,258,16,6,6,12,12,12,15,8,13.09,112.96,619056,61.91%
big_files/enwik6,binary,131072,32768,258,128,6,6,12,12,12,15,8,11.62,131.10,520675,52.07%
big_files/enwik6,binary,131072,32768,258,1024,6,6,12,12,12,15,8,11.29,131.70,503460,50.35%
big_files/enwik6,binary,131072,32768,258,999999999,6,6,12,12,12,15,8,11.19,133.19,503375,50.34%
big_files/enwik6,binary,131072,32768,258,1,6,6,12,12,15,15,8,14.46,103.62,688812,68.88%
big_files/enwik6,binary,131072,32768,258,4,6,6,12,12,15,15,8,13.78,107.99,692146,69.21%
big_files/enwik6,binary,131072,32768,258,16,6,6,12,12,15,15,8,12.53,107.81,616501,61.65%
big_files/enwik6,binary,131072,32768,258,128,6,6,12,12,15,15,8,11.45,123.32,517137,51.71%
big_files/enwik6,binary,131072,32768,258,1024,6,6,12,12,15,15,8,11.08,125.86,499865,49.99%
big_files/enwik6,binary,131072,32768,258,999999999,6,6,12,12,15,15,8,11.43,134.58,499782,49.98%
big_files/enwik6,binary,131072,32768,258,1,6,6,12,15,15,15,8,14.77,98.07,688079,68.81%
big_files/enwik6,binary,131072,32768,258,4,6,6,12,15,15,15,8,13.94,101.49,689115,68.91%
big_files/enwik6,binary,131072,32768,258,16,6,6,12,15,15,15,8,12.51,118.32,611570,61.16%
big_files/enwik6,binary,131072,32768,258,128,6,6,12,15,15,15,8,10.95,129.33,512587,51.26%
big_files/enwik6,binary,131072,32768,258,1024,6,6,12,15,15,15,8,11.17,135.81,495333,49.53%
big_files/enwik6,binary,131072,32768,258,999999999,6,6,12,15,15,15,8,10.89,128.30,495252,49.53%
big_files/enwik6,binary,131072,32768,258,1,6,6,15,15,15,15,8,14.65,106.88,686495,68.65%
big_files/enwik6,binary,131072,32768,258,4,6,6,15,15,15,15,8,13.82,102.47,683498,68.35%
big_files/enwik6,binary,131072,32768,258,16,6,6,15,15,15,15,8,13.04,114.22,603686,60.37%
big_files/enwik6,binary,131072,32768,258,128,6,6,15,15,15,15,8,11.69,123.54,505165,50.52%
big_files/enwik6,binary,131072,32768,258,1024,6,6,15,15,15,15,8,10.84,133.01,488223,48.82%
big_files/enwik6,binary,131072,32768,258,999999999,6,6,15,15,15,15,8,11.38,128.43,488146,48.81%
big_files/enwik6,binary,131072,32768,258,1,6,12,12,12,12,15,8,14.04,110.54,655268,65.53%
big_files/enwik6,binary,131072,32768,258,4,6,12,12,12,12,15,8,13.18,105.91,666870,66.69%
big_files/enwik6,binary,131072,32768,258,16,6,12,12,12,12,15,8,12.74,112.41,599273,59.93%
big_files/enwik6,binary,131072,32768,258,128,6,12,12,12,12,15,8,11.34,122.58,504054,50.41%
big_files/enwik6,binary,131072,32768,258,1024,6,12,12,12,12,15,8,11.38,133.10,486430,48.64%
big_files/enwik6,binary,131072,32768,258,999999999,6,12,12,12,12,15,8,11.14,136.14,486346,48.63%
big_files/enwik6,binary,131072,32768,258,1,6,12,12,12,15,15,8,14.52,109.79,654984,65.50%
big_files/enwik6,binary,131072,32768,258,4,6,12,12,12,15,15,8,13.92,106.10,665288,66.53%
big_files/enwik6,binary,131072,32768,258,16,6,12,12,12,15,15,8,12.97,116.61,596721,59.67%
big_files/enwik6,binary,131072,32768,258,128,6,12,12,12,15,15,8,11.64,127.58,500518,50.05%
big_files/enwik6,binary,131072,32768,258,1024,6,12,12,12,15,15,8,11.07,125.44,482835,48.28%
big_files/enwik6,binary,131072,32768,258,999999999,6,12,12,12,15,15,8,11.09,135.08,482753,48.28%
big_files/enwik6,binary,131072,32768,258,1,6,12,12,15,15,15,8,14.40,100.17,654252,65.43%
big_files/enwik6,binary,131072,32768,258,4,6,12,12,15,15,15,8,14.04,105.32,662253,66.23%
big_files/enwik6,binary,131072,32768,258,16,6,12,12,15,15,15,8,13.07,115.66,591792,59.18%
big_files/enwik6,binary,131072,32768,258,128,6,12,12,15,15,15,8,11.47,132.68,495967,49.60%
big_files/enwik6,binary,131072,32768,258,1024,6,12,12,15,15,15,8,11.25,137.81,478302,47.83%
big_files/enwik6,binary,131072,32768,258,999999999,6,12,12,15,15,15,8,11.17,129.22,478223,47.82%
big_files/enwik6,binary,131072,32768,258,1,6,12,15,15,15,15,8,14.62,106.86,652665,65.27%
big_files/enwik6,binary,131072,32768,258,4,6,12,15,15,15,15,8,12.88,102.09,656639,65.66%
big_files/enwik6,binary,131072,32768,258,16,6,12,15,15,15,15,8,13.08,118.18,583906,58.39%
big_files/enwik6,binary,131072,32768,258,128,6,12,15,15,15,15,8,11.69,128.33,488546,48.85%
big_files/enwik6,binary,131072,32768,258,1024,6,12,15,15,15,15,8,11.38,137.14,471193,47.12%
big_files/enwik6,binary,131072,32768,258,999999999,6,12,15,15,15,15,8,11.42,136.88,471118,47.11%
big_files/enwik6,binary,131072,32768,258,1,6,15,15,15,15,15,8,14.44,101.43,647802,64.78%
big_files/enwik6,binary,131072,32768,258,4,6,15,15,15,15,15,8,13.10,102.70,642611,64.26%
big_files/enwik6,binary,131072,32768,258,16,6,15,15,15,15,15,8,12.92,118.60,566904,56.69%
big_files/enwik6,binary,131072,32768,258,128,6,15,15,15,15,15,8,11.48,120.93,474992,47.50%
big_files/enwik6,binary,131072,32768,258,1024,6,15,15,15,15,15,8,11.08,131.86,460767,46.08%
big_files/enwik6,binary,131072,32768,258,999999999,6,15,15,15,15,15,8,11.54,130.78,460705,46.07%
big_files/enwik6,binary,131072,32768,258,1,12,12,12,12,12,15,8,14.84,104.23,563842,56.38%
big_files/enwik6,binary,131072,32768,258,4,12,12,12,12,12,15,8,13.69,102.53,602804,60.28%
big_files/enwik6,binary,131072,32768,258,16,12,12,12,12,12,15,8,13.11,115.96,563636,56.36%
big_files/enwik6,binary,131072,32768,258,128,12,12,12,12,12,15,8,11.53,127.57,478026,47.80%
big_files/enwik6,binary,131072,32768,258,1024,12,12,12,12,12,15,8,11.44,123.38,460548,46.05%
big_files/enwik6,binary,131072,32768,258,999999999,12,12,12,12,12,15,8,11.21,130.58,460464,46.05%
big_files/enwik6,binary,131072,32768,258,1,12,12,12,12,15,15,8,14.55,107.82,563557,56.36%
big_files/enwik6,binary,131072,32768,258,4,12,12,12,12,15,15,8,13.32,107.23,601223,60.12%
big_files/enwik6,binary,131072,32768,258,16,12,12,12,12,15,15,8,12.41,114.71,561084,56.11%
big_files/enwik6,binary,131072,32768,258,128,12,12,12,12,15,15,8,11.88,138.40,474487,47.45%
big_files/enwik6,binary,131072,32768,258,1024,12,12,12,12,15,15,8,11.01,130.32,456953,45.70%
big_files/enwik6,binary,131072,32768,258,999999999,12,12,12,12,15,15,8,11.38,128.54,456871,45.69%
big_files/enwik6,binary,131072,32768,258,1,12,12,12,15,15,15,8,14.46,107.03,562826,56.28%
big_files/enwik6,binary,131072,32768,258,4,12,12,12,15,15,15,8,13.83,104.59,598189,59.82%
big_files/enwik6,binary,131072,32768,258,16,12,12,12,15,15,15,8,12.83,116.05,556152,55.62%
big_files/enwik6,binary,131072,32768,258,128,12,12,12,15,15,15,8,11.31,134.52,469939,46.99%
big_files/enwik6,binary,131072,32768,258,1024,12,12,12,15,15,15,8,10.96,132.74,452422,45.24%
big_files/enwik6,binary,131072,32768,258,999999999,12,12,12,15,15,15,8,11.36,120.05,452343,45.23%
big_files/enwik6,binary,131072,32768,258,1,12,12,15,15,15,15,8,14.67,102.43,561240,56.12%
big_files/enwik6,binary,131072,32768,258,4,12,12,15,15,15,15,8,13.70,105.49,592574,59.26%
big_files/enwik6,binary,131072,32768,258,16,12,12,15,15,15,15,8,12.74,116.87,548267,54.83%
big_files/enwik6,binary,131072,32768,258,128,12,12,15,15,15,15,8,11.17,116.47,462515,46.25%
big_files/enwik6,binary,131072,32768,258,1024,12,12,15,15,15,15,8,11.05,133.78,445311,44.53%
big_files/enwik6,binary,131072,32768,258,999999999,12,12,15,15,15,15,8,11.23,134.87,445235,44.52%
big_files/enwik6,binary,131072,32768,258,1,12,15,15,15,15,15,8,14.74,99.34,556375,55.64%
big_files/enwik6,binary,131072,32768,258,4,12,15,15,15,15,15,8,13.58,101.59,578547,57.85%
big_files/enwik6,binary,131072,32768,258,16,12,15,15,15,15,15,8,12.81,115.43,531268,53.13%
big_files/enwik6,binary,131072,32768,258,128,12,15,15,15,15,15,8,11.47,120.69,448963,44.90%
big_files/enwik6,binary,131072,32768,258,1024,12,15,15,15,15,15,8,11.28,136.29,434887,43.49%
big_files/enwik6,binary,131072,32768,258,999999999,12,15,15,15,15,15,8,11.33,133.17,434824,43.48%
big_files/enwik6,binary,131072,32768,258,1,15,15,15,15,15,15,8,14.60,112.08,533455,53.35%
big_files/enwik6,binary,131072,32768,258,4,15,15,15,15,15,15,8,14.04,101.72,530624,53.06%
big_files/enwik6,binary,131072,32768,258,16,15,15,15,15,15,15,8,13.15,114.91,487219,48.72%
big_files/enwik6,binary,131072,32768,258,128,15,15,15,15,15,15,8,11.81,124.03,434628,43.46%
big_files/enwik6,binary,131072,32768,258,1024,15,15,15,15,15,15,8,11.45,129.97,425882,42.59%
big_files/enwik6,binary,131072,32768,258,999999999,15,15,15,15,15,15,8,11.32,126.93,425831,42.58%
big_files/enwik6,binary,131072,131072,4,1,6,6,6,6,6,17,1,14.68,100.40,781438,78.14%
big_files/enwik6,binary,131072,131072,4,4,6,6,6,6,6,17,1,13.48,97.73,792570,79.26%
big_files/enwik6,binary,131072,131072,4,16,6,6,6,6,6,17,1,12.43,104.42,773505,77.35%
big_files/enwik6,binary,131072,131072,4,128,6,6,6,6,6,17,1,7.87,104.14,713538,71.35%
big_files/enwik6,binary,131072,131072,4,1024,6,6,6,6,6,17,1,6.52,103.76,685806,68.58%
big_files/enwik6,binary,131072,131072,4,999999999,6,6,6,6,6,17,1,6.43,110.16,683838,68.38%
big_files/enwik6,binary,131072,131072,4,1,6,6,6,6,12,17,1,14.37,98.56,781438,78.14%
big_files/enwik6,binary,131072,131072,4,4,6,6,6,6,12,17,1,14.31,97.87,792570,79.26%
big_files/enwik6,binary,131072,131072,4,16,6,6,6,6,12,17,1,12.44,105.32,773505,77.35%
big_files/enwik6,binary,131072,131072,4,128,6,6,6,6,12,17,1,8.24,108.73,713538,71.35%
big_files/enwik6,binary,131072,131072,4,1024,6,6,6,6,12,17,1,6.40,114.50,685806,68.58%
big_files/enwik6,binary,131072,131072,4,999999999,6,6,6,6,12,17,1,6.47,109.02,683838,68.38%
big_files/enwik6,binary,131072,131072,4,1,6,6,6,6,15,17,1,14.32,100.29,781438,78.14%
big_files/enwik6,binary,131072,131072,4,4,6,6,6,6,15,17,1,14.08,98.40,792570,79.26%
big_files/enwik6,binary,131072,131072,4,16,6,6,6,6,15,17,1,11.89,101.10,773505,77.35%
big_files/enwik6,binary,131072,131072,4,128,6,6,6,6,15,17,1,8.13,108.58,713538,71.35%
big_files/enwik6,binary,131072,131072,4,1024,6,6,6,6,15,17,1,6.38,112.57,685806,68.58%
big_files/enwik6,binary,131072,131072,4,999999999,6,6,6,6,15,17,1,6.57,113.62,683838,68.38%
big_files/enwik6,binary,131072,131072,4,1,6,6,6,12,12,17,1,14.48,102.45,781438,78.14%
big_files/enwik6,binary,131072,131072,4,4,6,6,6,12,12,17,1,13.52,98.58,792570,79.26%
big_files/enwik6,binary,131072,131072,4,16,6,6,6,12,12,17,1,11.33,94.71,773505,77.35%
big_files/enwik6,binary,131072,131072,4,128,6,6,6,12,12,17,1,7.93,112.45,713538,71.35%
big_files/enwik6,binary,131072,131072,4,1024,6,6,6,12,12,17,1,6.47,109.15,685806,68.58%
big_files/enwik6,binary,131072,131072,4,999999999,6,6,6,12,12,17,1,6.39,108.36,683838,68.38%
big_files/enwik6,binary,131072,131072,4,1,6,6,6,12,15,17,1,14.06,100.80,781438,78.14%
big_files/enwik6,binary,131072,131072,4,4,6,6,6,12,15,17,1,13.41,97.88,792570,79.26%
big_files/enwik6,binary,131072,131072,4,16,6,6,6,12,15,17,1,11.91,97.44,773505,77.35%
big_files/enwik6,binary,131072,131072,4,128,6,6,6,12,15,17,1,8.45,105.37,713538,71.35%
big_files/enwik6,binary,131072,131072,4,1024,6,6,6,12,15,17,1,6.42,114.81,685806,68.58%
big_files/enwik6,binary,131072,131072,4,999999999,6,6,6,12,15,17,1,6.38,108.97,683838,68.38%
big_files/enwik6,binary,131072,131072,4,1,6,6,6,15,15,17,1,14.46,100.52,781438,78.14%
big_files/enwik6,binary,131072,131072,4,4,6,6,6,15,15,17,1,14.30,99.32,792570,79.26%
big_files/enwik6,binary,131072,131072,4,16,6,6,6,15,15,17,1,11.42,102.96,773505,77.35%
big_files/enwik6,binary,131072,131072,4,128,6,6,6,15,15,17,1,8.13,102.70,713538,71.35%
big_files/enwik6,binary,131072,131072,4,1024,6,6,6,15,15,17,1,6.59,104.12,685806,68.58%
big_files/enwik6,binary,131072,131072,4,999999999,6,6,6,15,15,17,1,6.21,111.14,683838,68.38%
big_files/enwik6,binary,131072,131072,4,1,6,6,12,12,12,17,1,14.00,101.83,781438,78.14%
big_files/enwik6,binary,131072,131072,4,4,6,6,12,12,12,17,1,13.79,93.64,792570,79.26%
big_files/enwik6,binary,131072,131072,4,16,6,6,12,12,12,17,1,11.93,99.37,773505,77.35%
big_files/enwik6,binary,131072,131072,4,128,6,6,12,12,12,17,1,8.30,102.30,713538,71.35%
big_files/enwik6,binary,131072,131072,4,1024,6,6,12,12,12,17,1,6.22,106.97,685806,68.58%
big_files/enwik6,binary,131072,131072,4,999999999,6,6,12,12,12,17,1,6.47,113.06,683838,68.38%
big_files/enwik6,binary,131072,131072,4,1,6,6,12,12,15,17,1,14.68,97.98,781438,78.14%
big_files/enwik6,binary,131072,131072,4,4,6,6,12,12,15,17,1,14.07,98.90,792570,79.26%
big_files/enwik6,binary,131072,131072,4,16,6,6,12,12,15,17,1,12.16,100.83,773505,77.35%
big_files/enwik6,binary,131072,131072,4,128,6,6,12,12,15,17,1,8.16,102.71,713538,71.35%
big_files/enwik6,binary,131072,131072,4,1024,6,6,12,12,15,17,1,6.31,111.68,685806,68.58%
big_files/enwik6,binary,131072,131072,4,999999999,6,6,12,12,15,17,1,6.46,113.55,683838,68.38%
big_files/enwik6,binary,131072,131072,4,1,6,6,12,15,15,17,1,14.94,98.61,781438,78.14%
big_files/enwik6,binary,131072,131072,4,4,6,6,12,15,15,17,1,14.11,101.45,792570,79.26%
big_files/enwik6,binary,131072,131072,4,16,6,6,12,15,15,17,1,11.96,94.40,773505,77.35%
big_files/enwik6,binary,131072,131072,4,128,6,6,12,15,15,17,1,8.17,104.82,713538,71.35%
big_files/enwik6,binary,131072,131072,4,1024,6,6,12,15,15,17,1,6.36,112.21,685806,68.58%
big_files/enwik6,binary,131072,131072,4,999999999,6,6,12,15,15,17,1,6.36,104.26,683838,68.38%
big_files/enwik6,binary,131072,131072,4,1,6,6,15,15,15,17,1,14.34,99.08,781438,78.14%
big_files/enwik6,binary,131072,131072,4,4,6,6,15,15,15,17,1,14.12,97.57,792570,79.26%
big_files/enwik6,binary,131072,131072,4,16,6,6,15,15,15,17,1,12.15,101.25,773505,77.35%
big_files/enwik6,binary,131072,131072,4,128,6,6,15,15,15,17,1,8.13,108.15,713538,71.35%
big_files/enwik6,binary,131072,131072,4,1024,6,6,15,15,15,17,1,6.45,114.34,685806,68.58%
big_files/enwik6,binary,131072,131072,4,999999999,6,6,15,15,15,17,1,6.28,109.92,683838,68.38%
big_files/enwik6,binary,131072,131072,4,1,6,12,12,12,12,17,1,13.35,90.00,709197,70.92%
big_files/enwik6,binary,131072,131072,4,4,6,12,12,12,12,17,1,13.47,98.07,734392,73.44%
big_files/enwik6,binary,131072,131072,4,16,6,12,12,12,12,17,1,12.09,99.79,724338,72.43%
big_files/enwik6,binary,131072,131072,4,128,6,12,12,12,12,17,1,8.36,101.14,644208,64.42%
big_files/enwik6,binary,131072,131072,4,1024,6,12,12,12,12,17,1,6.51,111.56,606139,60.61%
big_files/enwik6,binary,131072,131072,4,999999999,6,12,12,12,12,17,1,6.32,111.30,604597,60.46%
big_files/enwik6,binary,131072,131072,4,1,6,12,12,12,15,17,1,14.37,102.83,709197,70.92%
big_files/enwik6,binary,131072,131072,4,4,6,12,12,12,15,17,1,14.15,101.97,734392,73.44%
big_files/enwik6,binary,131072,131072,4,16,6,12,12,12,15,17,1,12.16,104.59,724338,72.43%
big_files/enwik6,binary,131072,131072,4,128,6,12,12,12,15,17,1,8.17,109.19,644208,64.42%
big_files/enwik6,binary,131072,131072,4,1024,6,12,12,12,15,17,1,6.50,117.19,606139,60.61%
big_files/enwik6,binary,131072,131072,4,999999999,6,12,12,12,15,17,1,6.31,114.09,604597,60.46%
big_files/enwik6,binary,131072,131072,4,1,6,12,12,15,15,17,1,14.52,97.80,709197,70.92%
big_files/enwik6,binary,131072,131072,4,4,6,12,12,15,15,17,1,13.80,99.73,734392,73.44%
big_files/enwik6,binary,131072,131072,4,16,6,12,12,15,15,17,1,12.36,101.07,724338,72.43%
big_files/enwik6,binary,131072,131072,4,128,6,12,12,15,15,17,1,8.17,110.83,644208,64.42%
big_files/enwik6,binary,131072,131072,4,1024,6,12,12,15,15,17,1,6.59,118.24,606139,60.61%
big_files/enwik6,binary,131072,131072,4,999999999,6,12,12,15,15,17,1,6.34,118.18,604597,60.46%
big_files/enwik6,binary,131072,131072,4,1,6,12,15,15,15,17,1,14.21,100.54,709197,70.92%
big_files/enwik6,binary,131072,131072,4,4,6,12,15,15,15,17,1,13.89,97.02,734392,73.44%
big_files/enwik6,binary,131072,131072,4,16,6,12,15,15,15,17,1,12.19,101.72,724338,72.43%
big_files/enwik6,binary,131072,131072,4,128,6,12,15,15,15,17,1,8.11,109.58,644208,64.42%
big_files/enwik6,binary,131072,131072,4,1024,6,12,15,15,15,17,1,6.45,115.94,606139,60.61%
big_files/enwik6,binary,131072,131072,4,999999999,6,12,15,15,15,17,1,6.45,116.47,604597,60.46%
big_files/enwik6,binary,131072,131072,4,1,6,15,15,15,15,17,1,14.46,93.26,730169,73.02%
big_files/enwik6,binary,131072,131072,4,4,6,15,15,15,15,17,1,13.54,86.20,739501,73.95%
big_files/enwik6,binary,131072,131072,4,16,6,15,15,15,15,17,1,12.18,100.64,723038,72.30%
big_files/enwik6,binary,131072,131072,4,128,6,15,15,15,15,17,1,8.23,108.92,659809,65.98%
big_files/enwik6,binary,131072,131072,4,1024,6,15,15,15,15,17,1,6.38,116.46,633439,63.34%
big_files/enwik6,binary,131072,131072,4,999999999,6,15,15,15,15,17,1,6.46,123.52,632530,63.25%
big_files/enwik6,binary,131072,131072,4,1,12,12,12,12,12,17,1,14.37,100.14,643885,64.39%
big_files/enwik6,binary,131072,131072,4,4,12,12,12,12,12,17,1,13.56,97.24,685855,68.59%
big_files/enwik6,binary,131072,131072,4,16,12,12,12,12,12,17,1,12.32,100.48,698910,69.89%
big_files/enwik6,binary,131072,131072,4,128,12,12,12,12,12,17,1,8.19,111.27,629039,62.90%
big_files/enwik6,binary,131072,131072,4,1024,12,12,12,12,12,17,1,6.02,110.57,591351,59.14%
big_files/enwik6,binary,131072,131072,4,999999999,12,12,12,12,12,17,1,6.18,117.57,589783,58.98%
big_files/enwik6,binary,131072,131072,4,1,12,12,12,12,15,17,1,14.25,91.60,643885,64.39%
big_files/enwik6,binary,131072,131072,4,4,12,12,12,12,15,17,1,13.68,90.60,685855,68.59%
big_files/enwik6,binary,131072,131072,4,16,12,12,12,12,15,17,1,12.06,100.08,698910,69.89%
big_files/enwik6,binary,131072,131072,4,128,12,12,12,12,15,17,1,8.04,110.96,629039,62.90%
big_files/enwik6,binary,131072,131072,4,1024,12,12,12,12,15,17,1,6.14,119.19,591351,59.14%
big_files/enwik6,binary,131072,131072,4,999999999,12,12,12,12,15,17,1,6.03,116.35,589783,58.98%
big_files/enwik6,binary,131072,131072,4,1,12,12,12,15,15,17,1,14.24,98.35,643885,64.39%
big_files/enwik6,binary,131072,131072,4,4,12,12,12,15,15,17,1,13.90,94.59,685855,68.59%
big_files/enwik6,binary,131072,131072,4,16,12,12,12,15,15,17,1,12.22,102.74,698910,69.89%
big_files/enwik6,binary,131072,131072,4,128,12,12,12,15,15,17,1,8.40,107.82,629039,62.90%
big_files/enwik6,binary,131072,131072,4,1024,12,12,12,15,15,17,1,6.36,116.20,591351,59.14%
big_files/enwik6,binary,131072,131072,4,999999999,12,12,12,15,15,17,1,6.18,108.60,589783,58.98%
big_files/enwik6,binary,131072,131072,4,1,12,12,15,15,15,17,1,14.03,105.58,643885,64.39%
big_files/enwik6,binary,131072,131072,4,4,12,12,15,15,15,17,1,13.86,89.75,685855,68.59%
big_files/enwik6,binary,131072,131072,4,16,12,12,15,15,15,17,1,11.65,100.40,698910,69.89%
big_files/enwik6,binary,131072,131072,4,128,12,12,15,15,15,17,1,8.03,111.90,629039,62.90%
big_files/enwik6,binary,131072,131072,4,1024,12,12,15,15,15,17,1,6.27,106.78,591351,59.14%
big_files/enwik6,binary,131072,131072,4,999999999,12,12,15,15,15,17,1,6.27,107.33,589783,58.98%
big_files/enwik6,binary,131072,131072,4,1,12,15,15,15,15,17,1,14.17,101.54,664857,66.49%
big_files/enwik6,binary,131072,131072,4,4,12,15,15,15,15,17,1,13.81,98.95,690964,69.10%
big_files/enwik6,binary,131072,131072,4,16,12,15,15,15,15,17,1,11.81,96.61,697609,69.76%
big_files/enwik6,binary,131072,131072,4,128,12,15,15,15,15,17,1,8.06,108.97,644638,64.46%
big_files/enwik6,binary,131072,131072,4,1024,12,15,15,15,15,17,1,6.27,122.12,618651,61.87%
big_files/enwik6,binary,131072,131072,4,999999999,12,15,15,15,15,17,1,6.47,121.25,617714,61.77%
big_files/enwik6,binary,131072,131072,4,1,15,15,15,15,15,17,1,14.71,99.34,674160,67.42%
big_files/enwik6,binary,131072,131072,4,4,15,15,15,15,15,17,1,13.93,94.57,681426,68.14%
big_files/enwik6,binary,131072,131072,4,16,15,15,15,15,15,17,1,11.96,98.90,679111,67.91%
big_files/enwik6,binary,131072,131072,4,128,15,15,15,15,15,17,1,8.08,114.89,641385,64.14%
big_files/enwik6,binary,131072,131072,4,1024,15,15,15,15,15,17,1,6.34,119.03,620169,62.02%
big_files/enwik6,binary,131072,131072,4,999999999,15,15,15,15,15,17,1,6.25,113.40,619395,61.94%
big_files/enwik6,binary,131072,131072,8,1,6,6,6,6,6,17,3,14.32,106.38,706033,70.60%
big_files/enwik6,binary,131072,131072,8,4,6,6,6,6,6,17,3,13.98,104.84,717715,71.77%
big_files/enwik6,binary,131072,131072,8,16,6,6,6,6,6,17,3,12.36,108.08,675997,67.60%
big_files/enwik6,binary,131072,131072,8,128,6,6,6,6,6,17,3,9.38,121.69,572635,57.26%
big_files/enwik6,binary,131072,131072,8,1024,6,6,6,6,6,17,3,7.92,133.37,538091,53.81%
big_files/enwik6,binary,131072,131072,8,999999999,6,6,6,6,6,17,3,7.77,127.16,536832,53.68%
big_files/enwik6,binary,131072,131072,8,1,6,6,6,6,12,17,3,15.06,108.48,701540,70.15%
big_files/enwik6,binary,131072,131072,8,4,6,6,6,6,12,17,3,14.11,104.40,714232,71.42%
big_files/enwik6,binary,131072,131072,8,16,6,6,6,6,12,17,3,12.21,106.56,672802,67.28%
big_files/enwik6,binary,131072,131072,8,128,6,6,6,6,12,17,3,9.41,123.43,568749,56.87%
big_files/enwik6,binary,131072,131072,8,1024,6,6,6,6,12,17,3,7.81,128.31,533619,53.36%
big_files/enwik6,binary,131072,131072,8,999999999,6,6,6,6,12,17,3,8.04,129.87,532309,53.23%
big_files/enwik6,binary,131072,131072,8,1,6,6,6,6,15,17,3,14.48,105.34,702351,70.24%
big_files/enwik6,binary,131072,131072,8,4,6,6,6,6,15,17,3,13.27,106.07,714120,71.41%
big_files/enwik6,binary,131072,131072,8,16,6,6,6,6,15,17,3,12.09,106.90,672195,67.22%
big_files/enwik6,binary,131072,131072,8,128,6,6,6,6,15,17,3,9.10,114.85,567651,56.77%
big_files/enwik6,binary,131072,131072,8,1024,6,6,6,6,15,17,3,7.87,129.46,532522,53.25%
big_files/enwik6,binary,131072,131072,8,999999999,6,6,6,6,15,17,3,7.93,135.15,531229,53.12%
big_files/enwik6,binary,131072,131072,8,1,6,6,6,12,12,17,3,14.52,105.22,694742,69.47%
big_files/enwik6,binary,131072,131072,8,4,6,6,6,12,12,17,3,13.96,107.19,708055,70.81%
big_files/enwik6,binary,131072,131072,8,16,6,6,6,12,12,17,3,11.92,108.84,668289,66.83%
big_files/enwik6,binary,131072,131072,8,128,6,6,6,12,12,17,3,9.29,121.90,563488,56.35%
big_files/enwik6,binary,131072,131072,8,1024,6,6,6,12,12,17,3,7.88,136.01,527831,52.78%
big_files/enwik6,binary,131072,131072,8,999999999,6,6,6,12,12,17,3,7.99,136.29,526494,52.65%
big_files/enwik6,binary,131072,131072,8,1,6,6,6,12,15,17,3,14.05,104.10,695554,69.56%
big_files/enwik6,binary,131072,131072,8,4,6,6,6,12,15,17,3,13.64,103.37,707942,70.79%
big_files/enwik6,binary,131072,131072,8,16,6,6,6,12,15,17,3,12.38,107.96,667681,66.77%
big_files/enwik6,binary,131072,131072,8,128,6,6,6,12,15,17,3,9.17,118.28,562391,56.24%
big_files/enwik6,binary,131072,131072,8,1024,6,6,6,12,15,17,3,7.79,136.35,526732,52.67%
big_files/enwik6,binary,131072,131072,8,999999999,6,6,6,12,15,17,3,7.87,125.19,525414,52.54%
big_files/enwik6,binary,131072,131072,8,1,6,6,6,15,15,17,3,14.53,104.90,696701,69.67%
big_files/enwik6,binary,131072,131072,8,4,6,6,6,15,15,17,3,13.31,104.21,707496,70.75%
big_files/enwik6,binary,131072,131072,8,16,6,6,6,15,15,17,3,12.05,106.49,666005,66.60%
big_files/enwik6,binary,131072,131072,8,128,6,6,6,15,15,17,3,9.12,119.15,561152,56.12%
big_files/enwik6,binary,131072,131072,8,1024,6,6,6,15,15,17,3,7.76,119.45,525485,52.55%
big_files/enwik6,binary,131072,131072,8,999999999,6,6,6,15,15,17,3,7.58,131.78,524182,52.42%
big_files/enwik6,binary,131072,131072,8,1,6,6,12,12,12,17,3,14.29,104.02,684188,68.42%
big_files/enwik6,binary,131072,131072,8,4,6,6,12,12,12,17,3,13.26,86.71,699464,69.95%
big_files/enwik6,binary,131072,131072,8,16,6,6,12,12,12,17,3,12.03,106.32,662044,66.20%
big_files/enwik6,binary,131072,131072,8,128,6,6,12,12,12,17,3,9.07,112.83,556633,55.66%
big_files/enwik6,binary,131072,131072,8,1024,6,6,12,12,12,17,3,7.84,131.63,520542,52.05%
big_files/enwik6,binary,131072,131072,8,999999999,6,6,12,12,12,17,3,7.87,127.17,519227,51.92%
big_files/enwik6,binary,131072,131072,8,1,6,6,12,12,15,17,3,13.99,105.76,684998,68.50%
big_files/enwik6,binary,131072,131072,8,4,6,6,12,12,15,17,3,13.87,102.82,699353,69.94%
big_files/enwik6,binary,131072,131072,8,16,6,6,12,12,15,17,3,12.44,106.43,661436,66.14%
big_files/enwik6,binary,131072,131072,8,128,6,6,12,12,15,17,3,9.19,116.67,555534,55.55%
big_files/enwik6,binary,131072,131072,8,1024,6,6,12,12,15,17,3,7.96,126.01,519445,51.94%
big_files/enwik6,binary,131072,131072,8,999999999,6,6,12,12,15,17,3,7.84,133.28,518145,51.81%
big_files/enwik6,binary,131072,131072,8,1,6,6,12,15,15,17,3,14.58,99.31,686147,68.61%
big_files/enwik6,binary,131072,131072,8,4,6,6,12,15,15,17,3,13.50,99.84,698904,69.89%
big_files/enwik6,binary,131072,131072,8,16,6,6,12,15,15,17,3,11.56,106.55,659759,65.98%
big_files/enwik6,binary,131072,131072,8,128,6,6,12,15,15,17,3,9.03,116.34,554297,55.43%
big_files/enwik6,binary,131072,131072,8,1024,6,6,12,15,15,17,3,7.68,127.96,518195,51.82%
big_files/enwik6,binary,131072,131072,8,999999999,6,6,12,15,15,17,3,8.02,136.05,516916,51.69%
big_files/enwik6,binary,131072,131072,8,1,6,6,15,15,15,17,3,13.73,103.55,687337,68.73%
big_files/enwik6,binary,131072,131072,8,4,6,6,15,15,15,17,3,12.23,105.00,697507,69.75%
big_files/enwik6,binary,131072,131072,8,16,6,6,15,15,15,17,3,12.21,104.30,656847,65.68%
big_files/enwik6,binary,131072,131072,8,128,6,6,15,15,15,17,3,9.18,121.53,551796,55.18%
big_files/enwik6,binary,131072,131072,8,1024,6,6,15,15,15,17,3,7.88,119.39,515816,51.58%
big_files/enwik6,binary,131072,131072,8,999999999,6,6,15,15,15,17,3,7.89,135.05,514579,51.46%
big_files/enwik6,binary,131072,131072,8,1,6,12,12,12,12,17,3,14.56,112.39,657913,65.79%
big_files/enwik6,binary,131072,131072,8,4,6,12,12,12,12,17,3,13.30,102.21,678327,67.83%
big_files/enwik6,binary,131072,131072,8,16,6,12,12,12,12,17,3,11.26,106.48,647738,64.77%
big_files/enwik6,binary,131072,131072,8,128,6,12,12,12,12,17,3,8.38,117.91,545951,54.60%
big_files/enwik6,binary,131072,131072,8,1024,6,12,12,12,12,17,3,6.57,132.40,509640,50.96%
big_files/enwik6,binary,131072,131072,8,999999999,6,12,12,12,12,17,3,6.00,124.65,508360,50.84%
big_files/enwik6,binary,131072,131072,8,1,6,12,12,12,15,17,3,7.36,96.43,658724,65.87%
big_files/enwik6,binary,131072,131072,8,4,6,12,12,12,15,17,3,7.88,95.30,678214,67.82%
big_files/enwik6,binary,131072,131072,8,16,6,12,12,12,15,17,3,7.50,99.24,647130,64.71%
big_files/enwik6,binary,131072,131072,8,128,6,12,12,12,15,17,3,7.10,111.94,544854,54.49%
big_files/enwik6,binary,131072,131072,8,1024,6,12,12,12,15,17,3,6.31,130.75,508542,50.85%
big_files/enwik6,binary,131072,131072,8,999999999,6,12,12,12,15,17,3,6.12,131.88,507277,50.73%
big_files/enwik6,binary,131072,131072,8,1,6,12,12,15,15,17,3,8.17,101.35,659872,65.99%
big_files/enwik6,binary,131072,131072,8,4,6,12,12,15,15,17,3,7.73,94.32,677767,67.78%
big_files/enwik6,binary,131072,131072,8,16,6,12,12,15,15,17,3,7.23,101.84,645452,64.55%
big_files/enwik6,binary,131072,131072,8,128,6,12,12,15,15,17,3,6.49,110.93,543616,54.36%
big_files/enwik6,binary,131072,131072,8,1024,6,12,12,15,15,17,3,6.24,122.58,507292,50.73%
big_files/enwik6,binary,131072,131072,8,999999999,6,12,12,15,15,17,3,6.38,122.60,506046,50.60%
big_files/enwik6,binary,131072,131072,8,1,6,12,15,15,15,17,3,8.53,92.94,661061,66.11%
big_files/enwik6,binary,131072,131072,8,4,6,12,15,15,15,17,3,7.75,100.74,676366,67.64%
big_files/enwik6,binary,131072,131072,8,16,6,12,15,15,15,17,3,8.00,102.01,642542,64.25%
big_files/enwik6,binary,131072,131072,8,128,6,12,15,15,15,17,3,6.67,115.97,541116,54.11%
big_files/enwik6,binary,131072,131072,8,1024,6,12,15,15,15,17,3,7.06,128.97,504912,50.49%
big_files/enwik6,binary,131072,131072,8,999999999,6,12,15,15,15,17,3,7.55,131.51,503708,50.37%
big_files/enwik6,binary,131072,131072,8,1,6,15,15,15,15,17,3,14.29,103.34,662217,66.22%
big_files/enwik6,binary,131072,131072,8,4,6,15,15,15,15,17,3,13.36,106.02,671059,67.11%
big_files/enwik6,binary,131072,131072,8,16,6,15,15,15,15,17,3,12.64,103.37,634499,63.45%
big_files/enwik6,binary,131072,131072,8,128,6,15,15,15,15,17,3,8.95,121.89,535117,53.51%
big_files/enwik6,binary,131072,131072,8,1024,6,15,15,15,15,17,3,7.61,127.55,501222,50.12%
big_files/enwik6,binary,131072,131072,8,999999999,6,15,15,15,15,17,3,7.79,115.96,500084,50.01%
big_files/enwik6,binary,131072,131072,8,1,12,12,12,12,12,17,3,14.37,103.80,587172,58.72%
big_files/enwik6,binary,131072,131072,8,4,12,12,12,12,12,17,3,13.42,101.74,627562,62.76%
big_files/enwik6,binary,131072,131072,8,16,12,12,12,12,12,17,3,12.26,106.79,621528,62.15%
big_files/enwik6,binary,131072,131072,8,128,12,12,12,12,12,17,3,8.66,116.38,530071,53.01%
big_files/enwik6,binary,131072,131072,8,1024,12,12,12,12,12,17,3,7.86,137.30,494330,49.43%
big_files/enwik6,binary,131072,131072,8,999999999,12,12,12,12,12,17,3,7.47,127.30,493046,49.30%
big_files/enwik6,binary,131072,131072,8,1,12,12,12,12,15,17,3,13.80,105.39,587985,58.80%
big_files/enwik6,binary,131072,131072,8,4,12,12,12,12,15,17,3,13.88,98.59,627451,62.75%
big_files/enwik6,binary,131072,131072,8,16,12,12,12,12,15,17,3,12.44,109.37,620920,62.09%
big_files/enwik6,binary,131072,131072,8,128,12,12,12,12,15,17,3,8.06,125.07,528975,52.90%
big_files/enwik6,binary,131072,131072,8,1024,12,12,12,12,15,17,3,7.43,123.70,493232,49.32%
big_files/enwik6,binary,131072,131072,8,999999999,12,12,12,12,15,17,3,7.54,119.36,491967,49.20%
big_files/enwik6,binary,131072,131072,8,1,12,12,12,15,15,17,3,7.63,101.23,589132,58.91%
big_files/enwik6,binary,131072,131072,8,4,12,12,12,15,15,17,3,7.29,102.20,627004,62.70%
big_files/enwik6,binary,131072,131072,8,16,12,12,12,15,15,17,3,7.15,106.05,619245,61.92%
big_files/enwik6,binary,131072,131072,8,128,12,12,12,15,15,17,3,6.65,113.95,527737,52.77%
big_files/enwik6,binary,131072,131072,8,1024,12,12,12,15,15,17,3,7.99,133.48,491981,49.20%
big_files/enwik6,binary,131072,131072,8,999999999,12,12,12,15,15,17,3,7.84,127.11,490735,49.07%
big_files/enwik6,binary,131072,131072,8,1,12,12,15,15,15,17,3,13.59,103.08,590319,59.03%
big_files/enwik6,binary,131072,131072,8,4,12,12,15,15,15,17,3,13.12,107.35,625603,62.56%
big_files/enwik6,binary,131072,131072,8,16,12,12,15,15,15,17,3,11.51,107.43,616332,61.63%
big_files/enwik6,binary,131072,131072,8,128,12,12,15,15,15,17,3,9.30,120.24,525235,52.52%
big_files/enwik6,binary,131072,131072,8,1024,12,12,15,15,15,17,3,8.08,127.31,489601,48.96%
big_files/enwik6,binary,131072,131072,8,999999999,12,12,15,15,15,17,3,7.77,121.14,488397,48.84%
big_files/enwik6,binary,131072,131072,8,1,12,15,15,15,15,17,3,14.28,101.46,591475,59.15%
big_files/enwik6,binary,131072,131072,8,4,12,15,15,15,15,17,3,14.06,105.93,620293,62.03%
big_files/enwik6,binary,131072,131072,8,16,12,15,15,15,15,17,3,11.84,107.87,608290,60.83%
big_files/enwik6,binary,131072,131072,8,128,12,15,15,15,15,17,3,8.89,104.72,519237,51.92%
big_files/enwik6,binary,131072,131072,8,1024,12,15,15,15,15,17,3,7.74,129.93,485911,48.59%
big_files/enwik6,binary,131072,131072,8,999999999,12,15,15,15,15,17,3,7.70,130.31,484771,48.48%
big_files/enwik6,binary,131072,131072,8,1,15,15,15,15,15,17,3,14.59,106.68,588006,58.80%
big_files/enwik6,binary,131072,131072,8,4,15,15,15,15,15,17,3,13.58,97.34,597511,59.75%
big_files/enwik6,binary,131072,131072,8,16,15,15,15,15,15,17,3,10.91,104.09,581434,58.14%
big_files/enwik6,binary,131072,131072,8,128,15,15,15,15,15,17,3,9.01,116.29,512710,51.27%
big_files/enwik6,binary,131072,131072,8,1024,15,15,15,15,15,17,3,7.48,124.75,484016,48.40%
big_files/enwik6,binary,131072,131072,8,999999999,15,15,15,15,15,17,3,7.61,113.86,483015,48.30%
big_files/enwik6,binary,131072,131072,18,1,6,6,6,6,6,17,4,13.63,96.31,683174,68.32%
big_files/enwik6,binary,131072,131072,18,4,6,6,6,6,6,17,4,13.46,106.91,694086,69.41%
big_files/enwik6,binary,131072,131072,18,16,6,6,6,6,6,17,4,11.59,113.08,637490,63.75%
big_files/enwik6,binary,131072,131072,18,128,6,6,6,6,6,17,4,9.49,124.56,517400,51.74%
big_files/enwik6,binary,131072,131072,18,1024,6,6,6,6,6,17,4,7.94,133.11,483799,48.38%
big_files/enwik6,binary,131072,131072,18,999999999,6,6,6,6,6,17,4,8.50,142.78,482935,48.29%
big_files/enwik6,binary,131072,131072,18,1,6,6,6,6,12,17,4,13.71,100.53,678679,67.87%
big_files/enwik6,binary,131072,131072,18,4,6,6,6,6,12,17,4,13.01,106.75,690661,69.07%
big_files/enwik6,binary,131072,131072,18,16,6,6,6,6,12,17,4,12.35,112.04,634293,63.43%
big_files/enwik6,binary,131072,131072,18,128,6,6,6,6,12,17,4,9.27,140.36,513637,51.36%
big_files/enwik6,binary,131072,131072,18,1024,6,6,6,6,12,17,4,8.20,144.24,479585,47.96%
big_files/enwik6,binary,131072,131072,18,999999999,6,6,6,6,12,17,4,8.60,143.38,478717,47.87%
big_files/enwik6,binary,131072,131072,18,1,6,6,6,6,15,17,4,13.38,107.09,679031,67.90%
big_files/enwik6,binary,131072,131072,18,4,6,6,6,6,15,17,4,13.15,105.48,690127,69.01%
big_files/enwik6,binary,131072,131072,18,16,6,6,6,6,15,17,4,11.80,107.45,633315,63.33%
big_files/enwik6,binary,131072,131072,18,128,6,6,6,6,15,17,4,9.63,132.01,512021,51.20%
big_files/enwik6,binary,131072,131072,18,1024,6,6,6,6,15,17,4,8.43,142.74,477882,47.79%
big_files/enwik6,binary,131072,131072,18,999999999,6,6,6,6,15,17,4,7.75,140.19,477013,47.70%
big_files/enwik6,binary,131072,131072,18,1,6,6,6,12,12,17,4,12.46,106.84,671459,67.15%
big_files/enwik6,binary,131072,131072,18,4,6,6,6,12,12,17,4,12.41,106.81,684771,68.48%
big_files/enwik6,binary,131072,131072,18,16,6,6,6,12,12,17,4,11.39,113.29,629995,63.00%
big_files/enwik6,binary,131072,131072,18,128,6,6,6,12,12,17,4,8.82,134.50,508364,50.84%
big_files/enwik6,binary,131072,131072,18,1024,6,6,6,12,12,17,4,8.28,134.03,473863,47.39%
big_files/enwik6,binary,131072,131072,18,999999999,6,6,6,12,12,17,4,7.77,134.03,472988,47.30%
big_files/enwik6,binary,131072,131072,18,1,6,6,6,12,15,17,4,12.40,111.66,671813,67.18%
big_files/enwik6,binary,131072,131072,18,4,6,6,6,12,15,17,4,12.69,102.19,684234,68.42%
big_files/enwik6,binary,131072,131072,18,16,6,6,6,12,15,17,4,11.95,115.78,629016,62.90%
big_files/enwik6,binary,131072,131072,18,128,6,6,6,12,15,17,4,9.18,133.61,506748,50.67%
big_files/enwik6,binary,131072,131072,18,1024,6,6,6,12,15,17,4,7.65,133.59,472159,47.22%
big_files/enwik6,binary,131072,131072,18,999999999,6,6,6,12,15,17,4,7.89,140.29,471286,47.13%
big_files/enwik6,binary,131072,131072,18,1,6,6,6,15,15,17,4,13.86,107.60,672162,67.22%
big_files/enwik6,binary,131072,131072,18,4,6,6,6,15,15,17,4,12.98,108.45,682998,68.30%
big_files/enwik6,binary,131072,131072,18,16,6,6,6,15,15,17,4,10.91,118.70,626585,62.66%
big_files/enwik6,binary,131072,131072,18,128,6,6,6,15,15,17,4,9.50,125.68,504805,50.48%
big_files/enwik6,binary,131072,131072,18,1024,6,6,6,15,15,17,4,8.48,136.58,470189,47.02%
big_files/enwik6,binary,131072,131072,18,999999999,6,6,6,15,15,17,4,8.29,135.92,469314,46.93%
big_files/enwik6,binary,131072,131072,18,1,6,6,12,12,12,17,4,13.40,104.65,660406,66.04%
big_files/enwik6,binary,131072,131072,18,4,6,6,12,12,12,17,4,13.36,107.87,676131,67.61%
big_files/enwik6,binary,131072,131072,18,16,6,6,12,12,12,17,4,10.93,115.61,624032,62.40%
big_files/enwik6,binary,131072,131072,18,128,6,6,12,12,12,17,4,8.40,132.87,501703,50.17%
big_files/enwik6,binary,131072,131072,18,1024,6,6,12,12,12,17,4,8.35,144.28,466633,46.66%
big_files/enwik6,binary,131072,131072,18,999999999,6,6,12,12,12,17,4,8.15,127.56,465762,46.58%
big_files/enwik6,binary,131072,131072,18,1,6,6,12,12,15,17,4,13.89,106.18,660760,66.08%
big_files/enwik6,binary,131072,131072,18,4,6,6,12,12,15,17,4,13.71,111.14,675594,67.56%
big_files/enwik6,binary,131072,131072,18,16,6,6,12,12,15,17,4,12.03,113.39,623053,62.31%
big_files/enwik6,binary,131072,131072,18,128,6,6,12,12,15,17,4,9.51,133.60,500086,50.01%
big_files/enwik6,binary,131072,131072,18,1024,6,6,12,12,15,17,4,8.13,139.11,464929,46.49%
big_files/enwik6,binary,131072,131072,18,999999999,6,6,12,12,15,17,4,8.12,137.10,464060,46.41%
big_files/enwik6,binary,131072,131072,18,1,6,6,12,15,15,17,4,14.43,108.58,661109,66.11%
big_files/enwik6,binary,131072,131072,18,4,6,6,12,15,15,17,4,12.44,104.07,674357,67.44%
big_files/enwik6,binary,131072,131072,18,16,6,6,12,15,15,17,4,11.02,109.85,620622,62.06%
big_files/enwik6,binary,131072,131072,18,128,6,6,12,15,15,17,4,8.69,139.08,498141,49.81%
big_files/enwik6,binary,131072,131072,18,1024,6,6,12,15,15,17,4,8.30,134.08,462957,46.30%
big_files/enwik6,binary,131072,131072,18,999999999,6,6,12,15,15,17,4,8.56,138.34,462092,46.21%
big_files/enwik6,binary,131072,131072,18,1,6,6,15,15,15,17,4,13.95,105.31,661311,66.13%
big_files/enwik6,binary,131072,131072,18,4,6,6,15,15,15,17,4,13.02,110.30,671733,67.17%
big_files/enwik6,binary,131072,131072,18,16,6,6,15,15,15,17,4,12.36,112.76,616655,61.67%
big_files/enwik6,binary,131072,131072,18,128,6,6,15,15,15,17,4,9.50,128.53,494779,49.48%
big_files/enwik6,binary,131072,131072,18,1024,6,6,15,15,15,17,4,8.03,135.82,459691,45.97%
big_files/enwik6,binary,131072,131072,18,999999999,6,6,15,15,15,17,4,8.54,129.73,458833,45.88%
big_files/enwik6,binary,131072,131072,18,1,6,12,12,12,12,17,4,14.69,107.67,632570,63.26%
big_files/enwik6,binary,131072,131072,18,4,6,12,12,12,12,17,4,13.68,103.70,654467,65.45%
big_files/enwik6,binary,131072,131072,18,16,6,12,12,12,12,17,4,11.92,110.13,609972,61.00%
big_files/enwik6,binary,131072,131072,18,128,6,12,12,12,12,17,4,9.45,130.06,491292,49.13%
big_files/enwik6,binary,131072,131072,18,1024,6,12,12,12,12,17,4,8.62,138.69,455797,45.58%
big_files/enwik6,binary,131072,131072,18,999999999,6,12,12,12,12,17,4,8.38,139.36,454940,45.49%
big_files/enwik6,binary,131072,131072,18,1,6,12,12,12,15,17,4,14.39,108.26,632924,63.29%
big_files/enwik6,binary,131072,131072,18,4,6,12,12,12,15,17,4,13.75,106.99,653932,65.39%
big_files/enwik6,binary,131072,131072,18,16,6,12,12,12,15,17,4,12.09,112.47,608992,60.90%
big_files/enwik6,binary,131072,131072,18,128,6,12,12,12,15,17,4,9.30,138.09,489676,48.97%
big_files/enwik6,binary,131072,131072,18,1024,6,12,12,12,15,17,4,8.01,140.48,454095,45.41%
big_files/enwik6,binary,131072,131072,18,999999999,6,12,12,12,15,17,4,7.88,135.39,453238,45.32%
big_files/enwik6,binary,131072,131072,18,1,6,12,12,15,15,17,4,14.91,112.89,633274,63.33%
big_files/enwik6,binary,131072,131072,18,4,6,12,12,15,15,17,4,12.23,104.85,652695,65.27%
big_files/enwik6,binary,131072,131072,18,16,6,12,12,15,15,17,4,12.07,110.42,606560,60.66%
big_files/enwik6,binary,131072,131072,18,128,6,12,12,15,15,17,4,8.87,127.37,487730,48.77%
big_files/enwik6,binary,131072,131072,18,1024,6,12,12,15,15,17,4,7.91,131.43,452123,45.21%
big_files/enwik6,binary,131072,131072,18,999999999,6,12,12,15,15,17,4,7.66,135.43,451269,45.13%
big_files/enwik6,binary,131072,131072,18,1,6,12,15,15,15,17,4,14.21,105.30,633473,63.35%
big_files/enwik6,binary,131072,131072,18,4,6,12,15,15,15,17,4,12.29,104.21,650071,65.01%
big_files/enwik6,binary,131072,131072,18,16,6,12,15,15,15,17,4,10.86,111.48,602591,60.26%
big_files/enwik6,binary,131072,131072,18,128,6,12,15,15,15,17,4,8.84,138.31,484367,48.44%
big_files/enwik6,binary,131072,131072,18,1024,6,12,15,15,15,17,4,7.86,137.50,448855,44.89%
big_files/enwik6,binary,131072,131072,18,999999999,6,12,15,15,15,17,4,8.26,135.39,448010,44.80%
big_files/enwik6,binary,131072,131072,18,1,6,15,15,15,15,17,4,12.79,104.27,632757,63.28%
big_files/enwik6,binary,131072,131072,18,4,6,15,15,15,15,17,4,12.24,98.36,642603,64.26%
big_files/enwik6,binary,131072,131072,18,16,6,15,15,15,15,17,4,11.01,111.11,592775,59.28%
big_files/enwik6,binary,131072,131072,18,128,6,15,15,15,15,17,4,8.66,135.56,477088,47.71%
big_files/enwik6,binary,131072,131072,18,1024,6,15,15,15,15,17,4,7.85,130.24,444081,44.41%
big_files/enwik6,binary,131072,131072,18,999999999,6,15,15,15,15,17,4,8.28,140.30,443276,44.33%
big_files/enwik6,binary,131072,131072,18,1,12,12,12,12,12,17,4,12.88,103.71,557779,55.78%
big_files/enwik6,binary,131072,131072,18,4,12,12,12,12,12,17,4,13.57,111.96,601892,60.19%
big_files/enwik6,binary,131072,131072,18,16,12,12,12,12,12,17,4,11.31,115.23,583948,58.39%
big_files/enwik6,binary,131072,131072,18,128,12,12,12,12,12,17,4,8.79,133.02,474980,47.50%
big_files/enwik6,binary,131072,131072,18,1024,12,12,12,12,12,17,4,7.67,141.23,439714,43.97%
big_files/enwik6,binary,131072,131072,18,999999999,12,12,12,12,12,17,4,8.09,142.14,438869,43.89%
big_files/enwik6,binary,131072,131072,18,1,12,12,12,12,15,17,4,13.21,110.47,558132,55.81%
big_files/enwik6,binary,131072,131072,18,4,12,12,12,12,15,17,4,12.91,105.07,601356,60.14%
big_files/enwik6,binary,131072,131072,18,16,12,12,12,12,15,17,4,11.84,117.46,582969,58.30%
big_files/enwik6,binary,131072,131072,18,128,12,12,12,12,15,17,4,9.19,121.45,473362,47.34%
big_files/enwik6,binary,131072,131072,18,1024,12,12,12,12,15,17,4,8.31,144.94,438011,43.80%
big_files/enwik6,binary,131072,131072,18,999999999,12,12,12,12,15,17,4,8.75,136.09,437167,43.72%
big_files/enwik6,binary,131072,131072,18,1,12,12,12,15,15,17,4,15.56,111.57,558481,55.85%
big_files/enwik6,binary,131072,131072,18,4,12,12,12,15,15,17,4,14.15,120.45,600119,60.01%
big_files/enwik6,binary,131072,131072,18,16,12,12,12,15,15,17,4,13.30,114.01,580536,58.05%
big_files/enwik6,binary,131072,131072,18,128,12,12,12,15,15,17,4,10.32,145.21,471417,47.14%
big_files/enwik6,binary,131072,131072,18,1024,12,12,12,15,15,17,4,8.61,138.12,436040,43.60%
big_files/enwik6,binary,131072,131072,18,999999999,12,12,12,15,15,17,4,8.91,137.45,435197,43.52%
big_files/enwik6,binary,131072,131072,18,1,12,12,15,15,15,17,4,12.92,103.96,558683,55.87%
big_files/enwik6,binary,131072,131072,18,4,12,12,15,15,15,17,4,13.15,106.06,597496,59.75%
big_files/enwik6,binary,131072,131072,18,16,12,12,15,15,15,17,4,11.53,115.97,576570,57.66%
big_files/enwik6,binary,131072,131072,18,128,12,12,15,15,15,17,4,9.53,127.27,468054,46.81%
big_files/enwik6,binary,131072,131072,18,1024,12,12,15,15,15,17,4,8.18,136.87,432772,43.28%
big_files/enwik6,binary,131072,131072,18,999999999,12,12,15,15,15,17,4,7.86,129.19,431938,43.19%
big_files/enwik6,binary,131072,131072,18,1,12,15,15,15,15,17,4,12.41,107.99,557967,55.80%
big_files/enwik6,binary,131072,131072,18,4,12,15,15,15,15,17,4,12.37,104.70,590027,59.00%
big_files/enwik6,binary,131072,131072,18,16,12,15,15,15,15,17,4,12.17,114.76,566751,56.68%
big_files/enwik6,binary,131072,131072,18,128,12,15,15,15,15,17,4,9.42,125.64,460773,46.08%
big_files/enwik6,binary,131072,131072,18,1024,12,15,15,15,15,17,4,8.35,135.93,427998,42.80%
big_files/enwik6,binary,131072,131072,18,999999999,12,15,15,15,15,17,4,7.96,133.35,427205,42.72%
big_files/enwik6,binary,131072,131072,18,1,15,15,15,15,15,17,4,12.83,112.31,549000,54.90%
big_files/enwik6,binary,131072,131072,18,4,15,15,15,15,15,17,4,12.14,102.45,560895,56.09%
big_files/enwik6,binary,131072,131072,18,16,15,15,15,15,15,17,4,12.14,106.09,535913,53.59%
big_files/enwik6,binary,131072,131072,18,128,15,15,15,15,15,17,4,9.27,131.35,453006,45.30%
big_files/enwik6,binary,131072,131072,18,1024,15,15,15,15,15,17,4,7.79,125.77,424670,42.47%
big_files/enwik6,binary,131072,131072,18,999999999,15,15,15,15,15,17,4,8.11,135.40,423936,42.39%
big_files/enwik6,binary,131072,131072,32,1,6,6,6,6,6,17,5,14.19,103.70,697220,69.72%
big_files/enwik6,binary,131072,131072,32,4,6,6,6,6,6,17,5,13.76,108.41,707327,70.73%
big_files/enwik6,binary,131072,131072,32,16,6,6,6,6,6,17,5,11.52,111.47,646344,64.63%
big_files/enwik6,binary,131072,131072,32,128,6,6,6,6,6,17,5,9.34,136.14,522269,52.23%
big_files/enwik6,binary,131072,131072,32,1024,6,6,6,6,6,17,5,8.65,142.44,488392,48.84%
big_files/enwik6,binary,131072,131072,32,999999999,6,6,6,6,6,17,5,8.69,128.07,487845,48.78%
big_files/enwik6,binary,131072,131072,32,1,6,6,6,6,12,17,5,12.76,105.75,692344,69.23%
big_files/enwik6,binary,131072,131072,32,4,6,6,6,6,12,17,5,12.52,102.74,703675,70.37%
big_files/enwik6,binary,131072,131072,32,16,6,6,6,6,12,17,5,10.56,112.24,642913,64.29%
big_files/enwik6,binary,131072,131072,32,128,6,6,6,6,12,17,5,9.02,136.70,518067,51.81%
big_files/enwik6,binary,131072,131072,32,1024,6,6,6,6,12,17,5,8.71,141.46,483698,48.37%
big_files/enwik6,binary,131072,131072,32,999999999,6,6,6,6,12,17,5,8.45,128.86,483151,48.32%
big_files/enwik6,binary,131072,131072,32,1,6,6,6,6,15,17,5,12.78,102.57,692431,69.24%
big_files/enwik6,binary,131072,131072,32,4,6,6,6,6,15,17,5,12.48,104.21,702789,70.28%
big_files/enwik6,binary,131072,131072,32,16,6,6,6,6,15,17,5,10.19,109.25,641511,64.15%
big_files/enwik6,binary,131072,131072,32,128,6,6,6,6,15,17,5,9.44,137.12,515920,51.59%
big_files/enwik6,binary,131072,131072,32,1024,6,6,6,6,15,17,5,8.60,144.50,481418,48.14%
big_files/enwik6,binary,131072,131072,32,999999999,6,6,6,6,15,17,5,8.51,138.07,480868,48.09%
big_files/enwik6,binary,131072,131072,32,1,6,6,6,12,12,17,5,12.54,110.08,684416,68.44%
big_files/enwik6,binary,131072,131072,32,4,6,6,6,12,12,17,5,11.92,106.25,697296,69.73%
big_files/enwik6,binary,131072,131072,32,16,6,6,6,12,12,17,5,11.32,114.25,638262,63.83%
big_files/enwik6,binary,131072,131072,32,128,6,6,6,12,12,17,5,9.62,127.21,512270,51.23%
big_files/enwik6,binary,131072,131072,32,1024,6,6,6,12,12,17,5,8.72,140.08,477356,47.74%
big_files/enwik6,binary,131072,131072,32,999999999,6,6,6,12,12,17,5,8.92,141.40,476801,47.68%
big_files/enwik6,binary,131072,131072,32,1,6,6,6,12,15,17,5,14.12,107.54,684504,68.45%
big_files/enwik6,binary,131072,131072,32,4,6,6,6,12,15,17,5,13.35,105.78,696410,69.64%
big_files/enwik6,binary,131072,131072,32,16,6,6,6,12,15,17,5,11.83,106.87,636858,63.69%
big_files/enwik6,binary,131072,131072,32,128,6,6,6,12,15,17,5,9.09,134.50,510124,51.01%
big_files/enwik6,binary,131072,131072,32,1024,6,6,6,12,15,17,5,8.26,144.74,475077,47.51%
big_files/enwik6,binary,131072,131072,32,999999999,6,6,6,12,15,17,5,8.57,141.70,474518,47.45%
big_files/enwik6,binary,131072,131072,32,1,6,6,6,15,15,17,5,14.21,105.27,684407,68.44%
big_files/enwik6,binary,131072,131072,32,4,6,6,6,15,15,17,5,13.82,103.36,694581,69.46%
big_files/enwik6,binary,131072,131072,32,16,6,6,6,15,15,17,5,11.57,114.88,633740,63.37%
big_files/enwik6,binary,131072,131072,32,128,6,6,6,15,15,17,5,9.26,135.05,507481,50.75%
big_files/enwik6,binary,131072,131072,32,1024,6,6,6,15,15,17,5,8.74,142.05,472373,47.24%
big_files/enwik6,binary,131072,131072,32,999999999,6,6,6,15,15,17,5,8.79,136.41,471812,47.18%
big_files/enwik6,binary,131072,131072,32,1,6,6,12,12,12,17,5,14.50,109.03,672178,67.22%
big_files/enwik6,binary,131072,131072,32,4,6,6,12,12,12,17,5,13.10,108.73,687927,68.79%
big_files/enwik6,binary,131072,131072,32,16,6,6,12,12,12,17,5,12.37,108.45,631731,63.17%
big_files/enwik6,binary,131072,131072,32,128,6,6,12,12,12,17,5,9.63,135.06,504929,50.49%
big_files/enwik6,binary,131072,131072,32,1024,6,6,12,12,12,17,5,8.23,136.09,469382,46.94%
big_files/enwik6,binary,131072,131072,32,999999999,6,6,12,12,12,17,5,8.79,148.12,468822,46.88%
big_files/enwik6,binary,131072,131072,32,1,6,6,12,12,15,17,5,14.28,109.64,672266,67.23%
big_files/enwik6,binary,131072,131072,32,4,6,6,12,12,15,17,5,13.35,107.11,687040,68.70%
big_files/enwik6,binary,131072,131072,32,16,6,6,12,12,15,17,5,11.04,101.80,630331,63.03%
big_files/enwik6,binary,131072,131072,32,128,6,6,12,12,15,17,5,9.11,132.97,502782,50.28%
big_files/enwik6,binary,131072,131072,32,1024,6,6,12,12,15,17,5,8.64,133.50,467101,46.71%
big_files/enwik6,binary,131072,131072,32,999999999,6,6,12,12,15,17,5,8.31,139.87,466537,46.65%
big_files/enwik6,binary,131072,131072,32,1,6,6,12,15,15,17,5,14.49,111.30,672169,67.22%
big_files/enwik6,binary,131072,131072,32,4,6,6,12,15,15,17,5,13.86,110.73,685213,68.52%
big_files/enwik6,binary,131072,131072,32,16,6,6,12,15,15,17,5,11.86,115.57,627210,62.72%
big_files/enwik6,binary,131072,131072,32,128,6,6,12,15,15,17,5,9.46,139.67,500138,50.01%
big_files/enwik6,binary,131072,131072,32,1024,6,6,12,15,15,17,5,8.41,146.91,464397,46.44%
big_files/enwik6,binary,131072,131072,32,999999999,6,6,12,15,15,17,5,8.71,140.54,463835,46.38%
big_files/enwik6,binary,131072,131072,32,1,6,6,15,15,15,17,5,14.48,107.26,671682,67.17%
big_files/enwik6,binary,131072,131072,32,4,6,6,15,15,15,17,5,13.64,101.27,681570,68.16%
big_files/enwik6,binary,131072,131072,32,16,6,6,15,15,15,17,5,11.78,109.97,622180,62.22%
big_files/enwik6,binary,131072,131072,32,128,6,6,15,15,15,17,5,9.76,130.51,495769,49.58%
big_files/enwik6,binary,131072,131072,32,1024,6,6,15,15,15,17,5,8.51,131.24,460104,46.01%
big_files/enwik6,binary,131072,131072,32,999999999,6,6,15,15,15,17,5,8.64,145.00,459538,45.95%
big_files/enwik6,binary,131072,131072,32,1,6,12,12,12,12,17,5,14.29,111.28,641646,64.16%
big_files/enwik6,binary,131072,131072,32,4,6,12,12,12,12,17,5,13.36,106.13,664302,66.43%
big_files/enwik6,binary,131072,131072,32,16,6,12,12,12,12,17,5,11.77,116.76,616555,61.66%
big_files/enwik6,binary,131072,131072,32,128,6,12,12,12,12,17,5,9.48,127.58,493560,49.36%
big_files/enwik6,binary,131072,131072,32,1024,6,12,12,12,12,17,5,8.82,132.27,457515,45.75%
big_files/enwik6,binary,131072,131072,32,999999999,6,12,12,12,12,17,5,8.12,137.11,456954,45.70%
big_files/enwik6,binary,131072,131072,32,1,6,12,12,12,15,17,5,13.76,111.69,641733,64.17%
big_files/enwik6,binary,131072,131072,32,4,6,12,12,12,15,17,5,12.99,107.40,663417,66.34%
big_files/enwik6,binary,131072,131072,32,16,6,12,12,12,15,17,5,12.04,118.57,615153,61.52%
big_files/enwik6,binary,131072,131072,32,128,6,12,12,12,15,17,5,9.88,134.16,491414,49.14%
big_files/enwik6,binary,131072,131072,32,1024,6,12,12,12,15,17,5,8.05,143.00,455232,45.52%
big_files/enwik6,binary,131072,131072,32,999999999,6,12,12,12,15,17,5,8.06,128.44,454670,45.47%
big_files/enwik6,binary,131072,131072,32,1,6,12,12,15,15,17,5,14.03,112.37,641638,64.16%
big_files/enwik6,binary,131072,131072,32,4,6,12,12,15,15,17,5,12.94,105.29,661590,66.16%
big_files/enwik6,binary,131072,131072,32,16,6,12,12,15,15,17,5,11.71,118.40,612035,61.20%
big_files/enwik6,binary,131072,131072,32,128,6,12,12,15,15,17,5,9.76,129.78,488770,48.88%
big_files/enwik6,binary,131072,131072,32,1024,6,12,12,15,15,17,5,8.27,139.86,452529,45.25%
big_files/enwik6,binary,131072,131072,32,999999999,6,12,12,15,15,17,5,8.57,147.99,451964,45.20%
big_files/enwik6,binary,131072,131072,32,1,6,12,15,15,15,17,5,14.28,107.92,641150,64.11%
big_files/enwik6,binary,131072,131072,32,4,6,12,15,15,15,17,5,12.97,106.40,657946,65.79%
big_files/enwik6,binary,131072,131072,32,16,6,12,15,15,15,17,5,11.21,116.53,607004,60.70%
big_files/enwik6,binary,131072,131072,32,128,6,12,15,15,15,17,5,9.39,127.73,484402,48.44%
big_files/enwik6,binary,131072,131072,32,1024,6,12,15,15,15,17,5,8.49,147.38,448236,44.82%
big_files/enwik6,binary,131072,131072,32,999999999,6,12,15,15,15,17,5,8.45,144.76,447669,44.77%
big_files/enwik6,binary,131072,131072,32,1,6,15,15,15,15,17,5,14.27,106.74,638981,63.90%
big_files/enwik6,binary,131072,131072,32,4,6,15,15,15,15,17,5,12.81,99.71,648475,64.85%
big_files/enwik6,binary,131072,131072,32,16,6,15,15,15,15,17,5,11.14,104.68,595268,59.53%
big_files/enwik6,binary,131072,131072,32,128,6,15,15,15,15,17,5,9.20,137.65,475586,47.56%
big_files/enwik6,binary,131072,131072,32,1024,6,15,15,15,15,17,5,8.69,138.35,442229,44.22%
big_files/enwik6,binary,131072,131072,32,999999999,6,15,15,15,15,17,5,8.70,136.48,441688,44.17%
big_files/enwik6,binary,131072,131072,32,1,12,12,12,12,12,17,5,12.02,103.56,559869,55.99%
big_files/enwik6,binary,131072,131072,32,4,12,12,12,12,12,17,5,12.16,106.48,607460,60.75%
big_files/enwik6,binary,131072,131072,32,16,12,12,12,12,12,17,5,11.87,119.45,588659,58.87%
big_files/enwik6,binary,131072,131072,32,128,12,12,12,12,12,17,5,9.29,130.70,475881,47.59%
big_files/enwik6,binary,131072,131072,32,1024,12,12,12,12,12,17,5,8.54,137.45,439851,43.99%
big_files/enwik6,binary,131072,131072,32,999999999,12,12,12,12,12,17,5,8.44,142.22,439303,43.93%
big_files/enwik6,binary,131072,131072,32,1,12,12,12,12,15,17,5,13.10,111.35,559957,56.00%
big_files/enwik6,binary,131072,131072,32,4,12,12,12,12,15,17,5,13.62,105.13,606574,60.66%
big_files/enwik6,binary,131072,131072,32,16,12,12,12,12,15,17,5,11.72,113.59,587259,58.73%
big_files/enwik6,binary,131072,131072,32,128,12,12,12,12,15,17,5,9.61,135.08,473736,47.37%
big_files/enwik6,binary,131072,131072,32,1024,12,12,12,12,15,17,5,8.37,129.23,437571,43.76%
big_files/enwik6,binary,131072,131072,32,999999999,12,12,12,12,15,17,5,8.56,122.79,437020,43.70%
big_files/enwik6,binary,131072,131072,32,1,12,12,12,15,15,17,5,12.93,103.95,559860,55.99%
big_files/enwik6,binary,131072,131072,32,4,12,12,12,15,15,17,5,13.21,104.70,604748,60.47%
big_files/enwik6,binary,131072,131072,32,16,12,12,12,15,15,17,5,11.71,112.72,584139,58.41%
big_files/enwik6,binary,131072,131072,32,128,12,12,12,15,15,17,5,9.21,129.95,471092,47.11%
big_files/enwik6,binary,131072,131072,32,1024,12,12,12,15,15,17,5,8.15,136.48,434865,43.49%
big_files/enwik6,binary,131072,131072,32,999999999,12,12,12,15,15,17,5,8.23,137.55,434312,43.43%
big_files/enwik6,binary,131072,131072,32,1,12,12,15,15,15,17,5,14.24,110.62,559374,55.94%
big_files/enwik6,binary,131072,131072,32,4,12,12,15,15,15,17,5,13.29,106.69,601104,60.11%
big_files/enwik6,binary,131072,131072,32,16,12,12,15,15,15,17,5,11.62,113.43,579108,57.91%
big_files/enwik6,binary,131072,131072,32,128,12,12,15,15,15,17,5,9.44,126.45,466723,46.67%
big_files/enwik6,binary,131072,131072,32,1024,12,12,15,15,15,17,5,7.79,136.57,430572,43.06%
big_files/enwik6,binary,131072,131072,32,999999999,12,12,15,15,15,17,5,8.01,144.08,430018,43.00%
big_files/enwik6,binary,131072,131072,32,1,12,15,15,15,15,17,5,13.86,109.31,557205,55.72%
big_files/enwik6,binary,131072,131072,32,4,12,15,15,15,15,17,5,13.58,105.27,591633,59.16%
big_files/enwik6,binary,131072,131072,32,16,12,15,15,15,15,17,5,11.55,115.30,567371,56.74%
big_files/enwik6,binary,131072,131072,32,128,12,15,15,15,15,17,5,9.00,126.21,457907,45.79%
big_files/enwik6,binary,131072,131072,32,1024,12,15,15,15,15,17,5,8.04,142.93,424567,42.46%
big_files/enwik6,binary,131072,131072,32,999999999,12,15,15,15,15,17,5,8.33,142.28,424037,42.40%
big_files/enwik6,binary,131072,131072,32,1,15,15,15,15,15,17,5,12.20,112.76,543396,54.34%
big_files/enwik6,binary,131072,131072,32,4,15,15,15,15,15,17,5,11.30,111.34,556034,55.60%
big_files/enwik6,binary,131072,131072,32,16,15,15,15,15,15,17,5,10.93,107.22,531280,53.13%
big_files/enwik6,binary,131072,131072,32,128,15,15,15,15,15,17,5,9.22,126.44,448295,44.83%
big_files/enwik6,binary,131072,131072,32,1024,15,15,15,15,15,17,5,8.25,139.38,419947,41.99%
big_files/enwik6,binary,131072,131072,32,999999999,15,15,15,15,15,17,5,8.13,140.64,419432,41.94%
big_files/enwik6,binary,131072,131072,64,1,6,6,6,6,6,17,6,12.20,102.87,716815,71.68%
big_files/enwik6,binary,131072,131072,64,4,6,6,6,6,6,17,6,13.08,103.74,726329,72.63%
big_files/enwik6,binary,131072,131072,64,16,6,6,6,6,6,17,6,11.57,104.00,662119,66.21%
big_files/enwik6,binary,131072,131072,64,128,6,6,6,6,6,17,6,9.52,135.10,535338,53.53%
big_files/enwik6,binary,131072,131072,64,1024,6,6,6,6,6,17,6,8.49,128.90,500977,50.10%
big_files/enwik6,binary,131072,131072,64,999999999,6,6,6,6,6,17,6,8.33,136.78,500398,50.04%
big_files/enwik6,binary,131072,131072,64,1,6,6,6,6,12,17,6,13.60,106.67,711500,71.15%
big_files/enwik6,binary,131072,131072,64,4,6,6,6,6,12,17,6,13.04,100.04,722382,72.24%
big_files/enwik6,binary,131072,131072,64,16,6,6,6,6,12,17,6,11.60,109.09,658349,65.83%
big_files/enwik6,binary,131072,131072,64,128,6,6,6,6,12,17,6,9.24,130.48,530741,53.07%
big_files/enwik6,binary,131072,131072,64,1024,6,6,6,6,12,17,6,8.29,129.81,495845,49.58%
big_files/enwik6,binary,131072,131072,64,999999999,6,6,6,6,12,17,6,8.52,137.85,495267,49.53%
big_files/enwik6,binary,131072,131072,64,1,6,6,6,6,15,17,6,13.66,102.97,711349,71.13%
big_files/enwik6,binary,131072,131072,64,4,6,6,6,6,15,17,6,13.15,103.35,721177,72.12%
big_files/enwik6,binary,131072,131072,64,16,6,6,6,6,15,17,6,11.38,115.41,656583,65.66%
big_files/enwik6,binary,131072,131072,64,128,6,6,6,6,15,17,6,9.33,136.73,528043,52.80%
big_files/enwik6,binary,131072,131072,64,1024,6,6,6,6,15,17,6,8.69,145.84,492959,49.30%
big_files/enwik6,binary,131072,131072,64,999999999,6,6,6,6,15,17,6,8.60,139.03,492380,49.24%
big_files/enwik6,binary,131072,131072,64,1,6,6,6,12,12,17,6,13.47,108.81,702780,70.28%
big_files/enwik6,binary,131072,131072,64,4,6,6,6,12,12,17,6,12.98,108.93,715480,71.55%
big_files/enwik6,binary,131072,131072,64,16,6,6,6,12,12,17,6,11.47,113.15,653261,65.33%
big_files/enwik6,binary,131072,131072,64,128,6,6,6,12,12,17,6,9.55,135.03,524333,52.43%
big_files/enwik6,binary,131072,131072,64,1024,6,6,6,12,12,17,6,8.71,136.08,488829,48.88%
big_files/enwik6,binary,131072,131072,64,999999999,6,6,6,12,12,17,6,8.13,145.46,488244,48.82%
big_files/enwik6,binary,131072,131072,64,1,6,6,6,12,15,17,6,12.43,111.69,702625,70.26%
big_files/enwik6,binary,131072,131072,64,4,6,6,6,12,15,17,6,11.77,104.10,714273,71.43%
big_files/enwik6,binary,131072,131072,64,16,6,6,6,12,15,17,6,11.61,108.65,651493,65.15%
big_files/enwik6,binary,131072,131072,64,128,6,6,6,12,15,17,6,9.41,120.41,521634,52.16%
big_files/enwik6,binary,131072,131072,64,1024,6,6,6,12,15,17,6,8.46,133.59,485947,48.59%
big_files/enwik6,binary,131072,131072,64,999999999,6,6,6,12,15,17,6,8.55,145.78,485356,48.54%
big_files/enwik6,binary,131072,131072,64,1,6,6,6,15,15,17,6,12.85,102.10,702121,70.21%
big_files/enwik6,binary,131072,131072,64,4,6,6,6,15,15,17,6,12.40,105.99,711860,71.19%
big_files/enwik6,binary,131072,131072,64,16,6,6,6,15,15,17,6,11.88,106.93,647699,64.77%
big_files/enwik6,binary,131072,131072,64,128,6,6,6,15,15,17,6,9.44,129.24,518296,51.83%
big_files/enwik6,binary,131072,131072,64,1024,6,6,6,15,15,17,6,8.70,139.15,482502,48.25%
big_files/enwik6,binary,131072,131072,64,999999999,6,6,6,15,15,17,6,8.78,141.68,481910,48.19%
big_files/enwik6,binary,131072,131072,64,1,6,6,12,12,12,17,6,13.75,105.95,689354,68.94%
big_files/enwik6,binary,131072,131072,64,4,6,6,12,12,12,17,6,13.18,103.08,705202,70.52%
big_files/enwik6,binary,131072,131072,64,16,6,6,12,12,12,17,6,11.43,111.86,646077,64.61%
big_files/enwik6,binary,131072,131072,64,128,6,6,12,12,12,17,6,9.76,126.86,516217,51.62%
big_files/enwik6,binary,131072,131072,64,1024,6,6,12,12,12,17,6,8.63,137.65,480007,48.00%
big_files/enwik6,binary,131072,131072,64,999999999,6,6,12,12,12,17,6,8.44,141.45,479417,47.94%
big_files/enwik6,binary,131072,131072,64,1,6,6,12,12,15,17,6,14.11,104.89,689200,68.92%
big_files/enwik6,binary,131072,131072,64,4,6,6,12,12,15,17,6,13.54,98.06,703996,70.40%
big_files/enwik6,binary,131072,131072,64,16,6,6,12,12,15,17,6,12.10,110.03,644308,64.43%
big_files/enwik6,binary,131072,131072,64,128,6,6,12,12,15,17,6,9.90,130.03,513516,51.35%
big_files/enwik6,binary,131072,131072,64,1024,6,6,12,12,15,17,6,8.45,136.28,477122,47.71%
big_files/enwik6,binary,131072,131072,64,999999999,6,6,12,12,15,17,6,8.21,126.31,476530,47.65%
big_files/enwik6,binary,131072,131072,64,1,6,6,12,15,15,17,6,14.20,109.13,688696,68.87%
big_files/enwik6,binary,131072,131072,64,4,6,6,12,15,15,17,6,13.28,89.59,701583,70.16%
big_files/enwik6,binary,131072,131072,64,16,6,6,12,15,15,17,6,11.67,105.65,640517,64.05%
big_files/enwik6,binary,131072,131072,64,128,6,6,12,15,15,17,6,9.81,135.28,510179,51.02%
big_files/enwik6,binary,131072,131072,64,1024,6,6,12,15,15,17,6,8.85,138.97,473678,47.37%
big_files/enwik6,binary,131072,131072,64,999999999,6,6,12,15,15,17,6,8.67,135.74,473086,47.31%
big_files/enwik6,binary,131072,131072,64,1,6,6,15,15,15,17,6,13.71,103.35,687529,68.75%
big_files/enwik6,binary,131072,131072,64,4,6,6,15,15,15,17,6,13.28,109.85,696968,69.70%
big_files/enwik6,binary,131072,131072,64,16,6,6,15,15,15,17,6,12.15,112.19,634466,63.45%
big_files/enwik6,binary,131072,131072,64,128,6,6,15,15,15,17,6,9.58,129.96,504803,50.48%
big_files/enwik6,binary,131072,131072,64,1024,6,6,15,15,15,17,6,8.40,120.29,468349,46.83%
big_files/enwik6,binary,131072,131072,64,999999999,6,6,15,15,15,17,6,8.48,138.10,467753,46.78%
big_files/enwik6,binary,131072,131072,64,1,6,12,12,12,12,17,6,13.95,104.34,656035,65.60%
big_files/enwik6,binary,131072,131072,64,4,6,12,12,12,12,17,6,12.87,105.58,679608,67.96%
big_files/enwik6,binary,131072,131072,64,16,6,12,12,12,12,17,6,12.40,111.47,629613,62.96%
big_files/enwik6,binary,131072,131072,64,128,6,12,12,12,12,17,6,9.60,132.44,503808,50.38%
big_files/enwik6,binary,131072,131072,64,1024,6,12,12,12,12,17,6,8.36,132.45,467014,46.70%
big_files/enwik6,binary,131072,131072,64,999999999,6,12,12,12,12,17,6,8.32,138.56,466426,46.64%
big_files/enwik6,binary,131072,131072,64,1,6,12,12,12,15,17,6,14.20,107.84,655883,65.59%
big_files/enwik6,binary,131072,131072,64,4,6,12,12,12,15,17,6,12.95,94.74,678401,67.84%
big_files/enwik6,binary,131072,131072,64,16,6,12,12,12,15,17,6,11.93,110.69,627844,62.78%
big_files/enwik6,binary,131072,131072,64,128,6,12,12,12,15,17,6,9.40,135.48,501110,50.11%
big_files/enwik6,binary,131072,131072,64,1024,6,12,12,12,15,17,6,8.47,136.30,464127,46.41%
big_files/enwik6,binary,131072,131072,64,999999999,6,12,12,12,15,17,6,8.14,128.70,463538,46.35%
big_files/enwik6,binary,131072,131072,64,1,6,12,12,15,15,17,6,13.94,107.25,655377,65.54%
big_files/enwik6,binary,131072,131072,64,4,6,12,12,15,15,17,6,13.48,107.37,675989,67.60%
big_files/enwik6,binary,131072,131072,64,16,6,12,12,15,15,17,6,11.92,111.96,624052,62.41%
big_files/enwik6,binary,131072,131072,64,128,6,12,12,15,15,17,6,9.67,135.30,497771,49.78%
big_files/enwik6,binary,131072,131072,64,1024,6,12,12,15,15,17,6,8.64,130.31,460685,46.07%
big_files/enwik6,binary,131072,131072,64,999999999,6,12,12,15,15,17,6,8.71,144.02,460093,46.01%
big_files/enwik6,binary,131072,131072,64,1,6,12,15,15,15,17,6,14.59,104.24,654213,65.42%
big_files/enwik6,binary,131072,131072,64,4,6,12,15,15,15,17,6,13.72,102.48,671375,67.14%
big_files/enwik6,binary,131072,131072,64,16,6,12,15,15,15,17,6,11.57,113.37,618002,61.80%
big_files/enwik6,binary,131072,131072,64,128,6,12,15,15,15,17,6,9.46,135.27,492397,49.24%
big_files/enwik6,binary,131072,131072,64,1024,6,12,15,15,15,17,6,8.67,142.43,455356,45.54%
big_files/enwik6,binary,131072,131072,64,999999999,6,12,15,15,15,17,6,8.38,136.35,454763,45.48%
big_files/enwik6,binary,131072,131072,64,1,6,15,15,15,15,17,6,14.28,108.36,650620,65.06%
big_files/enwik6,binary,131072,131072,64,4,6,15,15,15,15,17,6,13.16,99.68,659838,65.98%
big_files/enwik6,binary,131072,131072,64,16,6,15,15,15,15,17,6,10.82,107.94,604248,60.42%
big_files/enwik6,binary,131072,131072,64,128,6,15,15,15,15,17,6,9.05,122.19,482007,48.20%
big_files/enwik6,binary,131072,131072,64,1024,6,15,15,15,15,17,6,8.41,137.59,448109,44.81%
big_files/enwik6,binary,131072,131072,64,999999999,6,15,15,15,15,17,6,8.27,140.59,447544,44.75%
big_files/enwik6,binary,131072,131072,64,1,12,12,12,12,12,17,6,13.41,107.49,566964,56.70%
big_files/enwik6,binary,131072,131072,64,4,12,12,12,12,12,17,6,12.68,101.68,618077,61.81%
big_files/enwik6,binary,131072,131072,64,16,12,12,12,12,12,17,6,11.62,114.19,599637,59.96%
big_files/enwik6,binary,131072,131072,64,128,12,12,12,12,12,17,6,9.53,130.10,484490,48.45%
big_files/enwik6,binary,131072,131072,64,1024,12,12,12,12,12,17,6,8.62,127.66,447635,44.76%
big_files/enwik6,binary,131072,131072,64,999999999,12,12,12,12,12,17,6,8.46,143.58,447061,44.71%
big_files/enwik6,binary,131072,131072,64,1,12,12,12,12,15,17,6,12.56,105.64,566811,56.68%
big_files/enwik6,binary,131072,131072,64,4,12,12,12,12,15,17,6,11.68,101.99,616868,61.69%
big_files/enwik6,binary,131072,131072,64,16,12,12,12,12,15,17,6,11.33,114.93,597869,59.79%
big_files/enwik6,binary,131072,131072,64,128,12,12,12,12,15,17,6,9.62,138.24,481790,48.18%
big_files/enwik6,binary,131072,131072,64,1024,12,12,12,12,15,17,6,8.48,138.65,444751,44.48%
big_files/enwik6,binary,131072,131072,64,999999999,12,12,12,12,15,17,6,8.49,139.98,444172,44.42%
big_files/enwik6,binary,131072,131072,64,1,12,12,12,15,15,17,6,12.47,112.76,566306,56.63%
big_files/enwik6,binary,131072,131072,64,4,12,12,12,15,15,17,6,12.22,106.50,614459,61.45%
big_files/enwik6,binary,131072,131072,64,16,12,12,12,15,15,17,6,12.01,118.11,594076,59.41%
big_files/enwik6,binary,131072,131072,64,128,12,12,12,15,15,17,6,9.80,135.20,478452,47.85%
big_files/enwik6,binary,131072,131072,64,1024,12,12,12,15,15,17,6,8.70,135.49,441308,44.13%
big_files/enwik6,binary,131072,131072,64,999999999,12,12,12,15,15,17,6,8.44,134.56,440728,44.07%
big_files/enwik6,binary,131072,131072,64,1,12,12,15,15,15,17,6,14.11,110.18,565140,56.51%
big_files/enwik6,binary,131072,131072,64,4,12,12,15,15,15,17,6,13.25,96.87,609842,60.98%
big_files/enwik6,binary,131072,131072,64,16,12,12,15,15,15,17,6,11.48,116.25,588026,58.80%
big_files/enwik6,binary,131072,131072,64,128,12,12,15,15,15,17,6,9.62,130.01,473076,47.31%
big_files/enwik6,binary,131072,131072,64,1024,12,12,15,15,15,17,6,8.86,139.58,435978,43.60%
big_files/enwik6,binary,131072,131072,64,999999999,12,12,15,15,15,17,6,8.89,140.87,435397,43.54%
big_files/enwik6,binary,131072,131072,64,1,12,15,15,15,15,17,6,13.94,106.24,561550,56.15%
big_files/enwik6,binary,131072,131072,64,4,12,15,15,15,15,17,6,13.25,107.64,598308,59.83%
big_files/enwik6,binary,131072,131072,64,16,12,15,15,15,15,17,6,11.70,114.01,574272,57.43%
big_files/enwik6,binary,131072,131072,64,128,12,15,15,15,15,17,6,9.77,124.75,462687,46.27%
big_files/enwik6,binary,131072,131072,64,1024,12,15,15,15,15,17,6,8.56,136.82,428731,42.87%
big_files/enwik6,binary,131072,131072,64,999999999,12,15,15,15,15,17,6,8.76,124.48,428178,42.82%
big_files/enwik6,binary,131072,131072,64,1,15,15,15,15,15,17,6,13.97,111.06,543025,54.30%
big_files/enwik6,binary,131072,131072,64,4,15,15,15,15,15,17,6,13.28,108.89,556210,55.62%
big_files/enwik6,binary,131072,131072,64,16,15,15,15,15,15,17,6,11.72,118.54,532764,53.28%
big_files/enwik6,binary,131072,131072,64,128,15,15,15,15,15,17,6,9.83,131.79,451186,45.12%
big_files/enwik6,binary,131072,131072,64,1024,15,15,15,15,15,17,6,8.62,133.02,422819,42.28%
big_files/enwik6,binary,131072,131072,64,999999999,15,15,15,15,15,17,6,8.60,138.94,422283,42.23%
big_files/enwik6,binary,131072,131072,128,1,6,6,6,6,6,17,7,14.38,98.51,740202,74.02%
big_files/enwik6,binary,131072,131072,128,4,6,6,6,6,6,17,7,13.56,101.27,750026,75.00%
big_files/enwik6,binary,131072,131072,128,16,6,6,6,6,6,17,7,12.07,109.61,683367,68.34%
big_files/enwik6,binary,131072,131072,128,128,6,6,6,6,6,17,7,9.62,136.50,552206,55.22%
big_files/enwik6,binary,131072,131072,128,1024,6,6,6,6,6,17,7,8.69,132.96,516708,51.67%
big_files/enwik6,binary,131072,131072,128,999999999,6,6,6,6,6,17,7,8.51,139.46,516151,51.62%
big_files/enwik6,binary,131072,131072,128,1,6,6,6,6,12,17,7,14.23,101.09,734397,73.44%
big_files/enwik6,binary,131072,131072,128,4,6,6,6,6,12,17,7,12.14,104.26,745702,74.57%
big_files/enwik6,binary,131072,131072,128,16,6,6,6,6,12,17,7,11.12,111.87,679250,67.92%
big_files/enwik6,binary,131072,131072,128,128,6,6,6,6,12,17,7,9.39,129.20,547158,54.72%
big_files/enwik6,binary,131072,131072,128,1024,6,6,6,6,12,17,7,8.71,129.89,511070,51.11%
big_files/enwik6,binary,131072,131072,128,999999999,6,6,6,6,12,17,7,8.86,132.16,510517,51.05%
big_files/enwik6,binary,131072,131072,128,1,6,6,6,6,15,17,7,13.64,102.63,734007,73.40%
big_files/enwik6,binary,131072,131072,128,4,6,6,6,6,15,17,7,13.33,103.65,744186,74.42%
big_files/enwik6,binary,131072,131072,128,16,6,6,6,6,15,17,7,11.90,109.63,677100,67.71%
big_files/enwik6,binary,131072,131072,128,128,6,6,6,6,15,17,7,9.69,138.91,543919,54.39%
big_files/enwik6,binary,131072,131072,128,1024,6,6,6,6,15,17,7,8.91,129.52,507603,50.76%
big_files/enwik6,binary,131072,131072,128,999999999,6,6,6,6,15,17,7,8.71,125.13,507046,50.70%
big_files/enwik6,binary,131072,131072,128,1,6,6,6,12,12,17,7,14.00,100.70,724851,72.49%
big_files/enwik6,binary,131072,131072,128,4,6,6,6,12,12,17,7,13.07,102.94,738152,73.82%
big_files/enwik6,binary,131072,131072,128,16,6,6,6,12,12,17,7,11.91,108.10,673682,67.37%
big_files/enwik6,binary,131072,131072,128,128,6,6,6,12,12,17,7,9.79,124.74,540123,54.01%
big_files/enwik6,binary,131072,131072,128,1024,6,6,6,12,12,17,7,8.81,130.48,503365,50.34%
big_files/enwik6,binary,131072,131072,128,999999999,6,6,6,12,12,17,7,8.77,137.55,502802,50.28%
big_files/enwik6,binary,131072,131072,128,1,6,6,6,12,15,17,7,13.43,110.02,724463,72.45%
big_files/enwik6,binary,131072,131072,128,4,6,6,6,12,15,17,7,12.44,103.39,736641,73.66%
big_files/enwik6,binary,131072,131072,128,16,6,6,6,12,15,17,7,11.56,110.27,671533,67.15%
big_files/enwik6,binary,131072,131072,128,128,6,6,6,12,15,17,7,9.49,127.11,536882,53.69%
big_files/enwik6,binary,131072,131072,128,1024,6,6,6,12,15,17,7,8.87,130.63,499898,49.99%
big_files/enwik6,binary,131072,131072,128,999999999,6,6,6,12,15,17,7,8.55,131.69,499332,49.93%
big_files/enwik6,binary,131072,131072,128,1,6,6,6,15,15,17,7,13.98,101.47,723551,72.36%
big_files/enwik6,binary,131072,131072,128,4,6,6,6,15,15,17,7,13.34,96.87,733665,73.37%
big_files/enwik6,binary,131072,131072,128,16,6,6,6,15,15,17,7,11.95,112.41,667051,66.71%
big_files/enwik6,binary,131072,131072,128,128,6,6,6,15,15,17,7,10.15,128.04,532848,53.28%
big_files/enwik6,binary,131072,131072,128,1024,6,6,6,15,15,17,7,8.85,131.25,495720,49.57%
big_files/enwik6,binary,131072,131072,128,999999999,6,6,6,15,15,17,7,7.99,129.53,495152,49.52%
big_files/enwik6,binary,131072,131072,128,1,6,6,12,12,12,17,7,12.61,101.50,710176,71.02%
big_files/enwik6,binary,131072,131072,128,4,6,6,12,12,12,17,7,13.17,100.13,726943,72.69%
big_files/enwik6,binary,131072,131072,128,16,6,6,12,12,12,17,7,11.89,112.61,665804,66.58%
big_files/enwik6,binary,131072,131072,128,128,6,6,12,12,12,17,7,9.33,130.93,531212,53.12%
big_files/enwik6,binary,131072,131072,128,1024,6,6,12,12,12,17,7,8.48,135.99,493675,49.37%
big_files/enwik6,binary,131072,131072,128,999999999,6,6,12,12,12,17,7,8.30,124.88,493111,49.31%
big_files/enwik6,binary,131072,131072,128,1,6,6,12,12,15,17,7,13.38,101.74,709788,70.98%
big_files/enwik6,binary,131072,131072,128,4,6,6,12,12,15,17,7,13.48,101.51,725428,72.54%
big_files/enwik6,binary,131072,131072,128,16,6,6,12,12,15,17,7,11.01,100.00,663655,66.37%
big_files/enwik6,binary,131072,131072,128,128,6,6,12,12,15,17,7,9.23,134.10,527973,52.80%
big_files/enwik6,binary,131072,131072,128,1024,6,6,12,12,15,17,7,8.62,129.59,490209,49.02%
big_files/enwik6,binary,131072,131072,128,999999999,6,6,12,12,15,17,7,8.54,141.94,489641,48.96%
big_files/enwik6,binary,131072,131072,128,1,6,6,12,15,15,17,7,13.53,104.97,708875,70.89%
big_files/enwik6,binary,131072,131072,128,4,6,6,12,15,15,17,7,12.85,98.03,722453,72.25%
big_files/enwik6,binary,131072,131072,128,16,6,6,12,15,15,17,7,12.04,107.70,659174,65.92%
big_files/enwik6,binary,131072,131072,128,128,6,6,12,15,15,17,7,9.54,125.83,523939,52.39%
big_files/enwik6,binary,131072,131072,128,1024,6,6,12,15,15,17,7,8.54,132.16,486031,48.60%
big_files/enwik6,binary,131072,131072,128,999999999,6,6,12,15,15,17,7,8.39,138.50,485460,48.55%
big_files/enwik6,binary,131072,131072,128,1,6,6,15,15,15,17,7,13.59,103.92,707049,70.70%
big_files/enwik6,binary,131072,131072,128,4,6,6,15,15,15,17,7,13.74,100.57,716871,71.69%
big_files/enwik6,binary,131072,131072,128,16,6,6,15,15,15,17,7,11.72,102.72,652076,65.21%
big_files/enwik6,binary,131072,131072,128,128,6,6,15,15,15,17,7,9.61,129.13,517546,51.75%
big_files/enwik6,binary,131072,131072,128,1024,6,6,15,15,15,17,7,8.38,145.95,479662,47.97%
big_files/enwik6,binary,131072,131072,128,999999999,6,6,15,15,15,17,7,8.44,133.91,479089,47.91%
big_files/enwik6,binary,131072,131072,128,1,6,12,12,12,12,17,7,12.92,99.37,674010,67.40%
big_files/enwik6,binary,131072,131072,128,4,6,12,12,12,12,17,7,12.72,102.77,699206,69.92%
big_files/enwik6,binary,131072,131072,128,16,6,12,12,12,12,17,7,11.92,107.98,647958,64.80%
big_files/enwik6,binary,131072,131072,128,128,6,12,12,12,12,17,7,9.38,124.43,517713,51.77%
big_files/enwik6,binary,131072,131072,128,1024,6,12,12,12,12,17,7,8.64,139.48,479532,47.95%
big_files/enwik6,binary,131072,131072,128,999999999,6,12,12,12,12,17,7,8.46,136.14,478969,47.90%
big_files/enwik6,binary,131072,131072,128,1,6,12,12,12,15,17,7,13.49,109.63,673620,67.36%
big_files/enwik6,binary,131072,131072,128,4,6,12,12,12,15,17,7,13.17,103.05,697691,69.77%
big_files/enwik6,binary,131072,131072,128,16,6,12,12,12,15,17,7,11.73,110.46,645807,64.58%
big_files/enwik6,binary,131072,131072,128,128,6,12,12,12,15,17,7,9.48,126.66,514474,51.45%
big_files/enwik6,binary,131072,131072,128,1024,6,12,12,12,15,17,7,7.94,125.98,476063,47.61%
big_files/enwik6,binary,131072,131072,128,999999999,6,12,12,12,15,17,7,8.49,125.23,475498,47.55%
big_files/enwik6,binary,131072,131072,128,1,6,12,12,15,15,17,7,13.45,108.03,672709,67.27%
big_files/enwik6,binary,131072,131072,128,4,6,12,12,15,15,17,7,12.91,103.68,694716,69.47%
big_files/enwik6,binary,131072,131072,128,16,6,12,12,15,15,17,7,11.62,110.76,641325,64.13%
big_files/enwik6,binary,131072,131072,128,128,6,12,12,15,15,17,7,9.36,135.10,510439,51.04%
big_files/enwik6,binary,131072,131072,128,1024,6,12,12,15,15,17,7,8.44,132.69,471885,47.19%
big_files/enwik6,binary,131072,131072,128,999999999,6,12,12,15,15,17,7,8.86,129.68,471318,47.13%
big_files/enwik6,binary,131072,131072,128,1,6,12,15,15,15,17,7,14.86,95.05,670883,67.09%
big_files/enwik6,binary,131072,131072,128,4,6,12,15,15,15,17,7,14.27,109.77,689136,68.91%
big_files/enwik6,binary,131072,131072,128,16,6,12,15,15,15,17,7,13.23,114.93,634227,63.42%
big_files/enwik6,binary,131072,131072,128,128,6,12,15,15,15,17,7,10.45,135.67,504048,50.40%
big_files/enwik6,binary,131072,131072,128,1024,6,12,15,15,15,17,7,9.61,155.90,465519,46.55%
big_files/enwik6,binary,131072,131072,128,999999999,6,12,15,15,15,17,7,9.47,143.59,464948,46.49%
big_files/enwik6,binary,131072,131072,128,1,6,15,15,15,15,17,7,14.69,104.04,665887,66.59%
big_files/enwik6,binary,131072,131072,128,4,6,15,15,15,15,17,7,13.99,106.31,675596,67.56%
big_files/enwik6,binary,131072,131072,128,16,6,15,15,15,15,17,7,11.81,105.31,618443,61.84%
big_files/enwik6,binary,131072,131072,128,128,6,15,15,15,15,17,7,10.77,127.90,492090,49.21%
big_files/enwik6,binary,131072,131072,128,1024,6,15,15,15,15,17,7,9.51,148.13,457039,45.70%
big_files/enwik6,binary,131072,131072,128,999999999,6,15,15,15,15,17,7,9.55,152.58,456497,45.65%
big_files/enwik6,binary,131072,131072,128,1,12,12,12,12,12,17,7,15.45,119.20,577431,57.74%
big_files/enwik6,binary,131072,131072,128,4,12,12,12,12,12,17,7,13.11,105.33,632530,63.25%
big_files/enwik6,binary,131072,131072,128,16,12,12,12,12,12,17,7,12.39,112.29,615470,61.55%
big_files/enwik6,binary,131072,131072,128,128,12,12,12,12,12,17,7,10.72,131.08,496703,49.67%
big_files/enwik6,binary,131072,131072,128,1024,12,12,12,12,12,17,7,9.35,134.13,458441,45.84%
big_files/enwik6,binary,131072,131072,128,999999999,12,12,12,12,12,17,7,9.56,147.11,457891,45.79%
big_files/enwik6,binary,131072,131072,128,1,12,12,12,12,15,17,7,15.46,115.84,577041,57.70%
big_files/enwik6,binary,131072,131072,128,4,12,12,12,12,15,17,7,14.38,111.93,631013,63.10%
big_files/enwik6,binary,131072,131072,128,16,12,12,12,12,15,17,7,12.79,110.22,613320,61.33%
big_files/enwik6,binary,131072,131072,128,128,12,12,12,12,15,17,7,10.54,133.65,493463,49.35%
big_files/enwik6,binary,131072,131072,128,1024,12,12,12,12,15,17,7,9.42,135.01,454974,45.50%
big_files/enwik6,binary,131072,131072,128,999999999,12,12,12,12,15,17,7,9.67,140.84,454421,45.44%
big_files/enwik6,binary,131072,131072,128,1,12,12,12,15,15,17,7,15.10,113.45,576130,57.61%
big_files/enwik6,binary,131072,131072,128,4,12,12,12,15,15,17,7,14.55,104.32,628041,62.80%
big_files/enwik6,binary,131072,131072,128,16,12,12,12,15,15,17,7,12.53,113.66,608838,60.88%
big_files/enwik6,binary,131072,131072,128,128,12,12,12,15,15,17,7,10.39,138.30,489428,48.94%
big_files/enwik6,binary,131072,131072,128,1024,12,12,12,15,15,17,7,9.48,132.68,450798,45.08%
big_files/enwik6,binary,131072,131072,128,999999999,12,12,12,15,15,17,7,9.46,145.64,450240,45.02%
big_files/enwik6,binary,131072,131072,128,1,12,12,15,15,15,17,7,15.31,118.00,574304,57.43%
big_files/enwik6,binary,131072,131072,128,4,12,12,15,15,15,17,7,14.90,109.16,622458,62.25%
big_files/enwik6,binary,131072,131072,128,16,12,12,15,15,15,17,7,12.54,112.98,601741,60.17%
big_files/enwik6,binary,131072,131072,128,128,12,12,15,15,15,17,7,10.30,136.49,483037,48.30%
big_files/enwik6,binary,131072,131072,128,1024,12,12,15,15,15,17,7,9.64,142.71,444428,44.44%
big_files/enwik6,binary,131072,131072,128,999999999,12,12,15,15,15,17,7,9.29,145.84,443873,44.39%
big_files/enwik6,binary,131072,131072,128,1,12,15,15,15,15,17,7,15.09,108.46,569307,56.93%
big_files/enwik6,binary,131072,131072,128,4,12,15,15,15,15,17,7,14.57,109.40,608920,60.89%
big_files/enwik6,binary,131072,131072,128,16,12,15,15,15,15,17,7,12.88,112.62,585958,58.60%
big_files/enwik6,binary,131072,131072,128,128,12,15,15,15,15,17,7,10.10,119.21,471080,47.11%
big_files/enwik6,binary,131072,131072,128,1024,12,15,15,15,15,17,7,9.84,143.45,435950,43.59%
big_files/enwik6,binary,131072,131072,128,999999999,12,15,15,15,15,17,7,9.43,130.36,435420,43.54%
big_files/enwik6,binary,131072,131072,128,1,15,15,15,15,15,17,7,15.54,116.66,546106,54.61%
big_files/enwik6,binary,131072,131072,128,4,15,15,15,15,15,17,7,14.04,120.69,560425,56.04%
big_files/enwik6,binary,131072,131072,128,16,15,15,15,15,15,17,7,13.67,117.36,538950,53.89%
big_files/enwik6,binary,131072,131072,128,128,15,15,15,15,15,17,7,10.48,124.62,457675,45.77%
big_files/enwik6,binary,131072,131072,128,1024,15,15,15,15,15,17,7,9.66,146.32,428741,42.87%
big_files/enwik6,binary,131072,131072,128,999999999,15,15,15,15,15,17,7,9.47,142.47,428229,42.82%
big_files/enwik6,binary,131072,131072,256,1,6,6,6,6,6,17,8,14.95,106.58,764174,76.42%
big_files/enwik6,binary,131072,131072,256,4,6,6,6,6,6,17,8,14.36,105.80,774274,77.43%
big_files/enwik6,binary,131072,131072,256,16,6,6,6,6,6,17,8,13.40,103.35,705357,70.54%
big_files/enwik6,binary,131072,131072,256,128,6,6,6,6,6,17,8,10.57,138.26,569727,56.97%
big_files/enwik6,binary,131072,131072,256,1024,6,6,6,6,6,17,8,9.42,135.19,533020,53.30%
big_files/enwik6,binary,131072,131072,256,999999999,6,6,6,6,6,17,8,9.73,151.43,532447,53.24%
big_files/enwik6,binary,131072,131072,256,1,6,6,6,6,12,17,8,15.06,106.79,757866,75.79%
big_files/enwik6,binary,131072,131072,256,4,6,6,6,6,12,17,8,14.71,107.58,769570,76.96%
big_files/enwik6,binary,131072,131072,256,16,6,6,6,6,12,17,8,12.91,108.21,700871,70.09%
big_files/enwik6,binary,131072,131072,256,128,6,6,6,6,12,17,8,10.63,130.08,564217,56.42%
big_files/enwik6,binary,131072,131072,256,1024,6,6,6,6,12,17,8,9.30,134.30,526867,52.69%
big_files/enwik6,binary,131072,131072,256,999999999,6,6,6,6,12,17,8,9.81,133.44,526297,52.63%
big_files/enwik6,binary,131072,131072,256,1,6,6,6,6,15,17,8,15.28,104.59,757250,75.72%
big_files/enwik6,binary,131072,131072,256,4,6,6,6,6,15,17,8,12.09,99.90,767747,76.77%
big_files/enwik6,binary,131072,131072,256,16,6,6,6,6,15,17,8,11.58,106.22,698344,69.83%
big_files/enwik6,binary,131072,131072,256,128,6,6,6,6,15,17,8,9.25,127.82,560443,56.04%
big_files/enwik6,binary,131072,131072,256,1024,6,6,6,6,15,17,8,8.68,128.54,522819,52.28%
big_files/enwik6,binary,131072,131072,256,999999999,6,6,6,6,15,17,8,8.42,132.05,522244,52.22%
big_files/enwik6,binary,131072,131072,256,1,6,6,6,12,12,17,8,12.59,101.45,747504,74.75%
big_files/enwik6,binary,131072,131072,256,4,6,6,6,12,12,17,8,12.04,97.43,761411,76.14%
big_files/enwik6,binary,131072,131072,256,16,6,6,6,12,12,17,8,11.39,108.91,694810,69.48%
big_files/enwik6,binary,131072,131072,256,128,6,6,6,12,12,17,8,9.28,127.40,556545,55.65%
big_files/enwik6,binary,131072,131072,256,1024,6,6,6,12,12,17,8,8.70,133.05,518470,51.85%
big_files/enwik6,binary,131072,131072,256,999999999,6,6,6,12,12,17,8,8.70,132.73,517889,51.79%
big_files/enwik6,binary,131072,131072,256,1,6,6,6,12,15,17,8,14.03,99.72,746886,74.69%
big_files/enwik6,binary,131072,131072,256,4,6,6,6,12,15,17,8,13.05,100.72,759588,75.96%
big_files/enwik6,binary,131072,131072,256,16,6,6,6,12,15,17,8,11.11,111.37,692281,69.23%
big_files/enwik6,binary,131072,131072,256,128,6,6,6,12,15,17,8,9.47,133.32,552771,55.28%
big_files/enwik6,binary,131072,131072,256,1024,6,6,6,12,15,17,8,8.48,131.79,514420,51.44%
big_files/enwik6,binary,131072,131072,256,999999999,6,6,6,12,15,17,8,8.25,131.65,513838,51.38%
big_files/enwik6,binary,131072,131072,256,1,6,6,6,15,15,17,8,13.36,103.61,745572,74.56%
big_files/enwik6,binary,131072,131072,256,4,6,6,6,15,15,17,8,13.69,105.21,756042,75.60%
big_files/enwik6,binary,131072,131072,256,16,6,6,6,15,15,17,8,11.59,109.45,687108,68.71%
big_files/enwik6,binary,131072,131072,256,128,6,6,6,15,15,17,8,9.46,132.33,548042,54.80%
big_files/enwik6,binary,131072,131072,256,1024,6,6,6,15,15,17,8,8.43,128.54,509509,50.95%
big_files/enwik6,binary,131072,131072,256,999999999,6,6,6,15,15,17,8,8.68,137.29,508922,50.89%
big_files/enwik6,binary,131072,131072,256,1,6,6,12,12,12,17,8,13.73,100.58,731561,73.16%
big_files/enwik6,binary,131072,131072,256,4,6,6,12,12,12,17,8,12.83,104.94,749231,74.92%
big_files/enwik6,binary,131072,131072,256,16,6,6,12,12,12,17,8,11.25,110.00,686237,68.62%
big_files/enwik6,binary,131072,131072,256,128,6,6,12,12,12,17,8,9.30,129.26,546833,54.68%
big_files/enwik6,binary,131072,131072,256,1024,6,6,12,12,12,17,8,8.45,122.48,507910,50.79%
big_files/enwik6,binary,131072,131072,256,999999999,6,6,12,12,12,17,8,8.53,138.32,507325,50.73%
big_files/enwik6,binary,131072,131072,256,1,6,6,12,12,15,17,8,14.02,100.49,730944,73.09%
big_files/enwik6,binary,131072,131072,256,4,6,6,12,12,15,17,8,12.84,94.51,747409,74.74%
big_files/enwik6,binary,131072,131072,256,16,6,6,12,12,15,17,8,12.10,112.53,683710,68.37%
big_files/enwik6,binary,131072,131072,256,128,6,6,12,12,15,17,8,9.67,128.16,543057,54.31%
big_files/enwik6,binary,131072,131072,256,1024,6,6,12,12,15,17,8,8.41,132.63,503860,50.39%
big_files/enwik6,binary,131072,131072,256,999999999,6,6,12,12,15,17,8,9.05,138.75,503272,50.33%
big_files/enwik6,binary,131072,131072,256,1,6,6,12,15,15,17,8,13.97,99.50,729631,72.96%
big_files/enwik6,binary,131072,131072,256,4,6,6,12,15,15,17,8,13.28,100.06,743862,74.39%
big_files/enwik6,binary,131072,131072,256,16,6,6,12,15,15,17,8,11.77,105.97,678536,67.85%
big_files/enwik6,binary,131072,131072,256,128,6,6,12,15,15,17,8,9.31,129.91,538330,53.83%
big_files/enwik6,binary,131072,131072,256,1024,6,6,12,15,15,17,8,8.72,136.01,498950,49.89%
big_files/enwik6,binary,131072,131072,256,999999999,6,6,12,15,15,17,8,8.30,134.28,498359,49.84%
big_files/enwik6,binary,131072,131072,256,1,6,6,15,15,15,17,8,14.04,94.28,727146,72.71%
big_files/enwik6,binary,131072,131072,256,4,6,6,15,15,15,17,8,13.03,97.62,737319,73.73%
big_files/enwik6,binary,131072,131072,256,16,6,6,15,15,15,17,8,11.85,106.19,670389,67.04%
big_files/enwik6,binary,131072,131072,256,128,6,6,15,15,15,17,8,9.70,131.02,530923,53.09%
big_files/enwik6,binary,131072,131072,256,1024,6,6,15,15,15,17,8,8.58,129.84,491549,49.15%
big_files/enwik6,binary,131072,131072,256,999999999,6,6,15,15,15,17,8,8.30,133.32,490955,49.10%
big_files/enwik6,binary,131072,131072,256,1,6,12,12,12,12,17,8,14.04,101.79,692556,69.26%
big_files/enwik6,binary,131072,131072,256,4,6,12,12,12,12,17,8,12.94,101.71,719360,71.94%
big_files/enwik6,binary,131072,131072,256,16,6,12,12,12,12,17,8,11.80,113.45,666970,66.70%
big_files/enwik6,binary,131072,131072,256,128,6,12,12,12,12,17,8,9.28,126.45,532230,53.22%
big_files/enwik6,binary,131072,131072,256,1024,6,12,12,12,12,17,8,7.84,128.19,492611,49.26%
big_files/enwik6,binary,131072,131072,256,999999999,6,12,12,12,12,17,8,8.65,119.64,492027,49.20%
big_files/enwik6,binary,131072,131072,256,1,6,12,12,12,15,17,8,14.12,102.44,691939,69.19%
big_files/enwik6,binary,131072,131072,256,4,6,12,12,12,15,17,8,13.17,102.15,717537,71.75%
big_files/enwik6,binary,131072,131072,256,16,6,12,12,12,15,17,8,11.61,114.36,664444,66.44%
big_files/enwik6,binary,131072,131072,256,128,6,12,12,12,15,17,8,9.55,123.28,528455,52.85%
big_files/enwik6,binary,131072,131072,256,1024,6,12,12,12,15,17,8,8.69,129.88,488561,48.86%
big_files/enwik6,binary,131072,131072,256,999999999,6,12,12,12,15,17,8,8.75,133.55,487977,48.80%
big_files/enwik6,binary,131072,131072,256,1,6,12,12,15,15,17,8,14.23,102.16,690627,69.06%
big_files/enwik6,binary,131072,131072,256,4,6,12,12,15,15,17,8,12.70,105.25,713991,71.40%
big_files/enwik6,binary,131072,131072,256,16,6,12,12,15,15,17,8,11.89,111.73,659271,65.93%
big_files/enwik6,binary,131072,131072,256,128,6,12,12,15,15,17,8,9.74,131.23,523725,52.37%
big_files/enwik6,binary,131072,131072,256,1024,6,12,12,15,15,17,8,8.55,135.35,483649,48.36%
big_files/enwik6,binary,131072,131072,256,999999999,6,12,12,15,15,17,8,8.44,128.57,483061,48.31%
big_files/enwik6,binary,131072,131072,256,1,6,12,15,15,15,17,8,13.13,106.84,688141,68.81%
big_files/enwik6,binary,131072,131072,256,4,6,12,15,15,15,17,8,12.40,103.55,707449,70.74%
big_files/enwik6,binary,131072,131072,256,16,6,12,15,15,15,17,8,12.00,107.00,651123,65.11%
big_files/enwik6,binary,131072,131072,256,128,6,12,15,15,15,17,8,9.51,124.55,516317,51.63%
big_files/enwik6,binary,131072,131072,256,1024,6,12,15,15,15,17,8,8.57,132.92,476248,47.62%
big_files/enwik6,binary,131072,131072,256,999999999,6,12,15,15,15,17,8,8.86,135.65,475658,47.57%
big_files/enwik6,binary,131072,131072,256,1,6,15,15,15,15,17,8,13.66,99.95,681745,68.17%
big_files/enwik6,binary,131072,131072,256,4,6,15,15,15,15,17,8,13.37,106.73,691889,69.19%
big_files/enwik6,binary,131072,131072,256,16,6,15,15,15,15,17,8,11.96,108.65,633305,63.33%
big_files/enwik6,binary,131072,131072,256,128,6,15,15,15,15,17,8,9.85,123.39,502794,50.28%
big_files/enwik6,binary,131072,131072,256,1024,6,15,15,15,15,17,8,8.55,130.54,466535,46.65%
big_files/enwik6,binary,131072,131072,256,999999999,6,15,15,15,15,17,8,8.57,131.53,465972,46.60%
big_files/enwik6,binary,131072,131072,256,1,12,12,12,12,12,17,8,14.24,107.82,588449,58.84%
big_files/enwik6,binary,131072,131072,256,4,12,12,12,12,12,17,8,12.91,105.93,647569,64.76%
big_files/enwik6,binary,131072,131072,256,16,12,12,12,12,12,17,8,12.16,113.35,631930,63.19%
big_files/enwik6,binary,131072,131072,256,128,12,12,12,12,12,17,8,9.47,131.64,509519,50.95%
big_files/enwik6,binary,131072,131072,256,1024,12,12,12,12,12,17,8,8.69,136.58,469803,46.98%
big_files/enwik6,binary,131072,131072,256,999999999,12,12,12,12,12,17,8,8.43,138.92,469237,46.92%
big_files/enwik6,binary,131072,131072,256,1,12,12,12,12,15,17,8,13.75,109.72,587832,58.78%
big_files/enwik6,binary,131072,131072,256,4,12,12,12,12,15,17,8,12.93,101.36,645746,64.57%
big_files/enwik6,binary,131072,131072,256,16,12,12,12,12,15,17,8,11.64,107.77,629403,62.94%
big_files/enwik6,binary,131072,131072,256,128,12,12,12,12,15,17,8,9.34,125.96,505745,50.57%
big_files/enwik6,binary,131072,131072,256,1024,12,12,12,12,15,17,8,8.76,134.46,465754,46.58%
big_files/enwik6,binary,131072,131072,256,999999999,12,12,12,12,15,17,8,8.44,125.86,465183,46.52%
big_files/enwik6,binary,131072,131072,256,1,12,12,12,15,15,17,8,13.91,106.92,586520,58.65%
big_files/enwik6,binary,131072,131072,256,4,12,12,12,15,15,17,8,13.47,104.87,642200,64.22%
big_files/enwik6,binary,131072,131072,256,16,12,12,12,15,15,17,8,12.07,108.30,624230,62.42%
big_files/enwik6,binary,131072,131072,256,128,12,12,12,15,15,17,8,9.40,125.12,501015,50.10%
big_files/enwik6,binary,131072,131072,256,1024,12,12,12,15,15,17,8,8.59,138.14,460843,46.08%
big_files/enwik6,binary,131072,131072,256,999999999,12,12,12,15,15,17,8,8.01,138.80,460269,46.03%
big_files/enwik6,binary,131072,131072,256,1,12,12,15,15,15,17,8,14.25,106.96,584034,58.40%
big_files/enwik6,binary,131072,131072,256,4,12,12,15,15,15,17,8,13.29,109.16,635658,63.57%
big_files/enwik6,binary,131072,131072,256,16,12,12,15,15,15,17,8,11.83,111.28,616083,61.61%
big_files/enwik6,binary,131072,131072,256,128,12,12,15,15,15,17,8,9.54,123.46,493610,49.36%
big_files/enwik6,binary,131072,131072,256,1024,12,12,15,15,15,17,8,8.28,136.71,453443,45.34%
big_files/enwik6,binary,131072,131072,256,999999999,12,12,15,15,15,17,8,8.30,138.69,452865,45.29%
big_files/enwik6,binary,131072,131072,256,1,12,15,15,15,15,17,8,13.36,110.79,577638,57.76%
big_files/enwik6,binary,131072,131072,256,4,12,15,15,15,15,17,8,12.99,105.21,620097,62.01%
big_files/enwik6,binary,131072,131072,256,16,12,15,15,15,15,17,8,11.68,110.12,598267,59.83%
big_files/enwik6,binary,131072,131072,256,128,12,15,15,15,15,17,8,10.07,131.42,480085,48.01%
big_files/enwik6,binary,131072,131072,256,1024,12,15,15,15,15,17,8,8.78,142.26,443726,44.37%
big_files/enwik6,binary,131072,131072,256,999999999,12,15,15,15,15,17,8,8.79,123.73,443180,44.32%
big_files/enwik6,binary,131072,131072,256,1,15,15,15,15,15,17,8,14.16,110.89,549795,54.98%
big_files/enwik6,binary,131072,131072,256,4,15,15,15,15,15,17,8,13.38,109.62,565167,56.52%
big_files/enwik6,binary,131072,131072,256,16,15,15,15,15,15,17,8,12.25,104.82,545769,54.58%
big_files/enwik6,binary,131072,131072,256,128,15,15,15,15,15,17,8,9.64,131.66,464768,46.48%
big_files/enwik6,binary,131072,131072,256,1024,15,15,15,15,15,17,8,8.70,133.44,435220,43.52%
big_files/enwik6,binary,131072,131072,256,999999999,15,15,15,15,15,17,8,8.53,131.31,434693,43.47%
big_files/enwik6,binary,131072,131072,258,1,6,6,6,6,6,17,8,14.07,98.19,764174,76.42%
big_files/enwik6,binary,131072,131072,258,4,6,6,6,6,6,17,8,13.13,99.36,774274,77.43%
big_files/enwik6,binary,131072,131072,258,16,6,6,6,6,6,17,8,11.47,102.24,705357,70.54%
big_files/enwik6,binary,131072,131072,258,128,6,6,6,6,6,17,8,8.93,130.29,569727,56.97%
big_files/enwik6,binary,131072,131072,258,1024,6,6,6,6,6,17,8,8.30,131.24,533020,53.30%
big_files/enwik6,binary,131072,131072,258,999999999,6,6,6,6,6,17,8,8.47,138.01,532447,53.24%
big_files/enwik6,binary,131072,131072,258,1,6,6,6,6,12,17,8,13.82,95.12,757866,75.79%
big_files/enwik6,binary,131072,131072,258,4,6,6,6,6,12,17,8,12.91,105.10,769570,76.96%
big_files/enwik6,binary,131072,131072,258,16,6,6,6,6,12,17,8,11.96,108.82,700871,70.09%
big_files/enwik6,binary,131072,131072,258,128,6,6,6,6,12,17,8,9.34,121.35,564217,56.42%
big_files/enwik6,binary,131072,131072,258,1024,6,6,6,6,12,17,8,8.43,131.74,526867,52.69%
big_files/enwik6,binary,131072,131072,258,999999999,6,6,6,6,12,17,8,8.66,136.38,526297,52.63%
big_files/enwik6,binary,131072,131072,258,1,6,6,6,6,15,17,8,13.49,102.53,757250,75.72%
big_files/enwik6,binary,131072,131072,258,4,6,6,6,6,15,17,8,12.41,105.33,767747,76.77%
big_files/enwik6,binary,131072,131072,258,16,6,6,6,6,15,17,8,11.81,110.79,698344,69.83%
big_files/enwik6,binary,131072,131072,258,128,6,6,6,6,15,17,8,9.95,128.06,560443,56.04%
big_files/enwik6,binary,131072,131072,258,1024,6,6,6,6,15,17,8,8.20,141.78,522819,52.28%
big_files/enwik6,binary,131072,131072,258,999999999,6,6,6,6,15,17,8,8.46,137.70,522244,52.22%
big_files/enwik6,binary,131072,131072,258,1,6,6,6,12,12,17,8,13.90,104.35,747504,74.75%
big_files/enwik6,binary,131072,131072,258,4,6,6,6,12,12,17,8,12.92,100.79,761411,76.14%
big_files/enwik6,binary,131072,131072,258,16,6,6,6,12,12,17,8,11.88,116.25,694810,69.48%
big_files/enwik6,binary,131072,131072,258,128,6,6,6,12,12,17,8,9.91,131.32,556545,55.65%
big_files/enwik6,binary,131072,131072,258,1024,6,6,6,12,12,17,8,8.65,133.40,518470,51.85%
big_files/enwik6,binary,131072,131072,258,999999999,6,6,6,12,12,17,8,8.76,123.66,517889,51.79%
big_files/enwik6,binary,131072,131072,258,1,6,6,6,12,15,17,8,13.53,101.91,746886,74.69%
big_files/enwik6,binary,131072,131072,258,4,6,6,6,12,15,17,8,12.91,95.78,759588,75.96%
big_files/enwik6,binary,131072,131072,258,16,6,6,6,12,15,17,8,11.40,104.29,692281,69.23%
big_files/enwik6,binary,131072,131072,258,128,6,6,6,12,15,17,8,9.58,130.90,552771,55.28%
big_files/enwik6,binary,131072,131072,258,1024,6,6,6,12,15,17,8,8.40,133.54,514420,51.44%
big_files/enwik6,binary,131072,131072,258,999999999,6,6,6,12,15,17,8,8.60,128.29,513838,51.38%
big_files/enwik6,binary,131072,131072,258,1,6,6,6,15,15,17,8,13.76,93.28,745572,74.56%
big_files/enwik6,binary,131072,131072,258,4,6,6,6,15,15,17,8,12.34,99.18,756042,75.60%
big_files/enwik6,binary,131072,131072,258,16,6,6,6,15,15,17,8,11.72,106.85,687108,68.71%
big_files/enwik6,binary,131072,131072,258,128,6,6,6,15,15,17,8,9.57,128.24,548042,54.80%
big_files/enwik6,binary,131072,131072,258,1024,6,6,6,15,15,17,8,8.81,136.07,509509,50.95%
big_files/enwik6,binary,131072,131072,258,999999999,6,6,6,15,15,17,8,8.68,136.27,508922,50.89%
big_files/enwik6,binary,131072,131072,258,1,6,6,12,12,12,17,8,14.00,104.96,731561,73.16%
big_files/enwik6,binary,131072,131072,258,4,6,6,12,12,12,17,8,13.29,96.34,749231,74.92%
big_files/enwik6,binary,131072,131072,258,16,6,6,12,12,12,17,8,11.95,108.78,686239,68.62%
big_files/enwik6,binary,131072,131072,258,128,6,6,12,12,12,17,8,9.36,119.63,546835,54.68%
big_files/enwik6,binary,131072,131072,258,1024,6,6,12,12,12,17,8,8.42,135.76,507912,50.79%
big_files/enwik6,binary,131072,131072,258,999999999,6,6,12,12,12,17,8,8.58,139.73,507327,50.73%
big_files/enwik6,binary,131072,131072,258,1,6,6,12,12,15,17,8,13.95,101.98,730944,73.09%
big_files/enwik6,binary,131072,131072,258,4,6,6,12,12,15,17,8,13.45,101.87,747409,74.74%
big_files/enwik6,binary,131072,131072,258,16,6,6,12,12,15,17,8,11.93,109.47,683711,68.37%
big_files/enwik6,binary,131072,131072,258,128,6,6,12,12,15,17,8,9.51,124.30,543059,54.31%
big_files/enwik6,binary,131072,131072,258,1024,6,6,12,12,15,17,8,8.98,131.46,503862,50.39%
big_files/enwik6,binary,131072,131072,258,999999999,6,6,12,12,15,17,8,8.36,128.72,503273,50.33%
big_files/enwik6,binary,131072,131072,258,1,6,6,12,15,15,17,8,14.21,101.66,729631,72.96%
big_files/enwik6,binary,131072,131072,258,4,6,6,12,15,15,17,8,13.18,98.62,743862,74.39%
big_files/enwik6,binary,131072,131072,258,16,6,6,12,15,15,17,8,11.68,111.51,678538,67.85%
big_files/enwik6,binary,131072,131072,258,128,6,6,12,15,15,17,8,9.51,118.63,538332,53.83%
big_files/enwik6,binary,131072,131072,258,1024,6,6,12,15,15,17,8,8.21,139.77,498951,49.90%
big_files/enwik6,binary,131072,131072,258,999999999,6,6,12,15,15,17,8,8.14,132.29,498361,49.84%
big_files/enwik6,binary,131072,131072,258,1,6,6,15,15,15,17,8,14.36,103.30,727146,72.71%
big_files/enwik6,binary,131072,131072,258,4,6,6,15,15,15,17,8,13.90,99.78,737319,73.73%
big_files/enwik6,binary,131072,131072,258,16,6,6,15,15,15,17,8,11.18,103.38,670390,67.04%
big_files/enwik6,binary,131072,131072,258,128,6,6,15,15,15,17,8,9.30,120.68,530924,53.09%
big_files/enwik6,binary,131072,131072,258,1024,6,6,15,15,15,17,8,8.27,134.35,491550,49.15%
big_files/enwik6,binary,131072,131072,258,999999999,6,6,15,15,15,17,8,8.46,129.46,490956,49.10%
big_files/enwik6,binary,131072,131072,258,1,6,12,12,12,12,17,8,13.65,104.00,692556,69.26%
big_files/enwik6,binary,131072,131072,258,4,6,12,12,12,12,17,8,12.91,104.27,719360,71.94%
big_files/enwik6,binary,131072,131072,258,16,6,12,12,12,12,17,8,11.87,103.50,666972,66.70%
big_files/enwik6,binary,131072,131072,258,128,6,12,12,12,12,17,8,9.05,128.32,532232,53.22%
big_files/enwik6,binary,131072,131072,258,1024,6,12,12,12,12,17,8,8.50,125.90,492612,49.26%
big_files/enwik6,binary,131072,131072,258,999999999,6,12,12,12,12,17,8,8.29,141.90,492029,49.20%
big_files/enwik6,binary,131072,131072,258,1,6,12,12,12,15,17,8,13.92,100.31,691939,69.19%
big_files/enwik6,binary,131072,131072,258,4,6,12,12,12,15,17,8,13.19,103.72,717537,71.75%
big_files/enwik6,binary,131072,131072,258,16,6,12,12,12,15,17,8,11.88,111.34,664446,66.44%
big_files/enwik6,binary,131072,131072,258,128,6,12,12,12,15,17,8,9.49,123.74,528457,52.85%
big_files/enwik6,binary,131072,131072,258,1024,6,12,12,12,15,17,8,8.61,139.35,488563,48.86%
big_files/enwik6,binary,131072,131072,258,999999999,6,12,12,12,15,17,8,8.24,138.68,487978,48.80%
big_files/enwik6,binary,131072,131072,258,1,6,12,12,15,15,17,8,14.65,105.16,690627,69.06%
big_files/enwik6,binary,131072,131072,258,4,6,12,12,15,15,17,8,12.87,104.47,713991,71.40%
big_files/enwik6,binary,131072,131072,258,16,6,12,12,15,15,17,8,11.70,108.98,659273,65.93%
big_files/enwik6,binary,131072,131072,258,128,6,12,12,15,15,17,8,9.61,127.06,523727,52.37%
big_files/enwik6,binary,131072,131072,258,1024,6,12,12,15,15,17,8,8.70,133.15,483651,48.37%
big_files/enwik6,binary,131072,131072,258,999999999,6,12,12,15,15,17,8,8.46,136.05,483063,48.31%
big_files/enwik6,binary,131072,131072,258,1,6,12,15,15,15,17,8,13.86,100.85,688141,68.81%
big_files/enwik6,binary,131072,131072,258,4,6,12,15,15,15,17,8,12.89,105.27,707449,70.74%
big_files/enwik6,binary,131072,131072,258,16,6,12,15,15,15,17,8,11.62,111.70,651124,65.11%
big_files/enwik6,binary,131072,131072,258,128,6,12,15,15,15,17,8,9.64,127.57,516319,51.63%
big_files/enwik6,binary,131072,131072,258,1024,6,12,15,15,15,17,8,7.82,133.81,476249,47.62%
big_files/enwik6,binary,131072,131072,258,999999999,6,12,15,15,15,17,8,8.19,134.14,475659,47.57%
big_files/enwik6,binary,131072,131072,258,1,6,15,15,15,15,17,8,13.83,102.21,681745,68.17%
big_files/enwik6,binary,131072,131072,258,4,6,15,15,15,15,17,8,12.66,97.68,691889,69.19%
big_files/enwik6,binary,131072,131072,258,16,6,15,15,15,15,17,8,11.24,108.87,633307,63.33%
big_files/enwik6,binary,131072,131072,258,128,6,15,15,15,15,17,8,8.58,120.40,502796,50.28%
big_files/enwik6,binary,131072,131072,258,1024,6,15,15,15,15,17,8,8.33,133.91,466536,46.65%
big_files/enwik6,binary,131072,131072,258,999999999,6,15,15,15,15,17,8,8.49,133.09,465974,46.60%
big_files/enwik6,binary,131072,131072,258,1,12,12,12,12,12,17,8,14.11,102.34,588449,58.84%
big_files/enwik6,binary,131072,131072,258,4,12,12,12,12,12,17,8,13.40,105.75,647569,64.76%
big_files/enwik6,binary,131072,131072,258,16,12,12,12,12,12,17,8,11.63,110.27,631930,63.19%
big_files/enwik6,binary,131072,131072,258,128,12,12,12,12,12,17,8,9.41,133.07,509519,50.95%
big_files/enwik6,binary,131072,131072,258,1024,12,12,12,12,12,17,8,8.81,126.91,469803,46.98%
big_files/enwik6,binary,131072,131072,258,999999999,12,12,12,12,12,17,8,8.61,135.09,469237,46.92%
big_files/enwik6,binary,131072,131072,258,1,12,12,12,12,15,17,8,13.39,110.45,587832,58.78%
big_files/enwik6,binary,131072,131072,258,4,12,12,12,12,15,17,8,13.40,103.04,645746,64.57%
big_files/enwik6,binary,131072,131072,258,16,12,12,12,12,15,17,8,11.38,113.19,629403,62.94%
big_files/enwik6,binary,131072,131072,258,128,12,12,12,12,15,17,8,9.30,123.02,505745,50.57%
big_files/enwik6,binary,131072,131072,258,1024,12,12,12,12,15,17,8,8.37,135.61,465754,46.58%
big_files/enwik6,binary,131072,131072,258,999999999,12,12,12,12,15,17,8,8.56,133.99,465183,46.52%
big_files/enwik6,binary,131072,131072,258,1,12,12,12,15,15,17,8,13.83,106.94,586520,58.65%
big_files/enwik6,binary,131072,131072,258,4,12,12,12,15,15,17,8,12.71,108.66,642200,64.22%
big_files/enwik6,binary,131072,131072,258,16,12,12,12,15,15,17,8,11.71,111.21,624230,62.42%
big_files/enwik6,binary,131072,131072,258,128,12,12,12,15,15,17,8,9.42,127.18,501015,50.10%
big_files/enwik6,binary,131072,131072,258,1024,12,12,12,15,15,17,8,8.49,132.50,460843,46.08%
big_files/enwik6,binary,131072,131072,258,999999999,12,12,12,15,15,17,8,8.45,139.76,460269,46.03%
big_files/enwik6,binary,131072,131072,258,1,12,12,15,15,15,17,8,13.63,111.29,584034,58.40%
big_files/enwik6,binary,131072,131072,258,4,12,12,15,15,15,17,8,13.23,96.32,635658,63.57%
big_files/enwik6,binary,131072,131072,258,16,12,12,15,15,15,17,8,11.69,109.43,616083,61.61%
big_files/enwik6,binary,131072,131072,258,128,12,12,15,15,15,17,8,9.66,132.79,493610,49.36%
big_files/enwik6,binary,131072,131072,258,1024,12,12,15,15,15,17,8,8.58,133.31,453442,45.34%
big_files/enwik6,binary,131072,131072,258,999999999,12,12,15,15,15,17,8,8.41,125.08,452864,45.29%
big_files/enwik6,binary,131072,131072,258,1,12,15,15,15,15,17,8,14.03,106.24,577638,57.76%
big_files/enwik6,binary,131072,131072,258,4,12,15,15,15,15,17,8,13.07,98.17,620097,62.01%
big_files/enwik6,binary,131072,131072,258,16,12,15,15,15,15,17,8,11.42,110.22,598266,59.83%
big_files/enwik6,binary,131072,131072,258,128,12,15,15,15,15,17,8,9.38,130.91,480085,48.01%
big_files/enwik6,binary,131072,131072,258,1024,12,15,15,15,15,17,8,8.69,133.09,443726,44.37%
big_files/enwik6,binary,131072,131072,258,999999999,12,15,15,15,15,17,8,8.48,126.32,443180,44.32%
big_files/enwik6,binary,131072,131072,258,1,15,15,15,15,15,17,8,14.00,112.68,549795,54.98%
big_files/enwik6,binary,131072,131072,258,4,15,15,15,15,15,17,8,13.36,108.93,565167,56.52%
big_files/enwik6,binary,131072,131072,258,16,15,15,15,15,15,17,8,12.18,113.53,545769,54.58%
big_files/enwik6,binary,131072,131072,258,128,15,15,15,15,15,17,8,9.41,127.84,464768,46.48%
big_files/enwik6,binary,131072,131072,258,1024,15,15,15,15,15,17,8,8.20,139.02,435220,43.52%
big_files/enwik6,binary,131072,131072,258,999999999,15,15,15,15,15,17,8,8.47,138.51,434693,43.47%
big_files/enwik6,binary,524288,4096,4,1,6,6,6,6,6,12,1,17.08,82.92,664707,66.47%
big_files/enwik6,binary,524288,4096,4,4,6,6,6,6,6,12,1,16.01,88.04,660037,66.00%
big_files/enwik6,binary,524288,4096,4,16,6,6,6,6,6,12,1,15.63,87.52,638875,63.89%
big_files/enwik6,binary,524288,4096,4,128,6,6,6,6,6,12,1,15.60,90.68,619236,61.92%
big_files/enwik6,binary,524288,4096,4,1024,6,6,6,6,6,12,1,15.38,94.15,617048,61.70%
big_files/enwik6,binary,524288,4096,4,999999999,6,6,6,6,6,12,1,14.97,93.16,617048,61.70%
big_files/enwik6,binary,524288,4096,4,1,6,6,6,6,12,12,1,17.09,86.03,664707,66.47%
big_files/enwik6,binary,524288,4096,4,4,6,6,6,6,12,12,1,16.45,86.11,660037,66.00%
big_files/enwik6,binary,524288,4096,4,16,6,6,6,6,12,12,1,16.07,87.83,638875,63.89%
big_files/enwik6,binary,524288,4096,4,128,6,6,6,6,12,12,1,14.99,94.13,619236,61.92%
big_files/enwik6,binary,524288,4096,4,1024,6,6,6,6,12,12,1,14.58,88.65,617048,61.70%
big_files/enwik6,binary,524288,4096,4,999999999,6,6,6,6,12,12,1,15.28,91.96,617048,61.70%
big_files/enwik6,binary,524288,4096,4,1,6,6,6,6,15,12,1,17.13,86.92,664707,66.47%
big_files/enwik6,binary,524288,4096,4,4,6,6,6,6,15,12,1,16.66,86.31,660037,66.00%
big_files/enwik6,binary,524288,4096,4,16,6,6,6,6,15,12,1,15.47,89.28,638875,63.89%
big_files/enwik6,binary,524288,4096,4,128,6,6,6,6,15,12,1,15.06,92.81,619236,61.92%
big_files/enwik6,binary,524288,4096,4,1024,6,6,6,6,15,12,1,15.75,85.84,617048,61.70%
big_files/enwik6,binary,524288,4096,4,999999999,6,6,6,6,15,12,1,15.68,91.35,617048,61.70%
big_files/enwik6,binary,524288,4096,4,1,6,6,6,12,12,12,1,16.82,83.60,664707,66.47%
big_files/enwik6,binary,524288,4096,4,4,6,6,6,12,12,12,1,16.78,88.48,660037,66.00%
big_files/enwik6,binary,524288,4096,4,16,6,6,6,12,12,12,1,16.06,85.20,638875,63.89%
big_files/enwik6,binary,524288,4096,4,128,6,6,6,12,12,12,1,16.08,89.03,619236,61.92%
big_files/enwik6,binary,524288,4096,4,1024,6,6,6,12,12,12,1,15.58,89.08,617048,61.70%
big_files/enwik6,binary,524288,4096,4,999999999,6,6,6,12,12,12,1,15.13,92.55,617048,61.70%
big_files/enwik6,binary,524288,4096,4,1,6,6,6,12,15,12,1,17.24,87.14,664707,66.47%
big_files/enwik6,binary,524288,4096,4,4,6,6,6,12,15,12,1,16.06,82.33,660037,66.00%
big_files/enwik6,binary,524288,4096,4,16,6,6,6,12,15,12,1,16.60,88.01,638875,63.89%
big_files/enwik6,binary,524288,4096,4,128,6,6,6,12,15,12,1,15.52,92.21,619236,61.92%
big_files/enwik6,binary,524288,4096,4,1024,6,6,6,12,15,12,1,15.46,86.47,617048,61.70%
big_files/enwik6,binary,524288,4096,4,999999999,6,6,6,12,15,12,1,15.74,90.01,617048,61.70%
big_files/enwik6,binary,524288,4096,4,1,6,6,6,15,15,12,1,16.81,81.45,664707,66.47%
big_files/enwik6,binary,524288,4096,4,4,6,6,6,15,15,12,1,16.08,84.37,660037,66.00%
big_files/enwik6,binary,524288,4096,4,16,6,6,6,15,15,12,1,15.94,86.11,638875,63.89%
big_files/enwik6,binary,524288,4096,4,128,6,6,6,15,15,12,1,15.42,87.11,619236,61.92%
big_files/enwik6,binary,524288,4096,4,1024,6,6,6,15,15,12,1,14.79,86.41,617048,61.70%
big_files/enwik6,binary,524288,4096,4,999999999,6,6,6,15,15,12,1,14.04,91.70,617048,61.70%
big_files/enwik6,binary,524288,4096,4,1,6,6,12,12,12,12,1,16.07,86.69,664707,66.47%
big_files/enwik6,binary,524288,4096,4,4,6,6,12,12,12,12,1,16.21,80.66,660037,66.00%
big_files/enwik6,binary,524288,4096,4,16,6,6,12,12,12,12,1,14.98,91.80,638875,63.89%
big_files/enwik6,binary,524288,4096,4,128,6,6,12,12,12,12,1,15.71,87.75,619236,61.92%
big_files/enwik6,binary,524288,4096,4,1024,6,6,12,12,12,12,1,15.35,93.52,617048,61.70%
big_files/enwik6,binary,524288,4096,4,999999999,6,6,12,12,12,12,1,14.83,89.57,617048,61.70%
big_files/enwik6,binary,524288,4096,4,1,6,6,12,12,15,12,1,17.66,86.39,664707,66.47%
big_files/enwik6,binary,524288,4096,4,4,6,6,12,12,15,12,1,16.97,87.37,660037,66.00%
big_files/enwik6,binary,524288,4096,4,16,6,6,12,12,15,12,1,16.14,87.60,638875,63.89%
big_files/enwik6,binary,524288,4096,4,128,6,6,12,12,15,12,1,15.89,91.47,619236,61.92%
big_files/enwik6,binary,524288,4096,4,1024,6,6,12,12,15,12,1,15.24,91.44,617048,61.70%
big_files/enwik6,binary,524288,4096,4,999999999,6,6,12,12,15,12,1,15.18,87.59,617048,61.70%
big_files/enwik6,binary,524288,4096,4,1,6,6,12,15,15,12,1,17.46,85.45,664707,66.47%
big_files/enwik6,binary,524288,4096,4,4,6,6,12,15,15,12,1,17.02,81.54,660037,66.00%
big_files/enwik6,binary,524288,4096,4,16,6,6,12,15,15,12,1,16.14,87.14,638875,63.89%
big_files/enwik6,binary,524288,4096,4,128,6,6,12,15,15,12,1,15.80,86.42,619236,61.92%
big_files/enwik6,binary,524288,4096,4,1024,6,6,12,15,15,12,1,14.57,89.35,617048,61.70%
big_files/enwik6,binary,524288,4096,4,999999999,6,6,12,15,15,12,1,15.45,87.79,617048,61.70%
big_files/enwik6,binary,524288,4096,4,1,6,6,15,15,15,12,1,16.48,81.91,664707,66.47%
big_files/enwik6,binary,524288,4096,4,4,6,6,15,15,15,12,1,16.87,85.15,660037,66.00%
big_files/enwik6,binary,524288,4096,4,16,6,6,15,15,15,12,1,16.14,85.76,638875,63.89%
big_files/enwik6,binary,524288,4096,4,128,6,6,15,15,15,12,1,15.48,91.40,619236,61.92%
big_files/enwik6,binary,524288,4096,4,1024,6,6,15,15,15,12,1,15.30,91.17,617048,61.70%
big_files/enwik6,binary,524288,4096,4,999999999,6,6,15,15,15,12,1,14.52,83.28,617048,61.70%
big_files/enwik6,binary,524288,4096,4,1,6,12,12,12,12,12,1,16.40,81.39,644975,64.50%
big_files/enwik6,binary,524288,4096,4,4,6,12,12,12,12,12,1,16.04,80.27,638123,63.81%
big_files/enwik6,binary,524288,4096,4,16,6,12,12,12,12,12,1,15.53,81.60,619849,61.98%
big_files/enwik6,binary,524288,4096,4,128,6,12,12,12,12,12,1,15.07,88.21,608021,60.80%
big_files/enwik6,binary,524288,4096,4,1024,6,12,12,12,12,12,1,15.01,93.57,607395,60.74%
big_files/enwik6,binary,524288,4096,4,999999999,6,12,12,12,12,12,1,15.52,92.12,607395,60.74%
big_files/enwik6,binary,524288,4096,4,1,6,12,12,12,15,12,1,17.02,78.71,644975,64.50%
big_files/enwik6,binary,524288,4096,4,4,6,12,12,12,15,12,1,16.31,81.66,638123,63.81%
big_files/enwik6,binary,524288,4096,4,16,6,12,12,12,15,12,1,16.21,86.23,619849,61.98%
big_files/enwik6,binary,524288,4096,4,128,6,12,12,12,15,12,1,15.57,89.03,608021,60.80%
big_files/enwik6,binary,524288,4096,4,1024,6,12,12,12,15,12,1,15.13,88.63,607395,60.74%
big_files/enwik6,binary,524288,4096,4,999999999,6,12,12,12,15,12,1,15.12,91.41,607395,60.74%
big_files/enwik6,binary,524288,4096,4,1,6,12,12,15,15,12,1,17.70,84.49,644975,64.50%
big_files/enwik6,binary,524288,4096,4,4,6,12,12,15,15,12,1,16.49,87.23,638123,63.81%
big_files/enwik6,binary,524288,4096,4,16,6,12,12,15,15,12,1,14.88,85.61,619849,61.98%
big_files/enwik6,binary,524288,4096,4,128,6,12,12,15,15,12,1,14.91,86.79,608021,60.80%
big_files/enwik6,binary,524288,4096,4,1024,6,12,12,15,15,12,1,15.26,86.69,607395,60.74%
big_files/enwik6,binary,524288,4096,4,999999999,6,12,12,15,15,12,1,14.84,82.92,607395,60.74%
big_files/enwik6,binary,524288,4096,4,1,6,12,15,15,15,12,1,16.58,81.36,644975,64.50%
big_files/enwik6,binary,524288,4096,4,4,6,12,15,15,15,12,1,16.24,85.51,638123,63.81%
big_files/enwik6,binary,524288,4096,4,16,6,12,15,15,15,12,1,15.90,86.33,619849,61.98%
big_files/enwik6,binary,524288,4096,4,128,6,12,15,15,15,12,1,15.42,93.09,608021,60.80%
big_files/enwik6,binary,524288,4096,4,1024,6,12,15,15,15,12,1,14.45,90.28,607395,60.74%
big_files/enwik6,binary,524288,4096,4,999999999,6,12,15,15,15,12,1,14.95,89.36,607395,60.74%
big_files/enwik6,binary,524288,4096,4,1,6,15,15,15,15,12,1,17.21,75.62,691734,69.17%
big_files/enwik6,binary,524288,4096,4,4,6,15,15,15,15,12,1,16.10,80.52,687961,68.80%
big_files/enwik6,binary,524288,4096,4,16,6,15,15,15,15,12,1,15.90,84.28,675896,67.59%
big_files/enwik6,binary,524288,4096,4,128,6,15,15,15,15,12,1,15.58,83.95,667984,66.80%
big_files/enwik6,binary,524288,4096,4,1024,6,15,15,15,15,12,1,15.58,89.35,667592,66.76%
big_files/enwik6,binary,524288,4096,4,999999999,6,15,15,15,15,12,1,14.54,85.02,667592,66.76%
big_files/enwik6,binary,524288,4096,4,1,12,12,12,12,12,12,1,16.92,85.53,620930,62.09%
big_files/enwik6,binary,524288,4096,4,4,12,12,12,12,12,12,1,16.53,87.52,615421,61.54%
big_files/enwik6,binary,524288,4096,4,16,12,12,12,12,12,12,1,15.46,94.32,604372,60.44%
big_files/enwik6,binary,524288,4096,4,128,12,12,12,12,12,12,1,15.81,93.15,597223,59.72%
big_files/enwik6,binary,524288,4096,4,1024,12,12,12,12,12,12,1,15.52,96.41,596820,59.68%
big_files/enwik6,binary,524288,4096,4,999999999,12,12,12,12,12,12,1,14.93,85.83,596820,59.68%
big_files/enwik6,binary,524288,4096,4,1,12,12,12,12,15,12,1,17.22,82.41,620930,62.09%
big_files/enwik6,binary,524288,4096,4,4,12,12,12,12,15,12,1,16.51,88.36,615421,61.54%
big_files/enwik6,binary,524288,4096,4,16,12,12,12,12,15,12,1,15.96,93.83,604372,60.44%
big_files/enwik6,binary,524288,4096,4,128,12,12,12,12,15,12,1,15.33,90.29,597223,59.72%
big_files/enwik6,binary,524288,4096,4,1024,12,12,12,12,15,12,1,15.54,90.68,596820,59.68%
big_files/enwik6,binary,524288,4096,4,999999999,12,12,12,12,15,12,1,15.37,82.98,596820,59.68%
big_files/enwik6,binary,524288,4096,4,1,12,12,12,15,15,12,1,16.89,89.25,620930,62.09%
big_files/enwik6,binary,524288,4096,4,4,12,12,12,15,15,12,1,16.28,82.24,615421,61.54%
big_files/enwik6,binary,524288,4096,4,16,12,12,12,15,15,12,1,15.61,87.77,604372,60.44%
big_files/enwik6,binary,524288,4096,4,128,12,12,12,15,15,12,1,15.71,93.25,597223,59.72%
big_files/enwik6,binary,524288,4096,4,1024,12,12,12,15,15,12,1,15.15,90.05,596820,59.68%
big_files/enwik6,binary,524288,4096,4,999999999,12,12,12,15,15,12,1,15.35,90.76,596820,59.68%
big_files/enwik6,binary,524288,4096,4,1,12,12,15,15,15,12,1,17.18,85.58,620930,62.09%
big_files/enwik6,binary,524288,4096,4,4,12,12,15,15,15,12,1,16.94,84.81,615421,61.54%
big_files/enwik6,binary,524288,4096,4,16,12,12,15,15,15,12,1,15.68,90.87,604372,60.44%
big_files/enwik6,binary,524288,4096,4,128,12,12,15,15,15,12,1,15.34,84.42,597223,59.72%
big_files/enwik6,binary,524288,4096,4,1024,12,12,15,15,15,12,1,15.02,96.84,596820,59.68%
big_files/enwik6,binary,524288,4096,4,999999999,12,12,15,15,15,12,1,14.78,93.23,596820,59.68%
big_files/enwik6,binary,524288,4096,4,1,12,15,15,15,15,12,1,17.30,83.67,667689,66.77%
big_files/enwik6,binary,524288,4096,4,4,12,15,15,15,15,12,1,16.13,79.05,665257,66.53%
big_files/enwik6,binary,524288,4096,4,16,12,15,15,15,15,12,1,15.81,86.69,660419,66.04%
big_files/enwik6,binary,524288,4096,4,128,12,15,15,15,15,12,1,15.21,90.75,657188,65.72%
big_files/enwik6,binary,524288,4096,4,1024,12,15,15,15,15,12,1,15.22,85.13,657016,65.70%
big_files/enwik6,binary,524288,4096,4,999999999,12,15,15,15,15,12,1,15.67,89.76,657016,65.70%
big_files/enwik6,binary,524288,4096,4,1,15,15,15,15,15,12,1,17.17,81.39,711875,71.19%
big_files/enwik6,binary,524288,4096,4,4,15,15,15,15,15,12,1,16.63,82.05,705432,70.54%
big_files/enwik6,binary,524288,4096,4,16,15,15,15,15,15,12,1,15.72,84.05,692489,69.25%
big_files/enwik6,binary,524288,4096,4,128,15,15,15,15,15,12,1,15.26,89.81,684193,68.42%
big_files/enwik6,binary,524288,4096,4,1024,15,15,15,15,15,12,1,14.59,82.16,683715,68.37%
big_files/enwik6,binary,524288,4096,4,999999999,15,15,15,15,15,12,1,15.52,88.65,683715,68.37%
big_files/enwik6,binary,524288,4096,8,1,6,6,6,6,6,12,3,17.32,93.25,617029,61.70%
big_files/enwik6,binary,524288,4096,8,4,6,6,6,6,6,12,3,16.13,92.18,605488,60.55%
big_files/enwik6,binary,524288,4096,8,16,6,6,6,6,6,12,3,16.72,93.84,571583,57.16%
big_files/enwik6,binary,524288,4096,8,128,6,6,6,6,6,12,3,16.28,95.43,549072,54.91%
big_files/enwik6,binary,524288,4096,8,1024,6,6,6,6,6,12,3,15.76,96.43,547522,54.75%
big_files/enwik6,binary,524288,4096,8,999999999,6,6,6,6,6,12,3,14.77,90.42,547522,54.75%
big_files/enwik6,binary,524288,4096,8,1,6,6,6,6,12,12,3,16.00,90.05,615229,61.52%
big_files/enwik6,binary,524288,4096,8,4,6,6,6,6,12,12,3,15.53,88.23,603507,60.35%
big_files/enwik6,binary,524288,4096,8,16,6,6,6,6,12,12,3,15.72,92.83,569387,56.94%
big_files/enwik6,binary,524288,4096,8,128,6,6,6,6,12,12,3,16.20,93.71,546862,54.69%
big_files/enwik6,binary,524288,4096,8,1024,6,6,6,6,12,12,3,15.89,94.46,545298,54.53%
big_files/enwik6,binary,524288,4096,8,999999999,6,6,6,6,12,12,3,16.17,99.18,545298,54.53%
big_files/enwik6,binary,524288,4096,8,1,6,6,6,6,15,12,3,17.80,86.20,617881,61.79%
big_files/enwik6,binary,524288,4096,8,4,6,6,6,6,15,12,3,16.67,92.06,606325,60.63%
big_files/enwik6,binary,524288,4096,8,16,6,6,6,6,15,12,3,16.47,92.22,572722,57.27%
big_files/enwik6,binary,524288,4096,8,128,6,6,6,6,15,12,3,15.05,94.93,550402,55.04%
big_files/enwik6,binary,524288,4096,8,1024,6,6,6,6,15,12,3,16.21,96.90,548861,54.89%
big_files/enwik6,binary,524288,4096,8,999999999,6,6,6,6,15,12,3,15.56,97.03,548861,54.89%
big_files/enwik6,binary,524288,4096,8,1,6,6,6,12,12,12,3,17.29,91.36,612684,61.27%
big_files/enwik6,binary,524288,4096,8,4,6,6,6,12,12,12,3,16.91,88.40,599993,60.00%
big_files/enwik6,binary,524288,4096,8,16,6,6,6,12,12,12,3,16.19,96.21,566079,56.61%
big_files/enwik6,binary,524288,4096,8,128,6,6,6,12,12,12,3,16.39,97.29,543692,54.37%
big_files/enwik6,binary,524288,4096,8,1024,6,6,6,12,12,12,3,16.26,96.69,542146,54.21%
big_files/enwik6,binary,524288,4096,8,999999999,6,6,6,12,12,12,3,16.13,94.41,542146,54.21%
big_files/enwik6,binary,524288,4096,8,1,6,6,6,12,15,12,3,17.26,90.89,615337,61.53%
big_files/enwik6,binary,524288,4096,8,4,6,6,6,12,15,12,3,16.62,93.71,602813,60.28%
big_files/enwik6,binary,524288,4096,8,16,6,6,6,12,15,12,3,16.25,94.55,569414,56.94%
big_files/enwik6,binary,524288,4096,8,128,6,6,6,12,15,12,3,16.28,98.26,547232,54.72%
big_files/enwik6,binary,524288,4096,8,1024,6,6,6,12,15,12,3,15.87,99.51,545709,54.57%
big_files/enwik6,binary,524288,4096,8,999999999,6,6,6,12,15,12,3,16.00,96.20,545709,54.57%
big_files/enwik6,binary,524288,4096,8,1,6,6,6,15,15,12,3,17.18,89.80,619559,61.96%
big_files/enwik6,binary,524288,4096,8,4,6,6,6,15,15,12,3,16.62,91.06,607481,60.75%
big_files/enwik6,binary,524288,4096,8,16,6,6,6,15,15,12,3,15.93,93.34,574434,57.44%
big_files/enwik6,binary,524288,4096,8,128,6,6,6,15,15,12,3,15.98,95.49,552578,55.26%
big_files/enwik6,binary,524288,4096,8,1024,6,6,6,15,15,12,3,16.22,98.43,551042,55.10%
big_files/enwik6,binary,524288,4096,8,999999999,6,6,6,15,15,12,3,16.02,96.41,551042,55.10%
big_files/enwik6,binary,524288,4096,8,1,6,6,12,12,12,12,3,17.44,84.17,607932,60.79%
big_files/enwik6,binary,524288,4096,8,4,6,6,12,12,12,12,3,16.09,88.83,594571,59.46%
big_files/enwik6,binary,524288,4096,8,16,6,6,12,12,12,12,3,16.53,89.29,560692,56.07%
big_files/enwik6,binary,524288,4096,8,128,6,6,12,12,12,12,3,16.24,97.20,538536,53.85%
big_files/enwik6,binary,524288,4096,8,1024,6,6,12,12,12,12,3,16.22,96.43,537086,53.71%
big_files/enwik6,binary,524288,4096,8,999999999,6,6,12,12,12,12,3,15.97,88.23,537086,53.71%
big_files/enwik6,binary,524288,4096,8,1,6,6,12,12,15,12,3,17.27,91.50,610585,61.06%
big_files/enwik6,binary,524288,4096,8,4,6,6,12,12,15,12,3,16.82,90.99,597390,59.74%
big_files/enwik6,binary,524288,4096,8,16,6,6,12,12,15,12,3,15.88,93.82,564026,56.40%
big_files/enwik6,binary,524288,4096,8,128,6,6,12,12,15,12,3,15.90,95.47,542076,54.21%
big_files/enwik6,binary,524288,4096,8,1024,6,6,12,12,15,12,3,16.71,100.18,540650,54.06%
big_files/enwik6,binary,524288,4096,8,999999999,6,6,12,12,15,12,3,16.06,88.91,540650,54.06%
big_files/enwik6,binary,524288,4096,8,1,6,6,12,15,15,12,3,15.84,84.28,614808,61.48%
big_files/enwik6,binary,524288,4096,8,4,6,6,12,15,15,12,3,15.81,92.91,602059,60.21%
big_files/enwik6,binary,524288,4096,8,16,6,6,12,15,15,12,3,15.12,92.93,569045,56.90%
big_files/enwik6,binary,524288,4096,8,128,6,6,12,15,15,12,3,14.86,90.14,547422,54.74%
big_files/enwik6,binary,524288,4096,8,1024,6,6,12,15,15,12,3,15.45,91.91,545982,54.60%
big_files/enwik6,binary,524288,4096,8,999999999,6,6,12,15,15,12,3,15.26,91.12,545982,54.60%
big_files/enwik6,binary,524288,4096,8,1,6,6,15,15,15,12,3,16.07,89.45,621022,62.10%
big_files/enwik6,binary,524288,4096,8,4,6,6,15,15,15,12,3,16.25,90.16,608997,60.90%
big_files/enwik6,binary,524288,4096,8,16,6,6,15,15,15,12,3,15.19,89.63,576191,57.62%
big_files/enwik6,binary,524288,4096,8,128,6,6,15,15,15,12,3,14.74,87.17,554742,55.47%
big_files/enwik6,binary,524288,4096,8,1024,6,6,15,15,15,12,3,15.11,90.47,553201,55.32%
big_files/enwik6,binary,524288,4096,8,999999999,6,6,15,15,15,12,3,14.90,93.47,553201,55.32%
big_files/enwik6,binary,524288,4096,8,1,6,12,12,12,12,12,3,16.23,87.47,593053,59.31%
big_files/enwik6,binary,524288,4096,8,4,6,12,12,12,12,12,3,16.18,81.15,578507,57.85%
big_files/enwik6,binary,524288,4096,8,16,6,12,12,12,12,12,3,15.90,96.62,545944,54.59%
big_files/enwik6,binary,524288,4096,8,128,6,12,12,12,12,12,3,14.84,90.10,526048,52.60%
big_files/enwik6,binary,524288,4096,8,1024,6,12,12,12,12,12,3,15.53,98.28,524781,52.48%
big_files/enwik6,binary,524288,4096,8,999999999,6,12,12,12,12,12,3,16.26,91.81,524781,52.48%
big_files/enwik6,binary,524288,4096,8,1,6,12,12,12,15,12,3,17.18,88.87,595705,59.57%
big_files/enwik6,binary,524288,4096,8,4,6,12,12,12,15,12,3,16.74,88.50,581326,58.13%
big_files/enwik6,binary,524288,4096,8,16,6,12,12,12,15,12,3,16.20,96.85,549278,54.93%
big_files/enwik6,binary,524288,4096,8,128,6,12,12,12,15,12,3,15.96,99.01,529589,52.96%
big_files/enwik6,binary,524288,4096,8,1024,6,12,12,12,15,12,3,15.82,91.79,528345,52.83%
big_files/enwik6,binary,524288,4096,8,999999999,6,12,12,12,15,12,3,15.86,93.02,528345,52.83%
big_files/enwik6,binary,524288,4096,8,1,6,12,12,15,15,12,3,17.35,87.07,599929,59.99%
big_files/enwik6,binary,524288,4096,8,4,6,12,12,15,15,12,3,16.85,94.17,585995,58.60%
big_files/enwik6,binary,524288,4096,8,16,6,12,12,15,15,12,3,15.81,90.39,554298,55.43%
big_files/enwik6,binary,524288,4096,8,128,6,12,12,15,15,12,3,16.30,96.56,534934,53.49%
big_files/enwik6,binary,524288,4096,8,1024,6,12,12,15,15,12,3,16.16,92.77,533677,53.37%
big_files/enwik6,binary,524288,4096,8,999999999,6,12,12,15,15,12,3,15.66,89.24,533677,53.37%
big_files/enwik6,binary,524288,4096,8,1,6,12,15,15,15,12,3,17.21,85.34,606143,60.61%
big_files/enwik6,binary,524288,4096,8,4,6,12,15,15,15,12,3,16.01,88.87,592934,59.29%
big_files/enwik6,binary,524288,4096,8,16,6,12,15,15,15,12,3,16.34,93.94,561442,56.14%
big_files/enwik6,binary,524288,4096,8,128,6,12,15,15,15,12,3,15.83,91.38,542254,54.23%
big_files/enwik6,binary,524288,4096,8,1024,6,12,15,15,15,12,3,15.57,95.26,540896,54.09%
big_files/enwik6,binary,524288,4096,8,999999999,6,12,15,15,15,12,3,15.69,89.96,540896,54.09%
big_files/enwik6,binary,524288,4096,8,1,6,15,15,15,15,12,3,17.11,83.04,619485,61.95%
big_files/enwik6,binary,524288,4096,8,4,6,15,15,15,15,12,3,16.02,88.17,606527,60.65%
big_files/enwik6,binary,524288,4096,8,16,6,15,15,15,15,12,3,16.31,92.74,574576,57.46%
big_files/enwik6,binary,524288,4096,8,128,6,15,15,15,15,12,3,15.67,87.29,554280,55.43%
big_files/enwik6,binary,524288,4096,8,1024,6,15,15,15,15,12,3,16.26,94.27,552778,55.28%
big_files/enwik6,binary,524288,4096,8,999999999,6,15,15,15,15,12,3,15.42,95.25,552778,55.28%
big_files/enwik6,binary,524288,4096,8,1,12,12,12,12,12,12,3,17.50,88.93,547410,54.74%
big_files/enwik6,binary,524288,4096,8,4,12,12,12,12,12,12,3,15.80,83.97,537519,53.75%
big_files/enwik6,binary,524288,4096,8,16,12,12,12,12,12,12,3,16.46,96.01,516140,51.61%
big_files/enwik6,binary,524288,4096,8,128,12,12,12,12,12,12,3,16.16,95.62,502399,50.24%
big_files/enwik6,binary,524288,4096,8,1024,12,12,12,12,12,12,3,16.12,95.08,501414,50.14%
big_files/enwik6,binary,524288,4096,8,999999999,12,12,12,12,12,12,3,16.07,82.23,501414,50.14%
big_files/enwik6,binary,524288,4096,8,1,12,12,12,12,15,12,3,17.33,91.10,550062,55.01%
big_files/enwik6,binary,524288,4096,8,4,12,12,12,12,15,12,3,16.39,92.32,540339,54.03%
big_files/enwik6,binary,524288,4096,8,16,12,12,12,12,15,12,3,15.95,94.16,519474,51.95%
big_files/enwik6,binary,524288,4096,8,128,12,12,12,12,15,12,3,15.94,91.12,505939,50.59%
big_files/enwik6,binary,524288,4096,8,1024,12,12,12,12,15,12,3,16.05,98.18,504978,50.50%
big_files/enwik6,binary,524288,4096,8,999999999,12,12,12,12,15,12,3,16.07,93.19,504978,50.50%
big_files/enwik6,binary,524288,4096,8,1,12,12,12,15,15,12,3,17.67,85.06,554285,55.43%
big_files/enwik6,binary,524288,4096,8,4,12,12,12,15,15,12,3,17.31,93.57,545008,54.50%
big_files/enwik6,binary,524288,4096,8,16,12,12,12,15,15,12,3,15.62,94.88,524493,52.45%
big_files/enwik6,binary,524288,4096,8,128,12,12,12,15,15,12,3,15.59,87.80,511284,51.13%
big_files/enwik6,binary,524288,4096,8,1024,12,12,12,15,15,12,3,14.97,92.32,510310,51.03%
big_files/enwik6,binary,524288,4096,8,999999999,12,12,12,15,15,12,3,15.91,90.03,510310,51.03%
big_files/enwik6,binary,524288,4096,8,1,12,12,15,15,15,12,3,15.84,88.39,560499,56.05%
big_files/enwik6,binary,524288,4096,8,4,12,12,15,15,15,12,3,15.89,84.95,551946,55.19%
big_files/enwik6,binary,524288,4096,8,16,12,12,15,15,15,12,3,16.54,92.30,531638,53.16%
big_files/enwik6,binary,524288,4096,8,128,12,12,15,15,15,12,3,15.96,94.70,518604,51.86%
big_files/enwik6,binary,524288,4096,8,1024,12,12,15,15,15,12,3,16.21,91.37,517529,51.75%
big_files/enwik6,binary,524288,4096,8,999999999,12,12,15,15,15,12,3,14.64,94.80,517529,51.75%
big_files/enwik6,binary,524288,4096,8,1,12,15,15,15,15,12,3,16.03,85.77,573842,57.38%
big_files/enwik6,binary,524288,4096,8,4,12,15,15,15,15,12,3,16.53,90.92,565539,56.55%
big_files/enwik6,binary,524288,4096,8,16,12,15,15,15,15,12,3,16.27,92.67,544772,54.48%
big_files/enwik6,binary,524288,4096,8,128,12,15,15,15,15,12,3,16.11,92.88,530630,53.06%
big_files/enwik6,binary,524288,4096,8,1024,12,15,15,15,15,12,3,15.93,93.65,529411,52.94%
big_files/enwik6,binary,524288,4096,8,999999999,12,15,15,15,15,12,3,16.43,95.22,529411,52.94%
big_files/enwik6,binary,524288,4096,8,1,15,15,15,15,15,12,3,17.16,85.71,611635,61.16%
big_files/enwik6,binary,524288,4096,8,4,15,15,15,15,15,12,3,16.95,90.90,599425,59.94%
big_files/enwik6,binary,524288,4096,8,16,15,15,15,15,15,12,3,16.30,89.22,571517,57.15%
big_files/enwik6,binary,524288,4096,8,128,15,15,15,15,15,12,3,15.64,86.86,553494,55.35%
big_files/enwik6,binary,524288,4096,8,1024,15,15,15,15,15,12,3,15.51,84.75,552060,55.21%
big_files/enwik6,binary,524288,4096,8,999999999,15,15,15,15,15,12,3,16.03,92.79,552060,55.21%
big_files/enwik6,binary,524288,4096,18,1,6,6,6,6,6,12,4,17.67,90.58,602173,60.22%
big_files/enwik6,binary,524288,4096,18,4,6,6,6,6,6,12,4,17.23,98.54,586111,58.61%
big_files/enwik6,binary,524288,4096,18,16,6,6,6,6,6,12,4,16.16,97.66,545903,54.59%
big_files/enwik6,binary,524288,4096,18,128,6,6,6,6,6,12,4,15.68,101.66,521912,52.19%
big_files/enwik6,binary,524288,4096,18,1024,6,6,6,6,6,12,4,16.26,103.61,521149,52.11%
big_files/enwik6,binary,524288,4096,18,999999999,6,6,6,6,6,12,4,16.36,101.79,521149,52.11%
big_files/enwik6,binary,524288,4096,18,1,6,6,6,6,12,12,4,17.39,92.15,599865,59.99%
big_files/enwik6,binary,524288,4096,18,4,6,6,6,6,12,12,4,16.98,93.02,583643,58.36%
big_files/enwik6,binary,524288,4096,18,16,6,6,6,6,12,12,4,16.13,100.85,543083,54.31%
big_files/enwik6,binary,524288,4096,18,128,6,6,6,6,12,12,4,16.17,95.94,519017,51.90%
big_files/enwik6,binary,524288,4096,18,1024,6,6,6,6,12,12,4,16.31,102.20,518249,51.82%
big_files/enwik6,binary,524288,4096,18,999999999,6,6,6,6,12,12,4,16.05,100.72,518249,51.82%
big_files/enwik6,binary,524288,4096,18,1,6,6,6,6,15,12,4,17.63,87.07,602193,60.22%
big_files/enwik6,binary,524288,4096,18,4,6,6,6,6,15,12,4,17.29,98.28,586133,58.61%
big_files/enwik6,binary,524288,4096,18,16,6,6,6,6,15,12,4,17.02,92.42,546022,54.60%
big_files/enwik6,binary,524288,4096,18,128,6,6,6,6,15,12,4,16.09,106.36,522103,52.21%
big_files/enwik6,binary,524288,4096,18,1024,6,6,6,6,15,12,4,15.96,96.78,521342,52.13%
big_files/enwik6,binary,524288,4096,18,999999999,6,6,6,6,15,12,4,15.92,106.25,521342,52.13%
big_files/enwik6,binary,524288,4096,18,1,6,6,6,12,12,12,4,17.47,91.50,596109,59.61%
big_files/enwik6,binary,524288,4096,18,4,6,6,6,12,12,12,4,16.90,94.63,579310,57.93%
big_files/enwik6,binary,524288,4096,18,16,6,6,6,12,12,12,4,16.49,100.33,538818,53.88%
big_files/enwik6,binary,524288,4096,18,128,6,6,6,12,12,12,4,16.15,100.71,514712,51.47%
big_files/enwik6,binary,524288,4096,18,1024,6,6,6,12,12,12,4,15.90,95.25,513952,51.40%
big_files/enwik6,binary,524288,4096,18,999999999,6,6,6,12,12,12,4,15.97,92.63,513952,51.40%
big_files/enwik6,binary,524288,4096,18,1,6,6,6,12,15,12,4,17.07,93.85,598436,59.84%
big_files/enwik6,binary,524288,4096,18,4,6,6,6,12,15,12,4,16.28,90.38,581800,58.18%
big_files/enwik6,binary,524288,4096,18,16,6,6,6,12,15,12,4,16.77,98.65,541758,54.18%
big_files/enwik6,binary,524288,4096,18,128,6,6,6,12,15,12,4,15.83,98.45,517798,51.78%
big_files/enwik6,binary,524288,4096,18,1024,6,6,6,12,15,12,4,15.82,100.71,517043,51.70%
big_files/enwik6,binary,524288,4096,18,999999999,6,6,6,12,15,12,4,15.46,103.57,517043,51.70%
big_files/enwik6,binary,524288,4096,18,1,6,6,6,15,15,12,4,16.76,89.50,602142,60.21%
big_files/enwik6,binary,524288,4096,18,4,6,6,6,15,15,12,4,17.21,94.33,585923,58.59%
big_files/enwik6,binary,524288,4096,18,16,6,6,6,15,15,12,4,16.42,97.21,546171,54.62%
big_files/enwik6,binary,524288,4096,18,128,6,6,6,15,15,12,4,16.30,98.26,522506,52.25%
big_files/enwik6,binary,524288,4096,18,1024,6,6,6,15,15,12,4,16.08,98.67,521749,52.17%
big_files/enwik6,binary,524288,4096,18,999999999,6,6,6,15,15,12,4,16.44,102.83,521749,52.17%
big_files/enwik6,binary,524288,4096,18,1,6,6,12,12,12,12,4,17.73,90.28,589892,58.99%
big_files/enwik6,binary,524288,4096,18,4,6,6,12,12,12,12,4,16.37,90.15,572312,57.23%
big_files/enwik6,binary,524288,4096,18,16,6,6,12,12,12,12,4,16.34,95.38,532024,53.20%
big_files/enwik6,binary,524288,4096,18,128,6,6,12,12,12,12,4,16.69,103.04,507924,50.79%
big_files/enwik6,binary,524288,4096,18,1024,6,6,12,12,12,12,4,16.17,95.88,507188,50.72%
big_files/enwik6,binary,524288,4096,18,999999999,6,6,12,12,12,12,4,15.78,103.98,507188,50.72%
big_files/enwik6,binary,524288,4096,18,1,6,6,12,12,15,12,4,17.62,89.63,592219,59.22%
big_files/enwik6,binary,524288,4096,18,4,6,6,12,12,15,12,4,16.59,89.04,574803,57.48%
big_files/enwik6,binary,524288,4096,18,16,6,6,12,12,15,12,4,16.24,98.18,534963,53.50%
big_files/enwik6,binary,524288,4096,18,128,6,6,12,12,15,12,4,15.68,96.71,511010,51.10%
big_files/enwik6,binary,524288,4096,18,1024,6,6,12,12,15,12,4,16.06,93.39,510279,51.03%
big_files/enwik6,binary,524288,4096,18,999999999,6,6,12,12,15,12,4,15.47,101.56,510279,51.03%
big_files/enwik6,binary,524288,4096,18,1,6,6,12,15,15,12,4,16.85,91.74,595924,59.59%
big_files/enwik6,binary,524288,4096,18,4,6,6,12,15,15,12,4,16.80,91.54,578926,57.89%
big_files/enwik6,binary,524288,4096,18,16,6,6,12,15,15,12,4,16.32,95.62,539377,53.94%
big_files/enwik6,binary,524288,4096,18,128,6,6,12,15,15,12,4,16.01,100.41,515720,51.57%
big_files/enwik6,binary,524288,4096,18,1024,6,6,12,15,15,12,4,16.25,103.40,514985,51.50%
big_files/enwik6,binary,524288,4096,18,999999999,6,6,12,15,15,12,4,16.51,101.79,514985,51.50%
big_files/enwik6,binary,524288,4096,18,1,6,6,15,15,15,12,4,17.22,87.38,601642,60.16%
big_files/enwik6,binary,524288,4096,18,4,6,6,15,15,15,12,4,16.72,90.08,585150,58.51%
big_files/enwik6,binary,524288,4096,18,16,6,6,15,15,15,12,4,16.15,98.22,545755,54.58%
big_files/enwik6,binary,524288,4096,18,128,6,6,15,15,15,12,4,16.33,98.58,522351,52.24%
big_files/enwik6,binary,524288,4096,18,1024,6,6,15,15,15,12,4,16.23,101.76,521597,52.16%
big_files/enwik6,binary,524288,4096,18,999999999,6,6,15,15,15,12,4,16.32,104.22,521597,52.16%
big_files/enwik6,binary,524288,4096,18,1,6,12,12,12,12,12,4,17.41,88.42,571459,57.15%
big_files/enwik6,binary,524288,4096,18,4,6,12,12,12,12,12,4,16.38,89.43,553120,55.31%
big_files/enwik6,binary,524288,4096,18,16,6,12,12,12,12,12,4,15.92,89.86,514660,51.47%
big_files/enwik6,binary,524288,4096,18,128,6,12,12,12,12,12,4,16.10,102.81,492850,49.28%
big_files/enwik6,binary,524288,4096,18,1024,6,12,12,12,12,12,4,16.62,95.79,492160,49.22%
big_files/enwik6,binary,524288,4096,18,999999999,6,12,12,12,12,12,4,15.66,96.29,492160,49.22%
big_files/enwik6,binary,524288,4096,18,1,6,12,12,12,15,12,4,16.94,89.58,573787,57.38%
big_files/enwik6,binary,524288,4096,18,4,6,12,12,12,15,12,4,17.12,98.35,555611,55.56%
big_files/enwik6,binary,524288,4096,18,16,6,12,12,12,15,12,4,15.98,92.75,517600,51.76%
big_files/enwik6,binary,524288,4096,18,128,6,12,12,12,15,12,4,16.33,93.41,495936,49.59%
big_files/enwik6,binary,524288,4096,18,1024,6,12,12,12,15,12,4,16.03,90.10,495251,49.53%
big_files/enwik6,binary,524288,4096,18,999999999,6,12,12,12,15,12,4,16.50,104.81,495251,49.53%
big_files/enwik6,binary,524288,4096,18,1,6,12,12,15,15,12,4,15.90,88.18,577492,57.75%
big_files/enwik6,binary,524288,4096,18,4,6,12,12,15,15,12,4,15.82,89.78,559732,55.97%
big_files/enwik6,binary,524288,4096,18,16,6,12,12,15,15,12,4,16.27,90.52,522013,52.20%
big_files/enwik6,binary,524288,4096,18,128,6,12,12,15,15,12,4,15.29,99.83,500644,50.06%
big_files/enwik6,binary,524288,4096,18,1024,6,12,12,15,15,12,4,15.30,96.55,499957,50.00%
big_files/enwik6,binary,524288,4096,18,999999999,6,12,12,15,15,12,4,16.02,98.59,499957,50.00%
big_files/enwik6,binary,524288,4096,18,1,6,12,15,15,15,12,4,17.19,86.96,583210,58.32%
big_files/enwik6,binary,524288,4096,18,4,6,12,15,15,15,12,4,17.12,89.31,565958,56.60%
big_files/enwik6,binary,524288,4096,18,16,6,12,15,15,15,12,4,16.61,96.52,528391,52.84%
big_files/enwik6,binary,524288,4096,18,128,6,12,15,15,15,12,4,16.00,98.16,507275,50.73%
big_files/enwik6,binary,524288,4096,18,1024,6,12,15,15,15,12,4,16.06,101.65,506569,50.66%
big_files/enwik6,binary,524288,4096,18,999999999,6,12,15,15,15,12,4,16.03,99.29,506569,50.66%
big_files/enwik6,binary,524288,4096,18,1,6,15,15,15,15,12,4,17.61,84.32,595704,59.57%
big_files/enwik6,binary,524288,4096,18,4,6,15,15,15,15,12,4,16.86,91.58,578574,57.86%
big_files/enwik6,binary,524288,4096,18,16,6,15,15,15,15,12,4,16.33,90.62,540475,54.05%
big_files/enwik6,binary,524288,4096,18,128,6,15,15,15,15,12,4,15.73,91.54,518403,51.84%
big_files/enwik6,binary,524288,4096,18,1024,6,15,15,15,15,12,4,15.87,91.08,517666,51.77%
big_files/enwik6,binary,524288,4096,18,999999999,6,15,15,15,15,12,4,15.34,94.62,517666,51.77%
big_files/enwik6,binary,524288,4096,18,1,12,12,12,12,12,12,4,17.84,93.00,515818,51.58%
big_files/enwik6,binary,524288,4096,18,4,12,12,12,12,12,12,4,17.12,98.13,503860,50.39%
big_files/enwik6,binary,524288,4096,18,16,12,12,12,12,12,12,4,16.28,95.31,478508,47.85%
big_files/enwik6,binary,524288,4096,18,128,12,12,12,12,12,12,4,16.11,99.97,463298,46.33%
big_files/enwik6,binary,524288,4096,18,1024,12,12,12,12,12,12,4,16.29,99.03,462754,46.28%
big_files/enwik6,binary,524288,4096,18,999999999,12,12,12,12,12,12,4,16.72,101.89,462754,46.28%
big_files/enwik6,binary,524288,4096,18,1,12,12,12,12,15,12,4,17.37,94.68,518146,51.81%
big_files/enwik6,binary,524288,4096,18,4,12,12,12,12,15,12,4,17.17,96.84,506351,50.64%
big_files/enwik6,binary,524288,4096,18,16,12,12,12,12,15,12,4,15.98,93.80,481447,48.14%
big_files/enwik6,binary,524288,4096,18,128,12,12,12,12,15,12,4,15.72,97.89,466384,46.64%
big_files/enwik6,binary,524288,4096,18,1024,12,12,12,12,15,12,4,16.53,94.89,465845,46.58%
big_files/enwik6,binary,524288,4096,18,999999999,12,12,12,12,15,12,4,16.56,100.76,465845,46.58%
big_files/enwik6,binary,524288,4096,18,1,12,12,12,15,15,12,4,17.74,94.20,521851,52.19%
big_files/enwik6,binary,524288,4096,18,4,12,12,12,15,15,12,4,16.91,88.95,510474,51.05%
big_files/enwik6,binary,524288,4096,18,16,12,12,12,15,15,12,4,16.19,95.16,485860,48.59%
big_files/enwik6,binary,524288,4096,18,128,12,12,12,15,15,12,4,16.65,98.82,471093,47.11%
big_files/enwik6,binary,524288,4096,18,1024,12,12,12,15,15,12,4,16.23,101.07,470552,47.06%
big_files/enwik6,binary,524288,4096,18,999999999,12,12,12,15,15,12,4,16.38,99.60,470552,47.06%
big_files/enwik6,binary,524288,4096,18,1,12,12,15,15,15,12,4,18.29,92.76,527569,52.76%
big_files/enwik6,binary,524288,4096,18,4,12,12,15,15,15,12,4,16.72,94.01,516698,51.67%
big_files/enwik6,binary,524288,4096,18,16,12,12,15,15,15,12,4,16.44,95.69,492237,49.22%
big_files/enwik6,binary,524288,4096,18,128,12,12,15,15,15,12,4,16.54,99.78,477724,47.77%
big_files/enwik6,binary,524288,4096,18,1024,12,12,15,15,15,12,4,16.20,99.95,477164,47.72%
big_files/enwik6,binary,524288,4096,18,999999999,12,12,15,15,15,12,4,16.18,92.41,477164,47.72%
big_files/enwik6,binary,524288,4096,18,1,12,15,15,15,15,12,4,17.45,92.11,540063,54.01%
big_files/enwik6,binary,524288,4096,18,4,12,15,15,15,15,12,4,16.86,96.62,529314,52.93%
big_files/enwik6,binary,524288,4096,18,16,12,15,15,15,15,12,4,16.49,99.64,504322,50.43%
big_files/enwik6,binary,524288,4096,18,128,12,15,15,15,15,12,4,15.63,97.47,488851,48.89%
big_files/enwik6,binary,524288,4096,18,1024,12,15,15,15,15,12,4,15.57,91.57,488260,48.83%
big_files/enwik6,binary,524288,4096,18,999999999,12,15,15,15,15,12,4,16.08,97.76,488260,48.83%
big_files/enwik6,binary,524288,4096,18,1,15,15,15,15,15,12,4,16.50,90.17,576216,57.62%
big_files/enwik6,binary,524288,4096,18,4,15,15,15,15,15,12,4,17.21,91.01,561328,56.13%
big_files/enwik6,binary,524288,4096,18,16,15,15,15,15,15,12,4,16.87,92.85,529551,52.96%
big_files/enwik6,binary,524288,4096,18,128,15,15,15,15,15,12,4,16.16,93.94,510687,51.07%
big_files/enwik6,binary,524288,4096,18,1024,15,15,15,15,15,12,4,15.90,96.39,510008,51.00%
big_files/enwik6,binary,524288,4096,18,999999999,15,15,15,15,15,12,4,15.76,92.63,510008,51.00%
big_files/enwik6,binary,524288,4096,32,1,6,6,6,6,6,12,5,17.22,91.44,616002,61.60%
big_files/enwik6,binary,524288,4096,32,4,6,6,6,6,6,12,5,16.78,91.26,597922,59.79%
big_files/enwik6,binary,524288,4096,32,16,6,6,6,6,6,12,5,15.63,93.70,555452,55.55%
big_files/enwik6,binary,524288,4096,32,128,6,6,6,6,6,12,5,16.43,104.36,531082,53.11%
big_files/enwik6,binary,524288,4096,32,1024,6,6,6,6,6,12,5,16.71,101.30,530689,53.07%
big_files/enwik6,binary,524288,4096,32,999999999,6,6,6,6,6,12,5,16.54,98.71,530689,53.07%
big_files/enwik6,binary,524288,4096,32,1,6,6,6,6,12,12,5,17.41,94.22,613087,61.31%
big_files/enwik6,binary,524288,4096,32,4,6,6,6,6,12,12,5,16.83,83.79,594790,59.48%
big_files/enwik6,binary,524288,4096,32,16,6,6,6,6,12,12,5,16.10,101.50,551832,55.18%
big_files/enwik6,binary,524288,4096,32,128,6,6,6,6,12,12,5,15.95,95.43,527326,52.73%
big_files/enwik6,binary,524288,4096,32,1024,6,6,6,6,12,12,5,16.94,102.12,526933,52.69%
big_files/enwik6,binary,524288,4096,32,999999999,6,6,6,6,12,12,5,16.56,101.90,526933,52.69%
big_files/enwik6,binary,524288,4096,32,1,6,6,6,6,15,12,5,16.49,93.89,615363,61.54%
big_files/enwik6,binary,524288,4096,32,4,6,6,6,6,15,12,5,17.10,90.49,597223,59.72%
big_files/enwik6,binary,524288,4096,32,16,6,6,6,6,15,12,5,15.99,100.24,554708,55.47%
big_files/enwik6,binary,524288,4096,32,128,6,6,6,6,15,12,5,16.63,104.90,530359,53.04%
big_files/enwik6,binary,524288,4096,32,1024,6,6,6,6,15,12,5,16.87,101.00,529966,53.00%
big_files/enwik6,binary,524288,4096,32,999999999,6,6,6,6,15,12,5,16.11,102.17,529966,53.00%
big_files/enwik6,binary,524288,4096,32,1,6,6,6,12,12,12,5,17.83,93.15,608286,60.83%
big_files/enwik6,binary,524288,4096,32,4,6,6,6,12,12,12,5,16.26,85.95,589339,58.93%
big_files/enwik6,binary,524288,4096,32,16,6,6,6,12,12,12,5,15.49,96.68,546375,54.64%
big_files/enwik6,binary,524288,4096,32,128,6,6,6,12,12,12,5,15.41,102.65,521683,52.17%
big_files/enwik6,binary,524288,4096,32,1024,6,6,6,12,12,12,5,16.51,100.05,521297,52.13%
big_files/enwik6,binary,524288,4096,32,999999999,6,6,6,12,12,12,5,15.93,102.22,521297,52.13%
big_files/enwik6,binary,524288,4096,32,1,6,6,6,12,15,12,5,17.15,90.70,610562,61.06%
big_files/enwik6,binary,524288,4096,32,4,6,6,6,12,15,12,5,15.63,94.00,591772,59.18%
big_files/enwik6,binary,524288,4096,32,16,6,6,6,12,15,12,5,15.72,97.68,549252,54.93%
big_files/enwik6,binary,524288,4096,32,128,6,6,6,12,15,12,5,16.75,99.69,524715,52.47%
big_files/enwik6,binary,524288,4096,32,1024,6,6,6,12,15,12,5,16.62,95.52,524329,52.43%
big_files/enwik6,binary,524288,4096,32,999999999,6,6,6,12,15,12,5,16.58,98.91,524329,52.43%
big_files/enwik6,binary,524288,4096,32,1,6,6,6,15,15,12,5,17.37,93.29,614209,61.42%
big_files/enwik6,binary,524288,4096,32,4,6,6,6,15,15,12,5,16.99,93.36,595798,59.58%
big_files/enwik6,binary,524288,4096,32,16,6,6,6,15,15,12,5,16.27,97.35,553574,55.36%
big_files/enwik6,binary,524288,4096,32,128,6,6,6,15,15,12,5,16.42,97.84,529383,52.94%
big_files/enwik6,binary,524288,4096,32,1024,6,6,6,15,15,12,5,16.64,99.19,528995,52.90%
big_files/enwik6,binary,524288,4096,32,999999999,6,6,6,15,15,12,5,16.38,97.48,528995,52.90%
big_files/enwik6,binary,524288,4096,32,1,6,6,12,12,12,12,5,16.93,85.03,600364,60.04%
big_files/enwik6,binary,524288,4096,32,4,6,6,12,12,12,12,5,16.89,91.88,580513,58.05%
big_files/enwik6,binary,524288,4096,32,16,6,6,12,12,12,12,5,16.39,88.44,537701,53.77%
big_files/enwik6,binary,524288,4096,32,128,6,6,12,12,12,12,5,15.92,101.14,512971,51.30%
big_files/enwik6,binary,524288,4096,32,1024,6,6,12,12,12,12,5,16.42,96.07,512594,51.26%
big_files/enwik6,binary,524288,4096,32,999999999,6,6,12,12,12,12,5,15.61,97.30,512594,51.26%
big_files/enwik6,binary,524288,4096,32,1,6,6,12,12,15,12,5,16.65,91.29,602640,60.26%
big_files/enwik6,binary,524288,4096,32,4,6,6,12,12,15,12,5,17.35,89.39,582946,58.29%
big_files/enwik6,binary,524288,4096,32,16,6,6,12,12,15,12,5,16.34,92.16,540577,54.06%
big_files/enwik6,binary,524288,4096,32,128,6,6,12,12,15,12,5,15.68,96.95,516002,51.60%
big_files/enwik6,binary,524288,4096,32,1024,6,6,12,12,15,12,5,16.29,102.42,515627,51.56%
big_files/enwik6,binary,524288,4096,32,999999999,6,6,12,12,15,12,5,16.51,102.56,515627,51.56%
big_files/enwik6,binary,524288,4096,32,1,6,6,12,15,15,12,5,17.25,89.82,606287,60.63%
big_files/enwik6,binary,524288,4096,32,4,6,6,12,15,15,12,5,16.28,93.14,586971,58.70%
big_files/enwik6,binary,524288,4096,32,16,6,6,12,15,15,12,5,15.47,95.47,544899,54.49%
big_files/enwik6,binary,524288,4096,32,128,6,6,12,15,15,12,5,15.31,100.43,520670,52.07%
big_files/enwik6,binary,524288,4096,32,1024,6,6,12,15,15,12,5,15.56,97.74,520291,52.03%
big_files/enwik6,binary,524288,4096,32,999999999,6,6,12,15,15,12,5,16.11,96.22,520291,52.03%
big_files/enwik6,binary,524288,4096,32,1,6,6,15,15,15,12,5,17.94,84.39,611960,61.20%
big_files/enwik6,binary,524288,4096,32,4,6,6,15,15,15,12,5,16.89,87.81,593123,59.31%
big_files/enwik6,binary,524288,4096,32,16,6,6,15,15,15,12,5,16.19,95.30,551210,55.12%
big_files/enwik6,binary,524288,4096,32,128,6,6,15,15,15,12,5,16.25,99.61,527223,52.72%
big_files/enwik6,binary,524288,4096,32,1024,6,6,15,15,15,12,5,15.55,98.38,526837,52.68%
big_files/enwik6,binary,524288,4096,32,999999999,6,6,15,15,15,12,5,16.44,95.46,526837,52.68%
big_files/enwik6,binary,524288,4096,32,1,6,12,12,12,12,12,5,17.40,88.78,578134,57.81%
big_files/enwik6,binary,524288,4096,32,4,6,12,12,12,12,12,5,16.01,93.51,557525,55.75%
big_files/enwik6,binary,524288,4096,32,16,6,12,12,12,12,12,5,15.61,91.57,516773,51.68%
big_files/enwik6,binary,524288,4096,32,128,6,12,12,12,12,12,5,16.47,96.97,494635,49.46%
big_files/enwik6,binary,524288,4096,32,1024,6,12,12,12,12,12,5,15.85,100.21,494281,49.43%
big_files/enwik6,binary,524288,4096,32,999999999,6,12,12,12,12,12,5,16.33,99.43,494281,49.43%
big_files/enwik6,binary,524288,4096,32,1,6,12,12,12,15,12,5,16.89,94.01,580410,58.04%
big_files/enwik6,binary,524288,4096,32,4,6,12,12,12,15,12,5,16.56,90.28,559957,56.00%
big_files/enwik6,binary,524288,4096,32,16,6,12,12,12,15,12,5,15.61,98.71,519649,51.96%
big_files/enwik6,binary,524288,4096,32,128,6,12,12,12,15,12,5,16.51,97.19,497667,49.77%
big_files/enwik6,binary,524288,4096,32,1024,6,12,12,12,15,12,5,16.49,94.01,497313,49.73%
big_files/enwik6,binary,524288,4096,32,999999999,6,12,12,12,15,12,5,16.06,96.27,497313,49.73%
big_files/enwik6,binary,524288,4096,32,1,6,12,12,15,15,12,5,17.22,89.41,584057,58.41%
big_files/enwik6,binary,524288,4096,32,4,6,12,12,15,15,12,5,17.15,86.91,563982,56.40%
big_files/enwik6,binary,524288,4096,32,16,6,12,12,15,15,12,5,16.61,97.00,523971,52.40%
big_files/enwik6,binary,524288,4096,32,128,6,12,12,15,15,12,5,15.91,96.70,502335,50.23%
big_files/enwik6,binary,524288,4096,32,1024,6,12,12,15,15,12,5,16.31,96.22,501978,50.20%
big_files/enwik6,binary,524288,4096,32,999999999,6,12,12,15,15,12,5,16.63,94.67,501978,50.20%
big_files/enwik6,binary,524288,4096,32,1,6,12,15,15,15,12,5,17.90,93.44,589731,58.97%
big_files/enwik6,binary,524288,4096,32,4,6,12,15,15,15,12,5,16.28,92.40,570134,57.01%
big_files/enwik6,binary,524288,4096,32,16,6,12,15,15,15,12,5,16.57,99.63,530282,53.03%
big_files/enwik6,binary,524288,4096,32,128,6,12,15,15,15,12,5,16.12,98.75,508888,50.89%
big_files/enwik6,binary,524288,4096,32,1024,6,12,15,15,15,12,5,15.75,88.25,508524,50.85%
big_files/enwik6,binary,524288,4096,32,999999999,6,12,15,15,15,12,5,16.09,92.48,508524,50.85%
big_files/enwik6,binary,524288,4096,32,1,6,15,15,15,15,12,5,16.48,89.82,602098,60.21%
big_files/enwik6,binary,524288,4096,32,4,6,15,15,15,15,12,5,17.16,83.50,582631,58.26%
big_files/enwik6,binary,524288,4096,32,16,6,15,15,15,15,12,5,16.58,92.76,542228,54.22%
big_files/enwik6,binary,524288,4096,32,128,6,15,15,15,15,12,5,16.34,93.05,519897,51.99%
big_files/enwik6,binary,524288,4096,32,1024,6,15,15,15,15,12,5,16.45,99.28,519519,51.95%
big_files/enwik6,binary,524288,4096,32,999999999,6,15,15,15,15,12,5,15.88,95.50,519519,51.95%
big_files/enwik6,binary,524288,4096,32,1,12,12,12,12,12,12,5,17.28,94.86,511082,51.11%
big_files/enwik6,binary,524288,4096,32,4,12,12,12,12,12,12,5,16.11,96.71,498563,49.86%
big_files/enwik6,binary,524288,4096,32,16,12,12,12,12,12,12,5,15.56,98.20,473287,47.33%
big_files/enwik6,binary,524288,4096,32,128,12,12,12,12,12,12,5,16.54,98.60,458614,45.86%
big_files/enwik6,binary,524288,4096,32,1024,12,12,12,12,12,12,5,17.14,101.26,458327,45.83%
big_files/enwik6,binary,524288,4096,32,999999999,12,12,12,12,12,12,5,16.82,101.67,458327,45.83%
big_files/enwik6,binary,524288,4096,32,1,12,12,12,12,15,12,5,17.67,91.49,513358,51.34%
big_files/enwik6,binary,524288,4096,32,4,12,12,12,12,15,12,5,16.82,91.27,500995,50.10%
big_files/enwik6,binary,524288,4096,32,16,12,12,12,12,15,12,5,16.17,92.80,476163,47.62%
big_files/enwik6,binary,524288,4096,32,128,12,12,12,12,15,12,5,16.16,100.62,461645,46.16%
big_files/enwik6,binary,524288,4096,32,1024,12,12,12,12,15,12,5,16.66,98.49,461360,46.14%
big_files/enwik6,binary,524288,4096,32,999999999,12,12,12,12,15,12,5,16.88,101.22,461360,46.14%
big_files/enwik6,binary,524288,4096,32,1,12,12,12,15,15,12,5,17.79,97.46,517005,51.70%
big_files/enwik6,binary,524288,4096,32,4,12,12,12,15,15,12,5,16.41,93.74,505020,50.50%
big_files/enwik6,binary,524288,4096,32,16,12,12,12,15,15,12,5,16.80,100.05,480485,48.05%
big_files/enwik6,binary,524288,4096,32,128,12,12,12,15,15,12,5,16.28,101.07,466313,46.63%
big_files/enwik6,binary,524288,4096,32,1024,12,12,12,15,15,12,5,16.93,104.20,466025,46.60%
big_files/enwik6,binary,524288,4096,32,999999999,12,12,12,15,15,12,5,16.37,100.51,466025,46.60%
big_files/enwik6,binary,524288,4096,32,1,12,12,15,15,15,12,5,16.89,97.14,522678,52.27%
big_files/enwik6,binary,524288,4096,32,4,12,12,15,15,15,12,5,16.85,90.84,511172,51.12%
big_files/enwik6,binary,524288,4096,32,16,12,12,15,15,15,12,5,16.75,96.69,486796,48.68%
big_files/enwik6,binary,524288,4096,32,128,12,12,15,15,15,12,5,16.05,98.74,472866,47.29%
big_files/enwik6,binary,524288,4096,32,1024,12,12,15,15,15,12,5,15.82,102.49,472570,47.26%
big_files/enwik6,binary,524288,4096,32,999999999,12,12,15,15,15,12,5,16.60,101.11,472570,47.26%
big_files/enwik6,binary,524288,4096,32,1,12,15,15,15,15,12,5,17.68,90.52,535046,53.50%
big_files/enwik6,binary,524288,4096,32,4,12,15,15,15,15,12,5,17.08,93.17,523669,52.37%
big_files/enwik6,binary,524288,4096,32,16,12,15,15,15,15,12,5,16.71,96.54,498743,49.87%
big_files/enwik6,binary,524288,4096,32,128,12,15,15,15,15,12,5,16.21,98.67,483875,48.39%
big_files/enwik6,binary,524288,4096,32,1024,12,15,15,15,15,12,5,16.59,100.98,483565,48.36%
big_files/enwik6,binary,524288,4096,32,999999999,12,15,15,15,15,12,5,15.99,100.68,483565,48.36%
big_files/enwik6,binary,524288,4096,32,1,15,15,15,15,15,12,5,17.37,90.49,570896,57.09%
big_files/enwik6,binary,524288,4096,32,4,15,15,15,15,15,12,5,16.53,81.89,555297,55.53%
big_files/enwik6,binary,524288,4096,32,16,15,15,15,15,15,12,5,15.48,95.03,523679,52.37%
big_files/enwik6,binary,524288,4096,32,128,15,15,15,15,15,12,5,15.01,92.83,505581,50.56%
big_files/enwik6,binary,524288,4096,32,1024,15,15,15,15,15,12,5,15.86,94.65,505236,50.52%
big_files/enwik6,binary,524288,4096,32,999999999,15,15,15,15,15,12,5,15.99,95.44,505236,50.52%
big_files/enwik6,binary,524288,4096,64,1,6,6,6,6,6,12,6,17.50,93.81,633916,63.39%
big_files/enwik6,binary,524288,4096,64,4,6,6,6,6,6,12,6,17.11,95.47,614332,61.43%
big_files/enwik6,binary,524288,4096,64,16,6,6,6,6,6,12,6,15.65,96.13,570067,57.01%
big_files/enwik6,binary,524288,4096,64,128,6,6,6,6,6,12,6,16.61,100.74,545474,54.55%
big_files/enwik6,binary,524288,4096,64,1024,6,6,6,6,6,12,6,16.72,96.54,545236,54.52%
big_files/enwik6,binary,524288,4096,64,999999999,6,6,6,6,6,12,6,16.28,101.30,545236,54.52%
big_files/enwik6,binary,524288,4096,64,1,6,6,6,6,12,12,6,17.67,89.00,630364,63.04%
big_files/enwik6,binary,524288,4096,64,4,6,6,6,6,12,12,6,17.03,96.39,610542,61.05%
big_files/enwik6,binary,524288,4096,64,16,6,6,6,6,12,12,6,17.22,95.79,565654,56.57%
big_files/enwik6,binary,524288,4096,64,128,6,6,6,6,12,12,6,16.11,99.49,540862,54.09%
big_files/enwik6,binary,524288,4096,64,1024,6,6,6,6,12,12,6,16.45,100.40,540625,54.06%
big_files/enwik6,binary,524288,4096,64,999999999,6,6,6,6,12,12,6,16.27,99.85,540625,54.06%
big_files/enwik6,binary,524288,4096,64,1,6,6,6,6,15,12,6,17.36,87.49,632619,63.26%
big_files/enwik6,binary,524288,4096,64,4,6,6,6,6,15,12,6,17.06,90.50,612939,61.29%
big_files/enwik6,binary,524288,4096,64,16,6,6,6,6,15,12,6,16.41,90.65,568498,56.85%
big_files/enwik6,binary,524288,4096,64,128,6,6,6,6,15,12,6,16.53,100.35,543872,54.39%
big_files/enwik6,binary,524288,4096,64,1024,6,6,6,6,15,12,6,16.26,102.27,543635,54.36%
big_files/enwik6,binary,524288,4096,64,999999999,6,6,6,6,15,12,6,16.66,101.56,543635,54.36%
big_files/enwik6,binary,524288,4096,64,1,6,6,6,12,12,12,6,17.43,93.30,624488,62.45%
big_files/enwik6,binary,524288,4096,64,4,6,6,6,12,12,12,6,16.66,95.31,603949,60.39%
big_files/enwik6,binary,524288,4096,64,16,6,6,6,12,12,12,6,16.50,95.33,558947,55.89%
big_files/enwik6,binary,524288,4096,64,128,6,6,6,12,12,12,6,16.58,99.84,533882,53.39%
big_files/enwik6,binary,524288,4096,64,1024,6,6,6,12,12,12,6,16.05,97.98,533655,53.37%
big_files/enwik6,binary,524288,4096,64,999999999,6,6,6,12,12,12,6,16.47,102.28,533655,53.37%
big_files/enwik6,binary,524288,4096,64,1,6,6,6,12,15,12,6,17.72,94.03,626742,62.67%
big_files/enwik6,binary,524288,4096,64,4,6,6,6,12,15,12,6,16.45,88.82,606346,60.63%
big_files/enwik6,binary,524288,4096,64,16,6,6,6,12,15,12,6,16.02,98.23,561792,56.18%
big_files/enwik6,binary,524288,4096,64,128,6,6,6,12,15,12,6,16.45,102.99,536893,53.69%
big_files/enwik6,binary,524288,4096,64,1024,6,6,6,12,15,12,6,16.53,101.39,536665,53.67%
big_files/enwik6,binary,524288,4096,64,999999999,6,6,6,12,15,12,6,16.73,105.15,536665,53.67%
big_files/enwik6,binary,524288,4096,64,1,6,6,6,15,15,12,6,16.98,89.45,630374,63.04%
big_files/enwik6,binary,524288,4096,64,4,6,6,6,15,15,12,6,16.90,89.34,610329,61.03%
big_files/enwik6,binary,524288,4096,64,16,6,6,6,15,15,12,6,15.84,97.35,566094,56.61%
big_files/enwik6,binary,524288,4096,64,128,6,6,6,15,15,12,6,15.98,98.20,541543,54.15%
big_files/enwik6,binary,524288,4096,64,1024,6,6,6,15,15,12,6,16.54,103.70,541312,54.13%
big_files/enwik6,binary,524288,4096,64,999999999,6,6,6,15,15,12,6,16.20,96.80,541312,54.13%
big_files/enwik6,binary,524288,4096,64,1,6,6,12,12,12,12,6,17.38,89.55,614861,61.49%
big_files/enwik6,binary,524288,4096,64,4,6,6,12,12,12,12,6,16.62,88.05,593253,59.33%
big_files/enwik6,binary,524288,4096,64,16,6,6,12,12,12,12,6,16.38,90.23,548372,54.84%
big_files/enwik6,binary,524288,4096,64,128,6,6,12,12,12,12,6,16.35,97.15,523213,52.32%
big_files/enwik6,binary,524288,4096,64,1024,6,6,12,12,12,12,6,16.63,101.32,522994,52.30%
big_files/enwik6,binary,524288,4096,64,999999999,6,6,12,12,12,12,6,16.24,102.80,522994,52.30%
big_files/enwik6,binary,524288,4096,64,1,6,6,12,12,15,12,6,17.41,88.65,617115,61.71%
big_files/enwik6,binary,524288,4096,64,4,6,6,12,12,15,12,6,16.84,91.62,595651,59.57%
big_files/enwik6,binary,524288,4096,64,16,6,6,12,12,15,12,6,16.07,94.66,551217,55.12%
big_files/enwik6,binary,524288,4096,64,128,6,6,12,12,15,12,6,16.53,98.83,526223,52.62%
big_files/enwik6,binary,524288,4096,64,1024,6,6,12,12,15,12,6,16.00,99.74,526004,52.60%
big_files/enwik6,binary,524288,4096,64,999999999,6,6,12,12,15,12,6,15.89,95.79,526004,52.60%
big_files/enwik6,binary,524288,4096,64,1,6,6,12,15,15,12,6,16.95,90.99,620748,62.07%
big_files/enwik6,binary,524288,4096,64,4,6,6,12,15,15,12,6,16.31,93.36,599633,59.96%
big_files/enwik6,binary,524288,4096,64,16,6,6,12,15,15,12,6,16.45,92.33,555520,55.55%
big_files/enwik6,binary,524288,4096,64,128,6,6,12,15,15,12,6,15.95,91.35,530872,53.09%
big_files/enwik6,binary,524288,4096,64,1024,6,6,12,15,15,12,6,15.91,97.94,530651,53.07%
big_files/enwik6,binary,524288,4096,64,999999999,6,6,12,15,15,12,6,16.26,99.28,530651,53.07%
big_files/enwik6,binary,524288,4096,64,1,6,6,15,15,15,12,6,16.36,90.12,626393,62.64%
big_files/enwik6,binary,524288,4096,64,4,6,6,15,15,15,12,6,16.66,93.15,605748,60.57%
big_files/enwik6,binary,524288,4096,64,16,6,6,15,15,15,12,6,16.44,98.77,561809,56.18%
big_files/enwik6,binary,524288,4096,64,128,6,6,15,15,15,12,6,16.76,95.15,537412,53.74%
big_files/enwik6,binary,524288,4096,64,1024,6,6,15,15,15,12,6,16.40,92.26,537184,53.72%
big_files/enwik6,binary,524288,4096,64,999999999,6,6,15,15,15,12,6,16.13,89.39,537184,53.72%
big_files/enwik6,binary,524288,4096,64,1,6,12,12,12,12,12,6,16.33,89.60,588747,58.87%
big_files/enwik6,binary,524288,4096,64,4,6,12,12,12,12,12,6,15.86,93.53,566375,56.64%
big_files/enwik6,binary,524288,4096,64,16,6,12,12,12,12,12,6,16.50,95.58,523794,52.38%
big_files/enwik6,binary,524288,4096,64,128,6,12,12,12,12,12,6,15.45,102.14,501534,50.15%
big_files/enwik6,binary,524288,4096,64,1024,6,12,12,12,12,12,6,16.38,96.69,501337,50.13%
big_files/enwik6,binary,524288,4096,64,999999999,6,12,12,12,12,12,6,16.53,97.72,501337,50.13%
big_files/enwik6,binary,524288,4096,64,1,6,12,12,12,15,12,6,16.74,88.58,591001,59.10%
big_files/enwik6,binary,524288,4096,64,4,6,12,12,12,15,12,6,16.66,94.94,568772,56.88%
big_files/enwik6,binary,524288,4096,64,16,6,12,12,12,15,12,6,16.19,98.51,526639,52.66%
big_files/enwik6,binary,524288,4096,64,128,6,12,12,12,15,12,6,16.32,92.81,504545,50.45%
big_files/enwik6,binary,524288,4096,64,1024,6,12,12,12,15,12,6,14.92,92.02,504347,50.43%
big_files/enwik6,binary,524288,4096,64,999999999,6,12,12,12,15,12,6,16.37,91.05,504347,50.43%
big_files/enwik6,binary,524288,4096,64,1,6,12,12,15,15,12,6,17.70,89.56,594633,59.46%
big_files/enwik6,binary,524288,4096,64,4,6,12,12,15,15,12,6,17.01,88.77,572755,57.28%
big_files/enwik6,binary,524288,4096,64,16,6,12,12,15,15,12,6,16.07,95.67,530942,53.09%
big_files/enwik6,binary,524288,4096,64,128,6,12,12,15,15,12,6,16.17,99.07,509195,50.92%
big_files/enwik6,binary,524288,4096,64,1024,6,12,12,15,15,12,6,16.67,99.25,508995,50.90%
big_files/enwik6,binary,524288,4096,64,999999999,6,12,12,15,15,12,6,16.62,98.21,508995,50.90%
big_files/enwik6,binary,524288,4096,64,1,6,12,15,15,15,12,6,17.65,86.23,600278,60.03%
big_files/enwik6,binary,524288,4096,64,4,6,12,15,15,15,12,6,17.31,94.39,578869,57.89%
big_files/enwik6,binary,524288,4096,64,16,6,12,15,15,15,12,6,16.42,89.18,537231,53.72%
big_files/enwik6,binary,524288,4096,64,128,6,12,15,15,15,12,6,16.61,95.73,515733,51.57%
big_files/enwik6,binary,524288,4096,64,1024,6,12,15,15,15,12,6,16.64,95.41,515527,51.55%
big_files/enwik6,binary,524288,4096,64,999999999,6,12,15,15,15,12,6,16.36,100.43,515527,51.55%
big_files/enwik6,binary,524288,4096,64,1,6,15,15,15,15,12,6,17.47,88.32,612611,61.26%
big_files/enwik6,binary,524288,4096,64,4,6,15,15,15,15,12,6,15.97,90.11,591304,59.13%
big_files/enwik6,binary,524288,4096,64,16,6,15,15,15,15,12,6,16.05,92.77,549137,54.91%
big_files/enwik6,binary,524288,4096,64,128,6,15,15,15,15,12,6,16.02,96.52,526728,52.67%
big_files/enwik6,binary,524288,4096,64,1024,6,15,15,15,15,12,6,16.33,98.81,526512,52.65%
big_files/enwik6,binary,524288,4096,64,999999999,6,15,15,15,15,12,6,15.47,89.32,526512,52.65%
big_files/enwik6,binary,524288,4096,64,1,12,12,12,12,12,12,6,17.47,95.42,510266,51.03%
big_files/enwik6,binary,524288,4096,64,4,12,12,12,12,12,12,6,16.61,96.42,497505,49.75%
big_files/enwik6,binary,524288,4096,64,16,12,12,12,12,12,12,6,16.00,99.11,472805,47.28%
big_files/enwik6,binary,524288,4096,64,128,12,12,12,12,12,12,6,16.45,102.70,458957,45.90%
big_files/enwik6,binary,524288,4096,64,1024,12,12,12,12,12,12,6,15.83,97.62,458805,45.88%
big_files/enwik6,binary,524288,4096,64,999999999,12,12,12,12,12,12,6,16.39,97.93,458805,45.88%
big_files/enwik6,binary,524288,4096,64,1,12,12,12,12,15,12,6,17.88,95.42,512520,51.25%
big_files/enwik6,binary,524288,4096,64,4,12,12,12,12,15,12,6,16.71,93.41,499902,49.99%
big_files/enwik6,binary,524288,4096,64,16,12,12,12,12,15,12,6,16.23,96.68,475649,47.56%
big_files/enwik6,binary,524288,4096,64,128,12,12,12,12,15,12,6,16.64,99.49,461967,46.20%
big_files/enwik6,binary,524288,4096,64,1024,12,12,12,12,15,12,6,16.20,96.74,461815,46.18%
big_files/enwik6,binary,524288,4096,64,999999999,12,12,12,12,15,12,6,15.75,92.54,461815,46.18%
big_files/enwik6,binary,524288,4096,64,1,12,12,12,15,15,12,6,17.45,87.58,516152,51.62%
big_files/enwik6,binary,524288,4096,64,4,12,12,12,15,15,12,6,16.80,90.89,503885,50.39%
big_files/enwik6,binary,524288,4096,64,16,12,12,12,15,15,12,6,17.19,103.00,479953,48.00%
big_files/enwik6,binary,524288,4096,64,128,12,12,12,15,15,12,6,15.87,95.32,466617,46.66%
big_files/enwik6,binary,524288,4096,64,1024,12,12,12,15,15,12,6,16.13,99.76,466462,46.65%
big_files/enwik6,binary,524288,4096,64,999999999,12,12,12,15,15,12,6,16.15,101.40,466462,46.65%
big_files/enwik6,binary,524288,4096,64,1,12,12,15,15,15,12,6,16.73,97.27,521797,52.18%
big_files/enwik6,binary,524288,4096,64,4,12,12,15,15,15,12,6,16.93,94.84,509999,51.00%
big_files/enwik6,binary,524288,4096,64,16,12,12,15,15,15,12,6,16.38,99.14,486241,48.62%
big_files/enwik6,binary,524288,4096,64,128,12,12,15,15,15,12,6,15.90,91.81,473156,47.32%
big_files/enwik6,binary,524288,4096,64,1024,12,12,15,15,15,12,6,16.68,101.07,472994,47.30%
big_files/enwik6,binary,524288,4096,64,999999999,12,12,15,15,15,12,6,16.14,100.40,472994,47.30%
big_files/enwik6,binary,524288,4096,64,1,12,15,15,15,15,12,6,17.69,90.79,534129,53.41%
big_files/enwik6,binary,524288,4096,64,4,12,15,15,15,15,12,6,16.81,98.14,522433,52.24%
big_files/enwik6,binary,524288,4096,64,16,12,15,15,15,15,12,6,16.64,101.35,498148,49.81%
big_files/enwik6,binary,524288,4096,64,128,12,15,15,15,15,12,6,16.42,100.20,484151,48.42%
big_files/enwik6,binary,524288,4096,64,1024,12,15,15,15,15,12,6,16.34,98.20,483979,48.40%
big_files/enwik6,binary,524288,4096,64,999999999,12,15,15,15,15,12,6,16.46,99.43,483979,48.40%
big_files/enwik6,binary,524288,4096,64,1,15,15,15,15,15,12,6,17.35,89.63,569848,56.98%
big_files/enwik6,binary,524288,4096,64,4,15,15,15,15,15,12,6,16.60,89.23,553878,55.39%
big_files/enwik6,binary,524288,4096,64,16,15,15,15,15,15,12,6,16.13,93.74,522961,52.30%
big_files/enwik6,binary,524288,4096,64,128,15,15,15,15,15,12,6,16.38,96.19,505823,50.58%
big_files/enwik6,binary,524288,4096,64,1024,15,15,15,15,15,12,6,16.52,97.41,505629,50.56%
big_files/enwik6,binary,524288,4096,64,999999999,15,15,15,15,15,12,6,16.70,98.81,505629,50.56%
big_files/enwik6,binary,524288,4096,128,1,6,6,6,6,6,12,7,17.32,87.43,654600,65.46%
big_files/enwik6,binary,524288,4096,128,4,6,6,6,6,6,12,7,16.15,88.37,634126,63.41%
big_files/enwik6,binary,524288,4096,128,16,6,6,6,6,6,12,7,16.05,99.01,587857,58.79%
big_files/enwik6,binary,524288,4096,128,128,6,6,6,6,6,12,7,16.14,97.94,562264,56.23%
big_files/enwik6,binary,524288,4096,128,1024,6,6,6,6,6,12,7,16.36,99.47,562093,56.21%
big_files/enwik6,binary,524288,4096,128,999999999,6,6,6,6,6,12,7,16.64,100.56,562093,56.21%
big_files/enwik6,binary,524288,4096,128,1,6,6,6,6,12,12,7,16.97,85.14,650386,65.04%
big_files/enwik6,binary,524288,4096,128,4,6,6,6,6,12,12,7,17.10,97.56,629623,62.96%
big_files/enwik6,binary,524288,4096,128,16,6,6,6,6,12,12,7,16.69,95.50,582607,58.26%
big_files/enwik6,binary,524288,4096,128,128,6,6,6,6,12,12,7,16.56,101.68,556770,55.68%
big_files/enwik6,binary,524288,4096,128,1024,6,6,6,6,12,12,7,16.55,96.98,556599,55.66%
big_files/enwik6,binary,524288,4096,128,999999999,6,6,6,6,12,12,7,15.86,99.22,556599,55.66%
big_files/enwik6,binary,524288,4096,128,1,6,6,6,6,15,12,7,17.65,92.07,652633,65.26%
big_files/enwik6,binary,524288,4096,128,4,6,6,6,6,15,12,7,16.43,92.97,632018,63.20%
big_files/enwik6,binary,524288,4096,128,16,6,6,6,6,15,12,7,16.73,99.76,585448,58.54%
big_files/enwik6,binary,524288,4096,128,128,6,6,6,6,15,12,7,16.82,98.97,559778,55.98%
big_files/enwik6,binary,524288,4096,128,1024,6,6,6,6,15,12,7,16.38,102.28,559607,55.96%
big_files/enwik6,binary,524288,4096,128,999999999,6,6,6,6,15,12,7,16.37,90.26,559607,55.96%
big_files/enwik6,binary,524288,4096,128,1,6,6,6,12,12,12,7,16.89,88.38,643422,64.34%
big_files/enwik6,binary,524288,4096,128,4,6,6,6,12,12,12,7,16.73,92.65,621830,62.18%
big_files/enwik6,binary,524288,4096,128,16,6,6,6,12,12,12,7,15.99,93.88,574641,57.46%
big_files/enwik6,binary,524288,4096,128,128,6,6,6,12,12,12,7,16.66,98.23,548443,54.84%
big_files/enwik6,binary,524288,4096,128,1024,6,6,6,12,12,12,7,15.92,96.02,548281,54.83%
big_files/enwik6,binary,524288,4096,128,999999999,6,6,6,12,12,12,7,15.74,92.65,548281,54.83%
big_files/enwik6,binary,524288,4096,128,1,6,6,6,12,15,12,7,17.35,85.75,645669,64.57%
big_files/enwik6,binary,524288,4096,128,4,6,6,6,12,15,12,7,17.02,93.05,624226,62.42%
big_files/enwik6,binary,524288,4096,128,16,6,6,6,12,15,12,7,16.15,89.79,577484,57.75%
big_files/enwik6,binary,524288,4096,128,128,6,6,6,12,15,12,7,16.33,98.72,551452,55.15%
big_files/enwik6,binary,524288,4096,128,1024,6,6,6,12,15,12,7,15.58,94.71,551289,55.13%
big_files/enwik6,binary,524288,4096,128,999999999,6,6,6,12,15,12,7,16.19,97.23,551289,55.13%
big_files/enwik6,binary,524288,4096,128,1,6,6,6,15,15,12,7,17.27,92.76,649298,64.93%
big_files/enwik6,binary,524288,4096,128,4,6,6,6,15,15,12,7,16.91,92.03,628203,62.82%
big_files/enwik6,binary,524288,4096,128,16,6,6,6,15,15,12,7,15.98,98.38,581777,58.18%
big_files/enwik6,binary,524288,4096,128,128,6,6,6,15,15,12,7,16.24,96.96,556096,55.61%
big_files/enwik6,binary,524288,4096,128,1024,6,6,6,15,15,12,7,15.83,90.27,555932,55.59%
big_files/enwik6,binary,524288,4096,128,999999999,6,6,6,15,15,12,7,16.04,92.04,555932,55.59%
big_files/enwik6,binary,524288,4096,128,1,6,6,12,12,12,12,7,17.05,78.56,632062,63.21%
big_files/enwik6,binary,524288,4096,128,4,6,6,12,12,12,12,7,16.39,91.59,609243,60.92%
big_files/enwik6,binary,524288,4096,128,16,6,6,12,12,12,12,7,16.66,95.44,562150,56.21%
big_files/enwik6,binary,524288,4096,128,128,6,6,12,12,12,12,7,16.37,100.16,535799,53.58%
big_files/enwik6,binary,524288,4096,128,1024,6,6,12,12,12,12,7,16.91,101.54,535645,53.56%
big_files/enwik6,binary,524288,4096,128,999999999,6,6,12,12,12,12,7,16.70,98.90,535645,53.56%
big_files/enwik6,binary,524288,4096,128,1,6,6,12,12,15,12,7,16.90,88.19,634310,63.43%
big_files/enwik6,binary,524288,4096,128,4,6,6,12,12,15,12,7,15.37,87.40,611639,61.16%
big_files/enwik6,binary,524288,4096,128,16,6,6,12,12,15,12,7,16.08,98.07,564992,56.50%
big_files/enwik6,binary,524288,4096,128,128,6,6,12,12,15,12,7,16.74,100.39,538807,53.88%
big_files/enwik6,binary,524288,4096,128,1024,6,6,12,12,15,12,7,16.79,101.53,538653,53.87%
big_files/enwik6,binary,524288,4096,128,999999999,6,6,12,12,15,12,7,16.17,98.99,538653,53.87%
big_files/enwik6,binary,524288,4096,128,1,6,6,12,15,15,12,7,17.30,86.06,637938,63.79%
big_files/enwik6,binary,524288,4096,128,4,6,6,12,15,15,12,7,16.70,88.17,615616,61.56%
big_files/enwik6,binary,524288,4096,128,16,6,6,12,15,15,12,7,16.98,96.12,569286,56.93%
big_files/enwik6,binary,524288,4096,128,128,6,6,12,15,15,12,7,16.20,102.24,543451,54.35%
big_files/enwik6,binary,524288,4096,128,1024,6,6,12,15,15,12,7,16.30,100.77,543296,54.33%
big_files/enwik6,binary,524288,4096,128,999999999,6,6,12,15,15,12,7,16.57,98.57,543296,54.33%
big_files/enwik6,binary,524288,4096,128,1,6,6,15,15,15,12,7,17.25,89.13,643579,64.36%
big_files/enwik6,binary,524288,4096,128,4,6,6,15,15,15,12,7,16.74,90.57,621720,62.17%
big_files/enwik6,binary,524288,4096,128,16,6,6,15,15,15,12,7,16.31,90.25,575568,57.56%
big_files/enwik6,binary,524288,4096,128,128,6,6,15,15,15,12,7,16.18,94.28,549987,55.00%
big_files/enwik6,binary,524288,4096,128,1024,6,6,15,15,15,12,7,14.92,96.92,549826,54.98%
big_files/enwik6,binary,524288,4096,128,999999999,6,6,15,15,15,12,7,16.49,93.59,549826,54.98%
big_files/enwik6,binary,524288,4096,128,1,6,12,12,12,12,12,7,17.51,80.98,602035,60.20%
big_files/enwik6,binary,524288,4096,128,4,6,12,12,12,12,12,7,15.92,82.55,578400,57.84%
big_files/enwik6,binary,524288,4096,128,16,6,12,12,12,12,12,7,16.59,98.48,533877,53.39%
big_files/enwik6,binary,524288,4096,128,128,6,12,12,12,12,12,7,16.41,95.04,510770,51.08%
big_files/enwik6,binary,524288,4096,128,1024,6,12,12,12,12,12,7,15.40,93.74,510634,51.06%
big_files/enwik6,binary,524288,4096,128,999999999,6,12,12,12,12,12,7,16.32,96.29,510634,51.06%
big_files/enwik6,binary,524288,4096,128,1,6,12,12,12,15,12,7,17.25,88.22,604282,60.43%
big_files/enwik6,binary,524288,4096,128,4,6,12,12,12,15,12,7,16.84,92.68,580796,58.08%
big_files/enwik6,binary,524288,4096,128,16,6,12,12,12,15,12,7,16.76,93.75,536718,53.67%
big_files/enwik6,binary,524288,4096,128,128,6,12,12,12,15,12,7,16.14,94.91,513778,51.38%
big_files/enwik6,binary,524288,4096,128,1024,6,12,12,12,15,12,7,16.52,94.52,513643,51.36%
big_files/enwik6,binary,524288,4096,128,999999999,6,12,12,12,15,12,7,16.13,94.30,513643,51.36%
big_files/enwik6,binary,524288,4096,128,1,6,12,12,15,15,12,7,16.39,94.34,607910,60.79%
big_files/enwik6,binary,524288,4096,128,4,6,12,12,15,15,12,7,16.65,88.05,584773,58.48%
big_files/enwik6,binary,524288,4096,128,16,6,12,12,15,15,12,7,16.99,92.93,541013,54.10%
big_files/enwik6,binary,524288,4096,128,128,6,12,12,15,15,12,7,16.19,92.16,518423,51.84%
big_files/enwik6,binary,524288,4096,128,1024,6,12,12,15,15,12,7,16.61,97.29,518286,51.83%
big_files/enwik6,binary,524288,4096,128,999999999,6,12,12,15,15,12,7,16.34,92.21,518286,51.83%
big_files/enwik6,binary,524288,4096,128,1,6,12,15,15,15,12,7,15.93,85.97,613551,61.36%
big_files/enwik6,binary,524288,4096,128,4,6,12,15,15,15,12,7,16.42,90.94,590878,59.09%
big_files/enwik6,binary,524288,4096,128,16,6,12,15,15,15,12,7,16.05,91.58,547295,54.73%
big_files/enwik6,binary,524288,4096,128,128,6,12,15,15,15,12,7,16.13,95.30,524957,52.50%
big_files/enwik6,binary,524288,4096,128,1024,6,12,15,15,15,12,7,16.18,97.94,524816,52.48%
big_files/enwik6,binary,524288,4096,128,999999999,6,12,15,15,15,12,7,15.96,93.78,524816,52.48%
big_files/enwik6,binary,524288,4096,128,1,6,15,15,15,15,12,7,16.77,84.15,625872,62.59%
big_files/enwik6,binary,524288,4096,128,4,6,15,15,15,15,12,7,16.53,93.62,603302,60.33%
big_files/enwik6,binary,524288,4096,128,16,6,15,15,15,15,12,7,16.33,96.55,559192,55.92%
big_files/enwik6,binary,524288,4096,128,128,6,15,15,15,15,12,7,16.57,97.55,535950,53.59%
big_files/enwik6,binary,524288,4096,128,1024,6,15,15,15,15,12,7,16.98,97.74,535800,53.58%
big_files/enwik6,binary,524288,4096,128,999999999,6,15,15,15,15,12,7,16.11,96.99,535800,53.58%
big_files/enwik6,binary,524288,4096,128,1,12,12,12,12,12,12,7,17.76,96.17,512022,51.20%
big_files/enwik6,binary,524288,4096,128,4,12,12,12,12,12,12,7,16.58,97.50,499434,49.94%
big_files/enwik6,binary,524288,4096,128,16,12,12,12,12,12,12,7,16.43,99.82,475177,47.52%
big_files/enwik6,binary,524288,4096,128,128,12,12,12,12,12,12,7,16.98,100.69,461605,46.16%
big_files/enwik6,binary,524288,4096,128,1024,12,12,12,12,12,12,7,16.76,99.04,461506,46.15%
big_files/enwik6,binary,524288,4096,128,999999999,12,12,12,12,12,12,7,16.40,90.93,461506,46.15%
big_files/enwik6,binary,524288,4096,128,1,12,12,12,12,15,12,7,17.43,92.58,514270,51.43%
big_files/enwik6,binary,524288,4096,128,4,12,12,12,12,15,12,7,16.98,95.42,501830,50.18%
big_files/enwik6,binary,524288,4096,128,16,12,12,12,12,15,12,7,16.53,100.17,478019,47.80%
big_files/enwik6,binary,524288,4096,128,128,12,12,12,12,15,12,7,16.80,100.60,464614,46.46%
big_files/enwik6,binary,524288,4096,128,1024,12,12,12,12,15,12,7,16.74,101.61,464514,46.45%
big_files/enwik6,binary,524288,4096,128,999999999,12,12,12,12,15,12,7,16.46,91.67,464514,46.45%
big_files/enwik6,binary,524288,4096,128,1,12,12,12,15,15,12,7,17.56,93.77,517898,51.79%
big_files/enwik6,binary,524288,4096,128,4,12,12,12,15,15,12,7,16.62,91.43,505807,50.58%
big_files/enwik6,binary,524288,4096,128,16,12,12,12,15,15,12,7,16.57,95.76,482313,48.23%
big_files/enwik6,binary,524288,4096,128,128,12,12,12,15,15,12,7,16.60,103.94,469258,46.93%
big_files/enwik6,binary,524288,4096,128,1024,12,12,12,15,15,12,7,15.96,98.42,469157,46.92%
big_files/enwik6,binary,524288,4096,128,999999999,12,12,12,15,15,12,7,16.37,97.36,469157,46.92%
big_files/enwik6,binary,524288,4096,128,1,12,12,15,15,15,12,7,17.30,94.84,523539,52.35%
big_files/enwik6,binary,524288,4096,128,4,12,12,15,15,15,12,7,17.85,94.68,511911,51.19%
big_files/enwik6,binary,524288,4096,128,16,12,12,15,15,15,12,7,16.36,98.15,488596,48.86%
big_files/enwik6,binary,524288,4096,128,128,12,12,15,15,15,12,7,16.59,101.56,475792,47.58%
big_files/enwik6,binary,524288,4096,128,1024,12,12,15,15,15,12,7,16.73,101.02,475687,47.57%
big_files/enwik6,binary,524288,4096,128,999999999,12,12,15,15,15,12,7,16.93,101.37,475687,47.57%
big_files/enwik6,binary,524288,4096,128,1,12,15,15,15,15,12,7,17.57,92.72,535861,53.59%
big_files/enwik6,binary,524288,4096,128,4,12,15,15,15,15,12,7,16.27,94.89,524336,52.43%
big_files/enwik6,binary,524288,4096,128,16,12,15,15,15,15,12,7,16.19,93.08,500493,50.05%
big_files/enwik6,binary,524288,4096,128,128,12,15,15,15,15,12,7,15.93,97.68,486786,48.68%
big_files/enwik6,binary,524288,4096,128,1024,12,15,15,15,15,12,7,15.95,92.31,486670,48.67%
big_files/enwik6,binary,524288,4096,128,999999999,12,15,15,15,15,12,7,15.60,97.39,486670,48.67%
big_files/enwik6,binary,524288,4096,128,1,15,15,15,15,15,12,7,16.50,93.13,571558,57.16%
big_files/enwik6,binary,524288,4096,128,4,15,15,15,15,15,12,7,15.94,93.26,555763,55.58%
big_files/enwik6,binary,524288,4096,128,16,15,15,15,15,15,12,7,15.55,88.35,525293,52.53%
big_files/enwik6,binary,524288,4096,128,128,15,15,15,15,15,12,7,16.19,100.60,508448,50.84%
big_files/enwik6,binary,524288,4096,128,1024,15,15,15,15,15,12,7,16.20,92.03,508319,50.83%
big_files/enwik6,binary,524288,4096,128,999999999,15,15,15,15,15,12,7,16.06,100.63,508319,50.83%
big_files/enwik6,binary,524288,4096,256,1,6,6,6,6,6,12,8,17.30,89.33,675606,67.56%
big_files/enwik6,binary,524288,4096,256,4,6,6,6,6,6,12,8,17.15,88.11,654366,65.44%
big_files/enwik6,binary,524288,4096,256,16,6,6,6,6,6,12,8,16.58,95.55,606077,60.61%
big_files/enwik6,binary,524288,4096,256,128,6,6,6,6,6,12,8,15.50,97.95,579492,57.95%
big_files/enwik6,binary,524288,4096,256,1024,6,6,6,6,6,12,8,16.01,93.79,579335,57.93%
big_files/enwik6,binary,524288,4096,256,999999999,6,6,6,6,6,12,8,16.42,101.80,579335,57.93%
big_files/enwik6,binary,524288,4096,256,1,6,6,6,6,12,12,8,17.30,82.72,670722,67.07%
big_files/enwik6,binary,524288,4096,256,4,6,6,6,6,12,12,8,16.61,84.67,649149,64.91%
big_files/enwik6,binary,524288,4096,256,16,6,6,6,6,12,12,8,16.82,95.12,599987,60.00%
big_files/enwik6,binary,524288,4096,256,128,6,6,6,6,12,12,8,16.79,94.54,573112,57.31%
big_files/enwik6,binary,524288,4096,256,1024,6,6,6,6,12,12,8,16.16,98.51,572956,57.30%
big_files/enwik6,binary,524288,4096,256,999999999,6,6,6,6,12,12,8,16.30,95.48,572956,57.30%
big_files/enwik6,binary,524288,4096,256,1,6,6,6,6,15,12,8,17.50,87.55,672967,67.30%
big_files/enwik6,binary,524288,4096,256,4,6,6,6,6,15,12,8,16.57,88.68,651544,65.15%
big_files/enwik6,binary,524288,4096,256,16,6,6,6,6,15,12,8,16.28,94.73,602828,60.28%
big_files/enwik6,binary,524288,4096,256,128,6,6,6,6,15,12,8,16.38,99.44,576120,57.61%
big_files/enwik6,binary,524288,4096,256,1024,6,6,6,6,15,12,8,16.49,98.05,575964,57.60%
big_files/enwik6,binary,524288,4096,256,999999999,6,6,6,6,15,12,8,16.84,96.52,575964,57.60%
big_files/enwik6,binary,524288,4096,256,1,6,6,6,12,12,12,8,16.85,86.54,662671,66.27%
big_files/enwik6,binary,524288,4096,256,4,6,6,6,12,12,12,8,17.00,84.87,640160,64.02%
big_files/enwik6,binary,524288,4096,256,16,6,6,6,12,12,12,8,16.40,97.41,590766,59.08%
big_files/enwik6,binary,524288,4096,256,128,6,6,6,12,12,12,8,16.63,99.51,563431,56.34%
big_files/enwik6,binary,524288,4096,256,1024,6,6,6,12,12,12,8,16.71,95.36,563283,56.33%
big_files/enwik6,binary,524288,4096,256,999999999,6,6,6,12,12,12,8,16.28,98.73,563283,56.33%
big_files/enwik6,binary,524288,4096,256,1,6,6,6,12,15,12,8,17.09,90.29,664917,66.49%
big_files/enwik6,binary,524288,4096,256,4,6,6,6,12,15,12,8,15.94,83.66,642555,64.26%
big_files/enwik6,binary,524288,4096,256,16,6,6,6,12,15,12,8,15.69,95.92,593606,59.36%
big_files/enwik6,binary,524288,4096,256,128,6,6,6,12,15,12,8,16.43,95.57,566439,56.64%
big_files/enwik6,binary,524288,4096,256,1024,6,6,6,12,15,12,8,16.21,100.10,566291,56.63%
big_files/enwik6,binary,524288,4096,256,999999999,6,6,6,12,15,12,8,16.35,90.87,566291,56.63%
big_files/enwik6,binary,524288,4096,256,1,6,6,6,15,15,12,8,16.46,89.64,668542,66.85%
big_files/enwik6,binary,524288,4096,256,4,6,6,6,15,15,12,8,17.16,88.64,646526,64.65%
big_files/enwik6,binary,524288,4096,256,16,6,6,6,15,15,12,8,15.60,95.66,597895,59.79%
big_files/enwik6,binary,524288,4096,256,128,6,6,6,15,15,12,8,16.54,100.52,571082,57.11%
big_files/enwik6,binary,524288,4096,256,1024,6,6,6,15,15,12,8,16.57,97.36,570933,57.09%
big_files/enwik6,binary,524288,4096,256,999999999,6,6,6,15,15,12,8,16.02,97.00,570933,57.09%
big_files/enwik6,binary,524288,4096,256,1,6,6,12,12,12,12,8,15.26,81.81,649574,64.96%
big_files/enwik6,binary,524288,4096,256,4,6,6,12,12,12,12,8,15.74,78.89,625666,62.57%
big_files/enwik6,binary,524288,4096,256,16,6,6,12,12,12,12,8,16.52,87.89,576349,57.63%
big_files/enwik6,binary,524288,4096,256,128,6,6,12,12,12,12,8,15.82,93.54,548809,54.88%
big_files/enwik6,binary,524288,4096,256,1024,6,6,12,12,12,12,8,16.43,99.31,548672,54.87%
big_files/enwik6,binary,524288,4096,256,999999999,6,6,12,12,12,12,8,16.71,97.32,548672,54.87%
big_files/enwik6,binary,524288,4096,256,1,6,6,12,12,15,12,8,16.50,88.29,651820,65.18%
big_files/enwik6,binary,524288,4096,256,4,6,6,12,12,15,12,8,16.79,90.13,628061,62.81%
big_files/enwik6,binary,524288,4096,256,16,6,6,12,12,15,12,8,16.59,84.17,579190,57.92%
big_files/enwik6,binary,524288,4096,256,128,6,6,12,12,15,12,8,16.53,94.27,551816,55.18%
big_files/enwik6,binary,524288,4096,256,1024,6,6,12,12,15,12,8,16.04,95.72,551679,55.17%
big_files/enwik6,binary,524288,4096,256,999999999,6,6,12,12,15,12,8,16.10,97.91,551679,55.17%
big_files/enwik6,binary,524288,4096,256,1,6,6,12,15,15,12,8,15.90,85.34,655445,65.54%
big_files/enwik6,binary,524288,4096,256,4,6,6,12,15,15,12,8,16.77,91.48,632031,63.20%
big_files/enwik6,binary,524288,4096,256,16,6,6,12,15,15,12,8,16.84,96.00,583478,58.35%
big_files/enwik6,binary,524288,4096,256,128,6,6,12,15,15,12,8,16.42,93.67,556460,55.65%
big_files/enwik6,binary,524288,4096,256,1024,6,6,12,15,15,12,8,16.51,97.52,556321,55.63%
big_files/enwik6,binary,524288,4096,256,999999999,6,6,12,15,15,12,8,16.84,97.65,556321,55.63%
big_files/enwik6,binary,524288,4096,256,1,6,6,15,15,15,12,8,17.58,85.86,661084,66.11%
big_files/enwik6,binary,524288,4096,256,4,6,6,15,15,15,12,8,17.39,88.62,638135,63.81%
big_files/enwik6,binary,524288,4096,256,16,6,6,15,15,15,12,8,16.85,90.33,589758,58.98%
big_files/enwik6,binary,524288,4096,256,128,6,6,15,15,15,12,8,15.90,94.63,562994,56.30%
big_files/enwik6,binary,524288,4096,256,1024,6,6,15,15,15,12,8,16.26,94.13,562850,56.28%
big_files/enwik6,binary,524288,4096,256,999999999,6,6,15,15,15,12,8,16.53,88.84,562850,56.28%
big_files/enwik6,binary,524288,4096,256,1,6,12,12,12,12,12,8,17.05,87.87,615648,61.56%
big_files/enwik6,binary,524288,4096,256,4,6,12,12,12,12,12,8,16.88,93.69,590850,59.08%
big_files/enwik6,binary,524288,4096,256,16,6,12,12,12,12,12,8,16.24,96.84,544359,54.44%
big_files/enwik6,binary,524288,4096,256,128,6,12,12,12,12,12,8,16.26,91.81,520420,52.04%
big_files/enwik6,binary,524288,4096,256,1024,6,12,12,12,12,12,8,16.21,101.83,520304,52.03%
big_files/enwik6,binary,524288,4096,256,999999999,6,12,12,12,12,12,8,16.68,99.88,520304,52.03%
big_files/enwik6,binary,524288,4096,256,1,6,12,12,12,15,12,8,17.30,89.67,617894,61.79%
big_files/enwik6,binary,524288,4096,256,4,6,12,12,12,15,12,8,16.58,93.53,593245,59.32%
big_files/enwik6,binary,524288,4096,256,16,6,12,12,12,15,12,8,16.86,96.21,547200,54.72%
big_files/enwik6,binary,524288,4096,256,128,6,12,12,12,15,12,8,16.38,96.16,523428,52.34%
big_files/enwik6,binary,524288,4096,256,1024,6,12,12,12,15,12,8,16.04,99.08,523312,52.33%
big_files/enwik6,binary,524288,4096,256,999999999,6,12,12,12,15,12,8,15.68,90.76,523312,52.33%
big_files/enwik6,binary,524288,4096,256,1,6,12,12,15,15,12,8,17.23,90.98,621519,62.15%
big_files/enwik6,binary,524288,4096,256,4,6,12,12,15,15,12,8,16.46,93.56,597215,59.72%
big_files/enwik6,binary,524288,4096,256,16,6,12,12,15,15,12,8,16.70,97.35,551487,55.15%
big_files/enwik6,binary,524288,4096,256,128,6,12,12,15,15,12,8,16.01,95.16,528071,52.81%
big_files/enwik6,binary,524288,4096,256,1024,6,12,12,15,15,12,8,15.72,97.46,527953,52.80%
big_files/enwik6,binary,524288,4096,256,999999999,6,12,12,15,15,12,8,16.58,93.75,527953,52.80%
big_files/enwik6,binary,524288,4096,256,1,6,12,15,15,15,12,8,17.00,91.08,627157,62.72%
big_files/enwik6,binary,524288,4096,256,4,6,12,15,15,15,12,8,16.66,92.48,603321,60.33%
big_files/enwik6,binary,524288,4096,256,16,6,12,15,15,15,12,8,16.52,95.90,557768,55.78%
big_files/enwik6,binary,524288,4096,256,128,6,12,15,15,15,12,8,16.14,92.40,534605,53.46%
big_files/enwik6,binary,524288,4096,256,1024,6,12,15,15,15,12,8,16.41,95.35,534483,53.45%
big_files/enwik6,binary,524288,4096,256,999999999,6,12,15,15,15,12,8,17.07,92.47,534483,53.45%
big_files/enwik6,binary,524288,4096,256,1,6,15,15,15,15,12,8,16.14,81.04,639475,63.95%
big_files/enwik6,binary,524288,4096,256,4,6,15,15,15,15,12,8,16.19,89.67,615743,61.57%
big_files/enwik6,binary,524288,4096,256,16,6,15,15,15,15,12,8,15.93,94.97,569664,56.97%
big_files/enwik6,binary,524288,4096,256,128,6,15,15,15,15,12,8,15.81,91.84,545598,54.56%
big_files/enwik6,binary,524288,4096,256,1024,6,15,15,15,15,12,8,15.93,95.72,545466,54.55%
big_files/enwik6,binary,524288,4096,256,999999999,6,15,15,15,15,12,8,16.16,92.84,545466,54.55%
big_files/enwik6,binary,524288,4096,256,1,12,12,12,12,12,12,8,17.40,90.65,514124,51.41%
big_files/enwik6,binary,524288,4096,256,4,12,12,12,12,12,12,8,16.56,100.08,501767,50.18%
big_files/enwik6,binary,524288,4096,256,16,12,12,12,12,12,12,8,17.01,99.56,477943,47.79%
big_files/enwik6,binary,524288,4096,256,128,12,12,12,12,12,12,8,16.21,98.56,464657,46.47%
big_files/enwik6,binary,524288,4096,256,1024,12,12,12,12,12,12,8,16.01,94.53,464574,46.46%
big_files/enwik6,binary,524288,4096,256,999999999,12,12,12,12,12,12,8,16.59,99.68,464574,46.46%
big_files/enwik6,binary,524288,4096,256,1,12,12,12,12,15,12,8,17.08,92.74,516369,51.64%
big_files/enwik6,binary,524288,4096,256,4,12,12,12,12,15,12,8,16.82,94.71,504162,50.42%
big_files/enwik6,binary,524288,4096,256,16,12,12,12,12,15,12,8,16.07,97.04,480784,48.08%
big_files/enwik6,binary,524288,4096,256,128,12,12,12,12,15,12,8,16.72,102.72,467664,46.77%
big_files/enwik6,binary,524288,4096,256,1024,12,12,12,12,15,12,8,16.12,103.63,467582,46.76%
big_files/enwik6,binary,524288,4096,256,999999999,12,12,12,12,15,12,8,16.65,100.76,467582,46.76%
big_files/enwik6,binary,524288,4096,256,1,12,12,12,15,15,12,8,17.76,92.17,519994,52.00%
big_files/enwik6,binary,524288,4096,256,4,12,12,12,15,15,12,8,17.24,94.81,508132,50.81%
big_files/enwik6,binary,524288,4096,256,16,12,12,12,15,15,12,8,15.99,100.05,485072,48.51%
big_files/enwik6,binary,524288,4096,256,128,12,12,12,15,15,12,8,15.67,97.78,472307,47.23%
big_files/enwik6,binary,524288,4096,256,1024,12,12,12,15,15,12,8,16.68,97.26,472224,47.22%
big_files/enwik6,binary,524288,4096,256,999999999,12,12,12,15,15,12,8,14.88,90.36,472224,47.22%
big_files/enwik6,binary,524288,4096,256,1,12,12,15,15,15,12,8,16.53,86.46,525633,52.56%
big_files/enwik6,binary,524288,4096,256,4,12,12,15,15,15,12,8,17.07,92.14,514237,51.42%
big_files/enwik6,binary,524288,4096,256,16,12,12,15,15,15,12,8,16.78,100.96,491352,49.14%
big_files/enwik6,binary,524288,4096,256,128,12,12,15,15,15,12,8,16.38,98.69,478842,47.88%
big_files/enwik6,binary,524288,4096,256,1024,12,12,15,15,15,12,8,16.61,94.71,478752,47.88%
big_files/enwik6,binary,524288,4096,256,999999999,12,12,15,15,15,12,8,16.16,97.04,478752,47.88%
big_files/enwik6,binary,524288,4096,256,1,12,15,15,15,15,12,8,17.63,84.26,537950,53.79%
big_files/enwik6,binary,524288,4096,256,4,12,15,15,15,15,12,8,16.42,92.42,526658,52.67%
big_files/enwik6,binary,524288,4096,256,16,12,15,15,15,15,12,8,16.37,90.02,503247,50.32%
big_files/enwik6,binary,524288,4096,256,128,12,15,15,15,15,12,8,15.97,89.87,489835,48.98%
big_files/enwik6,binary,524288,4096,256,1024,12,15,15,15,15,12,8,16.34,96.26,489736,48.97%
big_files/enwik6,binary,524288,4096,256,999999999,12,15,15,15,15,12,8,16.09,103.92,489736,48.97%
big_files/enwik6,binary,524288,4096,256,1,15,15,15,15,15,12,8,17.58,87.65,573638,57.36%
big_files/enwik6,binary,524288,4096,256,4,15,15,15,15,15,12,8,17.14,96.18,558074,55.81%
big_files/enwik6,binary,524288,4096,256,16,15,15,15,15,15,12,8,16.24,89.10,528041,52.80%
big_files/enwik6,binary,524288,4096,256,128,15,15,15,15,15,12,8,16.28,97.47,511494,51.15%
big_files/enwik6,binary,524288,4096,256,1024,15,15,15,15,15,12,8,17.02,97.22,511384,51.14%
big_files/enwik6,binary,524288,4096,256,999999999,15,15,15,15,15,12,8,15.81,89.37,511384,51.14%
big_files/enwik6,binary,524288,4096,258,1,6,6,6,6,6,12,8,17.66,83.42,675609,67.56%
big_files/enwik6,binary,524288,4096,258,4,6,6,6,6,6,12,8,16.70,91.60,654375,65.44%
big_files/enwik6,binary,524288,4096,258,16,6,6,6,6,6,12,8,16.38,93.25,606077,60.61%
big_files/enwik6,binary,524288,4096,258,128,6,6,6,6,6,12,8,16.35,100.25,579492,57.95%
big_files/enwik6,binary,524288,4096,258,1024,6,6,6,6,6,12,8,16.42,99.09,579335,57.93%
big_files/enwik6,binary,524288,4096,258,999999999,6,6,6,6,6,12,8,16.22,101.37,579335,57.93%
big_files/enwik6,binary,524288,4096,258,1,6,6,6,6,12,12,8,17.81,88.90,670725,67.07%
big_files/enwik6,binary,524288,4096,258,4,6,6,6,6,12,12,8,16.41,90.76,649158,64.92%
big_files/enwik6,binary,524288,4096,258,16,6,6,6,6,12,12,8,17.18,99.62,599987,60.00%
big_files/enwik6,binary,524288,4096,258,128,6,6,6,6,12,12,8,16.30,98.16,573112,57.31%
big_files/enwik6,binary,524288,4096,258,1024,6,6,6,6,12,12,8,16.63,97.31,572956,57.30%
big_files/enwik6,binary,524288,4096,258,999999999,6,6,6,6,12,12,8,16.32,99.63,572956,57.30%
big_files/enwik6,binary,524288,4096,258,1,6,6,6,6,15,12,8,16.64,90.43,672970,67.30%
big_files/enwik6,binary,524288,4096,258,4,6,6,6,6,15,12,8,16.02,87.59,651553,65.16%
big_files/enwik6,binary,524288,4096,258,16,6,6,6,6,15,12,8,15.97,96.37,602828,60.28%
big_files/enwik6,binary,524288,4096,258,128,6,6,6,6,15,12,8,15.11,99.25,576120,57.61%
big_files/enwik6,binary,524288,4096,258,1024,6,6,6,6,15,12,8,16.26,98.69,575964,57.60%
big_files/enwik6,binary,524288,4096,258,999999999,6,6,6,6,15,12,8,16.50,98.99,575964,57.60%
big_files/enwik6,binary,524288,4096,258,1,6,6,6,12,12,12,8,16.39,85.00,662675,66.27%
big_files/enwik6,binary,524288,4096,258,4,6,6,6,12,12,12,8,17.36,85.58,640169,64.02%
big_files/enwik6,binary,524288,4096,258,16,6,6,6,12,12,12,8,17.14,98.80,590766,59.08%
big_files/enwik6,binary,524288,4096,258,128,6,6,6,12,12,12,8,15.90,93.62,563431,56.34%
big_files/enwik6,binary,524288,4096,258,1024,6,6,6,12,12,12,8,15.99,99.79,563283,56.33%
big_files/enwik6,binary,524288,4096,258,999999999,6,6,6,12,12,12,8,15.84,100.95,563283,56.33%
big_files/enwik6,binary,524288,4096,258,1,6,6,6,12,15,12,8,17.69,88.29,664921,66.49%
big_files/enwik6,binary,524288,4096,258,4,6,6,6,12,15,12,8,16.93,89.06,642564,64.26%
big_files/enwik6,binary,524288,4096,258,16,6,6,6,12,15,12,8,16.42,93.57,593606,59.36%
big_files/enwik6,binary,524288,4096,258,128,6,6,6,12,15,12,8,15.85,96.64,566439,56.64%
big_files/enwik6,binary,524288,4096,258,1024,6,6,6,12,15,12,8,16.46,100.72,566291,56.63%
big_files/enwik6,binary,524288,4096,258,999999999,6,6,6,12,15,12,8,16.86,99.72,566291,56.63%
big_files/enwik6,binary,524288,4096,258,1,6,6,6,15,15,12,8,16.90,91.77,668546,66.85%
big_files/enwik6,binary,524288,4096,258,4,6,6,6,15,15,12,8,17.06,86.62,646535,64.65%
big_files/enwik6,binary,524288,4096,258,16,6,6,6,15,15,12,8,16.27,92.60,597895,59.79%
big_files/enwik6,binary,524288,4096,258,128,6,6,6,15,15,12,8,16.00,90.92,571082,57.11%
big_files/enwik6,binary,524288,4096,258,1024,6,6,6,15,15,12,8,16.53,95.92,570933,57.09%
big_files/enwik6,binary,524288,4096,258,999999999,6,6,6,15,15,12,8,16.09,99.15,570933,57.09%
big_files/enwik6,binary,524288,4096,258,1,6,6,12,12,12,12,8,16.88,87.10,649578,64.96%
big_files/enwik6,binary,524288,4096,258,4,6,6,12,12,12,12,8,16.26,90.00,625675,62.57%
big_files/enwik6,binary,524288,4096,258,16,6,6,12,12,12,12,8,16.64,95.06,576350,57.63%
big_files/enwik6,binary,524288,4096,258,128,6,6,12,12,12,12,8,16.66,100.68,548809,54.88%
big_files/enwik6,binary,524288,4096,258,1024,6,6,12,12,12,12,8,16.76,99.89,548672,54.87%
big_files/enwik6,binary,524288,4096,258,999999999,6,6,12,12,12,12,8,15.94,92.13,548672,54.87%
big_files/enwik6,binary,524288,4096,258,1,6,6,12,12,15,12,8,16.59,87.34,651824,65.18%
big_files/enwik6,binary,524288,4096,258,4,6,6,12,12,15,12,8,16.90,91.82,628070,62.81%
big_files/enwik6,binary,524288,4096,258,16,6,6,12,12,15,12,8,16.62,94.29,579191,57.92%
big_files/enwik6,binary,524288,4096,258,128,6,6,12,12,15,12,8,16.36,95.96,551816,55.18%
big_files/enwik6,binary,524288,4096,258,1024,6,6,12,12,15,12,8,16.25,100.71,551679,55.17%
big_files/enwik6,binary,524288,4096,258,999999999,6,6,12,12,15,12,8,16.51,95.51,551679,55.17%
big_files/enwik6,binary,524288,4096,258,1,6,6,12,15,15,12,8,16.53,82.77,655449,65.54%
big_files/enwik6,binary,524288,4096,258,4,6,6,12,15,15,12,8,16.60,90.64,632040,63.20%
big_files/enwik6,binary,524288,4096,258,16,6,6,12,15,15,12,8,16.10,92.43,583479,58.35%
big_files/enwik6,binary,524288,4096,258,128,6,6,12,15,15,12,8,16.13,92.27,556460,55.65%
big_files/enwik6,binary,524288,4096,258,1024,6,6,12,15,15,12,8,16.33,95.33,556321,55.63%
big_files/enwik6,binary,524288,4096,258,999999999,6,6,12,15,15,12,8,16.22,93.32,556321,55.63%
big_files/enwik6,binary,524288,4096,258,1,6,6,15,15,15,12,8,16.99,85.68,661087,66.11%
big_files/enwik6,binary,524288,4096,258,4,6,6,15,15,15,12,8,16.77,87.98,638144,63.81%
big_files/enwik6,binary,524288,4096,258,16,6,6,15,15,15,12,8,15.71,95.26,589759,58.98%
big_files/enwik6,binary,524288,4096,258,128,6,6,15,15,15,12,8,16.42,98.25,562994,56.30%
big_files/enwik6,binary,524288,4096,258,1024,6,6,15,15,15,12,8,16.12,97.98,562850,56.28%
big_files/enwik6,binary,524288,4096,258,999999999,6,6,15,15,15,12,8,16.66,97.66,562850,56.28%
big_files/enwik6,binary,524288,4096,258,1,6,12,12,12,12,12,8,16.89,83.84,615649,61.56%
big_files/enwik6,binary,524288,4096,258,4,6,12,12,12,12,12,8,17.09,91.23,590859,59.09%
big_files/enwik6,binary,524288,4096,258,16,6,12,12,12,12,12,8,16.05,97.49,544360,54.44%
big_files/enwik6,binary,524288,4096,258,128,6,12,12,12,12,12,8,16.50,99.73,520420,52.04%
big_files/enwik6,binary,524288,4096,258,1024,6,12,12,12,12,12,8,17.09,96.26,520304,52.03%
big_files/enwik6,binary,524288,4096,258,999999999,6,12,12,12,12,12,8,16.82,96.20,520304,52.03%
big_files/enwik6,binary,524288,4096,258,1,6,12,12,12,15,12,8,16.77,87.15,617896,61.79%
big_files/enwik6,binary,524288,4096,258,4,6,12,12,12,15,12,8,16.56,86.50,593254,59.33%
big_files/enwik6,binary,524288,4096,258,16,6,12,12,12,15,12,8,16.36,94.50,547201,54.72%
big_files/enwik6,binary,524288,4096,258,128,6,12,12,12,15,12,8,16.48,97.84,523428,52.34%
big_files/enwik6,binary,524288,4096,258,1024,6,12,12,12,15,12,8,16.73,100.82,523312,52.33%
big_files/enwik6,binary,524288,4096,258,999999999,6,12,12,12,15,12,8,16.62,96.95,523312,52.33%
big_files/enwik6,binary,524288,4096,258,1,6,12,12,15,15,12,8,17.27,85.20,621520,62.15%
big_files/enwik6,binary,524288,4096,258,4,6,12,12,15,15,12,8,16.95,91.32,597224,59.72%
big_files/enwik6,binary,524288,4096,258,16,6,12,12,15,15,12,8,16.31,93.70,551488,55.15%
big_files/enwik6,binary,524288,4096,258,128,6,12,12,15,15,12,8,16.44,100.24,528071,52.81%
big_files/enwik6,binary,524288,4096,258,1024,6,12,12,15,15,12,8,16.35,98.20,527953,52.80%
big_files/enwik6,binary,524288,4096,258,999999999,6,12,12,15,15,12,8,16.09,92.52,527953,52.80%
big_files/enwik6,binary,524288,4096,258,1,6,12,15,15,15,12,8,17.43,86.84,627159,62.72%
big_files/enwik6,binary,524288,4096,258,4,6,12,15,15,15,12,8,16.54,91.80,603330,60.33%
big_files/enwik6,binary,524288,4096,258,16,6,12,15,15,15,12,8,16.37,90.29,557769,55.78%
big_files/enwik6,binary,524288,4096,258,128,6,12,15,15,15,12,8,16.00,89.26,534605,53.46%
big_files/enwik6,binary,524288,4096,258,1024,6,12,15,15,15,12,8,15.87,94.98,534483,53.45%
big_files/enwik6,binary,524288,4096,258,999999999,6,12,15,15,15,12,8,16.16,95.96,534483,53.45%
big_files/enwik6,binary,524288,4096,258,1,6,15,15,15,15,12,8,16.44,86.94,639477,63.95%
big_files/enwik6,binary,524288,4096,258,4,6,15,15,15,15,12,8,16.54,92.00,615752,61.58%
big_files/enwik6,binary,524288,4096,258,16,6,15,15,15,15,12,8,16.73,92.78,569664,56.97%
big_files/enwik6,binary,524288,4096,258,128,6,15,15,15,15,12,8,15.51,96.00,545598,54.56%
big_files/enwik6,binary,524288,4096,258,1024,6,15,15,15,15,12,8,16.14,93.41,545466,54.55%
big_files/enwik6,binary,524288,4096,258,999999999,6,15,15,15,15,12,8,16.36,98.10,545466,54.55%
big_files/enwik6,binary,524288,4096,258,1,12,12,12,12,12,12,8,17.16,96.75,514126,51.41%
big_files/enwik6,binary,524288,4096,258,4,12,12,12,12,12,12,8,16.74,98.27,501773,50.18%
big_files/enwik6,binary,524288,4096,258,16,12,12,12,12,12,12,8,16.90,97.31,477943,47.79%
big_files/enwik6,binary,524288,4096,258,128,12,12,12,12,12,12,8,16.59,102.89,464657,46.47%
big_files/enwik6,binary,524288,4096,258,1024,12,12,12,12,12,12,8,16.19,100.41,464574,46.46%
big_files/enwik6,binary,524288,4096,258,999999999,12,12,12,12,12,12,8,15.80,96.89,464574,46.46%
big_files/enwik6,binary,524288,4096,258,1,12,12,12,12,15,12,8,17.13,88.77,516371,51.64%
big_files/enwik6,binary,524288,4096,258,4,12,12,12,12,15,12,8,17.07,95.22,504168,50.42%
big_files/enwik6,binary,524288,4096,258,16,12,12,12,12,15,12,8,16.12,95.85,480784,48.08%
big_files/enwik6,binary,524288,4096,258,128,12,12,12,12,15,12,8,16.08,98.48,467664,46.77%
big_files/enwik6,binary,524288,4096,258,1024,12,12,12,12,15,12,8,16.20,96.76,467582,46.76%
big_files/enwik6,binary,524288,4096,258,999999999,12,12,12,12,15,12,8,16.70,99.97,467582,46.76%
big_files/enwik6,binary,524288,4096,258,1,12,12,12,15,15,12,8,17.38,89.27,519996,52.00%
big_files/enwik6,binary,524288,4096,258,4,12,12,12,15,15,12,8,16.65,92.69,508138,50.81%
big_files/enwik6,binary,524288,4096,258,16,12,12,12,15,15,12,8,16.18,96.99,485071,48.51%
big_files/enwik6,binary,524288,4096,258,128,12,12,12,15,15,12,8,16.35,95.36,472307,47.23%
big_files/enwik6,binary,524288,4096,258,1024,12,12,12,15,15,12,8,16.57,96.10,472224,47.22%
big_files/enwik6,binary,524288,4096,258,999999999,12,12,12,15,15,12,8,16.31,100.34,472224,47.22%
big_files/enwik6,binary,524288,4096,258,1,12,12,15,15,15,12,8,17.38,92.06,525634,52.56%
big_files/enwik6,binary,524288,4096,258,4,12,12,15,15,15,12,8,16.90,93.44,514242,51.42%
big_files/enwik6,binary,524288,4096,258,16,12,12,15,15,15,12,8,16.25,94.08,491352,49.14%
big_files/enwik6,binary,524288,4096,258,128,12,12,15,15,15,12,8,16.51,98.17,478842,47.88%
big_files/enwik6,binary,524288,4096,258,1024,12,12,15,15,15,12,8,16.37,97.43,478752,47.88%
big_files/enwik6,binary,524288,4096,258,999999999,12,12,15,15,15,12,8,16.38,100.11,478752,47.88%
big_files/enwik6,binary,524288,4096,258,1,12,15,15,15,15,12,8,17.39,94.41,537952,53.80%
big_files/enwik6,binary,524288,4096,258,4,12,15,15,15,15,12,8,15.96,92.24,526664,52.67%
big_files/enwik6,binary,524288,4096,258,16,12,15,15,15,15,12,8,16.70,95.89,503247,50.32%
big_files/enwik6,binary,524288,4096,258,128,12,15,15,15,15,12,8,16.17,102.77,489835,48.98%
big_files/enwik6,binary,524288,4096,258,1024,12,15,15,15,15,12,8,16.41,101.67,489736,48.97%
big_files/enwik6,binary,524288,4096,258,999999999,12,15,15,15,15,12,8,16.58,95.19,489736,48.97%
big_files/enwik6,binary,524288,4096,258,1,15,15,15,15,15,12,8,17.55,88.45,573640,57.36%
big_files/enwik6,binary,524288,4096,258,4,15,15,15,15,15,12,8,16.80,82.62,558081,55.81%
big_files/enwik6,binary,524288,4096,258,16,15,15,15,15,15,12,8,16.24,87.46,528040,52.80%
big_files/enwik6,binary,524288,4096,258,128,15,15,15,15,15,12,8,16.20,95.62,511494,51.15%
big_files/enwik6,binary,524288,4096,258,1024,15,15,15,15,15,12,8,16.66,100.42,511384,51.14%
big_files/enwik6,binary,524288,4096,258,999999999,15,15,15,15,15,12,8,16.57,94.95,511384,51.14%
big_files/enwik6,binary,524288,16384,4,1,6,6,6,6,6,14,1,18.08,89.49,693188,69.32%
big_files/enwik6,binary,524288,16384,4,4,6,6,6,6,6,14,1,16.04,93.16,696012,69.60%
big_files/enwik6,binary,524288,16384,4,16,6,6,6,6,6,14,1,14.80,95.44,670115,67.01%
big_files/enwik6,binary,524288,16384,4,128,6,6,6,6,6,14,1,12.99,97.10,629808,62.98%
big_files/enwik6,binary,524288,16384,4,1024,6,6,6,6,6,14,1,12.22,94.87,622401,62.24%
big_files/enwik6,binary,524288,16384,4,999999999,6,6,6,6,6,14,1,12.65,97.83,621825,62.18%
big_files/enwik6,binary,524288,16384,4,1,6,6,6,6,12,14,1,17.23,88.33,693188,69.32%
big_files/enwik6,binary,524288,16384,4,4,6,6,6,6,12,14,1,16.30,90.20,696012,69.60%
big_files/enwik6,binary,524288,16384,4,16,6,6,6,6,12,14,1,15.18,95.85,670115,67.01%
big_files/enwik6,binary,524288,16384,4,128,6,6,6,6,12,14,1,13.37,100.05,629808,62.98%
big_files/enwik6,binary,524288,16384,4,1024,6,6,6,6,12,14,1,12.52,100.36,622401,62.24%
big_files/enwik6,binary,524288,16384,4,999999999,6,6,6,6,12,14,1,12.46,94.27,621825,62.18%
big_files/enwik6,binary,524288,16384,4,1,6,6,6,6,15,14,1,17.41,89.24,693188,69.32%
big_files/enwik6,binary,524288,16384,4,4,6,6,6,6,15,14,1,16.62,95.83,696012,69.60%
big_files/enwik6,binary,524288,16384,4,16,6,6,6,6,15,14,1,15.03,93.96,670115,67.01%
big_files/enwik6,binary,524288,16384,4,128,6,6,6,6,15,14,1,12.99,94.04,629808,62.98%
big_files/enwik6,binary,524288,16384,4,1024,6,6,6,6,15,14,1,11.77,97.89,622401,62.24%
big_files/enwik6,binary,524288,16384,4,999999999,6,6,6,6,15,14,1,12.67,99.97,621825,62.18%
big_files/enwik6,binary,524288,16384,4,1,6,6,6,12,12,14,1,17.68,87.40,693188,69.32%
big_files/enwik6,binary,524288,16384,4,4,6,6,6,12,12,14,1,16.24,88.20,696012,69.60%
big_files/enwik6,binary,524288,16384,4,16,6,6,6,12,12,14,1,15.12,92.99,670115,67.01%
big_files/enwik6,binary,524288,16384,4,128,6,6,6,12,12,14,1,12.79,97.57,629808,62.98%
big_files/enwik6,binary,524288,16384,4,1024,6,6,6,12,12,14,1,12.91,96.01,622401,62.24%
big_files/enwik6,binary,524288,16384,4,999999999,6,6,6,12,12,14,1,12.49,92.63,621825,62.18%
big_files/enwik6,binary,524288,16384,4,1,6,6,6,12,15,14,1,17.62,91.73,693188,69.32%
big_files/enwik6,binary,524288,16384,4,4,6,6,6,12,15,14,1,16.45,90.89,696012,69.60%
big_files/enwik6,binary,524288,16384,4,16,6,6,6,12,15,14,1,14.75,92.67,670115,67.01%
big_files/enwik6,binary,524288,16384,4,128,6,6,6,12,15,14,1,12.56,93.36,629808,62.98%
big_files/enwik6,binary,524288,16384,4,1024,6,6,6,12,15,14,1,12.75,94.44,622401,62.24%
big_files/enwik6,binary,524288,16384,4,999999999,6,6,6,12,15,14,1,12.37,100.25,621825,62.18%
big_files/enwik6,binary,524288,16384,4,1,6,6,6,15,15,14,1,17.14,92.20,693188,69.32%
big_files/enwik6,binary,524288,16384,4,4,6,6,6,15,15,14,1,16.24,92.40,696012,69.60%
big_files/enwik6,binary,524288,16384,4,16,6,6,6,15,15,14,1,15.07,90.48,670115,67.01%
big_files/enwik6,binary,524288,16384,4,128,6,6,6,15,15,14,1,12.54,87.82,629808,62.98%
big_files/enwik6,binary,524288,16384,4,1024,6,6,6,15,15,14,1,12.56,100.81,622401,62.24%
big_files/enwik6,binary,524288,16384,4,999999999,6,6,6,15,15,14,1,12.38,95.38,621825,62.18%
big_files/enwik6,binary,524288,16384,4,1,6,6,12,12,12,14,1,17.49,92.22,693188,69.32%
big_files/enwik6,binary,524288,16384,4,4,6,6,12,12,12,14,1,16.36,91.99,696012,69.60%
big_files/enwik6,binary,524288,16384,4,16,6,6,12,12,12,14,1,14.56,93.84,670115,67.01%
big_files/enwik6,binary,524288,16384,4,128,6,6,12,12,12,14,1,12.40,92.02,629808,62.98%
big_files/enwik6,binary,524288,16384,4,1024,6,6,12,12,12,14,1,11.79,98.42,622401,62.24%
big_files/enwik6,binary,524288,16384,4,999999999,6,6,12,12,12,14,1,12.66,97.81,621825,62.18%
big_files/enwik6,binary,524288,16384,4,1,6,6,12,12,15,14,1,17.57,90.95,693188,69.32%
big_files/enwik6,binary,524288,16384,4,4,6,6,12,12,15,14,1,16.05,87.10,696012,69.60%
big_files/enwik6,binary,524288,16384,4,16,6,6,12,12,15,14,1,15.20,91.02,670115,67.01%
big_files/enwik6,binary,524288,16384,4,128,6,6,12,12,15,14,1,13.05,100.18,629808,62.98%
big_files/enwik6,binary,524288,16384,4,1024,6,6,12,12,15,14,1,12.54,88.63,622401,62.24%
big_files/enwik6,binary,524288,16384,4,999999999,6,6,12,12,15,14,1,12.80,99.25,621825,62.18%
big_files/enwik6,binary,524288,16384,4,1,6,6,12,15,15,14,1,17.70,87.12,693188,69.32%
big_files/enwik6,binary,524288,16384,4,4,6,6,12,15,15,14,1,16.66,92.36,696012,69.60%
big_files/enwik6,binary,524288,16384,4,16,6,6,12,15,15,14,1,15.18,91.71,670115,67.01%
big_files/enwik6,binary,524288,16384,4,128,6,6,12,15,15,14,1,13.08,98.55,629808,62.98%
big_files/enwik6,binary,524288,16384,4,1024,6,6,12,15,15,14,1,13.05,96.88,622401,62.24%
big_files/enwik6,binary,524288,16384,4,999999999,6,6,12,15,15,14,1,12.76,100.44,621825,62.18%
big_files/enwik6,binary,524288,16384,4,1,6,6,15,15,15,14,1,17.76,92.08,693188,69.32%
big_files/enwik6,binary,524288,16384,4,4,6,6,15,15,15,14,1,16.86,87.35,696012,69.60%
big_files/enwik6,binary,524288,16384,4,16,6,6,15,15,15,14,1,15.27,96.06,670115,67.01%
big_files/enwik6,binary,524288,16384,4,128,6,6,15,15,15,14,1,12.78,100.90,629808,62.98%
big_files/enwik6,binary,524288,16384,4,1024,6,6,15,15,15,14,1,12.64,95.61,622401,62.24%
big_files/enwik6,binary,524288,16384,4,999999999,6,6,15,15,15,14,1,12.38,91.79,621825,62.18%
big_files/enwik6,binary,524288,16384,4,1,6,12,12,12,12,14,1,17.14,90.49,653101,65.31%
big_files/enwik6,binary,524288,16384,4,4,6,12,12,12,12,14,1,16.60,89.92,659660,65.97%
big_files/enwik6,binary,524288,16384,4,16,6,12,12,12,12,14,1,14.87,92.09,633578,63.36%
big_files/enwik6,binary,524288,16384,4,128,6,12,12,12,12,14,1,13.30,96.94,590075,59.01%
big_files/enwik6,binary,524288,16384,4,1024,6,12,12,12,12,14,1,12.67,95.70,584301,58.43%
big_files/enwik6,binary,524288,16384,4,999999999,6,12,12,12,12,14,1,12.24,92.16,584020,58.40%
big_files/enwik6,binary,524288,16384,4,1,6,12,12,12,15,14,1,17.71,87.55,653101,65.31%
big_files/enwik6,binary,524288,16384,4,4,6,12,12,12,15,14,1,16.06,86.25,659660,65.97%
big_files/enwik6,binary,524288,16384,4,16,6,12,12,12,15,14,1,15.04,85.52,633578,63.36%
big_files/enwik6,binary,524288,16384,4,128,6,12,12,12,15,14,1,12.65,97.53,590075,59.01%
big_files/enwik6,binary,524288,16384,4,1024,6,12,12,12,15,14,1,11.83,101.55,584301,58.43%
big_files/enwik6,binary,524288,16384,4,999999999,6,12,12,12,15,14,1,12.22,99.03,584020,58.40%
big_files/enwik6,binary,524288,16384,4,1,6,12,12,15,15,14,1,17.48,89.81,653101,65.31%
big_files/enwik6,binary,524288,16384,4,4,6,12,12,15,15,14,1,16.14,88.32,659660,65.97%
big_files/enwik6,binary,524288,16384,4,16,6,12,12,15,15,14,1,14.89,89.77,633578,63.36%
big_files/enwik6,binary,524288,16384,4,128,6,12,12,15,15,14,1,13.21,91.99,590075,59.01%
big_files/enwik6,binary,524288,16384,4,1024,6,12,12,15,15,14,1,12.54,99.26,584301,58.43%
big_files/enwik6,binary,524288,16384,4,999999999,6,12,12,15,15,14,1,12.54,100.30,584020,58.40%
big_files/enwik6,binary,524288,16384,4,1,6,12,15,15,15,14,1,17.49,84.52,653101,65.31%
big_files/enwik6,binary,524288,16384,4,4,6,12,15,15,15,14,1,15.80,86.77,659660,65.97%
big_files/enwik6,binary,524288,16384,4,16,6,12,15,15,15,14,1,14.93,93.59,633578,63.36%
big_files/enwik6,binary,524288,16384,4,128,6,12,15,15,15,14,1,13.21,98.88,590075,59.01%
big_files/enwik6,binary,524288,16384,4,1024,6,12,15,15,15,14,1,12.78,95.06,584301,58.43%
big_files/enwik6,binary,524288,16384,4,999999999,6,12,15,15,15,14,1,12.36,101.62,584020,58.40%
big_files/enwik6,binary,524288,16384,4,1,6,15,15,15,15,14,1,17.85,79.83,687982,68.80%
big_files/enwik6,binary,524288,16384,4,4,6,15,15,15,15,14,1,16.81,85.63,687677,68.77%
big_files/enwik6,binary,524288,16384,4,16,6,15,15,15,15,14,1,15.26,93.22,665928,66.59%
big_files/enwik6,binary,524288,16384,4,128,6,15,15,15,15,14,1,13.27,96.03,637749,63.77%
big_files/enwik6,binary,524288,16384,4,1024,6,15,15,15,15,14,1,12.58,98.67,634670,63.47%
big_files/enwik6,binary,524288,16384,4,999999999,6,15,15,15,15,14,1,12.43,94.76,634534,63.45%
big_files/enwik6,binary,524288,16384,4,1,12,12,12,12,12,14,1,17.12,90.02,614973,61.50%
big_files/enwik6,binary,524288,16384,4,4,12,12,12,12,12,14,1,16.57,85.16,628925,62.89%
big_files/enwik6,binary,524288,16384,4,16,12,12,12,12,12,14,1,15.31,93.11,613674,61.37%
big_files/enwik6,binary,524288,16384,4,128,12,12,12,12,12,14,1,12.79,103.39,576491,57.65%
big_files/enwik6,binary,524288,16384,4,1024,12,12,12,12,12,14,1,12.69,100.17,571171,57.12%
big_files/enwik6,binary,524288,16384,4,999999999,12,12,12,12,12,14,1,12.36,99.11,570883,57.09%
big_files/enwik6,binary,524288,16384,4,1,12,12,12,12,15,14,1,17.83,92.56,614973,61.50%
big_files/enwik6,binary,524288,16384,4,4,12,12,12,12,15,14,1,16.58,80.20,628925,62.89%
big_files/enwik6,binary,524288,16384,4,16,12,12,12,12,15,14,1,15.23,87.56,613674,61.37%
big_files/enwik6,binary,524288,16384,4,128,12,12,12,12,15,14,1,12.95,98.07,576491,57.65%
big_files/enwik6,binary,524288,16384,4,1024,12,12,12,12,15,14,1,12.48,99.75,571171,57.12%
big_files/enwik6,binary,524288,16384,4,999999999,12,12,12,12,15,14,1,12.54,98.11,570883,57.09%
big_files/enwik6,binary,524288,16384,4,1,12,12,12,15,15,14,1,17.42,82.77,614973,61.50%
big_files/enwik6,binary,524288,16384,4,4,12,12,12,15,15,14,1,16.51,84.79,628925,62.89%
big_files/enwik6,binary,524288,16384,4,16,12,12,12,15,15,14,1,15.20,89.83,613674,61.37%
big_files/enwik6,binary,524288,16384,4,128,12,12,12,15,15,14,1,13.06,97.42,576491,57.65%
big_files/enwik6,binary,524288,16384,4,1024,12,12,12,15,15,14,1,12.21,100.45,571171,57.12%
big_files/enwik6,binary,524288,16384,4,999999999,12,12,12,15,15,14,1,12.52,99.72,570883,57.09%
big_files/enwik6,binary,524288,16384,4,1,12,12,15,15,15,14,1,16.91,90.84,614973,61.50%
big_files/enwik6,binary,524288,16384,4,4,12,12,15,15,15,14,1,16.80,86.03,628925,62.89%
big_files/enwik6,binary,524288,16384,4,16,12,12,15,15,15,14,1,14.61,89.96,613674,61.37%
big_files/enwik6,binary,524288,16384,4,128,12,12,15,15,15,14,1,12.52,100.15,576491,57.65%
big_files/enwik6,binary,524288,16384,4,1024,12,12,15,15,15,14,1,12.17,98.09,571171,57.12%
big_files/enwik6,binary,524288,16384,4,999999999,12,12,15,15,15,14,1,12.50,99.47,570883,57.09%
big_files/enwik6,binary,524288,16384,4,1,12,15,15,15,15,14,1,16.05,87.16,649854,64.99%
big_files/enwik6,binary,524288,16384,4,4,12,15,15,15,15,14,1,16.14,82.51,656943,65.69%
big_files/enwik6,binary,524288,16384,4,16,12,15,15,15,15,14,1,14.66,90.78,646023,64.60%
big_files/enwik6,binary,524288,16384,4,128,12,15,15,15,15,14,1,12.41,103.09,624165,62.42%
big_files/enwik6,binary,524288,16384,4,1024,12,15,15,15,15,14,1,12.32,93.48,621540,62.15%
big_files/enwik6,binary,524288,16384,4,999999999,12,15,15,15,15,14,1,12.30,98.10,621397,62.14%
big_files/enwik6,binary,524288,16384,4,1,15,15,15,15,15,14,1,17.27,88.20,677388,67.74%
big_files/enwik6,binary,524288,16384,4,4,15,15,15,15,15,14,1,16.37,88.43,674588,67.46%
big_files/enwik6,binary,524288,16384,4,16,15,15,15,15,15,14,1,14.47,93.05,657246,65.72%
big_files/enwik6,binary,524288,16384,4,128,15,15,15,15,15,14,1,12.77,91.31,635405,63.54%
big_files/enwik6,binary,524288,16384,4,1024,15,15,15,15,15,14,1,12.44,102.36,632930,63.29%
big_files/enwik6,binary,524288,16384,4,999999999,15,15,15,15,15,14,1,12.84,102.35,632818,63.28%
big_files/enwik6,binary,524288,16384,8,1,6,6,6,6,6,14,3,18.27,96.69,633747,63.37%
big_files/enwik6,binary,524288,16384,8,4,6,6,6,6,6,14,3,16.78,92.90,631410,63.14%
big_files/enwik6,binary,524288,16384,8,16,6,6,6,6,6,14,3,15.36,102.63,581841,58.18%
big_files/enwik6,binary,524288,16384,8,128,6,6,6,6,6,14,3,14.05,114.04,524180,52.42%
big_files/enwik6,binary,524288,16384,8,1024,6,6,6,6,6,14,3,13.94,112.44,518001,51.80%
big_files/enwik6,binary,524288,16384,8,999999999,6,6,6,6,6,14,3,13.98,111.36,517642,51.76%
big_files/enwik6,binary,524288,16384,8,1,6,6,6,6,12,14,3,17.27,95.53,630880,63.09%
big_files/enwik6,binary,524288,16384,8,4,6,6,6,6,12,14,3,16.45,96.49,628948,62.89%
big_files/enwik6,binary,524288,16384,8,16,6,6,6,6,12,14,3,15.81,101.88,579270,57.93%
big_files/enwik6,binary,524288,16384,8,128,6,6,6,6,12,14,3,14.42,107.48,521090,52.11%
big_files/enwik6,binary,524288,16384,8,1024,6,6,6,6,12,14,3,14.22,106.56,514805,51.48%
big_files/enwik6,binary,524288,16384,8,999999999,6,6,6,6,12,14,3,13.78,113.26,514436,51.44%
big_files/enwik6,binary,524288,16384,8,1,6,6,6,6,15,14,3,16.82,90.25,632623,63.26%
big_files/enwik6,binary,524288,16384,8,4,6,6,6,6,15,14,3,16.49,94.55,630155,63.02%
big_files/enwik6,binary,524288,16384,8,16,6,6,6,6,15,14,3,15.40,99.21,580411,58.04%
big_files/enwik6,binary,524288,16384,8,128,6,6,6,6,15,14,3,14.36,107.81,522589,52.26%
big_files/enwik6,binary,524288,16384,8,1024,6,6,6,6,15,14,3,13.59,115.93,516368,51.64%
big_files/enwik6,binary,524288,16384,8,999999999,6,6,6,6,15,14,3,13.57,114.25,516004,51.60%
big_files/enwik6,binary,524288,16384,8,1,6,6,6,12,12,14,3,17.21,97.59,626733,62.67%
big_files/enwik6,binary,524288,16384,8,4,6,6,6,12,12,14,3,16.03,95.78,624638,62.46%
big_files/enwik6,binary,524288,16384,8,16,6,6,6,12,12,14,3,15.58,103.61,575442,57.54%
big_files/enwik6,binary,524288,16384,8,128,6,6,6,12,12,14,3,13.94,109.16,516764,51.68%
big_files/enwik6,binary,524288,16384,8,1024,6,6,6,12,12,14,3,13.88,111.84,510400,51.04%
big_files/enwik6,binary,524288,16384,8,999999999,6,6,6,12,12,14,3,13.53,110.26,510028,51.00%
big_files/enwik6,binary,524288,16384,8,1,6,6,6,12,15,14,3,17.10,93.95,628476,62.85%
big_files/enwik6,binary,524288,16384,8,4,6,6,6,12,15,14,3,16.52,93.79,625845,62.58%
big_files/enwik6,binary,524288,16384,8,16,6,6,6,12,15,14,3,15.38,99.02,576584,57.66%
big_files/enwik6,binary,524288,16384,8,128,6,6,6,12,15,14,3,13.81,109.89,518263,51.83%
big_files/enwik6,binary,524288,16384,8,1024,6,6,6,12,15,14,3,13.66,108.86,511962,51.20%
big_files/enwik6,binary,524288,16384,8,999999999,6,6,6,12,15,14,3,14.07,110.12,511594,51.16%
big_files/enwik6,binary,524288,16384,8,1,6,6,6,15,15,14,3,17.51,85.88,631101,63.11%
big_files/enwik6,binary,524288,16384,8,4,6,6,6,15,15,14,3,16.35,94.97,627661,62.77%
big_files/enwik6,binary,524288,16384,8,16,6,6,6,15,15,14,3,16.14,103.35,578034,57.80%
big_files/enwik6,binary,524288,16384,8,128,6,6,6,15,15,14,3,14.53,106.47,520423,52.04%
big_files/enwik6,binary,524288,16384,8,1024,6,6,6,15,15,14,3,13.54,101.95,514177,51.42%
big_files/enwik6,binary,524288,16384,8,999999999,6,6,6,15,15,14,3,13.84,104.67,513813,51.38%
big_files/enwik6,binary,524288,16384,8,1,6,6,12,12,12,14,3,17.56,95.84,620059,62.01%
big_files/enwik6,binary,524288,16384,8,4,6,6,12,12,12,14,3,16.82,97.13,618578,61.86%
big_files/enwik6,binary,524288,16384,8,16,6,6,12,12,12,14,3,15.14,104.21,569861,56.99%
big_files/enwik6,binary,524288,16384,8,128,6,6,12,12,12,14,3,14.16,102.10,510681,51.07%
big_files/enwik6,binary,524288,16384,8,1024,6,6,12,12,12,14,3,13.86,109.16,504290,50.43%
big_files/enwik6,binary,524288,16384,8,999999999,6,6,12,12,12,14,3,13.57,117.16,503923,50.39%
big_files/enwik6,binary,524288,16384,8,1,6,6,12,12,15,14,3,17.55,98.99,621803,62.18%
big_files/enwik6,binary,524288,16384,8,4,6,6,12,12,15,14,3,17.01,98.68,619785,61.98%
big_files/enwik6,binary,524288,16384,8,16,6,6,12,12,15,14,3,15.48,97.24,571001,57.10%
big_files/enwik6,binary,524288,16384,8,128,6,6,12,12,15,14,3,14.29,108.77,512180,51.22%
big_files/enwik6,binary,524288,16384,8,1024,6,6,12,12,15,14,3,14.07,104.55,505852,50.59%
big_files/enwik6,binary,524288,16384,8,999999999,6,6,12,12,15,14,3,13.94,104.77,505489,50.55%
big_files/enwik6,binary,524288,16384,8,1,6,6,12,15,15,14,3,17.72,93.92,624427,62.44%
big_files/enwik6,binary,524288,16384,8,4,6,6,12,15,15,14,3,16.19,94.32,621602,62.16%
big_files/enwik6,binary,524288,16384,8,16,6,6,12,15,15,14,3,15.38,102.68,572451,57.25%
big_files/enwik6,binary,524288,16384,8,128,6,6,12,15,15,14,3,14.49,103.27,514339,51.43%
big_files/enwik6,binary,524288,16384,8,1024,6,6,12,15,15,14,3,14.01,107.87,508067,50.81%
big_files/enwik6,binary,524288,16384,8,999999999,6,6,12,15,15,14,3,13.60,104.25,507708,50.77%
big_files/enwik6,binary,524288,16384,8,1,6,6,15,15,15,14,3,17.34,94.14,628014,62.80%
big_files/enwik6,binary,524288,16384,8,4,6,6,15,15,15,14,3,16.40,93.37,623921,62.39%
big_files/enwik6,binary,524288,16384,8,16,6,6,15,15,15,14,3,15.43,99.05,574200,57.42%
big_files/enwik6,binary,524288,16384,8,128,6,6,15,15,15,14,3,14.22,104.02,516687,51.67%
big_files/enwik6,binary,524288,16384,8,1024,6,6,15,15,15,14,3,13.64,105.19,510525,51.05%
big_files/enwik6,binary,524288,16384,8,999999999,6,6,15,15,15,14,3,13.75,106.01,510177,51.02%
big_files/enwik6,binary,524288,16384,8,1,6,12,12,12,12,14,3,17.48,90.91,602352,60.24%
big_files/enwik6,binary,524288,16384,8,4,6,12,12,12,12,14,3,16.66,94.74,602826,60.28%
big_files/enwik6,binary,524288,16384,8,16,6,12,12,12,12,14,3,15.90,98.90,556692,55.67%
big_files/enwik6,binary,524288,16384,8,128,6,12,12,12,12,14,3,13.85,103.67,499444,49.94%
big_files/enwik6,binary,524288,16384,8,1024,6,12,12,12,12,14,3,13.87,106.65,493259,49.33%
big_files/enwik6,binary,524288,16384,8,999999999,6,12,12,12,12,14,3,13.70,108.28,492904,49.29%
big_files/enwik6,binary,524288,16384,8,1,6,12,12,12,15,14,3,17.33,97.03,604097,60.41%
big_files/enwik6,binary,524288,16384,8,4,6,12,12,12,15,14,3,16.03,91.61,604034,60.40%
big_files/enwik6,binary,524288,16384,8,16,6,12,12,12,15,14,3,15.48,91.48,557833,55.78%
big_files/enwik6,binary,524288,16384,8,128,6,12,12,12,15,14,3,14.59,101.38,500943,50.09%
big_files/enwik6,binary,524288,16384,8,1024,6,12,12,12,15,14,3,14.01,105.06,494822,49.48%
big_files/enwik6,binary,524288,16384,8,999999999,6,12,12,12,15,14,3,13.49,100.10,494472,49.45%
big_files/enwik6,binary,524288,16384,8,1,6,12,12,15,15,14,3,16.93,93.80,606720,60.67%
big_files/enwik6,binary,524288,16384,8,4,6,12,12,15,15,14,3,16.52,91.22,605850,60.58%
big_files/enwik6,binary,524288,16384,8,16,6,12,12,15,15,14,3,15.41,99.32,559283,55.93%
big_files/enwik6,binary,524288,16384,8,128,6,12,12,15,15,14,3,14.09,108.07,503103,50.31%
big_files/enwik6,binary,524288,16384,8,1024,6,12,12,15,15,14,3,13.78,108.88,497037,49.70%
big_files/enwik6,binary,524288,16384,8,999999999,6,12,12,15,15,14,3,13.98,113.38,496691,49.67%
big_files/enwik6,binary,524288,16384,8,1,6,12,15,15,15,14,3,17.05,95.57,610307,61.03%
big_files/enwik6,binary,524288,16384,8,4,6,12,15,15,15,14,3,16.22,99.07,608169,60.82%
big_files/enwik6,binary,524288,16384,8,16,6,12,15,15,15,14,3,15.43,99.04,561032,56.10%
big_files/enwik6,binary,524288,16384,8,128,6,12,15,15,15,14,3,14.33,103.93,505452,50.55%
big_files/enwik6,binary,524288,16384,8,1024,6,12,15,15,15,14,3,13.67,111.31,499496,49.95%
big_files/enwik6,binary,524288,16384,8,999999999,6,12,15,15,15,14,3,13.38,107.53,499160,49.92%
big_files/enwik6,binary,524288,16384,8,1,6,15,15,15,15,14,3,17.25,88.53,616360,61.64%
big_files/enwik6,binary,524288,16384,8,4,6,15,15,15,15,14,3,16.71,94.92,610354,61.04%
big_files/enwik6,binary,524288,16384,8,16,6,15,15,15,15,14,3,15.61,93.63,561794,56.18%
big_files/enwik6,binary,524288,16384,8,128,6,15,15,15,15,14,3,13.84,109.86,507094,50.71%
big_files/enwik6,binary,524288,16384,8,1024,6,15,15,15,15,14,3,12.90,104.97,501465,50.15%
big_files/enwik6,binary,524288,16384,8,999999999,6,15,15,15,15,14,3,13.19,101.64,501145,50.11%
big_files/enwik6,binary,524288,16384,8,1,12,12,12,12,12,14,3,17.27,95.02,552818,55.28%
big_files/enwik6,binary,524288,16384,8,4,12,12,12,12,12,14,3,16.57,90.66,564861,56.49%
big_files/enwik6,binary,524288,16384,8,16,12,12,12,12,12,14,3,16.13,96.10,532106,53.21%
big_files/enwik6,binary,524288,16384,8,128,12,12,12,12,12,14,3,14.17,106.41,481747,48.17%
big_files/enwik6,binary,524288,16384,8,1024,12,12,12,12,12,14,3,14.29,109.18,476115,47.61%
big_files/enwik6,binary,524288,16384,8,999999999,12,12,12,12,12,14,3,14.19,108.64,475767,47.58%
big_files/enwik6,binary,524288,16384,8,1,12,12,12,12,15,14,3,17.52,94.95,554562,55.46%
big_files/enwik6,binary,524288,16384,8,4,12,12,12,12,15,14,3,16.14,91.30,566068,56.61%
big_files/enwik6,binary,524288,16384,8,16,12,12,12,12,15,14,3,15.43,97.89,533247,53.32%
big_files/enwik6,binary,524288,16384,8,128,12,12,12,12,15,14,3,14.15,109.32,483246,48.32%
big_files/enwik6,binary,524288,16384,8,1024,12,12,12,12,15,14,3,13.80,108.53,477677,47.77%
big_files/enwik6,binary,524288,16384,8,999999999,12,12,12,12,15,14,3,13.79,102.96,477333,47.73%
big_files/enwik6,binary,524288,16384,8,1,12,12,12,15,15,14,3,16.92,92.40,557186,55.72%
big_files/enwik6,binary,524288,16384,8,4,12,12,12,15,15,14,3,16.63,93.94,567885,56.79%
big_files/enwik6,binary,524288,16384,8,16,12,12,12,15,15,14,3,15.12,95.11,534697,53.47%
big_files/enwik6,binary,524288,16384,8,128,12,12,12,15,15,14,3,13.99,103.70,485405,48.54%
big_files/enwik6,binary,524288,16384,8,1024,12,12,12,15,15,14,3,13.95,109.61,479892,47.99%
big_files/enwik6,binary,524288,16384,8,999999999,12,12,12,15,15,14,3,14.00,105.56,479552,47.96%
big_files/enwik6,binary,524288,16384,8,1,12,12,15,15,15,14,3,16.71,95.09,560773,56.08%
big_files/enwik6,binary,524288,16384,8,4,12,12,15,15,15,14,3,16.07,84.14,570204,57.02%
big_files/enwik6,binary,524288,16384,8,16,12,12,15,15,15,14,3,15.60,95.62,536446,53.64%
big_files/enwik6,binary,524288,16384,8,128,12,12,15,15,15,14,3,13.68,103.54,487753,48.78%
big_files/enwik6,binary,524288,16384,8,1024,12,12,15,15,15,14,3,13.16,108.08,482351,48.24%
big_files/enwik6,binary,524288,16384,8,999999999,12,12,15,15,15,14,3,13.37,107.80,482021,48.20%
big_files/enwik6,binary,524288,16384,8,1,12,15,15,15,15,14,3,16.67,93.79,566826,56.68%
big_files/enwik6,binary,524288,16384,8,4,12,15,15,15,15,14,3,17.05,85.57,572389,57.24%
big_files/enwik6,binary,524288,16384,8,16,12,15,15,15,15,14,3,15.43,96.82,537208,53.72%
big_files/enwik6,binary,524288,16384,8,128,12,15,15,15,15,14,3,14.03,103.63,489395,48.94%
big_files/enwik6,binary,524288,16384,8,1024,12,15,15,15,15,14,3,13.59,102.34,484321,48.43%
big_files/enwik6,binary,524288,16384,8,999999999,12,15,15,15,15,14,3,13.49,104.56,484008,48.40%
big_files/enwik6,binary,524288,16384,8,1,15,15,15,15,15,14,3,16.61,91.25,579350,57.93%
big_files/enwik6,binary,524288,16384,8,4,15,15,15,15,15,14,3,16.50,91.22,573627,57.36%
big_files/enwik6,binary,524288,16384,8,16,15,15,15,15,15,14,3,15.60,99.68,536126,53.61%
big_files/enwik6,binary,524288,16384,8,128,15,15,15,15,15,14,3,13.86,105.65,493745,49.37%
big_files/enwik6,binary,524288,16384,8,1024,15,15,15,15,15,14,3,13.82,98.05,489142,48.91%
big_files/enwik6,binary,524288,16384,8,999999999,15,15,15,15,15,14,3,13.55,102.02,488871,48.89%
big_files/enwik6,binary,524288,16384,18,1,6,6,6,6,6,14,4,16.95,90.30,615918,61.59%
big_files/enwik6,binary,524288,16384,18,4,6,6,6,6,6,14,4,16.96,102.18,609804,60.98%
big_files/enwik6,binary,524288,16384,18,16,6,6,6,6,6,14,4,16.04,110.90,547425,54.74%
big_files/enwik6,binary,524288,16384,18,128,6,6,6,6,6,14,4,14.79,113.48,484630,48.46%
big_files/enwik6,binary,524288,16384,18,1024,6,6,6,6,6,14,4,14.07,112.27,479212,47.92%
big_files/enwik6,binary,524288,16384,18,999999999,6,6,6,6,6,14,4,13.71,121.55,479044,47.90%
big_files/enwik6,binary,524288,16384,18,1,6,6,6,6,12,14,4,17.51,93.61,612774,61.28%
big_files/enwik6,binary,524288,16384,18,4,6,6,6,6,12,14,4,17.10,98.10,607183,60.72%
big_files/enwik6,binary,524288,16384,18,16,6,6,6,6,12,14,4,15.65,106.14,544639,54.46%
big_files/enwik6,binary,524288,16384,18,128,6,6,6,6,12,14,4,14.67,118.38,481290,48.13%
big_files/enwik6,binary,524288,16384,18,1024,6,6,6,6,12,14,4,14.24,124.88,475819,47.58%
big_files/enwik6,binary,524288,16384,18,999999999,6,6,6,6,12,14,4,13.92,109.42,475648,47.56%
big_files/enwik6,binary,524288,16384,18,1,6,6,6,6,15,14,4,17.24,97.70,614028,61.40%
big_files/enwik6,binary,524288,16384,18,4,6,6,6,6,15,14,4,16.76,87.03,607871,60.79%
big_files/enwik6,binary,524288,16384,18,16,6,6,6,6,15,14,4,15.79,104.58,545134,54.51%
big_files/enwik6,binary,524288,16384,18,128,6,6,6,6,15,14,4,14.13,116.72,481979,48.20%
big_files/enwik6,binary,524288,16384,18,1024,6,6,6,6,15,14,4,14.61,114.47,476508,47.65%
big_files/enwik6,binary,524288,16384,18,999999999,6,6,6,6,15,14,4,14.46,122.83,476339,47.63%
big_files/enwik6,binary,524288,16384,18,1,6,6,6,12,12,14,4,17.42,91.56,607851,60.79%
big_files/enwik6,binary,524288,16384,18,4,6,6,6,12,12,14,4,17.05,100.34,602737,60.27%
big_files/enwik6,binary,524288,16384,18,16,6,6,6,12,12,14,4,15.83,99.67,540619,54.06%
big_files/enwik6,binary,524288,16384,18,128,6,6,6,12,12,14,4,14.41,119.45,476537,47.65%
big_files/enwik6,binary,524288,16384,18,1024,6,6,6,12,12,14,4,14.44,118.24,470957,47.10%
big_files/enwik6,binary,524288,16384,18,999999999,6,6,6,12,12,14,4,14.36,111.07,470788,47.08%
big_files/enwik6,binary,524288,16384,18,1,6,6,6,12,15,14,4,17.90,99.39,609105,60.91%
big_files/enwik6,binary,524288,16384,18,4,6,6,6,12,15,14,4,16.54,96.66,603427,60.34%
big_files/enwik6,binary,524288,16384,18,16,6,6,6,12,15,14,4,15.68,110.08,541114,54.11%
big_files/enwik6,binary,524288,16384,18,128,6,6,6,12,15,14,4,14.12,116.93,477226,47.72%
big_files/enwik6,binary,524288,16384,18,1024,6,6,6,12,15,14,4,13.99,105.88,471646,47.16%
big_files/enwik6,binary,524288,16384,18,999999999,6,6,6,12,15,14,4,14.32,111.74,471479,47.15%
big_files/enwik6,binary,524288,16384,18,1,6,6,6,15,15,14,4,17.14,97.98,610892,61.09%
big_files/enwik6,binary,524288,16384,18,4,6,6,6,15,15,14,4,16.28,101.98,604259,60.43%
big_files/enwik6,binary,524288,16384,18,16,6,6,6,15,15,14,4,15.28,104.69,541483,54.15%
big_files/enwik6,binary,524288,16384,18,128,6,6,6,15,15,14,4,14.79,113.88,478252,47.83%
big_files/enwik6,binary,524288,16384,18,1024,6,6,6,15,15,14,4,14.52,111.84,472725,47.27%
big_files/enwik6,binary,524288,16384,18,999999999,6,6,6,15,15,14,4,14.06,114.20,472558,47.26%
big_files/enwik6,binary,524288,16384,18,1,6,6,12,12,12,14,4,17.13,94.51,600282,60.03%
big_files/enwik6,binary,524288,16384,18,4,6,6,12,12,12,14,4,16.45,99.87,596107,59.61%
big_files/enwik6,binary,524288,16384,18,16,6,6,12,12,12,14,4,15.65,104.51,534679,53.47%
big_files/enwik6,binary,524288,16384,18,128,6,6,12,12,12,14,4,13.70,110.18,469866,46.99%
big_files/enwik6,binary,524288,16384,18,1024,6,6,12,12,12,14,4,14.19,118.95,464135,46.41%
big_files/enwik6,binary,524288,16384,18,999999999,6,6,12,12,12,14,4,14.08,117.69,463969,46.40%
big_files/enwik6,binary,524288,16384,18,1,6,6,12,12,15,14,4,16.98,97.22,601536,60.15%
big_files/enwik6,binary,524288,16384,18,4,6,6,12,12,15,14,4,15.71,92.54,596797,59.68%
big_files/enwik6,binary,524288,16384,18,16,6,6,12,12,15,14,4,15.45,101.57,535174,53.52%
big_files/enwik6,binary,524288,16384,18,128,6,6,12,12,15,14,4,14.06,115.98,470554,47.06%
big_files/enwik6,binary,524288,16384,18,1024,6,6,12,12,15,14,4,14.35,116.94,464822,46.48%
big_files/enwik6,binary,524288,16384,18,999999999,6,6,12,12,15,14,4,14.58,113.51,464659,46.47%
big_files/enwik6,binary,524288,16384,18,1,6,6,12,15,15,14,4,17.38,96.38,603323,60.33%
big_files/enwik6,binary,524288,16384,18,4,6,6,12,15,15,14,4,17.31,102.81,597629,59.76%
big_files/enwik6,binary,524288,16384,18,16,6,6,12,15,15,14,4,15.40,100.50,535543,53.55%
big_files/enwik6,binary,524288,16384,18,128,6,6,12,15,15,14,4,14.43,113.27,471580,47.16%
big_files/enwik6,binary,524288,16384,18,1024,6,6,12,15,15,14,4,14.26,115.25,465903,46.59%
big_files/enwik6,binary,524288,16384,18,999999999,6,6,12,15,15,14,4,13.87,111.40,465740,46.57%
big_files/enwik6,binary,524288,16384,18,1,6,6,15,15,15,14,4,17.83,96.15,605845,60.58%
big_files/enwik6,binary,524288,16384,18,4,6,6,15,15,15,14,4,16.12,94.20,598476,59.85%
big_files/enwik6,binary,524288,16384,18,16,6,6,15,15,15,14,4,15.80,101.30,535801,53.58%
big_files/enwik6,binary,524288,16384,18,128,6,6,15,15,15,14,4,14.72,113.61,472438,47.24%
big_files/enwik6,binary,524288,16384,18,1024,6,6,15,15,15,14,4,13.83,114.87,466892,46.69%
big_files/enwik6,binary,524288,16384,18,999999999,6,6,15,15,15,14,4,14.27,113.44,466731,46.67%
big_files/enwik6,binary,524288,16384,18,1,6,12,12,12,12,14,4,17.90,93.81,580235,58.02%
big_files/enwik6,binary,524288,16384,18,4,6,12,12,12,12,14,4,16.61,98.21,579159,57.92%
big_files/enwik6,binary,524288,16384,18,16,6,12,12,12,12,14,4,15.81,109.39,520866,52.09%
big_files/enwik6,binary,524288,16384,18,128,6,12,12,12,12,14,4,14.02,115.44,457937,45.79%
big_files/enwik6,binary,524288,16384,18,1024,6,12,12,12,12,14,4,14.24,116.74,452231,45.22%
big_files/enwik6,binary,524288,16384,18,999999999,6,12,12,12,12,14,4,14.43,114.32,452070,45.21%
big_files/enwik6,binary,524288,16384,18,1,6,12,12,12,15,14,4,17.68,94.31,581488,58.15%
big_files/enwik6,binary,524288,16384,18,4,6,12,12,12,15,14,4,16.44,99.75,579847,57.98%
big_files/enwik6,binary,524288,16384,18,16,6,12,12,12,15,14,4,15.83,107.34,521362,52.14%
big_files/enwik6,binary,524288,16384,18,128,6,12,12,12,15,14,4,14.52,121.04,458626,45.86%
big_files/enwik6,binary,524288,16384,18,1024,6,12,12,12,15,14,4,14.19,109.66,452919,45.29%
big_files/enwik6,binary,524288,16384,18,999999999,6,12,12,12,15,14,4,14.20,119.75,452760,45.28%
big_files/enwik6,binary,524288,16384,18,1,6,12,12,15,15,14,4,17.37,98.24,583275,58.33%
big_files/enwik6,binary,524288,16384,18,4,6,12,12,15,15,14,4,16.48,99.51,580679,58.07%
big_files/enwik6,binary,524288,16384,18,16,6,12,12,15,15,14,4,15.19,107.89,521731,52.17%
big_files/enwik6,binary,524288,16384,18,128,6,12,12,15,15,14,4,14.28,120.52,459652,45.97%
big_files/enwik6,binary,524288,16384,18,1024,6,12,12,15,15,14,4,13.91,111.75,453999,45.40%
big_files/enwik6,binary,524288,16384,18,999999999,6,12,12,15,15,14,4,14.32,115.47,453840,45.38%
big_files/enwik6,binary,524288,16384,18,1,6,12,15,15,15,14,4,17.08,97.82,585797,58.58%
big_files/enwik6,binary,524288,16384,18,4,6,12,15,15,15,14,4,16.00,95.46,581526,58.15%
big_files/enwik6,binary,524288,16384,18,16,6,12,15,15,15,14,4,15.32,93.92,521989,52.20%
big_files/enwik6,binary,524288,16384,18,128,6,12,15,15,15,14,4,14.53,109.76,460509,46.05%
big_files/enwik6,binary,524288,16384,18,1024,6,12,15,15,15,14,4,14.43,113.14,454988,45.50%
big_files/enwik6,binary,524288,16384,18,999999999,6,12,15,15,15,14,4,13.60,112.51,454831,45.48%
big_files/enwik6,binary,524288,16384,18,1,6,15,15,15,15,14,4,17.26,94.36,589816,58.98%
big_files/enwik6,binary,524288,16384,18,4,6,15,15,15,15,14,4,16.98,95.87,581123,58.11%
big_files/enwik6,binary,524288,16384,18,16,6,15,15,15,15,14,4,15.40,105.68,520240,52.02%
big_files/enwik6,binary,524288,16384,18,128,6,15,15,15,15,14,4,14.66,111.20,460017,46.00%
big_files/enwik6,binary,524288,16384,18,1024,6,15,15,15,15,14,4,14.70,114.09,455007,45.50%
big_files/enwik6,binary,524288,16384,18,999999999,6,15,15,15,15,14,4,13.92,104.20,454858,45.49%
big_files/enwik6,binary,524288,16384,18,1,12,12,12,12,12,14,4,17.10,98.31,524991,52.50%
big_files/enwik6,binary,524288,16384,18,4,12,12,12,12,12,14,4,16.60,98.37,537711,53.77%
big_files/enwik6,binary,524288,16384,18,16,12,12,12,12,12,14,4,15.41,106.25,494566,49.46%
big_files/enwik6,binary,524288,16384,18,128,12,12,12,12,12,14,4,14.83,119.26,438245,43.82%
big_files/enwik6,binary,524288,16384,18,1024,12,12,12,12,12,14,4,14.29,116.85,432920,43.29%
big_files/enwik6,binary,524288,16384,18,999999999,12,12,12,12,12,14,4,14.16,118.51,432761,43.28%
big_files/enwik6,binary,524288,16384,18,1,12,12,12,12,15,14,4,17.89,96.88,526244,52.62%
big_files/enwik6,binary,524288,16384,18,4,12,12,12,12,15,14,4,16.58,98.74,538401,53.84%
big_files/enwik6,binary,524288,16384,18,16,12,12,12,12,15,14,4,15.23,101.09,495061,49.51%
big_files/enwik6,binary,524288,16384,18,128,12,12,12,12,15,14,4,14.23,114.26,438934,43.89%
big_files/enwik6,binary,524288,16384,18,1024,12,12,12,12,15,14,4,14.06,114.85,433607,43.36%
big_files/enwik6,binary,524288,16384,18,999999999,12,12,12,12,15,14,4,14.54,111.02,433451,43.35%
big_files/enwik6,binary,524288,16384,18,1,12,12,12,15,15,14,4,17.79,92.94,528030,52.80%
big_files/enwik6,binary,524288,16384,18,4,12,12,12,15,15,14,4,16.12,94.81,539233,53.92%
big_files/enwik6,binary,524288,16384,18,16,12,12,12,15,15,14,4,15.91,100.00,495430,49.54%
big_files/enwik6,binary,524288,16384,18,128,12,12,12,15,15,14,4,14.24,113.22,439959,44.00%
big_files/enwik6,binary,524288,16384,18,1024,12,12,12,15,15,14,4,14.15,112.44,434687,43.47%
big_files/enwik6,binary,524288,16384,18,999999999,12,12,12,15,15,14,4,14.64,113.74,434531,43.45%
big_files/enwik6,binary,524288,16384,18,1,12,12,15,15,15,14,4,18.28,86.67,530552,53.06%
big_files/enwik6,binary,524288,16384,18,4,12,12,15,15,15,14,4,16.70,98.45,540080,54.01%
big_files/enwik6,binary,524288,16384,18,16,12,12,15,15,15,14,4,15.39,104.91,495688,49.57%
big_files/enwik6,binary,524288,16384,18,128,12,12,15,15,15,14,4,14.32,108.29,440816,44.08%
big_files/enwik6,binary,524288,16384,18,1024,12,12,15,15,15,14,4,14.39,109.92,435677,43.57%
big_files/enwik6,binary,524288,16384,18,999999999,12,12,15,15,15,14,4,14.64,102.21,435523,43.55%
big_files/enwik6,binary,524288,16384,18,1,12,15,15,15,15,14,4,17.94,95.10,534570,53.46%
big_files/enwik6,binary,524288,16384,18,4,12,15,15,15,15,14,4,16.33,94.22,539677,53.97%
big_files/enwik6,binary,524288,16384,18,16,12,15,15,15,15,14,4,15.81,96.09,493939,49.39%
big_files/enwik6,binary,524288,16384,18,128,12,15,15,15,15,14,4,14.29,107.96,440325,44.03%
big_files/enwik6,binary,524288,16384,18,1024,12,15,15,15,15,14,4,14.59,107.36,435695,43.57%
big_files/enwik6,binary,524288,16384,18,999999999,12,15,15,15,15,14,4,14.06,103.95,435549,43.55%
big_files/enwik6,binary,524288,16384,18,1,15,15,15,15,15,14,4,17.58,97.19,541121,54.11%
big_files/enwik6,binary,524288,16384,18,4,15,15,15,15,15,14,4,16.90,97.50,533953,53.40%
big_files/enwik6,binary,524288,16384,18,16,15,15,15,15,15,14,4,15.92,98.53,488000,48.80%
big_files/enwik6,binary,524288,16384,18,128,15,15,15,15,15,14,4,14.46,101.11,442153,44.22%
big_files/enwik6,binary,524288,16384,18,1024,15,15,15,15,15,14,4,14.31,111.12,438145,43.81%
big_files/enwik6,binary,524288,16384,18,999999999,15,15,15,15,15,14,4,14.50,111.86,438015,43.80%
big_files/enwik6,binary,524288,16384,32,1,6,6,6,6,6,14,5,16.87,88.01,630712,63.07%
big_files/enwik6,binary,524288,16384,32,4,6,6,6,6,6,14,5,14.96,98.28,622865,62.29%
big_files/enwik6,binary,524288,16384,32,16,6,6,6,6,6,14,5,14.64,109.38,556693,55.67%
big_files/enwik6,binary,524288,16384,32,128,6,6,6,6,6,14,5,13.69,114.49,492019,49.20%
big_files/enwik6,binary,524288,16384,32,1024,6,6,6,6,6,14,5,14.06,99.67,486971,48.70%
big_files/enwik6,binary,524288,16384,32,999999999,6,6,6,6,6,14,5,14.26,115.29,486959,48.70%
big_files/enwik6,binary,524288,16384,32,1,6,6,6,6,12,14,5,16.71,92.14,627099,62.71%
big_files/enwik6,binary,524288,16384,32,4,6,6,6,6,12,14,5,16.08,98.16,619867,61.99%
big_files/enwik6,binary,524288,16384,32,16,6,6,6,6,12,14,5,14.54,105.16,553458,55.35%
big_files/enwik6,binary,524288,16384,32,128,6,6,6,6,12,14,5,13.94,114.86,488068,48.81%
big_files/enwik6,binary,524288,16384,32,1024,6,6,6,6,12,14,5,13.82,118.77,482944,48.29%
big_files/enwik6,binary,524288,16384,32,999999999,6,6,6,6,12,14,5,14.17,125.19,482933,48.29%
big_files/enwik6,binary,524288,16384,32,1,6,6,6,6,15,14,5,16.07,95.01,628089,62.81%
big_files/enwik6,binary,524288,16384,32,4,6,6,6,6,15,14,5,16.00,99.32,620187,62.02%
big_files/enwik6,binary,524288,16384,32,16,6,6,6,6,15,14,5,14.71,104.09,553445,55.34%
big_files/enwik6,binary,524288,16384,32,128,6,6,6,6,15,14,5,13.83,101.90,488207,48.82%
big_files/enwik6,binary,524288,16384,32,1024,6,6,6,6,15,14,5,14.00,110.70,483072,48.31%
big_files/enwik6,binary,524288,16384,32,999999999,6,6,6,6,15,14,5,13.88,115.56,483061,48.31%
big_files/enwik6,binary,524288,16384,32,1,6,6,6,12,12,14,5,16.01,91.69,621370,62.14%
big_files/enwik6,binary,524288,16384,32,4,6,6,6,12,12,14,5,15.74,97.01,614743,61.47%
big_files/enwik6,binary,524288,16384,32,16,6,6,6,12,12,14,5,14.86,107.23,548803,54.88%
big_files/enwik6,binary,524288,16384,32,128,6,6,6,12,12,14,5,13.90,117.45,482424,48.24%
big_files/enwik6,binary,524288,16384,32,1024,6,6,6,12,12,14,5,13.83,114.98,477167,47.72%
big_files/enwik6,binary,524288,16384,32,999999999,6,6,6,12,12,14,5,14.34,114.53,477155,47.72%
big_files/enwik6,binary,524288,16384,32,1,6,6,6,12,15,14,5,16.22,92.09,622361,62.24%
big_files/enwik6,binary,524288,16384,32,4,6,6,6,12,15,14,5,15.89,94.74,615063,61.51%
big_files/enwik6,binary,524288,16384,32,16,6,6,6,12,15,14,5,15.17,103.51,548789,54.88%
big_files/enwik6,binary,524288,16384,32,128,6,6,6,12,15,14,5,14.27,108.88,482564,48.26%
big_files/enwik6,binary,524288,16384,32,1024,6,6,6,12,15,14,5,13.93,114.92,477294,47.73%
big_files/enwik6,binary,524288,16384,32,999999999,6,6,6,12,15,14,5,14.87,118.14,477283,47.73%
big_files/enwik6,binary,524288,16384,32,1,6,6,6,15,15,14,5,17.72,96.45,623705,62.37%
big_files/enwik6,binary,524288,16384,32,4,6,6,6,15,15,14,5,16.58,98.85,615254,61.53%
big_files/enwik6,binary,524288,16384,32,16,6,6,6,15,15,14,5,15.86,103.97,548370,54.84%
big_files/enwik6,binary,524288,16384,32,128,6,6,6,15,15,14,5,14.81,115.20,482832,48.28%
big_files/enwik6,binary,524288,16384,32,1024,6,6,6,15,15,14,5,15.01,110.46,477608,47.76%
big_files/enwik6,binary,524288,16384,32,999999999,6,6,6,15,15,14,5,14.68,116.61,477597,47.76%
big_files/enwik6,binary,524288,16384,32,1,6,6,12,12,12,14,5,16.72,98.60,612511,61.25%
big_files/enwik6,binary,524288,16384,32,4,6,6,12,12,12,14,5,16.81,99.13,607116,60.71%
big_files/enwik6,binary,524288,16384,32,16,6,6,12,12,12,14,5,15.66,103.44,541866,54.19%
big_files/enwik6,binary,524288,16384,32,128,6,6,12,12,12,14,5,15.22,116.62,474620,47.46%
big_files/enwik6,binary,524288,16384,32,1024,6,6,12,12,12,14,5,14.85,112.10,469157,46.92%
big_files/enwik6,binary,524288,16384,32,999999999,6,6,12,12,12,14,5,15.16,114.33,469146,46.91%
big_files/enwik6,binary,524288,16384,32,1,6,6,12,12,15,14,5,17.91,91.06,613502,61.35%
big_files/enwik6,binary,524288,16384,32,4,6,6,12,12,15,14,5,16.76,99.39,607436,60.74%
big_files/enwik6,binary,524288,16384,32,16,6,6,12,12,15,14,5,15.11,101.86,541853,54.19%
big_files/enwik6,binary,524288,16384,32,128,6,6,12,12,15,14,5,15.06,108.68,474759,47.48%
big_files/enwik6,binary,524288,16384,32,1024,6,6,12,12,15,14,5,15.15,112.30,469286,46.93%
big_files/enwik6,binary,524288,16384,32,999999999,6,6,12,12,15,14,5,15.11,119.07,469274,46.93%
big_files/enwik6,binary,524288,16384,32,1,6,6,12,15,15,14,5,17.63,96.64,614847,61.48%
big_files/enwik6,binary,524288,16384,32,4,6,6,12,15,15,14,5,15.85,96.44,607627,60.76%
big_files/enwik6,binary,524288,16384,32,16,6,6,12,15,15,14,5,15.47,104.60,541434,54.14%
big_files/enwik6,binary,524288,16384,32,128,6,6,12,15,15,14,5,14.56,116.22,475028,47.50%
big_files/enwik6,binary,524288,16384,32,1024,6,6,12,15,15,14,5,14.50,118.55,469599,46.96%
big_files/enwik6,binary,524288,16384,32,999999999,6,6,12,15,15,14,5,14.78,109.61,469587,46.96%
big_files/enwik6,binary,524288,16384,32,1,6,6,15,15,15,14,5,16.95,97.01,616688,61.67%
big_files/enwik6,binary,524288,16384,32,4,6,6,15,15,15,14,5,16.30,93.67,607431,60.74%
big_files/enwik6,binary,524288,16384,32,16,6,6,15,15,15,14,5,15.65,99.50,540529,54.05%
big_files/enwik6,binary,524288,16384,32,128,6,6,15,15,15,14,5,14.83,114.86,474714,47.47%
big_files/enwik6,binary,524288,16384,32,1024,6,6,15,15,15,14,5,14.83,109.12,469451,46.95%
big_files/enwik6,binary,524288,16384,32,999999999,6,6,15,15,15,14,5,14.74,113.27,469439,46.94%
big_files/enwik6,binary,524288,16384,32,1,6,12,12,12,12,14,5,17.23,96.68,589580,58.96%
big_files/enwik6,binary,524288,16384,32,4,6,12,12,12,12,14,5,16.79,98.71,587894,58.79%
big_files/enwik6,binary,524288,16384,32,16,6,12,12,12,12,14,5,15.95,110.55,526230,52.62%
big_files/enwik6,binary,524288,16384,32,128,6,12,12,12,12,14,5,15.08,113.25,460962,46.10%
big_files/enwik6,binary,524288,16384,32,1024,6,12,12,12,12,14,5,14.67,116.17,455494,45.55%
big_files/enwik6,binary,524288,16384,32,999999999,6,12,12,12,12,14,5,14.45,110.39,455483,45.55%
big_files/enwik6,binary,524288,16384,32,1,6,12,12,12,15,14,5,18.13,98.23,590571,59.06%
big_files/enwik6,binary,524288,16384,32,4,6,12,12,12,15,14,5,17.09,96.12,588214,58.82%
big_files/enwik6,binary,524288,16384,32,16,6,12,12,12,15,14,5,16.09,109.02,526218,52.62%
big_files/enwik6,binary,524288,16384,32,128,6,12,12,12,15,14,5,15.20,117.04,461102,46.11%
big_files/enwik6,binary,524288,16384,32,1024,6,12,12,12,15,14,5,15.21,119.38,455622,45.56%
big_files/enwik6,binary,524288,16384,32,999999999,6,12,12,12,15,14,5,15.03,116.32,455610,45.56%
big_files/enwik6,binary,524288,16384,32,1,6,12,12,15,15,14,5,17.59,91.70,591915,59.19%
big_files/enwik6,binary,524288,16384,32,4,6,12,12,15,15,14,5,17.12,97.63,588404,58.84%
big_files/enwik6,binary,524288,16384,32,16,6,12,12,15,15,14,5,16.10,105.44,525798,52.58%
big_files/enwik6,binary,524288,16384,32,128,6,12,12,15,15,14,5,14.57,121.36,461370,46.14%
big_files/enwik6,binary,524288,16384,32,1024,6,12,12,15,15,14,5,14.98,123.01,455935,45.59%
big_files/enwik6,binary,524288,16384,32,999999999,6,12,12,15,15,14,5,14.55,115.05,455924,45.59%
big_files/enwik6,binary,524288,16384,32,1,6,12,15,15,15,14,5,18.17,100.39,593757,59.38%
big_files/enwik6,binary,524288,16384,32,4,6,12,15,15,15,14,5,17.38,96.56,588209,58.82%
big_files/enwik6,binary,524288,16384,32,16,6,12,15,15,15,14,5,15.74,104.50,524894,52.49%
big_files/enwik6,binary,524288,16384,32,128,6,12,15,15,15,14,5,15.48,112.25,461056,46.11%
big_files/enwik6,binary,524288,16384,32,1024,6,12,15,15,15,14,5,14.72,120.35,455788,45.58%
big_files/enwik6,binary,524288,16384,32,999999999,6,12,15,15,15,14,5,15.49,120.44,455776,45.58%
big_files/enwik6,binary,524288,16384,32,1,6,15,15,15,15,14,5,18.54,97.84,596315,59.63%
big_files/enwik6,binary,524288,16384,32,4,6,15,15,15,15,14,5,16.79,97.24,585743,58.57%
big_files/enwik6,binary,524288,16384,32,16,6,15,15,15,15,14,5,16.34,100.24,521023,52.10%
big_files/enwik6,binary,524288,16384,32,128,6,15,15,15,15,14,5,14.72,111.85,458845,45.88%
big_files/enwik6,binary,524288,16384,32,1024,6,15,15,15,15,14,5,15.46,108.90,454215,45.42%
big_files/enwik6,binary,524288,16384,32,999999999,6,15,15,15,15,14,5,15.25,115.16,454205,45.42%
big_files/enwik6,binary,524288,16384,32,1,12,12,12,12,12,14,5,17.69,102.95,526558,52.66%
big_files/enwik6,binary,524288,16384,32,4,12,12,12,12,12,14,5,17.18,101.14,541136,54.11%
big_files/enwik6,binary,524288,16384,32,16,12,12,12,12,12,14,5,15.49,112.11,496614,49.66%
big_files/enwik6,binary,524288,16384,32,128,12,12,12,12,12,14,5,14.88,117.05,438466,43.85%
big_files/enwik6,binary,524288,16384,32,1024,12,12,12,12,12,14,5,14.96,119.84,433250,43.32%
big_files/enwik6,binary,524288,16384,32,999999999,12,12,12,12,12,14,5,15.40,115.64,433239,43.32%
big_files/enwik6,binary,524288,16384,32,1,12,12,12,12,15,14,5,17.68,95.06,527550,52.75%
big_files/enwik6,binary,524288,16384,32,4,12,12,12,12,15,14,5,17.09,96.99,541456,54.15%
big_files/enwik6,binary,524288,16384,32,16,12,12,12,12,15,14,5,16.16,104.16,496601,49.66%
big_files/enwik6,binary,524288,16384,32,128,12,12,12,12,15,14,5,14.66,119.29,438606,43.86%
big_files/enwik6,binary,524288,16384,32,1024,12,12,12,12,15,14,5,15.04,118.03,433379,43.34%
big_files/enwik6,binary,524288,16384,32,999999999,12,12,12,12,15,14,5,15.36,109.38,433367,43.34%
big_files/enwik6,binary,524288,16384,32,1,12,12,12,15,15,14,5,18.07,95.74,528894,52.89%
big_files/enwik6,binary,524288,16384,32,4,12,12,12,15,15,14,5,16.95,98.83,541647,54.16%
big_files/enwik6,binary,524288,16384,32,16,12,12,12,15,15,14,5,15.62,103.97,496182,49.62%
big_files/enwik6,binary,524288,16384,32,128,12,12,12,15,15,14,5,14.78,108.11,438875,43.89%
big_files/enwik6,binary,524288,16384,32,1024,12,12,12,15,15,14,5,14.93,112.59,433692,43.37%
big_files/enwik6,binary,524288,16384,32,999999999,12,12,12,15,15,14,5,15.01,117.07,433680,43.37%
big_files/enwik6,binary,524288,16384,32,1,12,12,15,15,15,14,5,17.59,93.53,530735,53.07%
big_files/enwik6,binary,524288,16384,32,4,12,12,15,15,15,14,5,16.86,98.81,541451,54.15%
big_files/enwik6,binary,524288,16384,32,16,12,12,15,15,15,14,5,15.37,94.17,495277,49.53%
big_files/enwik6,binary,524288,16384,32,128,12,12,15,15,15,14,5,14.63,113.68,438561,43.86%
big_files/enwik6,binary,524288,16384,32,1024,12,12,15,15,15,14,5,14.50,113.74,433544,43.35%
big_files/enwik6,binary,524288,16384,32,999999999,12,12,15,15,15,14,5,13.71,106.66,433532,43.35%
big_files/enwik6,binary,524288,16384,32,1,12,15,15,15,15,14,5,15.89,91.89,533293,53.33%
big_files/enwik6,binary,524288,16384,32,4,12,15,15,15,15,14,5,16.53,93.35,538985,53.90%
big_files/enwik6,binary,524288,16384,32,16,12,15,15,15,15,14,5,15.48,103.22,491407,49.14%
big_files/enwik6,binary,524288,16384,32,128,12,15,15,15,15,14,5,14.26,107.86,436350,43.63%
big_files/enwik6,binary,524288,16384,32,1024,12,15,15,15,15,14,5,14.47,114.48,431972,43.20%
big_files/enwik6,binary,524288,16384,32,999999999,12,15,15,15,15,14,5,14.69,110.21,431961,43.20%
big_files/enwik6,binary,524288,16384,32,1,15,15,15,15,15,14,5,17.86,93.09,534847,53.48%
big_files/enwik6,binary,524288,16384,32,4,15,15,15,15,15,14,5,16.50,104.65,526998,52.70%
big_files/enwik6,binary,524288,16384,32,16,15,15,15,15,15,14,5,14.76,102.08,480838,48.08%
big_files/enwik6,binary,524288,16384,32,128,15,15,15,15,15,14,5,13.76,109.08,436014,43.60%
big_files/enwik6,binary,524288,16384,32,1024,15,15,15,15,15,14,5,14.28,108.63,432477,43.25%
big_files/enwik6,binary,524288,16384,32,999999999,15,15,15,15,15,14,5,14.62,104.73,432468,43.25%
big_files/enwik6,binary,524288,16384,64,1,6,6,6,6,6,14,6,16.61,93.15,650186,65.02%
big_files/enwik6,binary,524288,16384,64,4,6,6,6,6,6,14,6,16.27,93.94,641002,64.10%
big_files/enwik6,binary,524288,16384,64,16,6,6,6,6,6,14,6,15.44,102.39,571767,57.18%
big_files/enwik6,binary,524288,16384,64,128,6,6,6,6,6,14,6,14.73,106.63,506144,50.61%
big_files/enwik6,binary,524288,16384,64,1024,6,6,6,6,6,14,6,14.21,114.66,501156,50.12%
big_files/enwik6,binary,524288,16384,64,999999999,6,6,6,6,6,14,6,14.40,119.49,501147,50.11%
big_files/enwik6,binary,524288,16384,64,1,6,6,6,6,12,14,6,17.78,91.30,646068,64.61%
big_files/enwik6,binary,524288,16384,64,4,6,6,6,6,12,14,6,16.84,99.18,637613,63.76%
big_files/enwik6,binary,524288,16384,64,16,6,6,6,6,12,14,6,14.15,106.42,568046,56.80%
big_files/enwik6,binary,524288,16384,64,128,6,6,6,6,12,14,6,14.80,109.74,501602,50.16%
big_files/enwik6,binary,524288,16384,64,1024,6,6,6,6,12,14,6,14.40,121.70,496523,49.65%
big_files/enwik6,binary,524288,16384,64,999999999,6,6,6,6,12,14,6,14.75,119.20,496514,49.65%
big_files/enwik6,binary,524288,16384,64,1,6,6,6,6,15,14,6,17.13,89.26,646821,64.68%
big_files/enwik6,binary,524288,16384,64,4,6,6,6,6,15,14,6,16.22,93.44,637584,63.76%
big_files/enwik6,binary,524288,16384,64,16,6,6,6,6,15,14,6,15.64,100.14,567576,56.76%
big_files/enwik6,binary,524288,16384,64,128,6,6,6,6,15,14,6,14.65,111.57,501199,50.12%
big_files/enwik6,binary,524288,16384,64,1024,6,6,6,6,15,14,6,13.88,115.07,496096,49.61%
big_files/enwik6,binary,524288,16384,64,999999999,6,6,6,6,15,14,6,14.34,122.47,496087,49.61%
big_files/enwik6,binary,524288,16384,64,1,6,6,6,12,12,14,6,17.74,91.94,639484,63.95%
big_files/enwik6,binary,524288,16384,64,4,6,6,6,12,12,14,6,16.57,97.98,631809,63.18%
big_files/enwik6,binary,524288,16384,64,16,6,6,6,12,12,14,6,15.80,103.70,562696,56.27%
big_files/enwik6,binary,524288,16384,64,128,6,6,6,12,12,14,6,14.25,128.33,495063,49.51%
big_files/enwik6,binary,524288,16384,64,1024,6,6,6,12,12,14,6,14.78,123.57,489829,48.98%
big_files/enwik6,binary,524288,16384,64,999999999,6,6,6,12,12,14,6,14.45,119.09,489820,48.98%
big_files/enwik6,binary,524288,16384,64,1,6,6,6,12,15,14,6,17.39,102.18,640236,64.02%
big_files/enwik6,binary,524288,16384,64,4,6,6,6,12,15,14,6,16.41,99.95,631780,63.18%
big_files/enwik6,binary,524288,16384,64,16,6,6,6,12,15,14,6,15.42,107.50,562226,56.22%
big_files/enwik6,binary,524288,16384,64,128,6,6,6,12,15,14,6,14.10,120.90,494660,49.47%
big_files/enwik6,binary,524288,16384,64,1024,6,6,6,12,15,14,6,14.71,115.71,489403,48.94%
big_files/enwik6,binary,524288,16384,64,999999999,6,6,6,12,15,14,6,15.13,117.94,489394,48.94%
big_files/enwik6,binary,524288,16384,64,1,6,6,6,15,15,14,6,17.53,90.04,641182,64.12%
big_files/enwik6,binary,524288,16384,64,4,6,6,6,15,15,14,6,17.01,97.67,631347,63.13%
big_files/enwik6,binary,524288,16384,64,16,6,6,6,15,15,14,6,16.36,113.56,561057,56.11%
big_files/enwik6,binary,524288,16384,64,128,6,6,6,15,15,14,6,14.89,118.46,494174,49.42%
big_files/enwik6,binary,524288,16384,64,1024,6,6,6,15,15,14,6,15.09,110.78,488953,48.90%
big_files/enwik6,binary,524288,16384,64,999999999,6,6,6,15,15,14,6,15.61,119.15,488944,48.89%
big_files/enwik6,binary,524288,16384,64,1,6,6,12,12,12,14,6,18.07,86.71,629337,62.93%
big_files/enwik6,binary,524288,16384,64,4,6,6,12,12,12,14,6,16.54,97.08,623068,62.31%
big_files/enwik6,binary,524288,16384,64,16,6,6,12,12,12,14,6,16.76,105.63,554713,55.47%
big_files/enwik6,binary,524288,16384,64,128,6,6,12,12,12,14,6,15.12,119.61,486037,48.60%
big_files/enwik6,binary,524288,16384,64,1024,6,6,12,12,12,14,6,15.17,113.36,480567,48.06%
big_files/enwik6,binary,524288,16384,64,999999999,6,6,12,12,12,14,6,14.38,114.92,480558,48.06%
big_files/enwik6,binary,524288,16384,64,1,6,6,12,12,15,14,6,17.59,93.15,630091,63.01%
big_files/enwik6,binary,524288,16384,64,4,6,6,12,12,15,14,6,17.24,91.41,623039,62.30%
big_files/enwik6,binary,524288,16384,64,16,6,6,12,12,15,14,6,15.60,103.75,554243,55.42%
big_files/enwik6,binary,524288,16384,64,128,6,6,12,12,15,14,6,16.06,122.29,485634,48.56%
big_files/enwik6,binary,524288,16384,64,1024,6,6,12,12,15,14,6,15.25,112.06,480141,48.01%
big_files/enwik6,binary,524288,16384,64,999999999,6,6,12,12,15,14,6,14.26,111.06,480132,48.01%
big_files/enwik6,binary,524288,16384,64,1,6,6,12,15,15,14,6,16.37,94.56,631035,63.10%
big_files/enwik6,binary,524288,16384,64,4,6,6,12,15,15,14,6,16.35,97.40,622605,62.26%
big_files/enwik6,binary,524288,16384,64,16,6,6,12,15,15,14,6,15.25,106.48,553075,55.31%
big_files/enwik6,binary,524288,16384,64,128,6,6,12,15,15,14,6,13.95,111.75,485149,48.51%
big_files/enwik6,binary,524288,16384,64,1024,6,6,12,15,15,14,6,15.35,116.88,479691,47.97%
big_files/enwik6,binary,524288,16384,64,999999999,6,6,12,15,15,14,6,15.49,117.64,479682,47.97%
big_files/enwik6,binary,524288,16384,64,1,6,6,15,15,15,14,6,18.97,85.77,632211,63.22%
big_files/enwik6,binary,524288,16384,64,4,6,6,15,15,15,14,6,16.81,90.27,621411,62.14%
big_files/enwik6,binary,524288,16384,64,16,6,6,15,15,15,14,6,16.11,101.84,551060,55.11%
big_files/enwik6,binary,524288,16384,64,128,6,6,15,15,15,14,6,16.06,120.44,483717,48.37%
big_files/enwik6,binary,524288,16384,64,1024,6,6,15,15,15,14,6,15.57,118.87,478439,47.84%
big_files/enwik6,binary,524288,16384,64,999999999,6,6,15,15,15,14,6,14.90,121.55,478431,47.84%
big_files/enwik6,binary,524288,16384,64,1,6,12,12,12,12,14,6,18.21,99.11,603482,60.35%
big_files/enwik6,binary,524288,16384,64,4,6,12,12,12,12,14,6,18.11,99.84,601523,60.15%
big_files/enwik6,binary,524288,16384,64,16,6,12,12,12,12,14,6,16.68,110.39,537131,53.71%
big_files/enwik6,binary,524288,16384,64,128,6,12,12,12,12,14,6,14.75,108.52,470548,47.05%
big_files/enwik6,binary,524288,16384,64,1024,6,12,12,12,12,14,6,15.14,119.15,465051,46.51%
big_files/enwik6,binary,524288,16384,64,999999999,6,12,12,12,12,14,6,14.57,107.69,465042,46.50%
big_files/enwik6,binary,524288,16384,64,1,6,12,12,12,15,14,6,17.42,99.65,604235,60.42%
big_files/enwik6,binary,524288,16384,64,4,6,12,12,12,15,14,6,16.09,97.82,601494,60.15%
big_files/enwik6,binary,524288,16384,64,16,6,12,12,12,15,14,6,15.97,99.89,536661,53.67%
big_files/enwik6,binary,524288,16384,64,128,6,12,12,12,15,14,6,14.72,114.77,470145,47.01%
big_files/enwik6,binary,524288,16384,64,1024,6,12,12,12,15,14,6,14.78,111.09,464625,46.46%
big_files/enwik6,binary,524288,16384,64,999999999,6,12,12,12,15,14,6,15.17,113.18,464616,46.46%
big_files/enwik6,binary,524288,16384,64,1,6,12,12,15,15,14,6,19.04,92.03,605180,60.52%
big_files/enwik6,binary,524288,16384,64,4,6,12,12,15,15,14,6,17.08,103.25,601060,60.11%
big_files/enwik6,binary,524288,16384,64,16,6,12,12,15,15,14,6,16.30,108.20,535492,53.55%
big_files/enwik6,binary,524288,16384,64,128,6,12,12,15,15,14,6,14.82,112.31,469660,46.97%
big_files/enwik6,binary,524288,16384,64,1024,6,12,12,15,15,14,6,15.15,116.22,464175,46.42%
big_files/enwik6,binary,524288,16384,64,999999999,6,12,12,15,15,14,6,14.38,113.68,464166,46.42%
big_files/enwik6,binary,524288,16384,64,1,6,12,15,15,15,14,6,17.25,96.38,606356,60.64%
big_files/enwik6,binary,524288,16384,64,4,6,12,15,15,15,14,6,16.62,94.10,599866,59.99%
big_files/enwik6,binary,524288,16384,64,16,6,12,15,15,15,14,6,15.93,106.64,533477,53.35%
big_files/enwik6,binary,524288,16384,64,128,6,12,15,15,15,14,6,15.41,117.12,468229,46.82%
big_files/enwik6,binary,524288,16384,64,1024,6,12,15,15,15,14,6,15.32,117.80,462923,46.29%
big_files/enwik6,binary,524288,16384,64,999999999,6,12,15,15,15,14,6,15.39,102.77,462915,46.29%
big_files/enwik6,binary,524288,16384,64,1,6,15,15,15,15,14,6,18.83,104.33,607495,60.75%
big_files/enwik6,binary,524288,16384,64,4,6,15,15,15,15,14,6,16.63,99.62,595317,59.53%
big_files/enwik6,binary,524288,16384,64,16,6,15,15,15,15,14,6,16.76,107.80,527502,52.75%
big_files/enwik6,binary,524288,16384,64,128,6,15,15,15,15,14,6,15.96,102.83,464342,46.43%
big_files/enwik6,binary,524288,16384,64,1024,6,15,15,15,15,14,6,16.09,115.02,459797,45.98%
big_files/enwik6,binary,524288,16384,64,999999999,6,15,15,15,15,14,6,15.61,118.83,459789,45.98%
big_files/enwik6,binary,524288,16384,64,1,12,12,12,12,12,14,6,18.51,99.32,532563,53.26%
big_files/enwik6,binary,524288,16384,64,4,12,12,12,12,12,14,6,17.48,99.41,549242,54.92%
big_files/enwik6,binary,524288,16384,64,16,12,12,12,12,12,14,6,16.38,102.25,504033,50.40%
big_files/enwik6,binary,524288,16384,64,128,12,12,12,12,12,14,6,15.56,119.82,445063,44.51%
big_files/enwik6,binary,524288,16384,64,1024,12,12,12,12,12,14,6,15.96,114.54,439810,43.98%
big_files/enwik6,binary,524288,16384,64,999999999,12,12,12,12,12,14,6,14.47,122.00,439801,43.98%
big_files/enwik6,binary,524288,16384,64,1,12,12,12,12,15,14,6,18.05,90.14,533316,53.33%
big_files/enwik6,binary,524288,16384,64,4,12,12,12,12,15,14,6,17.49,100.38,549213,54.92%
big_files/enwik6,binary,524288,16384,64,16,12,12,12,12,15,14,6,18.16,107.76,503563,50.36%
big_files/enwik6,binary,524288,16384,64,128,12,12,12,12,15,14,6,13.98,116.29,444660,44.47%
big_files/enwik6,binary,524288,16384,64,1024,12,12,12,12,15,14,6,14.58,109.81,439383,43.94%
big_files/enwik6,binary,524288,16384,64,999999999,12,12,12,12,15,14,6,15.24,113.25,439374,43.94%
big_files/enwik6,binary,524288,16384,64,1,12,12,12,15,15,14,6,18.18,97.79,534262,53.43%
big_files/enwik6,binary,524288,16384,64,4,12,12,12,15,15,14,6,17.35,98.30,548779,54.88%
big_files/enwik6,binary,524288,16384,64,16,12,12,12,15,15,14,6,16.36,105.24,502395,50.24%
big_files/enwik6,binary,524288,16384,64,128,12,12,12,15,15,14,6,15.49,112.21,444173,44.42%
big_files/enwik6,binary,524288,16384,64,1024,12,12,12,15,15,14,6,15.36,108.24,438935,43.89%
big_files/enwik6,binary,524288,16384,64,999999999,12,12,12,15,15,14,6,15.42,117.71,438926,43.89%
big_files/enwik6,binary,524288,16384,64,1,12,12,15,15,15,14,6,18.39,101.28,535436,53.54%
big_files/enwik6,binary,524288,16384,64,4,12,12,15,15,15,14,6,17.18,99.79,547585,54.76%
big_files/enwik6,binary,524288,16384,64,16,12,12,15,15,15,14,6,17.25,107.67,500380,50.04%
big_files/enwik6,binary,524288,16384,64,128,12,12,15,15,15,14,6,15.51,118.63,442743,44.27%
big_files/enwik6,binary,524288,16384,64,1024,12,12,15,15,15,14,6,15.41,113.38,437683,43.77%
big_files/enwik6,binary,524288,16384,64,999999999,12,12,15,15,15,14,6,15.06,116.38,437674,43.77%
big_files/enwik6,binary,524288,16384,64,1,12,15,15,15,15,14,6,17.45,93.70,536576,53.66%
big_files/enwik6,binary,524288,16384,64,4,12,15,15,15,15,14,6,16.95,93.94,543036,54.30%
big_files/enwik6,binary,524288,16384,64,16,12,15,15,15,15,14,6,16.79,102.30,494405,49.44%
big_files/enwik6,binary,524288,16384,64,128,12,15,15,15,15,14,6,15.25,110.76,438855,43.89%
big_files/enwik6,binary,524288,16384,64,1024,12,15,15,15,15,14,6,15.69,116.83,434557,43.46%
big_files/enwik6,binary,524288,16384,64,999999999,12,15,15,15,15,14,6,14.42,114.30,434549,43.45%
big_files/enwik6,binary,524288,16384,64,1,15,15,15,15,15,14,6,18.46,103.50,533327,53.33%
big_files/enwik6,binary,524288,16384,64,4,15,15,15,15,15,14,6,16.98,94.79,524844,52.48%
big_files/enwik6,binary,524288,16384,64,16,15,15,15,15,15,14,6,15.64,102.28,479248,47.92%
big_files/enwik6,binary,524288,16384,64,128,15,15,15,15,15,14,6,15.72,117.40,436430,43.64%
big_files/enwik6,binary,524288,16384,64,1024,15,15,15,15,15,14,6,15.53,120.47,433160,43.32%
big_files/enwik6,binary,524288,16384,64,999999999,15,15,15,15,15,14,6,15.68,119.54,433153,43.32%
big_files/enwik6,binary,524288,16384,128,1,6,6,6,6,6,14,7,18.79,92.98,672936,67.29%
big_files/enwik6,binary,524288,16384,128,4,6,6,6,6,6,14,7,17.56,87.11,663498,66.35%
big_files/enwik6,binary,524288,16384,128,16,6,6,6,6,6,14,7,16.15,113.82,591324,59.13%
big_files/enwik6,binary,524288,16384,128,128,6,6,6,6,6,14,7,15.37,110.32,523196,52.32%
big_files/enwik6,binary,524288,16384,128,1024,6,6,6,6,6,14,7,15.29,118.81,518075,51.81%
big_files/enwik6,binary,524288,16384,128,999999999,6,6,6,6,6,14,7,14.70,120.78,518075,51.81%
big_files/enwik6,binary,524288,16384,128,1,6,6,6,6,12,14,7,18.32,90.52,668274,66.83%
big_files/enwik6,binary,524288,16384,128,4,6,6,6,6,12,14,7,17.37,98.30,659644,65.96%
big_files/enwik6,binary,524288,16384,128,16,6,6,6,6,12,14,7,16.33,102.24,587090,58.71%
big_files/enwik6,binary,524288,16384,128,128,6,6,6,6,12,14,7,15.52,114.70,518017,51.80%
big_files/enwik6,binary,524288,16384,128,1024,6,6,6,6,12,14,7,15.42,117.22,512794,51.28%
big_files/enwik6,binary,524288,16384,128,999999999,6,6,6,6,12,14,7,15.51,106.89,512794,51.28%
big_files/enwik6,binary,524288,16384,128,1,6,6,6,6,15,14,7,18.20,97.85,668803,66.88%
big_files/enwik6,binary,524288,16384,128,4,6,6,6,6,15,14,7,16.07,89.97,659297,65.93%
big_files/enwik6,binary,524288,16384,128,16,6,6,6,6,15,14,7,16.68,102.61,586163,58.62%
big_files/enwik6,binary,524288,16384,128,128,6,6,6,6,15,14,7,14.98,122.21,517090,51.71%
big_files/enwik6,binary,524288,16384,128,1024,6,6,6,6,15,14,7,14.41,109.56,511830,51.18%
big_files/enwik6,binary,524288,16384,128,999999999,6,6,6,6,15,14,7,15.11,120.37,511830,51.18%
big_files/enwik6,binary,524288,16384,128,1,6,6,6,12,12,14,7,17.20,95.82,660815,66.08%
big_files/enwik6,binary,524288,16384,128,4,6,6,6,12,12,14,7,17.03,98.54,653071,65.31%
big_files/enwik6,binary,524288,16384,128,16,6,6,6,12,12,14,7,16.01,112.85,581007,58.10%
big_files/enwik6,binary,524288,16384,128,128,6,6,6,12,12,14,7,14.50,122.32,510560,51.06%
big_files/enwik6,binary,524288,16384,128,1024,6,6,6,12,12,14,7,14.91,107.06,505158,50.52%
big_files/enwik6,binary,524288,16384,128,999999999,6,6,6,12,12,14,7,15.99,115.53,505158,50.52%
big_files/enwik6,binary,524288,16384,128,1,6,6,6,12,15,14,7,19.06,104.11,661344,66.13%
big_files/enwik6,binary,524288,16384,128,4,6,6,6,12,15,14,7,17.08,99.24,652724,65.27%
big_files/enwik6,binary,524288,16384,128,16,6,6,6,12,15,14,7,17.16,105.71,580081,58.01%
big_files/enwik6,binary,524288,16384,128,128,6,6,6,12,15,14,7,15.48,110.41,509633,50.96%
big_files/enwik6,binary,524288,16384,128,1024,6,6,6,12,15,14,7,15.40,124.30,504194,50.42%
big_files/enwik6,binary,524288,16384,128,999999999,6,6,6,12,15,14,7,15.12,108.79,504194,50.42%
big_files/enwik6,binary,524288,16384,128,1,6,6,6,15,15,14,7,18.04,94.53,661897,66.19%
big_files/enwik6,binary,524288,16384,128,4,6,6,6,15,15,14,7,16.24,96.72,651691,65.17%
big_files/enwik6,binary,524288,16384,128,16,6,6,6,15,15,14,7,15.98,110.33,578165,57.82%
big_files/enwik6,binary,524288,16384,128,128,6,6,6,15,15,14,7,15.05,106.58,508409,50.84%
big_files/enwik6,binary,524288,16384,128,1024,6,6,6,15,15,14,7,15.33,119.74,502998,50.30%
big_files/enwik6,binary,524288,16384,128,999999999,6,6,6,15,15,14,7,15.00,114.80,502998,50.30%
big_files/enwik6,binary,524288,16384,128,1,6,6,12,12,12,14,7,17.06,96.40,649338,64.93%
big_files/enwik6,binary,524288,16384,128,4,6,6,12,12,12,14,7,17.30,96.76,643201,64.32%
big_files/enwik6,binary,524288,16384,128,16,6,6,12,12,12,14,7,16.06,103.44,571948,57.19%
big_files/enwik6,binary,524288,16384,128,128,6,6,12,12,12,14,7,15.19,116.14,500300,50.03%
big_files/enwik6,binary,524288,16384,128,1024,6,6,12,12,12,14,7,14.71,120.80,494630,49.46%
big_files/enwik6,binary,524288,16384,128,999999999,6,6,12,12,12,14,7,15.54,118.88,494630,49.46%
big_files/enwik6,binary,524288,16384,128,1,6,6,12,12,15,14,7,17.69,93.18,649867,64.99%
big_files/enwik6,binary,524288,16384,128,4,6,6,12,12,15,14,7,17.40,97.34,642854,64.29%
big_files/enwik6,binary,524288,16384,128,16,6,6,12,12,15,14,7,17.31,103.64,571022,57.10%
big_files/enwik6,binary,524288,16384,128,128,6,6,12,12,15,14,7,15.06,120.57,499373,49.94%
big_files/enwik6,binary,524288,16384,128,1024,6,6,12,12,15,14,7,15.26,120.39,493665,49.37%
big_files/enwik6,binary,524288,16384,128,999999999,6,6,12,12,15,14,7,16.02,118.09,493665,49.37%
big_files/enwik6,binary,524288,16384,128,1,6,6,12,15,15,14,7,17.36,92.05,650420,65.04%
big_files/enwik6,binary,524288,16384,128,4,6,6,12,15,15,14,7,17.27,90.23,641821,64.18%
big_files/enwik6,binary,524288,16384,128,16,6,6,12,15,15,14,7,16.25,106.86,569106,56.91%
big_files/enwik6,binary,524288,16384,128,128,6,6,12,15,15,14,7,15.07,116.18,498149,49.81%
big_files/enwik6,binary,524288,16384,128,1024,6,6,12,15,15,14,7,15.59,125.73,492470,49.25%
big_files/enwik6,binary,524288,16384,128,999999999,6,6,12,15,15,14,7,14.69,112.64,492470,49.25%
big_files/enwik6,binary,524288,16384,128,1,6,6,15,15,15,14,7,17.69,94.79,650954,65.10%
big_files/enwik6,binary,524288,16384,128,4,6,6,15,15,15,14,7,17.36,97.57,639642,63.96%
big_files/enwik6,binary,524288,16384,128,16,6,6,15,15,15,14,7,16.16,109.30,565969,56.60%
big_files/enwik6,binary,524288,16384,128,128,6,6,15,15,15,14,7,15.39,111.11,495603,49.56%
big_files/enwik6,binary,524288,16384,128,1024,6,6,15,15,15,14,7,15.04,112.53,490118,49.01%
big_files/enwik6,binary,524288,16384,128,999999999,6,6,15,15,15,14,7,15.18,120.29,490118,49.01%
big_files/enwik6,binary,524288,16384,128,1,6,12,12,12,12,14,7,18.27,90.72,620490,62.05%
big_files/enwik6,binary,524288,16384,128,4,6,12,12,12,12,14,7,17.11,90.59,619210,61.92%
big_files/enwik6,binary,524288,16384,128,16,6,12,12,12,12,14,7,17.14,113.92,552342,55.23%
big_files/enwik6,binary,524288,16384,128,128,6,12,12,12,12,14,7,15.40,108.12,482968,48.30%
big_files/enwik6,binary,524288,16384,128,1024,6,12,12,12,12,14,7,16.20,123.80,477256,47.73%
big_files/enwik6,binary,524288,16384,128,999999999,6,12,12,12,12,14,7,15.43,117.27,477256,47.73%
big_files/enwik6,binary,524288,16384,128,1,6,12,12,12,15,14,7,17.89,102.81,621019,62.10%
big_files/enwik6,binary,524288,16384,128,4,6,12,12,12,15,14,7,18.22,91.53,618863,61.89%
big_files/enwik6,binary,524288,16384,128,16,6,12,12,12,15,14,7,15.86,95.66,551415,55.14%
big_files/enwik6,binary,524288,16384,128,128,6,12,12,12,15,14,7,14.83,116.10,482040,48.20%
big_files/enwik6,binary,524288,16384,128,1024,6,12,12,12,15,14,7,15.77,113.62,476292,47.63%
big_files/enwik6,binary,524288,16384,128,999999999,6,12,12,12,15,14,7,15.55,115.64,476292,47.63%
big_files/enwik6,binary,524288,16384,128,1,6,12,12,15,15,14,7,17.60,87.29,621572,62.16%
big_files/enwik6,binary,524288,16384,128,4,6,12,12,15,15,14,7,16.60,94.61,617829,61.78%
big_files/enwik6,binary,524288,16384,128,16,6,12,12,15,15,14,7,15.30,106.67,549499,54.95%
big_files/enwik6,binary,524288,16384,128,128,6,12,12,15,15,14,7,15.16,115.17,480817,48.08%
big_files/enwik6,binary,524288,16384,128,1024,6,12,12,15,15,14,7,14.97,109.03,475096,47.51%
big_files/enwik6,binary,524288,16384,128,999999999,6,12,12,15,15,14,7,13.84,109.55,475096,47.51%
big_files/enwik6,binary,524288,16384,128,1,6,12,15,15,15,14,7,16.39,90.79,622106,62.21%
big_files/enwik6,binary,524288,16384,128,4,6,12,15,15,15,14,7,16.22,101.11,615651,61.57%
big_files/enwik6,binary,524288,16384,128,16,6,12,15,15,15,14,7,17.42,115.42,546363,54.64%
big_files/enwik6,binary,524288,16384,128,128,6,12,15,15,15,14,7,15.89,112.22,478271,47.83%
big_files/enwik6,binary,524288,16384,128,1024,6,12,15,15,15,14,7,15.52,122.38,472745,47.27%
big_files/enwik6,binary,524288,16384,128,999999999,6,12,15,15,15,14,7,15.25,110.96,472745,47.27%
big_files/enwik6,binary,524288,16384,128,1,6,15,15,15,15,14,7,19.24,101.96,621853,62.19%
big_files/enwik6,binary,524288,16384,128,4,6,15,15,15,15,14,7,17.63,99.23,609073,60.91%
big_files/enwik6,binary,524288,16384,128,16,6,15,15,15,15,14,7,16.19,102.83,538291,53.83%
big_files/enwik6,binary,524288,16384,128,128,6,15,15,15,15,14,7,16.20,116.16,472713,47.27%
big_files/enwik6,binary,524288,16384,128,1024,6,15,15,15,15,14,7,15.77,113.29,468067,46.81%
big_files/enwik6,binary,524288,16384,128,999999999,6,15,15,15,15,14,7,15.47,112.36,468067,46.81%
big_files/enwik6,binary,524288,16384,128,1,12,12,12,12,12,14,7,17.32,96.36,541530,54.15%
big_files/enwik6,binary,524288,16384,128,4,12,12,12,12,12,14,7,18.43,104.08,561047,56.10%
big_files/enwik6,binary,524288,16384,128,16,12,12,12,12,12,14,7,16.81,109.93,515468,51.55%
big_files/enwik6,binary,524288,16384,128,128,12,12,12,12,12,14,7,15.22,123.06,454456,45.45%
big_files/enwik6,binary,524288,16384,128,1024,12,12,12,12,12,14,7,15.01,111.01,449007,44.90%
big_files/enwik6,binary,524288,16384,128,999999999,12,12,12,12,12,14,7,16.29,120.46,449007,44.90%
big_files/enwik6,binary,524288,16384,128,1,12,12,12,12,15,14,7,18.65,92.30,542058,54.21%
big_files/enwik6,binary,524288,16384,128,4,12,12,12,12,15,14,7,18.07,102.32,560700,56.07%
big_files/enwik6,binary,524288,16384,128,16,12,12,12,12,15,14,7,16.18,109.74,514542,51.45%
big_files/enwik6,binary,524288,16384,128,128,12,12,12,12,15,14,7,15.65,124.66,453528,45.35%
big_files/enwik6,binary,524288,16384,128,1024,12,12,12,12,15,14,7,14.75,114.74,448042,44.80%
big_files/enwik6,binary,524288,16384,128,999999999,12,12,12,12,15,14,7,15.83,120.42,448042,44.80%
big_files/enwik6,binary,524288,16384,128,1,12,12,12,15,15,14,7,17.79,94.39,542612,54.26%
big_files/enwik6,binary,524288,16384,128,4,12,12,12,15,15,14,7,18.04,102.90,559668,55.97%
big_files/enwik6,binary,524288,16384,128,16,12,12,12,15,15,14,7,16.56,112.37,512626,51.26%
big_files/enwik6,binary,524288,16384,128,128,12,12,12,15,15,14,7,16.37,120.27,452305,45.23%
big_files/enwik6,binary,524288,16384,128,1024,12,12,12,15,15,14,7,15.65,120.74,446847,44.68%
big_files/enwik6,binary,524288,16384,128,999999999,12,12,12,15,15,14,7,14.81,118.43,446847,44.68%
big_files/enwik6,binary,524288,16384,128,1,12,12,15,15,15,14,7,19.25,100.38,543145,54.31%
big_files/enwik6,binary,524288,16384,128,4,12,12,15,15,15,14,7,18.47,90.57,557489,55.75%
big_files/enwik6,binary,524288,16384,128,16,12,12,15,15,15,14,7,15.99,107.80,509489,50.95%
big_files/enwik6,binary,524288,16384,128,128,12,12,15,15,15,14,7,15.88,111.61,449758,44.98%
big_files/enwik6,binary,524288,16384,128,1024,12,12,15,15,15,14,7,14.94,115.35,444496,44.45%
big_files/enwik6,binary,524288,16384,128,999999999,12,12,15,15,15,14,7,16.34,114.46,444496,44.45%
big_files/enwik6,binary,524288,16384,128,1,12,15,15,15,15,14,7,18.33,90.40,542893,54.29%
big_files/enwik6,binary,524288,16384,128,4,12,15,15,15,15,14,7,17.74,98.72,550911,55.09%
big_files/enwik6,binary,524288,16384,128,16,12,15,15,15,15,14,7,16.72,103.60,501417,50.14%
big_files/enwik6,binary,524288,16384,128,128,12,15,15,15,15,14,7,15.94,114.16,444200,44.42%
big_files/enwik6,binary,524288,16384,128,1024,12,15,15,15,15,14,7,15.57,110.11,439819,43.98%
big_files/enwik6,binary,524288,16384,128,999999999,12,15,15,15,15,14,7,15.40,120.39,439819,43.98%
big_files/enwik6,binary,524288,16384,128,1,15,15,15,15,15,14,7,17.76,100.58,534912,53.49%
big_files/enwik6,binary,524288,16384,128,4,15,15,15,15,15,14,7,18.77,105.76,526666,52.67%
big_files/enwik6,binary,524288,16384,128,16,15,15,15,15,15,14,7,16.04,103.95,481704,48.17%
big_files/enwik6,binary,524288,16384,128,128,15,15,15,15,15,14,7,15.97,123.62,439695,43.97%
big_files/enwik6,binary,524288,16384,128,1024,15,15,15,15,15,14,7,15.93,118.75,436526,43.65%
big_files/enwik6,binary,524288,16384,128,999999999,15,15,15,15,15,14,7,16.22,119.85,436526,43.65%
big_files/enwik6,binary,524288,16384,256,1,6,6,6,6,6,14,8,17.62,94.97,696126,69.61%
big_files/enwik6,binary,524288,16384,256,4,6,6,6,6,6,14,8,17.18,100.19,686397,68.64%
big_files/enwik6,binary,524288,16384,256,16,6,6,6,6,6,14,8,17.36,97.56,611433,61.14%
big_files/enwik6,binary,524288,16384,256,128,6,6,6,6,6,14,8,15.28,107.58,540743,54.07%
big_files/enwik6,binary,524288,16384,256,1024,6,6,6,6,6,14,8,15.80,113.52,535448,53.54%
big_files/enwik6,binary,524288,16384,256,999999999,6,6,6,6,6,14,8,15.45,117.30,535448,53.54%
big_files/enwik6,binary,524288,16384,256,1,6,6,6,6,12,14,8,15.78,93.04,690910,69.09%
big_files/enwik6,binary,524288,16384,256,4,6,6,6,6,12,14,8,17.08,92.01,682077,68.21%
big_files/enwik6,binary,524288,16384,256,16,6,6,6,6,12,14,8,15.07,99.54,606677,60.67%
big_files/enwik6,binary,524288,16384,256,128,6,6,6,6,12,14,8,15.63,110.30,534920,53.49%
big_files/enwik6,binary,524288,16384,256,1024,6,6,6,6,12,14,8,15.01,114.55,529510,52.95%
big_files/enwik6,binary,524288,16384,256,999999999,6,6,6,6,12,14,8,15.22,119.51,529510,52.95%
big_files/enwik6,binary,524288,16384,256,1,6,6,6,6,15,14,8,17.48,87.21,691220,69.12%
big_files/enwik6,binary,524288,16384,256,4,6,6,6,6,15,14,8,17.60,91.23,681410,68.14%
big_files/enwik6,binary,524288,16384,256,16,6,6,6,6,15,14,8,17.12,103.04,605293,60.53%
big_files/enwik6,binary,524288,16384,256,128,6,6,6,6,15,14,8,15.80,110.59,533469,53.35%
big_files/enwik6,binary,524288,16384,256,1024,6,6,6,6,15,14,8,15.50,116.82,528010,52.80%
big_files/enwik6,binary,524288,16384,256,999999999,6,6,6,6,15,14,8,15.27,121.46,528010,52.80%
big_files/enwik6,binary,524288,16384,256,1,6,6,6,12,12,14,8,18.62,96.67,682580,68.26%
big_files/enwik6,binary,524288,16384,256,4,6,6,6,12,12,14,8,15.50,90.13,674753,67.48%
big_files/enwik6,binary,524288,16384,256,16,6,6,6,12,12,14,8,16.18,107.03,599860,59.99%
big_files/enwik6,binary,524288,16384,256,128,6,6,6,12,12,14,8,15.60,117.37,526544,52.65%
big_files/enwik6,binary,524288,16384,256,1024,6,6,6,12,12,14,8,15.04,116.64,520933,52.09%
big_files/enwik6,binary,524288,16384,256,999999999,6,6,6,12,12,14,8,15.46,125.47,520933,52.09%
big_files/enwik6,binary,524288,16384,256,1,6,6,6,12,15,14,8,17.24,95.22,682890,68.29%
big_files/enwik6,binary,524288,16384,256,4,6,6,6,12,15,14,8,16.93,99.91,674087,67.41%
big_files/enwik6,binary,524288,16384,256,16,6,6,6,12,15,14,8,16.76,103.28,598476,59.85%
big_files/enwik6,binary,524288,16384,256,128,6,6,6,12,15,14,8,14.72,114.05,525093,52.51%
big_files/enwik6,binary,524288,16384,256,1024,6,6,6,12,15,14,8,16.10,113.32,519432,51.94%
big_files/enwik6,binary,524288,16384,256,999999999,6,6,6,12,15,14,8,15.49,115.94,519432,51.94%
big_files/enwik6,binary,524288,16384,256,1,6,6,6,15,15,14,8,18.26,92.65,683054,68.31%
big_files/enwik6,binary,524288,16384,256,4,6,6,6,15,15,14,8,18.01,96.45,672451,67.25%
big_files/enwik6,binary,524288,16384,256,16,6,6,6,15,15,14,8,16.82,99.65,595816,59.58%
big_files/enwik6,binary,524288,16384,256,128,6,6,6,15,15,14,8,15.55,118.16,523132,52.31%
big_files/enwik6,binary,524288,16384,256,1024,6,6,6,15,15,14,8,16.19,108.44,517491,51.75%
big_files/enwik6,binary,524288,16384,256,999999999,6,6,6,15,15,14,8,15.46,115.64,517491,51.75%
big_files/enwik6,binary,524288,16384,256,1,6,6,12,12,12,14,8,18.79,91.94,669761,66.98%
big_files/enwik6,binary,524288,16384,256,4,6,6,12,12,12,14,8,17.58,93.28,663734,66.37%
big_files/enwik6,binary,524288,16384,256,16,6,6,12,12,12,14,8,16.23,107.55,589723,58.97%
big_files/enwik6,binary,524288,16384,256,128,6,6,12,12,12,14,8,14.96,113.04,515045,51.50%
big_files/enwik6,binary,524288,16384,256,1024,6,6,12,12,12,14,8,14.72,110.74,509134,50.91%
big_files/enwik6,binary,524288,16384,256,999999999,6,6,12,12,12,14,8,14.48,108.48,509134,50.91%
big_files/enwik6,binary,524288,16384,256,1,6,6,12,12,15,14,8,17.23,89.31,670071,67.01%
big_files/enwik6,binary,524288,16384,256,4,6,6,12,12,15,14,8,16.64,95.97,663068,66.31%
big_files/enwik6,binary,524288,16384,256,16,6,6,12,12,15,14,8,15.95,105.74,588340,58.83%
big_files/enwik6,binary,524288,16384,256,128,6,6,12,12,15,14,8,14.89,111.57,513594,51.36%
big_files/enwik6,binary,524288,16384,256,1024,6,6,12,12,15,14,8,14.82,116.36,507633,50.76%
big_files/enwik6,binary,524288,16384,256,999999999,6,6,12,12,15,14,8,15.07,105.68,507633,50.76%
big_files/enwik6,binary,524288,16384,256,1,6,6,12,15,15,14,8,16.98,90.83,670235,67.02%
big_files/enwik6,binary,524288,16384,256,4,6,6,12,15,15,14,8,15.57,85.95,661432,66.14%
big_files/enwik6,binary,524288,16384,256,16,6,6,12,15,15,14,8,14.49,96.57,585680,58.57%
big_files/enwik6,binary,524288,16384,256,128,6,6,12,15,15,14,8,14.51,110.23,511633,51.16%
big_files/enwik6,binary,524288,16384,256,1024,6,6,12,15,15,14,8,14.59,98.77,505692,50.57%
big_files/enwik6,binary,524288,16384,256,999999999,6,6,12,15,15,14,8,14.95,110.14,505692,50.57%
big_files/enwik6,binary,524288,16384,256,1,6,6,15,15,15,14,8,17.34,90.62,670127,67.01%
big_files/enwik6,binary,524288,16384,256,4,6,6,15,15,15,14,8,15.44,90.88,658275,65.83%
big_files/enwik6,binary,524288,16384,256,16,6,6,15,15,15,14,8,15.56,105.11,581422,58.14%
big_files/enwik6,binary,524288,16384,256,128,6,6,15,15,15,14,8,15.50,116.79,507973,50.80%
big_files/enwik6,binary,524288,16384,256,1024,6,6,15,15,15,14,8,15.70,111.88,502243,50.22%
big_files/enwik6,binary,524288,16384,256,999999999,6,6,15,15,15,14,8,16.23,117.82,502243,50.22%
big_files/enwik6,binary,524288,16384,256,1,6,12,12,12,12,14,8,18.77,98.23,637939,63.79%
big_files/enwik6,binary,524288,16384,256,4,6,12,12,12,12,14,8,17.27,95.08,637298,63.73%
big_files/enwik6,binary,524288,16384,256,16,6,12,12,12,12,14,8,16.79,107.77,568074,56.81%
big_files/enwik6,binary,524288,16384,256,128,6,12,12,12,12,14,8,15.62,115.49,495861,49.59%
big_files/enwik6,binary,524288,16384,256,1024,6,12,12,12,12,14,8,15.31,106.84,489901,48.99%
big_files/enwik6,binary,524288,16384,256,999999999,6,12,12,12,12,14,8,15.27,120.64,489901,48.99%
big_files/enwik6,binary,524288,16384,256,1,6,12,12,12,15,14,8,18.85,87.08,638249,63.82%
big_files/enwik6,binary,524288,16384,256,4,6,12,12,12,15,14,8,17.38,92.60,636631,63.66%
big_files/enwik6,binary,524288,16384,256,16,6,12,12,12,15,14,8,16.48,104.19,566691,56.67%
big_files/enwik6,binary,524288,16384,256,128,6,12,12,12,15,14,8,15.36,114.60,494411,49.44%
big_files/enwik6,binary,524288,16384,256,1024,6,12,12,12,15,14,8,15.39,109.83,488402,48.84%
big_files/enwik6,binary,524288,16384,256,999999999,6,12,12,12,15,14,8,15.42,115.38,488402,48.84%
big_files/enwik6,binary,524288,16384,256,1,6,12,12,15,15,14,8,18.33,85.59,638412,63.84%
big_files/enwik6,binary,524288,16384,256,4,6,12,12,15,15,14,8,17.60,91.77,634997,63.50%
big_files/enwik6,binary,524288,16384,256,16,6,12,12,15,15,14,8,17.45,108.29,564030,56.40%
big_files/enwik6,binary,524288,16384,256,128,6,12,12,15,15,14,8,15.04,126.51,492450,49.24%
big_files/enwik6,binary,524288,16384,256,1024,6,12,12,15,15,14,8,16.17,119.69,486460,48.65%
big_files/enwik6,binary,524288,16384,256,999999999,6,12,12,15,15,14,8,15.28,116.92,486460,48.65%
big_files/enwik6,binary,524288,16384,256,1,6,12,15,15,15,14,8,18.36,95.52,638305,63.83%
big_files/enwik6,binary,524288,16384,256,4,6,12,15,15,15,14,8,16.78,89.20,631839,63.18%
big_files/enwik6,binary,524288,16384,256,16,6,12,15,15,15,14,8,15.75,105.46,559773,55.98%
big_files/enwik6,binary,524288,16384,256,128,6,12,15,15,15,14,8,15.55,115.58,488790,48.88%
big_files/enwik6,binary,524288,16384,256,1024,6,12,15,15,15,14,8,15.82,115.33,483012,48.30%
big_files/enwik6,binary,524288,16384,256,999999999,6,12,15,15,15,14,8,15.00,115.34,483012,48.30%
big_files/enwik6,binary,524288,16384,256,1,6,15,15,15,15,14,8,19.43,94.95,636669,63.67%
big_files/enwik6,binary,524288,16384,256,4,6,15,15,15,15,14,8,17.20,91.76,623224,62.32%
big_files/enwik6,binary,524288,16384,256,16,6,15,15,15,15,14,8,16.44,107.53,549605,54.96%
big_files/enwik6,binary,524288,16384,256,128,6,15,15,15,15,14,8,16.19,118.85,481562,48.16%
big_files/enwik6,binary,524288,16384,256,1024,6,15,15,15,15,14,8,16.39,108.66,476784,47.68%
big_files/enwik6,binary,524288,16384,256,999999999,6,15,15,15,15,14,8,15.73,116.60,476784,47.68%
big_files/enwik6,binary,524288,16384,256,1,12,12,12,12,12,14,8,18.53,102.13,550944,55.09%
big_files/enwik6,binary,524288,16384,256,4,12,12,12,12,12,14,8,17.23,98.28,573266,57.33%
big_files/enwik6,binary,524288,16384,256,16,12,12,12,12,12,14,8,16.56,104.02,527387,52.74%
big_files/enwik6,binary,524288,16384,256,128,12,12,12,12,12,14,8,16.03,114.30,464322,46.43%
big_files/enwik6,binary,524288,16384,256,1024,12,12,12,12,12,14,8,15.56,121.09,458641,45.86%
big_files/enwik6,binary,524288,16384,256,999999999,12,12,12,12,12,14,8,15.28,121.34,458641,45.86%
big_files/enwik6,binary,524288,16384,256,1,12,12,12,12,15,14,8,18.27,94.83,551254,55.13%
big_files/enwik6,binary,524288,16384,256,4,12,12,12,12,15,14,8,17.54,99.50,572599,57.26%
big_files/enwik6,binary,524288,16384,256,16,12,12,12,12,15,14,8,16.05,107.66,526003,52.60%
big_files/enwik6,binary,524288,16384,256,128,12,12,12,12,15,14,8,15.59,115.55,462871,46.29%
big_files/enwik6,binary,524288,16384,256,1024,12,12,12,12,15,14,8,15.92,122.20,457141,45.71%
big_files/enwik6,binary,524288,16384,256,999999999,12,12,12,12,15,14,8,15.41,108.81,457141,45.71%
big_files/enwik6,binary,524288,16384,256,1,12,12,12,15,15,14,8,18.84,101.06,551417,55.14%
big_files/enwik6,binary,524288,16384,256,4,12,12,12,15,15,14,8,17.21,96.84,570964,57.10%
big_files/enwik6,binary,524288,16384,256,16,12,12,12,15,15,14,8,17.79,101.84,523343,52.33%
big_files/enwik6,binary,524288,16384,256,128,12,12,12,15,15,14,8,15.50,103.69,460910,46.09%
big_files/enwik6,binary,524288,16384,256,1024,12,12,12,15,15,14,8,14.67,118.90,455200,45.52%
big_files/enwik6,binary,524288,16384,256,999999999,12,12,12,15,15,14,8,15.81,117.38,455200,45.52%
big_files/enwik6,binary,524288,16384,256,1,12,12,15,15,15,14,8,18.45,100.16,551310,55.13%
big_files/enwik6,binary,524288,16384,256,4,12,12,15,15,15,14,8,18.00,93.57,567807,56.78%
big_files/enwik6,binary,524288,16384,256,16,12,12,15,15,15,14,8,16.87,95.48,519086,51.91%
big_files/enwik6,binary,524288,16384,256,128,12,12,15,15,15,14,8,15.51,106.45,457250,45.72%
big_files/enwik6,binary,524288,16384,256,1024,12,12,15,15,15,14,8,15.95,127.00,451751,45.18%
big_files/enwik6,binary,524288,16384,256,999999999,12,12,15,15,15,14,8,15.78,114.46,451751,45.18%
big_files/enwik6,binary,524288,16384,256,1,12,15,15,15,15,14,8,18.06,90.03,549673,54.97%
big_files/enwik6,binary,524288,16384,256,4,12,15,15,15,15,14,8,17.97,89.19,559192,55.92%
big_files/enwik6,binary,524288,16384,256,16,12,15,15,15,15,14,8,16.62,111.94,508917,50.89%
big_files/enwik6,binary,524288,16384,256,128,12,15,15,15,15,14,8,16.27,113.87,450021,45.00%
big_files/enwik6,binary,524288,16384,256,1024,12,15,15,15,15,14,8,14.62,115.31,445523,44.55%
big_files/enwik6,binary,524288,16384,256,999999999,12,15,15,15,15,14,8,15.53,112.57,445523,44.55%
big_files/enwik6,binary,524288,16384,256,1,15,15,15,15,15,14,8,18.40,98.08,536980,53.70%
big_files/enwik6,binary,524288,16384,256,4,15,15,15,15,15,14,8,16.90,101.88,528881,52.89%
big_files/enwik6,binary,524288,16384,256,16,15,15,15,15,15,14,8,16.14,104.13,484657,48.47%
big_files/enwik6,binary,524288,16384,256,128,15,15,15,15,15,14,8,15.78,118.18,443432,44.34%
big_files/enwik6,binary,524288,16384,256,1024,15,15,15,15,15,14,8,15.81,119.94,440332,44.03%
big_files/enwik6,binary,524288,16384,256,999999999,15,15,15,15,15,14,8,15.52,120.06,440332,44.03%
big_files/enwik6,binary,524288,16384,258,1,6,6,6,6,6,14,8,16.98,92.72,696175,69.62%
big_files/enwik6,binary,524288,16384,258,4,6,6,6,6,6,14,8,17.56,84.33,686384,68.64%
big_files/enwik6,binary,524288,16384,258,16,6,6,6,6,6,14,8,15.72,103.24,611439,61.14%
big_files/enwik6,binary,524288,16384,258,128,6,6,6,6,6,14,8,14.68,110.30,540740,54.07%
big_files/enwik6,binary,524288,16384,258,1024,6,6,6,6,6,14,8,14.74,108.68,535448,53.54%
big_files/enwik6,binary,524288,16384,258,999999999,6,6,6,6,6,14,8,15.21,102.30,535448,53.54%
big_files/enwik6,binary,524288,16384,258,1,6,6,6,6,12,14,8,18.56,92.71,690959,69.10%
big_files/enwik6,binary,524288,16384,258,4,6,6,6,6,12,14,8,18.02,101.27,682064,68.21%
big_files/enwik6,binary,524288,16384,258,16,6,6,6,6,12,14,8,15.96,102.80,606683,60.67%
big_files/enwik6,binary,524288,16384,258,128,6,6,6,6,12,14,8,14.48,103.57,534917,53.49%
big_files/enwik6,binary,524288,16384,258,1024,6,6,6,6,12,14,8,15.40,109.38,529510,52.95%
big_files/enwik6,binary,524288,16384,258,999999999,6,6,6,6,12,14,8,15.73,110.42,529510,52.95%
big_files/enwik6,binary,524288,16384,258,1,6,6,6,6,15,14,8,17.66,94.56,691269,69.13%
big_files/enwik6,binary,524288,16384,258,4,6,6,6,6,15,14,8,17.57,95.51,681397,68.14%
big_files/enwik6,binary,524288,16384,258,16,6,6,6,6,15,14,8,16.25,106.07,605299,60.53%
big_files/enwik6,binary,524288,16384,258,128,6,6,6,6,15,14,8,15.12,111.32,533466,53.35%
big_files/enwik6,binary,524288,16384,258,1024,6,6,6,6,15,14,8,15.57,113.02,528010,52.80%
big_files/enwik6,binary,524288,16384,258,999999999,6,6,6,6,15,14,8,16.23,114.77,528010,52.80%
big_files/enwik6,binary,524288,16384,258,1,6,6,6,12,12,14,8,18.61,95.71,682632,68.26%
big_files/enwik6,binary,524288,16384,258,4,6,6,6,12,12,14,8,16.59,96.37,674740,67.47%
big_files/enwik6,binary,524288,16384,258,16,6,6,6,12,12,14,8,15.27,100.67,599867,59.99%
big_files/enwik6,binary,524288,16384,258,128,6,6,6,12,12,14,8,15.19,107.22,526541,52.65%
big_files/enwik6,binary,524288,16384,258,1024,6,6,6,12,12,14,8,15.86,118.13,520933,52.09%
big_files/enwik6,binary,524288,16384,258,999999999,6,6,6,12,12,14,8,14.89,109.98,520933,52.09%
big_files/enwik6,binary,524288,16384,258,1,6,6,6,12,15,14,8,18.08,96.27,682941,68.29%
big_files/enwik6,binary,524288,16384,258,4,6,6,6,12,15,14,8,17.21,98.14,674074,67.41%
big_files/enwik6,binary,524288,16384,258,16,6,6,6,12,15,14,8,16.34,103.84,598483,59.85%
big_files/enwik6,binary,524288,16384,258,128,6,6,6,12,15,14,8,15.22,112.47,525090,52.51%
big_files/enwik6,binary,524288,16384,258,1024,6,6,6,12,15,14,8,15.07,113.10,519432,51.94%
big_files/enwik6,binary,524288,16384,258,999999999,6,6,6,12,15,14,8,15.75,113.78,519432,51.94%
big_files/enwik6,binary,524288,16384,258,1,6,6,6,15,15,14,8,18.34,100.87,683105,68.31%
big_files/enwik6,binary,524288,16384,258,4,6,6,6,15,15,14,8,17.16,93.32,672438,67.24%
big_files/enwik6,binary,524288,16384,258,16,6,6,6,15,15,14,8,16.72,104.44,595823,59.58%
big_files/enwik6,binary,524288,16384,258,128,6,6,6,15,15,14,8,15.60,110.74,523129,52.31%
big_files/enwik6,binary,524288,16384,258,1024,6,6,6,15,15,14,8,15.85,108.24,517491,51.75%
big_files/enwik6,binary,524288,16384,258,999999999,6,6,6,15,15,14,8,14.97,115.56,517491,51.75%
big_files/enwik6,binary,524288,16384,258,1,6,6,12,12,12,14,8,17.96,98.52,669813,66.98%
big_files/enwik6,binary,524288,16384,258,4,6,6,12,12,12,14,8,16.87,96.45,663722,66.37%
big_files/enwik6,binary,524288,16384,258,16,6,6,12,12,12,14,8,17.08,107.77,589731,58.97%
big_files/enwik6,binary,524288,16384,258,128,6,6,12,12,12,14,8,16.23,110.51,515041,51.50%
big_files/enwik6,binary,524288,16384,258,1024,6,6,12,12,12,14,8,15.86,118.33,509134,50.91%
big_files/enwik6,binary,524288,16384,258,999999999,6,6,12,12,12,14,8,15.88,118.01,509134,50.91%
big_files/enwik6,binary,524288,16384,258,1,6,6,12,12,15,14,8,17.97,95.41,670122,67.01%
big_files/enwik6,binary,524288,16384,258,4,6,6,12,12,15,14,8,17.29,98.07,663056,66.31%
big_files/enwik6,binary,524288,16384,258,16,6,6,12,12,15,14,8,16.26,101.04,588348,58.83%
big_files/enwik6,binary,524288,16384,258,128,6,6,12,12,15,14,8,16.26,122.78,513591,51.36%
big_files/enwik6,binary,524288,16384,258,1024,6,6,12,12,15,14,8,15.90,125.16,507633,50.76%
big_files/enwik6,binary,524288,16384,258,999999999,6,6,12,12,15,14,8,16.46,128.29,507633,50.76%
big_files/enwik6,binary,524288,16384,258,1,6,6,12,15,15,14,8,18.14,98.63,670286,67.03%
big_files/enwik6,binary,524288,16384,258,4,6,6,12,15,15,14,8,17.70,96.07,661420,66.14%
big_files/enwik6,binary,524288,16384,258,16,6,6,12,15,15,14,8,16.88,108.58,585688,58.57%
big_files/enwik6,binary,524288,16384,258,128,6,6,12,15,15,14,8,15.68,108.75,511630,51.16%
big_files/enwik6,binary,524288,16384,258,1024,6,6,12,15,15,14,8,16.03,118.07,505692,50.57%
big_files/enwik6,binary,524288,16384,258,999999999,6,6,12,15,15,14,8,14.76,125.14,505692,50.57%
big_files/enwik6,binary,524288,16384,258,1,6,6,15,15,15,14,8,17.83,93.40,670177,67.02%
big_files/enwik6,binary,524288,16384,258,4,6,6,15,15,15,14,8,18.06,99.86,658263,65.83%
big_files/enwik6,binary,524288,16384,258,16,6,6,15,15,15,14,8,16.26,108.78,581430,58.14%
big_files/enwik6,binary,524288,16384,258,128,6,6,15,15,15,14,8,15.49,120.14,507971,50.80%
big_files/enwik6,binary,524288,16384,258,1024,6,6,15,15,15,14,8,16.15,114.22,502243,50.22%
big_files/enwik6,binary,524288,16384,258,999999999,6,6,15,15,15,14,8,14.72,109.58,502243,50.22%
big_files/enwik6,binary,524288,16384,258,1,6,12,12,12,12,14,8,18.16,94.19,637986,63.80%
big_files/enwik6,binary,524288,16384,258,4,6,12,12,12,12,14,8,17.51,100.57,637286,63.73%
big_files/enwik6,binary,524288,16384,258,16,6,12,12,12,12,14,8,16.62,105.09,568082,56.81%
big_files/enwik6,binary,524288,16384,258,128,6,12,12,12,12,14,8,16.09,117.63,495858,49.59%
big_files/enwik6,binary,524288,16384,258,1024,6,12,12,12,12,14,8,15.23,121.30,489901,48.99%
big_files/enwik6,binary,524288,16384,258,999999999,6,12,12,12,12,14,8,13.26,116.11,489901,48.99%
big_files/enwik6,binary,524288,16384,258,1,6,12,12,12,15,14,8,18.30,99.18,638296,63.83%
big_files/enwik6,binary,524288,16384,258,4,6,12,12,12,15,14,8,16.94,98.10,636620,63.66%
big_files/enwik6,binary,524288,16384,258,16,6,12,12,12,15,14,8,15.60,99.46,566698,56.67%
big_files/enwik6,binary,524288,16384,258,128,6,12,12,12,15,14,8,15.72,118.69,494408,49.44%
big_files/enwik6,binary,524288,16384,258,1024,6,12,12,12,15,14,8,15.25,103.30,488402,48.84%
big_files/enwik6,binary,524288,16384,258,999999999,6,12,12,12,15,14,8,15.89,124.10,488402,48.84%
big_files/enwik6,binary,524288,16384,258,1,6,12,12,15,15,14,8,17.79,90.41,638459,63.85%
big_files/enwik6,binary,524288,16384,258,4,6,12,12,15,15,14,8,16.46,97.13,634985,63.50%
big_files/enwik6,binary,524288,16384,258,16,6,12,12,15,15,14,8,16.67,101.57,564038,56.40%
big_files/enwik6,binary,524288,16384,258,128,6,12,12,15,15,14,8,14.69,94.96,492447,49.24%
big_files/enwik6,binary,524288,16384,258,1024,6,12,12,15,15,14,8,15.26,116.52,486460,48.65%
big_files/enwik6,binary,524288,16384,258,999999999,6,12,12,15,15,14,8,14.70,112.26,486460,48.65%
big_files/enwik6,binary,524288,16384,258,1,6,12,15,15,15,14,8,16.87,90.52,638351,63.84%
big_files/enwik6,binary,524288,16384,258,4,6,12,15,15,15,14,8,17.84,98.28,631827,63.18%
big_files/enwik6,binary,524288,16384,258,16,6,12,15,15,15,14,8,16.86,106.52,559780,55.98%
big_files/enwik6,binary,524288,16384,258,128,6,12,15,15,15,14,8,15.34,110.65,488787,48.88%
big_files/enwik6,binary,524288,16384,258,1024,6,12,15,15,15,14,8,14.99,99.07,483012,48.30%
big_files/enwik6,binary,524288,16384,258,999999999,6,12,15,15,15,14,8,15.50,113.86,483012,48.30%
big_files/enwik6,binary,524288,16384,258,1,6,15,15,15,15,14,8,16.84,93.05,636714,63.67%
big_files/enwik6,binary,524288,16384,258,4,6,15,15,15,15,14,8,16.13,98.48,623213,62.32%
big_files/enwik6,binary,524288,16384,258,16,6,15,15,15,15,14,8,16.54,109.60,549611,54.96%
big_files/enwik6,binary,524288,16384,258,128,6,15,15,15,15,14,8,16.28,110.82,481559,48.16%
big_files/enwik6,binary,524288,16384,258,1024,6,15,15,15,15,14,8,14.31,109.78,476784,47.68%
big_files/enwik6,binary,524288,16384,258,999999999,6,15,15,15,15,14,8,15.77,110.36,476784,47.68%
big_files/enwik6,binary,524288,16384,258,1,12,12,12,12,12,14,8,17.23,93.86,550980,55.10%
big_files/enwik6,binary,524288,16384,258,4,12,12,12,12,12,14,8,16.47,87.77,573257,57.33%
big_files/enwik6,binary,524288,16384,258,16,12,12,12,12,12,14,8,16.03,103.38,527393,52.74%
big_files/enwik6,binary,524288,16384,258,128,12,12,12,12,12,14,8,14.89,118.90,464319,46.43%
big_files/enwik6,binary,524288,16384,258,1024,12,12,12,12,12,14,8,15.40,101.67,458641,45.86%
big_files/enwik6,binary,524288,16384,258,999999999,12,12,12,12,12,14,8,15.44,118.70,458641,45.86%
big_files/enwik6,binary,524288,16384,258,1,12,12,12,12,15,14,8,17.94,96.52,551290,55.13%
big_files/enwik6,binary,524288,16384,258,4,12,12,12,12,15,14,8,17.73,97.76,572590,57.26%
big_files/enwik6,binary,524288,16384,258,16,12,12,12,12,15,14,8,16.74,110.29,526010,52.60%
big_files/enwik6,binary,524288,16384,258,128,12,12,12,12,15,14,8,14.55,109.63,462868,46.29%
big_files/enwik6,binary,524288,16384,258,1024,12,12,12,12,15,14,8,15.45,108.08,457141,45.71%
big_files/enwik6,binary,524288,16384,258,999999999,12,12,12,12,15,14,8,15.55,110.12,457141,45.71%
big_files/enwik6,binary,524288,16384,258,1,12,12,12,15,15,14,8,17.49,91.16,551453,55.15%
big_files/enwik6,binary,524288,16384,258,4,12,12,12,15,15,14,8,17.77,94.10,570955,57.10%
big_files/enwik6,binary,524288,16384,258,16,12,12,12,15,15,14,8,15.82,103.66,523350,52.33%
big_files/enwik6,binary,524288,16384,258,128,12,12,12,15,15,14,8,15.82,122.07,460907,46.09%
big_files/enwik6,binary,524288,16384,258,1024,12,12,12,15,15,14,8,15.02,114.72,455200,45.52%
big_files/enwik6,binary,524288,16384,258,999999999,12,12,12,15,15,14,8,15.02,118.03,455200,45.52%
big_files/enwik6,binary,524288,16384,258,1,12,12,15,15,15,14,8,17.33,98.65,551345,55.13%
big_files/enwik6,binary,524288,16384,258,4,12,12,15,15,15,14,8,16.79,103.19,567798,56.78%
big_files/enwik6,binary,524288,16384,258,16,12,12,15,15,15,14,8,15.92,108.74,519092,51.91%
big_files/enwik6,binary,524288,16384,258,128,12,12,15,15,15,14,8,16.25,124.08,457248,45.72%
big_files/enwik6,binary,524288,16384,258,1024,12,12,15,15,15,14,8,15.09,111.01,451751,45.18%
big_files/enwik6,binary,524288,16384,258,999999999,12,12,15,15,15,14,8,15.62,124.95,451751,45.18%
big_files/enwik6,binary,524288,16384,258,1,12,15,15,15,15,14,8,18.12,94.28,549707,54.97%
big_files/enwik6,binary,524288,16384,258,4,12,15,15,15,15,14,8,16.51,92.85,559184,55.92%
big_files/enwik6,binary,524288,16384,258,16,12,15,15,15,15,14,8,15.52,100.46,508922,50.89%
big_files/enwik6,binary,524288,16384,258,128,12,15,15,15,15,14,8,15.26,109.92,450019,45.00%
big_files/enwik6,binary,524288,16384,258,1024,12,15,15,15,15,14,8,14.87,119.98,445523,44.55%
big_files/enwik6,binary,524288,16384,258,999999999,12,15,15,15,15,14,8,15.03,107.69,445523,44.55%
big_files/enwik6,binary,524288,16384,258,1,15,15,15,15,15,14,8,17.80,101.32,537015,53.70%
big_files/enwik6,binary,524288,16384,258,4,15,15,15,15,15,14,8,18.16,96.76,528873,52.89%
big_files/enwik6,binary,524288,16384,258,16,15,15,15,15,15,14,8,15.64,100.35,484661,48.47%
big_files/enwik6,binary,524288,16384,258,128,15,15,15,15,15,14,8,15.36,114.78,443430,44.34%
big_files/enwik6,binary,524288,16384,258,1024,15,15,15,15,15,14,8,15.11,108.17,440332,44.03%
big_files/enwik6,binary,524288,16384,258,999999999,15,15,15,15,15,14,8,15.42,114.31,440332,44.03%
big_files/enwik6,binary,524288,32768,4,1,6,6,6,6,6,15,1,17.87,87.98,717673,71.77%
big_files/enwik6,binary,524288,32768,4,4,6,6,6,6,6,15,1,17.31,97.28,725328,72.53%
big_files/enwik6,binary,524288,32768,4,16,6,6,6,6,6,15,1,15.72,90.53,702266,70.23%
big_files/enwik6,binary,524288,32768,4,128,6,6,6,6,6,15,1,11.59,106.34,651051,65.11%
big_files/enwik6,binary,524288,32768,4,1024,6,6,6,6,6,15,1,10.73,97.80,635200,63.52%
big_files/enwik6,binary,524288,32768,4,999999999,6,6,6,6,6,15,1,10.49,96.40,634079,63.41%
big_files/enwik6,binary,524288,32768,4,1,6,6,6,6,12,15,1,18.56,100.99,717673,71.77%
big_files/enwik6,binary,524288,32768,4,4,6,6,6,6,12,15,1,17.49,94.07,725328,72.53%
big_files/enwik6,binary,524288,32768,4,16,6,6,6,6,12,15,1,15.12,90.10,702266,70.23%
big_files/enwik6,binary,524288,32768,4,128,6,6,6,6,12,15,1,11.32,99.69,651051,65.11%
big_files/enwik6,binary,524288,32768,4,1024,6,6,6,6,12,15,1,10.52,100.37,635200,63.52%
big_files/enwik6,binary,524288,32768,4,999999999,6,6,6,6,12,15,1,10.65,105.41,634079,63.41%
big_files/enwik6,binary,524288,32768,4,1,6,6,6,6,15,15,1,18.96,97.59,717673,71.77%
big_files/enwik6,binary,524288,32768,4,4,6,6,6,6,15,15,1,17.60,97.00,725328,72.53%
big_files/enwik6,binary,524288,32768,4,16,6,6,6,6,15,15,1,15.60,91.30,702266,70.23%
big_files/enwik6,binary,524288,32768,4,128,6,6,6,6,15,15,1,11.83,113.40,651051,65.11%
big_files/enwik6,binary,524288,32768,4,1024,6,6,6,6,15,15,1,10.32,103.76,635200,63.52%
big_files/enwik6,binary,524288,32768,4,999999999,6,6,6,6,15,15,1,10.65,105.50,634079,63.41%
big_files/enwik6,binary,524288,32768,4,1,6,6,6,12,12,15,1,18.30,90.00,717673,71.77%
big_files/enwik6,binary,524288,32768,4,4,6,6,6,12,12,15,1,16.56,90.06,725328,72.53%
big_files/enwik6,binary,524288,32768,4,16,6,6,6,12,12,15,1,15.12,82.15,702266,70.23%
big_files/enwik6,binary,524288,32768,4,128,6,6,6,12,12,15,1,11.52,106.70,651051,65.11%
big_files/enwik6,binary,524288,32768,4,1024,6,6,6,12,12,15,1,10.61,106.94,635200,63.52%
big_files/enwik6,binary,524288,32768,4,999999999,6,6,6,12,12,15,1,9.96,101.58,634079,63.41%
big_files/enwik6,binary,524288,32768,4,1,6,6,6,12,15,15,1,18.23,100.09,717673,71.77%
big_files/enwik6,binary,524288,32768,4,4,6,6,6,12,15,15,1,17.00,96.73,725328,72.53%
big_files/enwik6,binary,524288,32768,4,16,6,6,6,12,15,15,1,15.21,95.60,702266,70.23%
big_files/enwik6,binary,524288,32768,4,128,6,6,6,12,15,15,1,11.50,96.78,651051,65.11%
big_files/enwik6,binary,524288,32768,4,1024,6,6,6,12,15,15,1,10.88,109.97,635200,63.52%
big_files/enwik6,binary,524288,32768,4,999999999,6,6,6,12,15,15,1,10.31,102.80,634079,63.41%
big_files/enwik6,binary,524288,32768,4,1,6,6,6,15,15,15,1,17.95,96.44,717673,71.77%
big_files/enwik6,binary,524288,32768,4,4,6,6,6,15,15,15,1,17.03,99.86,725328,72.53%
big_files/enwik6,binary,524288,32768,4,16,6,6,6,15,15,15,1,14.99,97.29,702266,70.23%
big_files/enwik6,binary,524288,32768,4,128,6,6,6,15,15,15,1,11.23,103.18,651051,65.11%
big_files/enwik6,binary,524288,32768,4,1024,6,6,6,15,15,15,1,10.33,107.32,635200,63.52%
big_files/enwik6,binary,524288,32768,4,999999999,6,6,6,15,15,15,1,10.21,102.48,634079,63.41%
big_files/enwik6,binary,524288,32768,4,1,6,6,12,12,12,15,1,16.98,93.50,717673,71.77%
big_files/enwik6,binary,524288,32768,4,4,6,6,12,12,12,15,1,17.27,93.12,725328,72.53%
big_files/enwik6,binary,524288,32768,4,16,6,6,12,12,12,15,1,14.19,94.00,702266,70.23%
big_files/enwik6,binary,524288,32768,4,128,6,6,12,12,12,15,1,11.28,102.06,651051,65.11%
big_files/enwik6,binary,524288,32768,4,1024,6,6,12,12,12,15,1,10.49,105.54,635200,63.52%
big_files/enwik6,binary,524288,32768,4,999999999,6,6,12,12,12,15,1,10.18,100.55,634079,63.41%
big_files/enwik6,binary,524288,32768,4,1,6,6,12,12,15,15,1,17.94,98.95,717673,71.77%
big_files/enwik6,binary,524288,32768,4,4,6,6,12,12,15,15,1,15.96,96.84,725328,72.53%
big_files/enwik6,binary,524288,32768,4,16,6,6,12,12,15,15,1,15.64,98.75,702266,70.23%
big_files/enwik6,binary,524288,32768,4,128,6,6,12,12,15,15,1,11.66,95.16,651051,65.11%
big_files/enwik6,binary,524288,32768,4,1024,6,6,12,12,15,15,1,10.90,106.92,635200,63.52%
big_files/enwik6,binary,524288,32768,4,999999999,6,6,12,12,15,15,1,10.56,110.26,634079,63.41%
big_files/enwik6,binary,524288,32768,4,1,6,6,12,15,15,15,1,18.68,98.04,717673,71.77%
big_files/enwik6,binary,524288,32768,4,4,6,6,12,15,15,15,1,18.12,92.31,725328,72.53%
big_files/enwik6,binary,524288,32768,4,16,6,6,12,15,15,15,1,15.24,92.33,702266,70.23%
big_files/enwik6,binary,524288,32768,4,128,6,6,12,15,15,15,1,12.01,103.71,651051,65.11%
big_files/enwik6,binary,524288,32768,4,1024,6,6,12,15,15,15,1,10.87,105.11,635200,63.52%
big_files/enwik6,binary,524288,32768,4,999999999,6,6,12,15,15,15,1,10.67,97.41,634079,63.41%
big_files/enwik6,binary,524288,32768,4,1,6,6,15,15,15,15,1,18.61,96.41,717673,71.77%
big_files/enwik6,binary,524288,32768,4,4,6,6,15,15,15,15,1,17.67,94.79,725328,72.53%
big_files/enwik6,binary,524288,32768,4,16,6,6,15,15,15,15,1,15.94,105.54,702266,70.23%
big_files/enwik6,binary,524288,32768,4,128,6,6,15,15,15,15,1,11.41,101.75,651051,65.11%
big_files/enwik6,binary,524288,32768,4,1024,6,6,15,15,15,15,1,10.78,106.56,635200,63.52%
big_files/enwik6,binary,524288,32768,4,999999999,6,6,15,15,15,15,1,10.13,102.10,634079,63.41%
big_files/enwik6,binary,524288,32768,4,1,6,12,12,12,12,15,1,17.91,86.77,667547,66.75%
big_files/enwik6,binary,524288,32768,4,4,6,12,12,12,12,15,1,16.33,79.83,683582,68.36%
big_files/enwik6,binary,524288,32768,4,16,6,12,12,12,12,15,1,13.77,93.44,663712,66.37%
big_files/enwik6,binary,524288,32768,4,128,6,12,12,12,12,15,1,11.49,107.61,601339,60.13%
big_files/enwik6,binary,524288,32768,4,1024,6,12,12,12,12,15,1,10.64,110.87,583335,58.33%
big_files/enwik6,binary,524288,32768,4,999999999,6,12,12,12,12,15,1,10.68,113.09,582738,58.27%
big_files/enwik6,binary,524288,32768,4,1,6,12,12,12,15,15,1,18.18,90.64,667547,66.75%
big_files/enwik6,binary,524288,32768,4,4,6,12,12,12,15,15,1,17.15,87.65,683582,68.36%
big_files/enwik6,binary,524288,32768,4,16,6,12,12,12,15,15,1,14.61,80.30,663712,66.37%
big_files/enwik6,binary,524288,32768,4,128,6,12,12,12,15,15,1,11.82,103.37,601339,60.13%
big_files/enwik6,binary,524288,32768,4,1024,6,12,12,12,15,15,1,10.99,100.06,583335,58.33%
big_files/enwik6,binary,524288,32768,4,999999999,6,12,12,12,15,15,1,10.55,111.19,582738,58.27%
big_files/enwik6,binary,524288,32768,4,1,6,12,12,15,15,15,1,17.91,98.49,667547,66.75%
big_files/enwik6,binary,524288,32768,4,4,6,12,12,15,15,15,1,17.00,96.00,683582,68.36%
big_files/enwik6,binary,524288,32768,4,16,6,12,12,15,15,15,1,14.96,93.01,663712,66.37%
big_files/enwik6,binary,524288,32768,4,128,6,12,12,15,15,15,1,11.68,106.60,601339,60.13%
big_files/enwik6,binary,524288,32768,4,1024,6,12,12,15,15,15,1,10.76,114.99,583335,58.33%
big_files/enwik6,binary,524288,32768,4,999999999,6,12,12,15,15,15,1,10.17,101.85,582738,58.27%
big_files/enwik6,binary,524288,32768,4,1,6,12,15,15,15,15,1,18.04,97.01,667547,66.75%
big_files/enwik6,binary,524288,32768,4,4,6,12,15,15,15,15,1,17.53,94.62,683582,68.36%
big_files/enwik6,binary,524288,32768,4,16,6,12,15,15,15,15,1,14.87,89.35,663712,66.37%
big_files/enwik6,binary,524288,32768,4,128,6,12,15,15,15,15,1,11.65,102.18,601339,60.13%
big_files/enwik6,binary,524288,32768,4,1024,6,12,15,15,15,15,1,10.53,101.71,583335,58.33%
big_files/enwik6,binary,524288,32768,4,999999999,6,12,15,15,15,15,1,10.70,113.43,582738,58.27%
big_files/enwik6,binary,524288,32768,4,1,6,15,15,15,15,15,1,17.14,88.45,695410,69.54%
big_files/enwik6,binary,524288,32768,4,4,6,15,15,15,15,15,1,16.98,95.57,698729,69.87%
big_files/enwik6,binary,524288,32768,4,16,6,15,15,15,15,15,1,14.95,97.76,676734,67.67%
big_files/enwik6,binary,524288,32768,4,128,6,15,15,15,15,15,1,11.57,112.81,632691,63.27%
big_files/enwik6,binary,524288,32768,4,1024,6,15,15,15,15,15,1,10.29,110.79,623066,62.31%
big_files/enwik6,binary,524288,32768,4,999999999,6,15,15,15,15,15,1,9.98,103.70,622784,62.28%
big_files/enwik6,binary,524288,32768,4,1,12,12,12,12,12,15,1,16.83,91.55,621568,62.16%
big_files/enwik6,binary,524288,32768,4,4,12,12,12,12,12,15,1,17.02,87.95,649034,64.90%
big_files/enwik6,binary,524288,32768,4,16,12,12,12,12,12,15,1,15.21,90.52,644482,64.45%
big_files/enwik6,binary,524288,32768,4,128,12,12,12,12,12,15,1,11.29,104.33,589074,58.91%
big_files/enwik6,binary,524288,32768,4,1024,12,12,12,12,12,15,1,10.45,102.18,571609,57.16%
big_files/enwik6,binary,524288,32768,4,999999999,12,12,12,12,12,15,1,10.46,99.12,571005,57.10%
big_files/enwik6,binary,524288,32768,4,1,12,12,12,12,15,15,1,18.52,87.67,621568,62.16%
big_files/enwik6,binary,524288,32768,4,4,12,12,12,12,15,15,1,17.70,91.51,649034,64.90%
big_files/enwik6,binary,524288,32768,4,16,12,12,12,12,15,15,1,15.47,95.19,644482,64.45%
big_files/enwik6,binary,524288,32768,4,128,12,12,12,12,15,15,1,12.00,107.12,589074,58.91%
big_files/enwik6,binary,524288,32768,4,1024,12,12,12,12,15,15,1,10.40,99.82,571609,57.16%
big_files/enwik6,binary,524288,32768,4,999999999,12,12,12,12,15,15,1,10.62,110.23,571005,57.10%
big_files/enwik6,binary,524288,32768,4,1,12,12,12,15,15,15,1,18.41,89.36,621568,62.16%
big_files/enwik6,binary,524288,32768,4,4,12,12,12,15,15,15,1,16.78,91.10,649034,64.90%
big_files/enwik6,binary,524288,32768,4,16,12,12,12,15,15,15,1,14.50,92.76,644482,64.45%
big_files/enwik6,binary,524288,32768,4,128,12,12,12,15,15,15,1,11.09,107.11,589074,58.91%
big_files/enwik6,binary,524288,32768,4,1024,12,12,12,15,15,15,1,10.48,106.29,571609,57.16%
big_files/enwik6,binary,524288,32768,4,999999999,12,12,12,15,15,15,1,10.00,102.75,571005,57.10%
big_files/enwik6,binary,524288,32768,4,1,12,12,15,15,15,15,1,17.69,86.11,621568,62.16%
big_files/enwik6,binary,524288,32768,4,4,12,12,15,15,15,15,1,16.26,86.63,649034,64.90%
big_files/enwik6,binary,524288,32768,4,16,12,12,15,15,15,15,1,14.66,92.53,644482,64.45%
big_files/enwik6,binary,524288,32768,4,128,12,12,15,15,15,15,1,11.85,107.59,589074,58.91%
big_files/enwik6,binary,524288,32768,4,1024,12,12,15,15,15,15,1,10.61,112.20,571609,57.16%
big_files/enwik6,binary,524288,32768,4,999999999,12,12,15,15,15,15,1,10.37,112.09,571005,57.10%
big_files/enwik6,binary,524288,32768,4,1,12,15,15,15,15,15,1,17.15,97.08,649431,64.94%
big_files/enwik6,binary,524288,32768,4,4,12,15,15,15,15,15,1,17.04,89.44,664182,66.42%
big_files/enwik6,binary,524288,32768,4,16,12,15,15,15,15,15,1,15.35,100.05,657504,65.75%
big_files/enwik6,binary,524288,32768,4,128,12,15,15,15,15,15,1,11.30,112.68,620426,62.04%
big_files/enwik6,binary,524288,32768,4,1024,12,15,15,15,15,15,1,10.33,109.88,611340,61.13%
big_files/enwik6,binary,524288,32768,4,999999999,12,15,15,15,15,15,1,10.61,98.98,611052,61.11%
big_files/enwik6,binary,524288,32768,4,1,15,15,15,15,15,15,1,17.76,89.59,667781,66.78%
big_files/enwik6,binary,524288,32768,4,4,15,15,15,15,15,15,1,17.49,95.29,667563,66.76%
big_files/enwik6,binary,524288,32768,4,16,15,15,15,15,15,15,1,15.26,88.95,652364,65.24%
big_files/enwik6,binary,524288,32768,4,128,15,15,15,15,15,15,1,11.97,109.84,622630,62.26%
big_files/enwik6,binary,524288,32768,4,1024,15,15,15,15,15,15,1,10.47,115.48,616046,61.60%
big_files/enwik6,binary,524288,32768,4,999999999,15,15,15,15,15,15,1,10.11,107.72,615851,61.59%
big_files/enwik6,binary,524288,32768,8,1,6,6,6,6,6,15,3,19.53,105.19,652362,65.24%
big_files/enwik6,binary,524288,32768,8,4,6,6,6,6,6,15,3,16.47,100.77,658167,65.82%
big_files/enwik6,binary,524288,32768,8,16,6,6,6,6,6,15,3,16.08,98.76,607905,60.79%
big_files/enwik6,binary,524288,32768,8,128,6,6,6,6,6,15,3,12.76,117.88,527974,52.80%
big_files/enwik6,binary,524288,32768,8,1024,6,6,6,6,6,15,3,12.55,118.35,510668,51.07%
big_files/enwik6,binary,524288,32768,8,999999999,6,6,6,6,6,15,3,12.96,122.80,509951,51.00%
big_files/enwik6,binary,524288,32768,8,1,6,6,6,6,12,15,3,18.16,96.57,649021,64.90%
big_files/enwik6,binary,524288,32768,8,4,6,6,6,6,12,15,3,15.50,104.43,655488,65.55%
big_files/enwik6,binary,524288,32768,8,16,6,6,6,6,12,15,3,16.13,104.84,605292,60.53%
big_files/enwik6,binary,524288,32768,8,128,6,6,6,6,12,15,3,12.18,115.82,524761,52.48%
big_files/enwik6,binary,524288,32768,8,1024,6,6,6,6,12,15,3,11.26,111.48,507094,50.71%
big_files/enwik6,binary,524288,32768,8,999999999,6,6,6,6,12,15,3,11.56,118.13,506357,50.64%
big_files/enwik6,binary,524288,32768,8,1,6,6,6,6,15,15,3,17.51,100.07,650242,65.02%
big_files/enwik6,binary,524288,32768,8,4,6,6,6,6,15,15,3,17.07,104.52,655833,65.58%
big_files/enwik6,binary,524288,32768,8,16,6,6,6,6,15,15,3,15.37,97.38,605248,60.52%
big_files/enwik6,binary,524288,32768,8,128,6,6,6,6,15,15,3,13.61,104.64,524529,52.45%
big_files/enwik6,binary,524288,32768,8,1024,6,6,6,6,15,15,3,11.92,116.94,507012,50.70%
big_files/enwik6,binary,524288,32768,8,999999999,6,6,6,6,15,15,3,11.95,121.43,506284,50.63%
big_files/enwik6,binary,524288,32768,8,1,6,6,6,12,12,15,3,16.84,101.68,644090,64.41%
big_files/enwik6,binary,524288,32768,8,4,6,6,6,12,12,15,3,17.50,98.19,650854,65.09%
big_files/enwik6,binary,524288,32768,8,16,6,6,6,12,12,15,3,15.87,106.90,601633,60.16%
big_files/enwik6,binary,524288,32768,8,128,6,6,6,12,12,15,3,13.12,112.04,520438,52.04%
big_files/enwik6,binary,524288,32768,8,1024,6,6,6,12,12,15,3,12.37,121.79,502465,50.25%
big_files/enwik6,binary,524288,32768,8,999999999,6,6,6,12,12,15,3,12.22,115.43,501724,50.17%
big_files/enwik6,binary,524288,32768,8,1,6,6,6,12,15,15,3,18.42,102.05,645311,64.53%
big_files/enwik6,binary,524288,32768,8,4,6,6,6,12,15,15,3,17.13,96.14,651198,65.12%
big_files/enwik6,binary,524288,32768,8,16,6,6,6,12,15,15,3,16.63,108.91,601589,60.16%
big_files/enwik6,binary,524288,32768,8,128,6,6,6,12,15,15,3,12.73,119.96,520205,52.02%
big_files/enwik6,binary,524288,32768,8,1024,6,6,6,12,15,15,3,11.70,122.60,502383,50.24%
big_files/enwik6,binary,524288,32768,8,999999999,6,6,6,12,15,15,3,12.24,127.85,501653,50.17%
big_files/enwik6,binary,524288,32768,8,1,6,6,6,15,15,15,3,17.44,96.94,647086,64.71%
big_files/enwik6,binary,524288,32768,8,4,6,6,6,15,15,15,3,16.42,101.67,651569,65.16%
big_files/enwik6,binary,524288,32768,8,16,6,6,6,15,15,15,3,15.01,85.86,600857,60.09%
big_files/enwik6,binary,524288,32768,8,128,6,6,6,15,15,15,3,13.03,127.22,519972,52.00%
big_files/enwik6,binary,524288,32768,8,1024,6,6,6,15,15,15,3,12.64,122.99,502271,50.23%
big_files/enwik6,binary,524288,32768,8,999999999,6,6,6,15,15,15,3,12.28,113.26,501552,50.16%
big_files/enwik6,binary,524288,32768,8,1,6,6,12,12,12,15,3,18.24,98.56,636305,63.63%
big_files/enwik6,binary,524288,32768,8,4,6,6,12,12,12,15,3,17.14,94.53,644424,64.44%
big_files/enwik6,binary,524288,32768,8,16,6,6,12,12,12,15,3,15.50,87.89,596438,59.64%
big_files/enwik6,binary,524288,32768,8,128,6,6,12,12,12,15,3,13.13,113.97,514561,51.46%
big_files/enwik6,binary,524288,32768,8,1024,6,6,12,12,12,15,3,11.67,114.78,496344,49.63%
big_files/enwik6,binary,524288,32768,8,999999999,6,6,12,12,12,15,3,11.92,125.04,495607,49.56%
big_files/enwik6,binary,524288,32768,8,1,6,6,12,12,15,15,3,19.08,86.79,637526,63.75%
big_files/enwik6,binary,524288,32768,8,4,6,6,12,12,15,15,3,16.15,94.84,644768,64.48%
big_files/enwik6,binary,524288,32768,8,16,6,6,12,12,15,15,3,15.21,101.72,596393,59.64%
big_files/enwik6,binary,524288,32768,8,128,6,6,12,12,15,15,3,12.99,119.84,514327,51.43%
big_files/enwik6,binary,524288,32768,8,1024,6,6,12,12,15,15,3,12.54,119.77,496261,49.63%
big_files/enwik6,binary,524288,32768,8,999999999,6,6,12,12,15,15,3,12.60,114.78,495535,49.55%
big_files/enwik6,binary,524288,32768,8,1,6,6,12,15,15,15,3,18.26,89.11,639302,63.93%
big_files/enwik6,binary,524288,32768,8,4,6,6,12,15,15,15,3,16.80,97.70,645139,64.51%
big_files/enwik6,binary,524288,32768,8,16,6,6,12,15,15,15,3,15.76,98.51,595661,59.57%
big_files/enwik6,binary,524288,32768,8,128,6,6,12,15,15,15,3,13.21,117.55,514094,51.41%
big_files/enwik6,binary,524288,32768,8,1024,6,6,12,15,15,15,3,12.35,121.43,496149,49.61%
big_files/enwik6,binary,524288,32768,8,999999999,6,6,12,15,15,15,3,11.74,116.11,495435,49.54%
big_files/enwik6,binary,524288,32768,8,1,6,6,15,15,15,15,3,18.56,93.27,641574,64.16%
big_files/enwik6,binary,524288,32768,8,4,6,6,15,15,15,15,3,17.27,95.89,645144,64.51%
big_files/enwik6,binary,524288,32768,8,16,6,6,15,15,15,15,3,15.01,105.35,594142,59.41%
big_files/enwik6,binary,524288,32768,8,128,6,6,15,15,15,15,3,12.43,107.04,512994,51.30%
big_files/enwik6,binary,524288,32768,8,1024,6,6,15,15,15,15,3,12.03,112.49,495359,49.54%
big_files/enwik6,binary,524288,32768,8,999999999,6,6,15,15,15,15,3,12.28,119.29,494679,49.47%
big_files/enwik6,binary,524288,32768,8,1,6,12,12,12,12,15,3,17.50,97.22,616182,61.62%
big_files/enwik6,binary,524288,32768,8,4,6,12,12,12,12,15,3,16.78,92.92,627797,62.78%
big_files/enwik6,binary,524288,32768,8,16,6,12,12,12,12,15,3,14.36,102.36,584234,58.42%
big_files/enwik6,binary,524288,32768,8,128,6,12,12,12,12,15,3,12.79,111.37,504806,50.48%
big_files/enwik6,binary,524288,32768,8,1024,6,12,12,12,12,15,3,12.83,121.60,486568,48.66%
big_files/enwik6,binary,524288,32768,8,999999999,6,12,12,12,12,15,3,12.24,123.32,485864,48.59%
big_files/enwik6,binary,524288,32768,8,1,6,12,12,12,15,15,3,18.72,93.71,617403,61.74%
big_files/enwik6,binary,524288,32768,8,4,6,12,12,12,15,15,3,17.15,105.71,628141,62.81%
big_files/enwik6,binary,524288,32768,8,16,6,12,12,12,15,15,3,15.98,113.37,584189,58.42%
big_files/enwik6,binary,524288,32768,8,128,6,12,12,12,15,15,3,12.19,120.99,504573,50.46%
big_files/enwik6,binary,524288,32768,8,1024,6,12,12,12,15,15,3,11.43,115.41,486486,48.65%
big_files/enwik6,binary,524288,32768,8,999999999,6,12,12,12,15,15,3,11.79,116.21,485793,48.58%
big_files/enwik6,binary,524288,32768,8,1,6,12,12,15,15,15,3,18.60,96.92,619178,61.92%
big_files/enwik6,binary,524288,32768,8,4,6,12,12,15,15,15,3,16.85,102.74,628512,62.85%
big_files/enwik6,binary,524288,32768,8,16,6,12,12,15,15,15,3,15.74,95.09,583457,58.35%
big_files/enwik6,binary,524288,32768,8,128,6,12,12,15,15,15,3,13.21,111.21,504339,50.43%
big_files/enwik6,binary,524288,32768,8,1024,6,12,12,15,15,15,3,12.12,121.88,486373,48.64%
big_files/enwik6,binary,524288,32768,8,999999999,6,12,12,15,15,15,3,11.40,114.35,485692,48.57%
big_files/enwik6,binary,524288,32768,8,1,6,12,15,15,15,15,3,17.77,100.82,621450,62.14%
big_files/enwik6,binary,524288,32768,8,4,6,12,15,15,15,15,3,18.04,94.55,628517,62.85%
big_files/enwik6,binary,524288,32768,8,16,6,12,15,15,15,15,3,14.78,106.81,581938,58.19%
big_files/enwik6,binary,524288,32768,8,128,6,12,15,15,15,15,3,13.23,110.79,503239,50.32%
big_files/enwik6,binary,524288,32768,8,1024,6,12,15,15,15,15,3,12.44,106.64,485584,48.56%
big_files/enwik6,binary,524288,32768,8,999999999,6,12,15,15,15,15,3,12.06,112.08,484937,48.49%
big_files/enwik6,binary,524288,32768,8,1,6,15,15,15,15,15,3,19.18,101.82,624454,62.45%
big_files/enwik6,binary,524288,32768,8,4,6,15,15,15,15,15,3,15.95,98.18,625648,62.56%
big_files/enwik6,binary,524288,32768,8,16,6,15,15,15,15,15,3,15.38,104.61,576068,57.61%
big_files/enwik6,binary,524288,32768,8,128,6,15,15,15,15,15,3,12.59,109.00,498826,49.88%
big_files/enwik6,binary,524288,32768,8,1024,6,15,15,15,15,15,3,12.10,112.56,482970,48.30%
big_files/enwik6,binary,524288,32768,8,999999999,6,15,15,15,15,15,3,12.02,112.20,482364,48.24%
big_files/enwik6,binary,524288,32768,8,1,12,12,12,12,12,15,3,18.05,97.08,561482,56.15%
big_files/enwik6,binary,524288,32768,8,4,12,12,12,12,12,15,3,16.86,94.64,588549,58.85%
big_files/enwik6,binary,524288,32768,8,16,12,12,12,12,12,15,3,16.07,103.04,562726,56.27%
big_files/enwik6,binary,524288,32768,8,128,12,12,12,12,12,15,3,13.40,101.68,490731,49.07%
big_files/enwik6,binary,524288,32768,8,1024,12,12,12,12,12,15,3,12.53,119.71,473070,47.31%
big_files/enwik6,binary,524288,32768,8,999999999,12,12,12,12,12,15,3,12.02,119.84,472369,47.24%
big_files/enwik6,binary,524288,32768,8,1,12,12,12,12,15,15,3,18.07,98.12,562703,56.27%
big_files/enwik6,binary,524288,32768,8,4,12,12,12,12,15,15,3,15.85,101.02,588893,58.89%
big_files/enwik6,binary,524288,32768,8,16,12,12,12,12,15,15,3,15.98,102.46,562682,56.27%
big_files/enwik6,binary,524288,32768,8,128,12,12,12,12,15,15,3,12.84,120.49,490498,49.05%
big_files/enwik6,binary,524288,32768,8,1024,12,12,12,12,15,15,3,12.58,121.97,472988,47.30%
big_files/enwik6,binary,524288,32768,8,999999999,12,12,12,12,15,15,3,11.57,116.93,472298,47.23%
big_files/enwik6,binary,524288,32768,8,1,12,12,12,15,15,15,3,17.66,94.32,564479,56.45%
big_files/enwik6,binary,524288,32768,8,4,12,12,12,15,15,15,3,16.83,93.98,589264,58.93%
big_files/enwik6,binary,524288,32768,8,16,12,12,12,15,15,15,3,16.02,101.65,561950,56.19%
big_files/enwik6,binary,524288,32768,8,128,12,12,12,15,15,15,3,12.50,109.42,490264,49.03%
big_files/enwik6,binary,524288,32768,8,1024,12,12,12,15,15,15,3,11.88,117.25,472876,47.29%
big_files/enwik6,binary,524288,32768,8,999999999,12,12,12,15,15,15,3,12.63,122.90,472197,47.22%
big_files/enwik6,binary,524288,32768,8,1,12,12,15,15,15,15,3,19.30,98.26,566751,56.68%
big_files/enwik6,binary,524288,32768,8,4,12,12,15,15,15,15,3,15.41,98.10,589269,58.93%
big_files/enwik6,binary,524288,32768,8,16,12,12,15,15,15,15,3,15.15,99.08,560430,56.04%
big_files/enwik6,binary,524288,32768,8,128,12,12,15,15,15,15,3,13.62,104.66,489164,48.92%
big_files/enwik6,binary,524288,32768,8,1024,12,12,15,15,15,15,3,12.22,110.35,472086,47.21%
big_files/enwik6,binary,524288,32768,8,999999999,12,12,15,15,15,15,3,12.25,121.60,471441,47.14%
big_files/enwik6,binary,524288,32768,8,1,12,15,15,15,15,15,3,19.12,95.24,569756,56.98%
big_files/enwik6,binary,524288,32768,8,4,12,15,15,15,15,15,3,18.38,98.03,586400,58.64%
big_files/enwik6,binary,524288,32768,8,16,12,15,15,15,15,15,3,16.07,95.75,554561,55.46%
big_files/enwik6,binary,524288,32768,8,128,12,15,15,15,15,15,3,12.78,116.08,484751,48.48%
big_files/enwik6,binary,524288,32768,8,1024,12,15,15,15,15,15,3,12.43,123.16,469472,46.95%
big_files/enwik6,binary,524288,32768,8,999999999,12,15,15,15,15,15,3,12.20,112.34,468869,46.89%
big_files/enwik6,binary,524288,32768,8,1,15,15,15,15,15,15,3,16.29,93.97,572296,57.23%
big_files/enwik6,binary,524288,32768,8,4,15,15,15,15,15,15,3,15.92,92.59,571898,57.19%
big_files/enwik6,binary,524288,32768,8,16,15,15,15,15,15,15,3,15.03,105.80,536307,53.63%
big_files/enwik6,binary,524288,32768,8,128,15,15,15,15,15,15,3,13.45,112.14,480661,48.07%
big_files/enwik6,binary,524288,32768,8,1024,15,15,15,15,15,15,3,12.27,107.17,468656,46.87%
big_files/enwik6,binary,524288,32768,8,999999999,15,15,15,15,15,15,3,12.28,117.98,468164,46.82%
big_files/enwik6,binary,524288,32768,18,1,6,6,6,6,6,15,4,18.40,101.72,632857,63.29%
big_files/enwik6,binary,524288,32768,18,4,6,6,6,6,6,15,4,17.34,99.47,636086,63.61%
big_files/enwik6,binary,524288,32768,18,16,6,6,6,6,6,15,4,15.97,116.88,570798,57.08%
big_files/enwik6,binary,524288,32768,18,128,6,6,6,6,6,15,4,13.04,124.48,481879,48.19%
big_files/enwik6,binary,524288,32768,18,1024,6,6,6,6,6,15,4,13.15,128.40,464818,46.48%
big_files/enwik6,binary,524288,32768,18,999999999,6,6,6,6,6,15,4,12.90,117.78,464445,46.44%
big_files/enwik6,binary,524288,32768,18,1,6,6,6,6,12,15,4,19.44,106.81,629331,62.93%
big_files/enwik6,binary,524288,32768,18,4,6,6,6,6,12,15,4,17.26,99.68,633352,63.34%
big_files/enwik6,binary,524288,32768,18,16,6,6,6,6,12,15,4,15.20,99.33,568122,56.81%
big_files/enwik6,binary,524288,32768,18,128,6,6,6,6,12,15,4,12.47,122.24,478597,47.86%
big_files/enwik6,binary,524288,32768,18,1024,6,6,6,6,12,15,4,11.96,124.18,461284,46.13%
big_files/enwik6,binary,524288,32768,18,999999999,6,6,6,6,12,15,4,13.21,138.42,460906,46.09%
big_files/enwik6,binary,524288,32768,18,1,6,6,6,6,15,15,4,18.45,102.02,630023,63.00%
big_files/enwik6,binary,524288,32768,18,4,6,6,6,6,15,15,4,17.56,103.33,633169,63.32%
big_files/enwik6,binary,524288,32768,18,16,6,6,6,6,15,15,4,16.24,117.21,567424,56.74%
big_files/enwik6,binary,524288,32768,18,128,6,6,6,6,15,15,4,13.48,129.82,477532,47.75%
big_files/enwik6,binary,524288,32768,18,1024,6,6,6,6,15,15,4,13.18,119.77,460244,46.02%
big_files/enwik6,binary,524288,32768,18,999999999,6,6,6,6,15,15,4,12.48,129.96,459870,45.99%
big_files/enwik6,binary,524288,32768,18,1,6,6,6,12,12,15,4,18.38,99.08,623777,62.38%
big_files/enwik6,binary,524288,32768,18,4,6,6,6,12,12,15,4,18.52,107.96,628753,62.88%
big_files/enwik6,binary,524288,32768,18,16,6,6,6,12,12,15,4,16.58,100.99,564447,56.44%
big_files/enwik6,binary,524288,32768,18,128,6,6,6,12,12,15,4,13.45,120.15,474039,47.40%
big_files/enwik6,binary,524288,32768,18,1024,6,6,6,12,12,15,4,13.01,122.89,456402,45.64%
big_files/enwik6,binary,524288,32768,18,999999999,6,6,6,12,12,15,4,12.81,137.35,456024,45.60%
big_files/enwik6,binary,524288,32768,18,1,6,6,6,12,15,15,4,18.12,103.24,624469,62.45%
big_files/enwik6,binary,524288,32768,18,4,6,6,6,12,15,15,4,17.43,92.81,628570,62.86%
big_files/enwik6,binary,524288,32768,18,16,6,6,6,12,15,15,4,16.18,118.00,563748,56.37%
big_files/enwik6,binary,524288,32768,18,128,6,6,6,12,15,15,4,13.26,127.56,472974,47.30%
big_files/enwik6,binary,524288,32768,18,1024,6,6,6,12,15,15,4,12.86,126.99,455362,45.54%
big_files/enwik6,binary,524288,32768,18,999999999,6,6,6,12,15,15,4,12.89,125.56,454988,45.50%
big_files/enwik6,binary,524288,32768,18,1,6,6,6,15,15,15,4,17.86,106.25,625369,62.54%
big_files/enwik6,binary,524288,32768,18,4,6,6,6,15,15,15,4,16.23,104.90,627925,62.79%
big_files/enwik6,binary,524288,32768,18,16,6,6,6,15,15,15,4,14.25,110.10,561923,56.19%
big_files/enwik6,binary,524288,32768,18,128,6,6,6,15,15,15,4,12.55,114.26,471647,47.16%
big_files/enwik6,binary,524288,32768,18,1024,6,6,6,15,15,15,4,12.81,135.62,454112,45.41%
big_files/enwik6,binary,524288,32768,18,999999999,6,6,6,15,15,15,4,12.51,109.58,453740,45.37%
big_files/enwik6,binary,524288,32768,18,1,6,6,12,12,12,15,4,17.85,107.05,615296,61.53%
big_files/enwik6,binary,524288,32768,18,4,6,6,12,12,12,15,4,17.73,98.93,622026,62.20%
big_files/enwik6,binary,524288,32768,18,16,6,6,12,12,12,15,4,15.64,109.69,559263,55.93%
big_files/enwik6,binary,524288,32768,18,128,6,6,12,12,12,15,4,14.08,129.47,468004,46.80%
big_files/enwik6,binary,524288,32768,18,1024,6,6,12,12,12,15,4,13.04,138.92,449972,45.00%
big_files/enwik6,binary,524288,32768,18,999999999,6,6,12,12,12,15,4,12.92,113.69,449602,44.96%
big_files/enwik6,binary,524288,32768,18,1,6,6,12,12,15,15,4,19.63,90.46,615988,61.60%
big_files/enwik6,binary,524288,32768,18,4,6,6,12,12,15,15,4,17.45,104.84,621844,62.18%
big_files/enwik6,binary,524288,32768,18,16,6,6,12,12,15,15,4,16.13,119.06,558566,55.86%
big_files/enwik6,binary,524288,32768,18,128,6,6,12,12,15,15,4,13.36,111.67,466939,46.69%
big_files/enwik6,binary,524288,32768,18,1024,6,6,12,12,15,15,4,12.31,115.62,448931,44.89%
big_files/enwik6,binary,524288,32768,18,999999999,6,6,12,12,15,15,4,12.43,122.02,448565,44.86%
big_files/enwik6,binary,524288,32768,18,1,6,6,12,15,15,15,4,16.92,93.76,616888,61.69%
big_files/enwik6,binary,524288,32768,18,4,6,6,12,15,15,15,4,17.09,101.23,621200,62.12%
big_files/enwik6,binary,524288,32768,18,16,6,6,12,15,15,15,4,15.73,105.51,556739,55.67%
big_files/enwik6,binary,524288,32768,18,128,6,6,12,15,15,15,4,13.19,113.72,465611,46.56%
big_files/enwik6,binary,524288,32768,18,1024,6,6,12,15,15,15,4,12.40,129.72,447682,44.77%
big_files/enwik6,binary,524288,32768,18,999999999,6,6,12,15,15,15,4,12.69,128.66,447318,44.73%
big_files/enwik6,binary,524288,32768,18,1,6,6,15,15,15,15,4,17.80,98.09,617989,61.80%
big_files/enwik6,binary,524288,32768,18,4,6,6,15,15,15,15,4,17.30,100.02,619658,61.97%
big_files/enwik6,binary,524288,32768,18,16,6,6,15,15,15,15,4,15.31,111.45,553610,55.36%
big_files/enwik6,binary,524288,32768,18,128,6,6,15,15,15,15,4,13.54,119.50,462997,46.30%
big_files/enwik6,binary,524288,32768,18,1024,6,6,15,15,15,15,4,12.45,115.68,445345,44.53%
big_files/enwik6,binary,524288,32768,18,999999999,6,6,15,15,15,15,4,13.33,126.78,444989,44.50%
big_files/enwik6,binary,524288,32768,18,1,6,12,12,12,12,15,4,19.36,95.69,593204,59.32%
big_files/enwik6,binary,524288,32768,18,4,6,12,12,12,12,15,4,17.88,109.72,604519,60.45%
big_files/enwik6,binary,524288,32768,18,16,6,12,12,12,12,15,4,14.88,113.34,546911,54.69%
big_files/enwik6,binary,524288,32768,18,128,6,12,12,12,12,15,4,13.34,127.98,458078,45.81%
big_files/enwik6,binary,524288,32768,18,1024,6,12,12,12,12,15,4,12.50,126.33,439790,43.98%
big_files/enwik6,binary,524288,32768,18,999999999,6,12,12,12,12,15,4,12.71,130.57,439428,43.94%
big_files/enwik6,binary,524288,32768,18,1,6,12,12,12,15,15,4,18.44,104.02,593897,59.39%
big_files/enwik6,binary,524288,32768,18,4,6,12,12,12,15,15,4,16.40,99.63,604337,60.43%
big_files/enwik6,binary,524288,32768,18,16,6,12,12,12,15,15,4,15.69,101.28,546214,54.62%
big_files/enwik6,binary,524288,32768,18,128,6,12,12,12,15,15,4,13.13,109.47,457013,45.70%
big_files/enwik6,binary,524288,32768,18,1024,6,12,12,12,15,15,4,12.96,133.26,438749,43.87%
big_files/enwik6,binary,524288,32768,18,999999999,6,12,12,12,15,15,4,12.33,127.04,438391,43.84%
big_files/enwik6,binary,524288,32768,18,1,6,12,12,15,15,15,4,19.46,107.29,594796,59.48%
big_files/enwik6,binary,524288,32768,18,4,6,12,12,15,15,15,4,17.05,95.86,603693,60.37%
big_files/enwik6,binary,524288,32768,18,16,6,12,12,15,15,15,4,14.39,113.98,544387,54.44%
big_files/enwik6,binary,524288,32768,18,128,6,12,12,15,15,15,4,12.89,110.71,455685,45.57%
big_files/enwik6,binary,524288,32768,18,1024,6,12,12,15,15,15,4,12.67,121.37,437501,43.75%
big_files/enwik6,binary,524288,32768,18,999999999,6,12,12,15,15,15,4,12.57,126.22,437143,43.71%
big_files/enwik6,binary,524288,32768,18,1,6,12,15,15,15,15,4,18.79,100.60,595897,59.59%
big_files/enwik6,binary,524288,32768,18,4,6,12,15,15,15,15,4,18.52,95.42,602151,60.22%
big_files/enwik6,binary,524288,32768,18,16,6,12,15,15,15,15,4,15.99,117.30,541259,54.13%
big_files/enwik6,binary,524288,32768,18,128,6,12,15,15,15,15,4,13.50,124.25,453071,45.31%
big_files/enwik6,binary,524288,32768,18,1024,6,12,15,15,15,15,4,12.13,123.06,435164,43.52%
big_files/enwik6,binary,524288,32768,18,999999999,6,12,15,15,15,15,4,12.89,113.85,434815,43.48%
big_files/enwik6,binary,524288,32768,18,1,6,15,15,15,15,15,4,18.06,101.40,596694,59.67%
big_files/enwik6,binary,524288,32768,18,4,6,15,15,15,15,15,4,16.99,101.48,596501,59.65%
big_files/enwik6,binary,524288,32768,18,16,6,15,15,15,15,15,4,16.29,101.70,532807,53.28%
big_files/enwik6,binary,524288,32768,18,128,6,15,15,15,15,15,4,14.01,119.55,446455,44.65%
big_files/enwik6,binary,524288,32768,18,1024,6,15,15,15,15,15,4,13.05,122.93,430670,43.07%
big_files/enwik6,binary,524288,32768,18,999999999,6,15,15,15,15,15,4,13.24,132.90,430346,43.03%
big_files/enwik6,binary,524288,32768,18,1,12,12,12,12,12,15,4,18.45,92.46,533526,53.35%
big_files/enwik6,binary,524288,32768,18,4,12,12,12,12,12,15,4,17.51,107.20,562813,56.28%
big_files/enwik6,binary,524288,32768,18,16,12,12,12,12,12,15,4,16.09,100.40,524869,52.49%
big_files/enwik6,binary,524288,32768,18,128,12,12,12,12,12,15,4,13.67,114.84,443108,44.31%
big_files/enwik6,binary,524288,32768,18,1024,12,12,12,12,12,15,4,13.18,124.97,425163,42.52%
big_files/enwik6,binary,524288,32768,18,999999999,12,12,12,12,12,15,4,12.89,117.33,424801,42.48%
big_files/enwik6,binary,524288,32768,18,1,12,12,12,12,15,15,4,17.61,95.27,534218,53.42%
big_files/enwik6,binary,524288,32768,18,4,12,12,12,12,15,15,4,17.47,108.13,562631,56.26%
big_files/enwik6,binary,524288,32768,18,16,12,12,12,12,15,15,4,16.44,97.93,524172,52.42%
big_files/enwik6,binary,524288,32768,18,128,12,12,12,12,15,15,4,13.71,120.97,442043,44.20%
big_files/enwik6,binary,524288,32768,18,1024,12,12,12,12,15,15,4,13.06,129.86,424123,42.41%
big_files/enwik6,binary,524288,32768,18,999999999,12,12,12,12,15,15,4,12.85,126.36,423765,42.38%
big_files/enwik6,binary,524288,32768,18,1,12,12,12,15,15,15,4,19.06,100.94,535117,53.51%
big_files/enwik6,binary,524288,32768,18,4,12,12,12,15,15,15,4,16.62,106.06,561986,56.20%
big_files/enwik6,binary,524288,32768,18,16,12,12,12,15,15,15,4,15.90,100.26,522345,52.23%
big_files/enwik6,binary,524288,32768,18,128,12,12,12,15,15,15,4,13.45,123.01,440716,44.07%
big_files/enwik6,binary,524288,32768,18,1024,12,12,12,15,15,15,4,13.07,130.77,422874,42.29%
big_files/enwik6,binary,524288,32768,18,999999999,12,12,12,15,15,15,4,13.18,126.91,422516,42.25%
big_files/enwik6,binary,524288,32768,18,1,12,12,15,15,15,15,4,19.17,107.28,536217,53.62%
big_files/enwik6,binary,524288,32768,18,4,12,12,15,15,15,15,4,17.41,103.57,560444,56.04%
big_files/enwik6,binary,524288,32768,18,16,12,12,15,15,15,15,4,16.39,108.83,519216,51.92%
big_files/enwik6,binary,524288,32768,18,128,12,12,15,15,15,15,4,13.55,121.00,438102,43.81%
big_files/enwik6,binary,524288,32768,18,1024,12,12,15,15,15,15,4,13.14,131.98,420538,42.05%
big_files/enwik6,binary,524288,32768,18,999999999,12,12,15,15,15,15,4,13.34,133.15,420189,42.02%
big_files/enwik6,binary,524288,32768,18,1,12,15,15,15,15,15,4,19.53,101.51,537015,53.70%
big_files/enwik6,binary,524288,32768,18,4,12,15,15,15,15,15,4,17.48,92.02,554794,55.48%
big_files/enwik6,binary,524288,32768,18,16,12,15,15,15,15,15,4,16.26,116.13,510764,51.08%
big_files/enwik6,binary,524288,32768,18,128,12,15,15,15,15,15,4,12.85,110.32,431486,43.15%
big_files/enwik6,binary,524288,32768,18,1024,12,15,15,15,15,15,4,13.24,119.26,416043,41.60%
big_files/enwik6,binary,524288,32768,18,999999999,12,15,15,15,15,15,4,12.62,122.26,415719,41.57%
big_files/enwik6,binary,524288,32768,18,1,15,15,15,15,15,15,4,19.46,110.69,533064,53.31%
big_files/enwik6,binary,524288,32768,18,4,15,15,15,15,15,15,4,17.79,90.61,532368,53.24%
big_files/enwik6,binary,524288,32768,18,16,15,15,15,15,15,15,4,16.03,110.95,486917,48.69%
big_files/enwik6,binary,524288,32768,18,128,15,15,15,15,15,15,4,13.13,120.63,425017,42.50%
big_files/enwik6,binary,524288,32768,18,1024,15,15,15,15,15,15,4,13.08,125.16,413072,41.31%
big_files/enwik6,binary,524288,32768,18,999999999,15,15,15,15,15,15,4,13.33,125.92,412796,41.28%
big_files/enwik6,binary,524288,32768,32,1,6,6,6,6,6,15,5,18.26,100.59,647503,64.75%
big_files/enwik6,binary,524288,32768,32,4,6,6,6,6,6,15,5,17.57,108.96,649819,64.98%
big_files/enwik6,binary,524288,32768,32,16,6,6,6,6,6,15,5,16.70,107.08,579884,57.99%
big_files/enwik6,binary,524288,32768,32,128,6,6,6,6,6,15,5,13.95,126.71,487994,48.80%
big_files/enwik6,binary,524288,32768,32,1024,6,6,6,6,6,15,5,13.70,120.41,471022,47.10%
big_files/enwik6,binary,524288,32768,32,999999999,6,6,6,6,6,15,5,13.16,122.60,470899,47.09%
big_files/enwik6,binary,524288,32768,32,1,6,6,6,6,12,15,5,17.90,99.96,643550,64.35%
big_files/enwik6,binary,524288,32768,32,4,6,6,6,6,12,15,5,17.07,102.22,646818,64.68%
big_files/enwik6,binary,524288,32768,32,16,6,6,6,6,12,15,5,15.52,110.94,576891,57.69%
big_files/enwik6,binary,524288,32768,32,128,6,6,6,6,12,15,5,13.25,126.67,484216,48.42%
big_files/enwik6,binary,524288,32768,32,1024,6,6,6,6,12,15,5,12.98,124.88,466928,46.69%
big_files/enwik6,binary,524288,32768,32,999999999,6,6,6,6,12,15,5,13.86,134.67,466806,46.68%
big_files/enwik6,binary,524288,32768,32,1,6,6,6,6,15,15,5,17.06,95.21,643935,64.39%
big_files/enwik6,binary,524288,32768,32,4,6,6,6,6,15,15,5,18.16,102.64,646187,64.62%
big_files/enwik6,binary,524288,32768,32,16,6,6,6,6,15,15,5,15.03,115.92,575606,57.56%
big_files/enwik6,binary,524288,32768,32,128,6,6,6,6,15,15,5,13.63,115.75,482410,48.24%
big_files/enwik6,binary,524288,32768,32,1024,6,6,6,6,15,15,5,12.64,127.73,465130,46.51%
big_files/enwik6,binary,524288,32768,32,999999999,6,6,6,6,15,15,5,13.17,123.85,465009,46.50%
big_files/enwik6,binary,524288,32768,32,1,6,6,6,12,12,15,5,18.36,103.20,637266,63.73%
big_files/enwik6,binary,524288,32768,32,4,6,6,6,12,12,15,5,18.55,104.73,641676,64.17%
big_files/enwik6,binary,524288,32768,32,16,6,6,6,12,12,15,5,16.26,110.58,572782,57.28%
big_files/enwik6,binary,524288,32768,32,128,6,6,6,12,12,15,5,13.54,122.70,478987,47.90%
big_files/enwik6,binary,524288,32768,32,1024,6,6,6,12,12,15,5,14.09,139.67,461303,46.13%
big_files/enwik6,binary,524288,32768,32,999999999,6,6,6,12,12,15,5,12.70,128.10,461180,46.12%
big_files/enwik6,binary,524288,32768,32,1,6,6,6,12,15,15,5,18.63,99.94,637651,63.77%
big_files/enwik6,binary,524288,32768,32,4,6,6,6,12,15,15,5,17.45,97.64,641045,64.10%
big_files/enwik6,binary,524288,32768,32,16,6,6,6,12,15,15,5,15.55,112.09,571496,57.15%
big_files/enwik6,binary,524288,32768,32,128,6,6,6,12,15,15,5,13.96,119.51,477180,47.72%
big_files/enwik6,binary,524288,32768,32,1024,6,6,6,12,15,15,5,12.71,132.09,459504,45.95%
big_files/enwik6,binary,524288,32768,32,999999999,6,6,6,12,15,15,5,13.08,127.58,459383,45.94%
big_files/enwik6,binary,524288,32768,32,1,6,6,6,15,15,15,5,19.08,97.09,638028,63.80%
big_files/enwik6,binary,524288,32768,32,4,6,6,6,15,15,15,5,17.14,93.17,639652,63.97%
big_files/enwik6,binary,524288,32768,32,16,6,6,6,15,15,15,5,16.33,107.08,568696,56.87%
big_files/enwik6,binary,524288,32768,32,128,6,6,6,15,15,15,5,13.70,115.57,474865,47.49%
big_files/enwik6,binary,524288,32768,32,1024,6,6,6,15,15,15,5,13.02,122.15,457240,45.72%
big_files/enwik6,binary,524288,32768,32,999999999,6,6,6,15,15,15,5,13.07,125.08,457120,45.71%
big_files/enwik6,binary,524288,32768,32,1,6,6,12,12,12,15,5,18.42,102.86,627582,62.76%
big_files/enwik6,binary,524288,32768,32,4,6,6,12,12,12,15,5,17.11,103.61,634133,63.41%
big_files/enwik6,binary,524288,32768,32,16,6,6,12,12,12,15,5,16.21,99.07,566906,56.69%
big_files/enwik6,binary,524288,32768,32,128,6,6,12,12,12,15,5,13.34,124.68,472093,47.21%
big_files/enwik6,binary,524288,32768,32,1024,6,6,12,12,12,15,5,12.43,121.91,453945,45.39%
big_files/enwik6,binary,524288,32768,32,999999999,6,6,12,12,12,15,5,13.48,131.53,453825,45.38%
big_files/enwik6,binary,524288,32768,32,1,6,6,12,12,15,15,5,18.46,104.42,627967,62.80%
big_files/enwik6,binary,524288,32768,32,4,6,6,12,12,15,15,5,17.00,94.91,633502,63.35%
big_files/enwik6,binary,524288,32768,32,16,6,6,12,12,15,15,5,16.35,109.30,565620,56.56%
big_files/enwik6,binary,524288,32768,32,128,6,6,12,12,15,15,5,12.85,122.62,470286,47.03%
big_files/enwik6,binary,524288,32768,32,1024,6,6,12,12,15,15,5,13.26,127.26,452147,45.21%
big_files/enwik6,binary,524288,32768,32,999999999,6,6,12,12,15,15,5,13.25,121.21,452027,45.20%
big_files/enwik6,binary,524288,32768,32,1,6,6,12,15,15,15,5,18.07,97.58,628344,62.83%
big_files/enwik6,binary,524288,32768,32,4,6,6,12,15,15,15,5,17.15,103.65,632109,63.21%
big_files/enwik6,binary,524288,32768,32,16,6,6,12,15,15,15,5,15.27,105.91,562820,56.28%
big_files/enwik6,binary,524288,32768,32,128,6,6,12,15,15,15,5,14.01,118.90,467971,46.80%
big_files/enwik6,binary,524288,32768,32,1024,6,6,12,15,15,15,5,12.71,116.60,449883,44.99%
big_files/enwik6,binary,524288,32768,32,999999999,6,6,12,15,15,15,5,13.41,122.72,449764,44.98%
big_files/enwik6,binary,524288,32768,32,1,6,6,15,15,15,15,5,18.45,103.73,628645,62.86%
big_files/enwik6,binary,524288,32768,32,4,6,6,15,15,15,15,5,17.20,100.55,629324,62.93%
big_files/enwik6,binary,524288,32768,32,16,6,6,15,15,15,15,5,15.64,105.91,558219,55.82%
big_files/enwik6,binary,524288,32768,32,128,6,6,15,15,15,15,5,13.61,112.47,463888,46.39%
big_files/enwik6,binary,524288,32768,32,1024,6,6,15,15,15,15,5,13.34,127.34,446113,44.61%
big_files/enwik6,binary,524288,32768,32,999999999,6,6,15,15,15,15,5,13.22,120.27,445998,44.60%
big_files/enwik6,binary,524288,32768,32,1,6,12,12,12,12,15,5,19.03,102.27,602755,60.28%
big_files/enwik6,binary,524288,32768,32,4,6,12,12,12,12,15,5,17.13,98.46,614593,61.46%
big_files/enwik6,binary,524288,32768,32,16,6,12,12,12,12,15,5,15.36,112.21,553247,55.32%
big_files/enwik6,binary,524288,32768,32,128,6,12,12,12,12,15,5,13.67,120.44,460948,46.09%
big_files/enwik6,binary,524288,32768,32,1024,6,12,12,12,12,15,5,13.20,130.60,442509,44.25%
big_files/enwik6,binary,524288,32768,32,999999999,6,12,12,12,12,15,5,13.47,129.53,442388,44.24%
big_files/enwik6,binary,524288,32768,32,1,6,12,12,12,15,15,5,17.43,102.47,603140,60.31%
big_files/enwik6,binary,524288,32768,32,4,6,12,12,12,15,15,5,16.78,101.93,613962,61.40%
big_files/enwik6,binary,524288,32768,32,16,6,12,12,12,15,15,5,16.00,110.11,551962,55.20%
big_files/enwik6,binary,524288,32768,32,128,6,12,12,12,15,15,5,12.95,124.77,459142,45.91%
big_files/enwik6,binary,524288,32768,32,1024,6,12,12,12,15,15,5,13.70,141.80,440710,44.07%
big_files/enwik6,binary,524288,32768,32,999999999,6,12,12,12,15,15,5,13.41,133.96,440590,44.06%
big_files/enwik6,binary,524288,32768,32,1,6,12,12,15,15,15,5,19.46,100.09,603517,60.35%
big_files/enwik6,binary,524288,32768,32,4,6,12,12,15,15,15,5,16.87,99.05,612570,61.26%
big_files/enwik6,binary,524288,32768,32,16,6,12,12,15,15,15,5,15.83,113.78,549161,54.92%
big_files/enwik6,binary,524288,32768,32,128,6,12,12,15,15,15,5,13.84,126.86,456826,45.68%
big_files/enwik6,binary,524288,32768,32,1024,6,12,12,15,15,15,5,13.24,134.81,438446,43.84%
big_files/enwik6,binary,524288,32768,32,999999999,6,12,12,15,15,15,5,12.49,121.00,438328,43.83%
big_files/enwik6,binary,524288,32768,32,1,6,12,15,15,15,15,5,18.23,105.55,603818,60.38%
big_files/enwik6,binary,524288,32768,32,4,6,12,15,15,15,15,5,16.03,92.72,609785,60.98%
big_files/enwik6,binary,524288,32768,32,16,6,12,15,15,15,15,5,16.49,106.44,544559,54.46%
big_files/enwik6,binary,524288,32768,32,128,6,12,15,15,15,15,5,13.55,125.72,452745,45.27%
big_files/enwik6,binary,524288,32768,32,1024,6,12,15,15,15,15,5,12.76,125.78,434676,43.47%
big_files/enwik6,binary,524288,32768,32,999999999,6,12,15,15,15,15,5,13.59,133.46,434560,43.46%
big_files/enwik6,binary,524288,32768,32,1,6,15,15,15,15,15,5,18.63,100.48,602895,60.29%
big_files/enwik6,binary,524288,32768,32,4,6,15,15,15,15,15,5,17.12,106.66,601655,60.17%
big_files/enwik6,binary,524288,32768,32,16,6,15,15,15,15,15,5,15.32,106.60,533440,53.34%
big_files/enwik6,binary,524288,32768,32,128,6,15,15,15,15,15,5,13.09,118.41,443928,44.39%
big_files/enwik6,binary,524288,32768,32,1024,6,15,15,15,15,15,5,13.63,117.92,428335,42.83%
big_files/enwik6,binary,524288,32768,32,999999999,6,15,15,15,15,15,5,13.95,135.81,428230,42.82%
big_files/enwik6,binary,524288,32768,32,1,12,12,12,12,12,15,5,18.94,108.85,535909,53.59%
big_files/enwik6,binary,524288,32768,32,4,12,12,12,12,12,15,5,18.26,105.34,568390,56.84%
big_files/enwik6,binary,524288,32768,32,16,12,12,12,12,12,15,5,15.97,104.79,529016,52.90%
big_files/enwik6,binary,524288,32768,32,128,12,12,12,12,12,15,5,14.04,133.08,444261,44.43%
big_files/enwik6,binary,524288,32768,32,1024,12,12,12,12,12,15,5,13.53,131.46,426010,42.60%
big_files/enwik6,binary,524288,32768,32,999999999,12,12,12,12,12,15,5,12.61,124.97,425889,42.59%
big_files/enwik6,binary,524288,32768,32,1,12,12,12,12,15,15,5,18.59,94.36,536294,53.63%
big_files/enwik6,binary,524288,32768,32,4,12,12,12,12,15,15,5,18.18,102.35,567759,56.78%
big_files/enwik6,binary,524288,32768,32,16,12,12,12,12,15,15,5,14.80,113.38,527730,52.77%
big_files/enwik6,binary,524288,32768,32,128,12,12,12,12,15,15,5,13.70,126.66,442453,44.25%
big_files/enwik6,binary,524288,32768,32,1024,12,12,12,12,15,15,5,12.06,127.17,424211,42.42%
big_files/enwik6,binary,524288,32768,32,999999999,12,12,12,12,15,15,5,12.61,127.88,424091,42.41%
big_files/enwik6,binary,524288,32768,32,1,12,12,12,15,15,15,5,18.17,104.43,536671,53.67%
big_files/enwik6,binary,524288,32768,32,4,12,12,12,15,15,15,5,16.25,94.80,566367,56.64%
big_files/enwik6,binary,524288,32768,32,16,12,12,12,15,15,15,5,15.49,97.54,524930,52.49%
big_files/enwik6,binary,524288,32768,32,128,12,12,12,15,15,15,5,13.35,125.42,440138,44.01%
big_files/enwik6,binary,524288,32768,32,1024,12,12,12,15,15,15,5,13.56,118.95,421947,42.19%
big_files/enwik6,binary,524288,32768,32,999999999,12,12,12,15,15,15,5,13.34,138.38,421828,42.18%
big_files/enwik6,binary,524288,32768,32,1,12,12,15,15,15,15,5,18.21,94.68,536972,53.70%
big_files/enwik6,binary,524288,32768,32,4,12,12,15,15,15,15,5,17.97,98.48,563583,56.36%
big_files/enwik6,binary,524288,32768,32,16,12,12,15,15,15,15,5,14.89,102.06,520329,52.03%
big_files/enwik6,binary,524288,32768,32,128,12,12,15,15,15,15,5,14.03,118.77,436056,43.61%
big_files/enwik6,binary,524288,32768,32,1024,12,12,15,15,15,15,5,13.77,126.55,418178,41.82%
big_files/enwik6,binary,524288,32768,32,999999999,12,12,15,15,15,15,5,13.24,130.45,418061,41.81%
big_files/enwik6,binary,524288,32768,32,1,12,15,15,15,15,15,5,18.85,105.60,536048,53.60%
big_files/enwik6,binary,524288,32768,32,4,12,15,15,15,15,15,5,16.69,88.31,555452,55.55%
big_files/enwik6,binary,524288,32768,32,16,12,15,15,15,15,15,5,15.06,103.09,509208,50.92%
big_files/enwik6,binary,524288,32768,32,128,12,15,15,15,15,15,5,13.18,119.93,427239,42.72%
big_files/enwik6,binary,524288,32768,32,1024,12,15,15,15,15,15,5,13.43,120.33,411836,41.18%
big_files/enwik6,binary,524288,32768,32,999999999,12,15,15,15,15,15,5,13.27,120.72,411731,41.17%
big_files/enwik6,binary,524288,32768,32,1,15,15,15,15,15,15,5,17.57,92.15,526302,52.63%
big_files/enwik6,binary,524288,32768,32,4,15,15,15,15,15,15,5,17.60,103.35,525250,52.52%
big_files/enwik6,binary,524288,32768,32,16,15,15,15,15,15,15,5,15.92,105.40,479014,47.90%
big_files/enwik6,binary,524288,32768,32,128,15,15,15,15,15,15,5,13.21,131.05,418179,41.82%
big_files/enwik6,binary,524288,32768,32,1024,15,15,15,15,15,15,5,13.29,126.02,406930,40.69%
big_files/enwik6,binary,524288,32768,32,999999999,15,15,15,15,15,15,5,12.57,125.64,406841,40.68%
big_files/enwik6,binary,524288,32768,64,1,6,6,6,6,6,15,6,17.81,99.65,667091,66.71%
big_files/enwik6,binary,524288,32768,64,4,6,6,6,6,6,15,6,18.27,104.92,668641,66.86%
big_files/enwik6,binary,524288,32768,64,16,6,6,6,6,6,15,6,16.41,105.08,595313,59.53%
big_files/enwik6,binary,524288,32768,64,128,6,6,6,6,6,15,6,13.69,129.25,501541,50.15%
big_files/enwik6,binary,524288,32768,64,1024,6,6,6,6,6,15,6,13.78,129.67,484421,48.44%
big_files/enwik6,binary,524288,32768,64,999999999,6,6,6,6,6,15,6,13.52,136.72,484303,48.43%
big_files/enwik6,binary,524288,32768,64,1,6,6,6,6,12,15,6,18.88,94.28,662673,66.27%
big_files/enwik6,binary,524288,32768,64,4,6,6,6,6,12,15,6,17.62,103.45,665304,66.53%
big_files/enwik6,binary,524288,32768,64,16,6,6,6,6,12,15,6,15.41,101.40,591929,59.19%
big_files/enwik6,binary,524288,32768,64,128,6,6,6,6,12,15,6,14.09,133.16,497289,49.73%
big_files/enwik6,binary,524288,32768,64,1024,6,6,6,6,12,15,6,13.77,125.31,479813,47.98%
big_files/enwik6,binary,524288,32768,64,999999999,6,6,6,6,12,15,6,13.73,111.62,479696,47.97%
big_files/enwik6,binary,524288,32768,64,1,6,6,6,6,15,15,6,18.93,95.83,662771,66.28%
big_files/enwik6,binary,524288,32768,64,4,6,6,6,6,15,15,6,17.06,102.51,664259,66.43%
big_files/enwik6,binary,524288,32768,64,16,6,6,6,6,15,15,6,16.18,112.15,590111,59.01%
big_files/enwik6,binary,524288,32768,64,128,6,6,6,6,15,15,6,14.45,135.60,494730,49.47%
big_files/enwik6,binary,524288,32768,64,1024,6,6,6,6,15,15,6,13.23,124.90,477234,47.72%
big_files/enwik6,binary,524288,32768,64,999999999,6,6,6,6,15,15,6,13.90,131.47,477118,47.71%
big_files/enwik6,binary,524288,32768,64,1,6,6,6,12,12,15,6,18.76,107.78,655590,65.56%
big_files/enwik6,binary,524288,32768,64,4,6,6,6,12,12,15,6,18.83,104.18,659602,65.96%
big_files/enwik6,binary,524288,32768,64,16,6,6,6,12,12,15,6,16.12,106.38,587305,58.73%
big_files/enwik6,binary,524288,32768,64,128,6,6,6,12,12,15,6,14.40,121.52,491360,49.14%
big_files/enwik6,binary,524288,32768,64,1024,6,6,6,12,12,15,6,13.67,124.68,473426,47.34%
big_files/enwik6,binary,524288,32768,64,999999999,6,6,6,12,12,15,6,14.12,133.52,473309,47.33%
big_files/enwik6,binary,524288,32768,64,1,6,6,6,12,15,15,6,18.07,97.51,655687,65.57%
big_files/enwik6,binary,524288,32768,64,4,6,6,6,12,15,15,6,17.62,106.68,658557,65.86%
big_files/enwik6,binary,524288,32768,64,16,6,6,6,12,15,15,6,15.34,111.41,585487,58.55%
big_files/enwik6,binary,524288,32768,64,128,6,6,6,12,15,15,6,14.78,126.13,488800,48.88%
big_files/enwik6,binary,524288,32768,64,1024,6,6,6,12,15,15,6,13.14,131.11,470847,47.08%
big_files/enwik6,binary,524288,32768,64,999999999,6,6,6,12,15,15,6,13.82,128.16,470731,47.07%
big_files/enwik6,binary,524288,32768,64,1,6,6,6,15,15,15,6,17.43,101.17,655588,65.56%
big_files/enwik6,binary,524288,32768,64,4,6,6,6,15,15,15,6,17.98,93.24,656427,65.64%
big_files/enwik6,binary,524288,32768,64,16,6,6,6,15,15,15,6,15.52,110.72,581757,58.18%
big_files/enwik6,binary,524288,32768,64,128,6,6,6,15,15,15,6,14.63,117.07,485499,48.55%
big_files/enwik6,binary,524288,32768,64,1024,6,6,6,15,15,15,6,13.13,120.83,467570,46.76%
big_files/enwik6,binary,524288,32768,64,999999999,6,6,6,15,15,15,6,12.37,126.49,467456,46.75%
big_files/enwik6,binary,524288,32768,64,1,6,6,12,12,12,15,6,18.63,105.17,644698,64.47%
big_files/enwik6,binary,524288,32768,64,4,6,6,12,12,12,15,6,17.14,100.35,651115,65.11%
big_files/enwik6,binary,524288,32768,64,16,6,6,12,12,12,15,6,16.07,109.02,580664,58.07%
big_files/enwik6,binary,524288,32768,64,128,6,6,12,12,12,15,6,13.92,122.04,483539,48.35%
big_files/enwik6,binary,524288,32768,64,1024,6,6,12,12,12,15,6,13.76,129.97,465069,46.51%
big_files/enwik6,binary,524288,32768,64,999999999,6,6,12,12,12,15,6,13.39,126.65,464954,46.50%
big_files/enwik6,binary,524288,32768,64,1,6,6,12,12,15,15,6,19.09,99.15,644796,64.48%
big_files/enwik6,binary,524288,32768,64,4,6,6,12,12,15,15,6,17.57,102.36,650070,65.01%
big_files/enwik6,binary,524288,32768,64,16,6,6,12,12,15,15,6,15.66,105.57,578845,57.88%
big_files/enwik6,binary,524288,32768,64,128,6,6,12,12,15,15,6,13.42,132.65,480979,48.10%
big_files/enwik6,binary,524288,32768,64,1024,6,6,12,12,15,15,6,12.97,129.89,462490,46.25%
big_files/enwik6,binary,524288,32768,64,999999999,6,6,12,12,15,15,6,13.04,129.01,462376,46.24%
big_files/enwik6,binary,524288,32768,64,1,6,6,12,15,15,15,6,16.91,91.40,644696,64.47%
big_files/enwik6,binary,524288,32768,64,4,6,6,12,15,15,15,6,16.50,96.95,647940,64.79%
big_files/enwik6,binary,524288,32768,64,16,6,6,12,15,15,15,6,16.21,108.23,575116,57.51%
big_files/enwik6,binary,524288,32768,64,128,6,6,12,15,15,15,6,13.52,130.06,477679,47.77%
big_files/enwik6,binary,524288,32768,64,1024,6,6,12,15,15,15,6,13.63,137.63,459213,45.92%
big_files/enwik6,binary,524288,32768,64,999999999,6,6,12,15,15,15,6,13.28,125.53,459101,45.91%
big_files/enwik6,binary,524288,32768,64,1,6,6,15,15,15,15,6,19.33,104.82,644203,64.42%
big_files/enwik6,binary,524288,32768,64,4,6,6,15,15,15,15,6,17.61,102.23,643949,64.39%
big_files/enwik6,binary,524288,32768,64,16,6,6,15,15,15,15,6,16.19,108.32,569091,56.91%
big_files/enwik6,binary,524288,32768,64,128,6,6,15,15,15,15,6,13.72,122.59,472139,47.21%
big_files/enwik6,binary,524288,32768,64,1024,6,6,15,15,15,15,6,12.93,124.34,454002,45.40%
big_files/enwik6,binary,524288,32768,64,999999999,6,6,15,15,15,15,6,13.48,129.68,453893,45.39%
big_files/enwik6,binary,524288,32768,64,1,6,12,12,12,12,15,6,20.29,98.86,617068,61.71%
big_files/enwik6,binary,524288,32768,64,4,6,12,12,12,12,15,6,18.07,102.95,629531,62.95%
big_files/enwik6,binary,524288,32768,64,16,6,12,12,12,12,15,6,16.21,103.30,565564,56.56%
big_files/enwik6,binary,524288,32768,64,128,6,12,12,12,12,15,6,13.52,132.61,471109,47.11%
big_files/enwik6,binary,524288,32768,64,1024,6,12,12,12,12,15,6,12.91,121.11,452286,45.23%
big_files/enwik6,binary,524288,32768,64,999999999,6,12,12,12,12,15,6,13.86,125.98,452172,45.22%
big_files/enwik6,binary,524288,32768,64,1,6,12,12,12,15,15,6,18.47,98.94,617166,61.72%
big_files/enwik6,binary,524288,32768,64,4,6,12,12,12,15,15,6,17.47,101.66,628486,62.85%
big_files/enwik6,binary,524288,32768,64,16,6,12,12,12,15,15,6,16.90,108.80,563745,56.37%
big_files/enwik6,binary,524288,32768,64,128,6,12,12,12,15,15,6,13.83,111.01,468550,46.85%
big_files/enwik6,binary,524288,32768,64,1024,6,12,12,12,15,15,6,13.51,132.31,449707,44.97%
big_files/enwik6,binary,524288,32768,64,999999999,6,12,12,12,15,15,6,13.41,135.20,449594,44.96%
big_files/enwik6,binary,524288,32768,64,1,6,12,12,15,15,15,6,17.81,98.55,617067,61.71%
big_files/enwik6,binary,524288,32768,64,4,6,12,12,15,15,15,6,17.41,105.80,626355,62.64%
big_files/enwik6,binary,524288,32768,64,16,6,12,12,15,15,15,6,16.02,112.32,560015,56.00%
big_files/enwik6,binary,524288,32768,64,128,6,12,12,15,15,15,6,13.72,132.14,465250,46.52%
big_files/enwik6,binary,524288,32768,64,1024,6,12,12,15,15,15,6,13.90,131.33,446430,44.64%
big_files/enwik6,binary,524288,32768,64,999999999,6,12,12,15,15,15,6,13.81,131.94,446319,44.63%
big_files/enwik6,binary,524288,32768,64,1,6,12,15,15,15,15,6,18.04,89.60,616575,61.66%
big_files/enwik6,binary,524288,32768,64,4,6,12,15,15,15,15,6,15.43,93.60,622364,62.24%
big_files/enwik6,binary,524288,32768,64,16,6,12,15,15,15,15,6,15.03,106.51,553991,55.40%
big_files/enwik6,binary,524288,32768,64,128,6,12,15,15,15,15,6,13.18,120.07,459710,45.97%
big_files/enwik6,binary,524288,32768,64,1024,6,12,15,15,15,15,6,12.70,126.67,441219,44.12%
big_files/enwik6,binary,524288,32768,64,999999999,6,12,15,15,15,15,6,13.10,121.33,441111,44.11%
big_files/enwik6,binary,524288,32768,64,1,6,15,15,15,15,15,6,18.70,100.66,613961,61.40%
big_files/enwik6,binary,524288,32768,64,4,6,15,15,15,15,15,6,17.35,97.84,611699,61.17%
big_files/enwik6,binary,524288,32768,64,16,6,15,15,15,15,15,6,15.17,104.95,540191,54.02%
big_files/enwik6,binary,524288,32768,64,128,6,15,15,15,15,15,6,14.41,120.41,448685,44.87%
big_files/enwik6,binary,524288,32768,64,1024,6,15,15,15,15,15,6,13.68,128.33,433051,43.31%
big_files/enwik6,binary,524288,32768,64,999999999,6,15,15,15,15,15,6,12.81,119.94,432955,43.30%
big_files/enwik6,binary,524288,32768,64,1,12,12,12,12,12,15,6,18.77,105.89,542877,54.29%
big_files/enwik6,binary,524288,32768,64,4,12,12,12,12,12,15,6,18.07,89.80,578623,57.86%
big_files/enwik6,binary,524288,32768,64,16,12,12,12,12,12,15,6,15.96,108.96,538974,53.90%
big_files/enwik6,binary,524288,32768,64,128,12,12,12,12,12,15,6,13.59,114.96,452469,45.25%
big_files/enwik6,binary,524288,32768,64,1024,12,12,12,12,12,15,6,13.02,116.08,433809,43.38%
big_files/enwik6,binary,524288,32768,64,999999999,12,12,12,12,12,15,6,12.83,115.81,433695,43.37%
big_files/enwik6,binary,524288,32768,64,1,12,12,12,12,15,15,6,18.66,95.54,542975,54.30%
big_files/enwik6,binary,524288,32768,64,4,12,12,12,12,15,15,6,17.09,100.68,577579,57.76%
big_files/enwik6,binary,524288,32768,64,16,12,12,12,12,15,15,6,15.79,100.72,537155,53.72%
big_files/enwik6,binary,524288,32768,64,128,12,12,12,12,15,15,6,13.25,123.09,449909,44.99%
big_files/enwik6,binary,524288,32768,64,1024,12,12,12,12,15,15,6,12.98,117.43,431231,43.12%
big_files/enwik6,binary,524288,32768,64,999999999,12,12,12,12,15,15,6,13.04,120.02,431118,43.11%
big_files/enwik6,binary,524288,32768,64,1,12,12,12,15,15,15,6,17.57,100.37,542875,54.29%
big_files/enwik6,binary,524288,32768,64,4,12,12,12,15,15,15,6,17.54,98.91,575448,57.54%
big_files/enwik6,binary,524288,32768,64,16,12,12,12,15,15,15,6,17.21,112.70,533425,53.34%
big_files/enwik6,binary,524288,32768,64,128,12,12,12,15,15,15,6,13.62,119.43,446608,44.66%
big_files/enwik6,binary,524288,32768,64,1024,12,12,12,15,15,15,6,12.83,124.29,427954,42.80%
big_files/enwik6,binary,524288,32768,64,999999999,12,12,12,15,15,15,6,12.99,124.08,427842,42.78%
big_files/enwik6,binary,524288,32768,64,1,12,12,15,15,15,15,6,17.88,98.11,542383,54.24%
big_files/enwik6,binary,524288,32768,64,4,12,12,15,15,15,15,6,16.67,101.20,571457,57.15%
big_files/enwik6,binary,524288,32768,64,16,12,12,15,15,15,15,6,15.60,96.93,527402,52.74%
big_files/enwik6,binary,524288,32768,64,128,12,12,15,15,15,15,6,14.19,126.31,441069,44.11%
big_files/enwik6,binary,524288,32768,64,1024,12,12,15,15,15,15,6,13.48,117.54,422742,42.27%
big_files/enwik6,binary,524288,32768,64,999999999,12,12,15,15,15,15,6,13.97,131.10,422635,42.26%
big_files/enwik6,binary,524288,32768,64,1,12,15,15,15,15,15,6,19.56,93.79,539770,53.98%
big_files/enwik6,binary,524288,32768,64,4,12,15,15,15,15,15,6,17.76,98.27,560791,56.08%
big_files/enwik6,binary,524288,32768,64,16,12,15,15,15,15,15,6,16.65,99.46,513600,51.36%
big_files/enwik6,binary,524288,32768,64,128,12,15,15,15,15,15,6,13.46,114.36,430043,43.00%
big_files/enwik6,binary,524288,32768,64,1024,12,15,15,15,15,15,6,13.11,125.87,414575,41.46%
big_files/enwik6,binary,524288,32768,64,999999999,12,15,15,15,15,15,6,14.01,115.93,414479,41.45%
big_files/enwik6,binary,524288,32768,64,1,15,15,15,15,15,15,6,19.83,98.51,524421,52.44%
big_files/enwik6,binary,524288,32768,64,4,15,15,15,15,15,15,6,16.85,110.29,522825,52.28%
big_files/enwik6,binary,524288,32768,64,16,15,15,15,15,15,15,6,16.56,110.75,476985,47.70%
big_files/enwik6,binary,524288,32768,64,128,15,15,15,15,15,15,6,13.63,116.97,418398,41.84%
big_files/enwik6,binary,524288,32768,64,1024,15,15,15,15,15,15,6,13.98,120.70,407747,40.77%
big_files/enwik6,binary,524288,32768,64,999999999,15,15,15,15,15,15,6,13.39,124.83,407667,40.77%
big_files/enwik6,binary,524288,32768,128,1,6,6,6,6,6,15,7,19.24,90.15,690361,69.04%
big_files/enwik6,binary,524288,32768,128,4,6,6,6,6,6,15,7,18.08,98.65,691902,69.19%
big_files/enwik6,binary,524288,32768,128,16,6,6,6,6,6,15,7,15.95,105.03,615735,61.57%
big_files/enwik6,binary,524288,32768,128,128,6,6,6,6,6,15,7,13.56,123.52,518506,51.85%
big_files/enwik6,binary,524288,32768,128,1024,6,6,6,6,6,15,7,13.80,124.52,500779,50.08%
big_files/enwik6,binary,524288,32768,128,999999999,6,6,6,6,6,15,7,13.83,126.91,500683,50.07%
big_files/enwik6,binary,524288,32768,128,1,6,6,6,6,12,15,7,18.24,96.46,685431,68.54%
big_files/enwik6,binary,524288,32768,128,4,6,6,6,6,12,15,7,17.33,103.02,688167,68.82%
big_files/enwik6,binary,524288,32768,128,16,6,6,6,6,12,15,7,16.22,108.92,611947,61.19%
big_files/enwik6,binary,524288,32768,128,128,6,6,6,6,12,15,7,14.42,125.51,513731,51.37%
big_files/enwik6,binary,524288,32768,128,1024,6,6,6,6,12,15,7,13.61,116.79,495607,49.56%
big_files/enwik6,binary,524288,32768,128,999999999,6,6,6,6,12,15,7,13.63,137.99,495512,49.55%
big_files/enwik6,binary,524288,32768,128,1,6,6,6,6,15,15,7,19.04,100.82,685251,68.53%
big_files/enwik6,binary,524288,32768,128,4,6,6,6,6,15,15,7,18.51,104.21,686726,68.67%
big_files/enwik6,binary,524288,32768,128,16,6,6,6,6,15,15,7,16.17,107.77,609576,60.96%
big_files/enwik6,binary,524288,32768,128,128,6,6,6,6,15,15,7,13.98,125.03,510434,51.04%
big_files/enwik6,binary,524288,32768,128,1024,6,6,6,6,15,15,7,13.16,131.04,492266,49.23%
big_files/enwik6,binary,524288,32768,128,999999999,6,6,6,6,15,15,7,14.28,131.65,492172,49.22%
big_files/enwik6,binary,524288,32768,128,1,6,6,6,12,12,15,7,18.85,92.42,677527,67.75%
big_files/enwik6,binary,524288,32768,128,4,6,6,6,12,12,15,7,17.36,95.85,681814,68.18%
big_files/enwik6,binary,524288,32768,128,16,6,6,6,12,12,15,7,15.82,108.62,606772,60.68%
big_files/enwik6,binary,524288,32768,128,128,6,6,6,12,12,15,7,14.59,135.26,507069,50.71%
big_files/enwik6,binary,524288,32768,128,1024,6,6,6,12,12,15,7,13.62,128.09,488431,48.84%
big_files/enwik6,binary,524288,32768,128,999999999,6,6,6,12,12,15,7,14.38,131.29,488336,48.83%
big_files/enwik6,binary,524288,32768,128,1,6,6,6,12,15,15,7,18.89,104.05,677348,67.73%
big_files/enwik6,binary,524288,32768,128,4,6,6,6,12,15,15,7,18.40,101.02,680373,68.04%
big_files/enwik6,binary,524288,32768,128,16,6,6,6,12,15,15,7,14.64,107.04,604401,60.44%
big_files/enwik6,binary,524288,32768,128,128,6,6,6,12,15,15,7,14.30,128.46,503771,50.38%
big_files/enwik6,binary,524288,32768,128,1024,6,6,6,12,15,15,7,13.63,123.19,485090,48.51%
big_files/enwik6,binary,524288,32768,128,999999999,6,6,6,12,15,15,7,14.00,112.85,484996,48.50%
big_files/enwik6,binary,524288,32768,128,1,6,6,6,15,15,15,7,18.85,95.63,676775,67.68%
big_files/enwik6,binary,524288,32768,128,4,6,6,6,15,15,15,7,17.28,102.64,677530,67.75%
big_files/enwik6,binary,524288,32768,128,16,6,6,6,15,15,15,7,16.47,109.58,599729,59.97%
big_files/enwik6,binary,524288,32768,128,128,6,6,6,15,15,15,7,14.30,126.30,499495,49.95%
big_files/enwik6,binary,524288,32768,128,1024,6,6,6,15,15,15,7,13.51,128.97,480814,48.08%
big_files/enwik6,binary,524288,32768,128,999999999,6,6,6,15,15,15,7,13.58,121.26,480723,48.07%
big_files/enwik6,binary,524288,32768,128,1,6,6,12,12,12,15,7,18.28,99.21,665382,66.54%
big_files/enwik6,binary,524288,32768,128,4,6,6,12,12,12,15,7,18.33,98.94,672371,67.24%
big_files/enwik6,binary,524288,32768,128,16,6,6,12,12,12,15,7,15.36,108.47,599336,59.93%
big_files/enwik6,binary,524288,32768,128,128,6,6,12,12,12,15,7,13.43,118.40,498301,49.83%
big_files/enwik6,binary,524288,32768,128,1024,6,6,12,12,12,15,7,14.01,131.77,479059,47.91%
big_files/enwik6,binary,524288,32768,128,999999999,6,6,12,12,12,15,7,13.24,118.93,478967,47.90%
big_files/enwik6,binary,524288,32768,128,1,6,6,12,12,15,15,7,18.43,106.66,665203,66.52%
big_files/enwik6,binary,524288,32768,128,4,6,6,12,12,15,15,7,17.32,85.53,670930,67.09%
big_files/enwik6,binary,524288,32768,128,16,6,6,12,12,15,15,7,15.61,105.47,596965,59.70%
big_files/enwik6,binary,524288,32768,128,128,6,6,12,12,15,15,7,13.04,112.54,495003,49.50%
big_files/enwik6,binary,524288,32768,128,1024,6,6,12,12,15,15,7,12.85,130.04,475719,47.57%
big_files/enwik6,binary,524288,32768,128,999999999,6,6,12,12,15,15,7,13.07,121.24,475628,47.56%
big_files/enwik6,binary,524288,32768,128,1,6,6,12,15,15,15,7,19.10,105.17,664630,66.46%
big_files/enwik6,binary,524288,32768,128,4,6,6,12,15,15,15,7,18.00,94.79,668087,66.81%
big_files/enwik6,binary,524288,32768,128,16,6,6,12,15,15,15,7,16.43,102.22,592294,59.23%
big_files/enwik6,binary,524288,32768,128,128,6,6,12,15,15,15,7,13.31,122.95,490727,49.07%
big_files/enwik6,binary,524288,32768,128,1024,6,6,12,15,15,15,7,13.63,134.71,471443,47.14%
big_files/enwik6,binary,524288,32768,128,999999999,6,6,12,15,15,15,7,13.41,123.90,471354,47.14%
big_files/enwik6,binary,524288,32768,128,1,6,6,15,15,15,15,7,18.99,98.20,663364,66.34%
big_files/enwik6,binary,524288,32768,128,4,6,6,15,15,15,15,7,17.34,101.86,662896,66.29%
big_files/enwik6,binary,524288,32768,128,16,6,6,15,15,15,15,7,16.77,101.47,584820,58.48%
big_files/enwik6,binary,524288,32768,128,128,6,6,15,15,15,15,7,13.89,115.86,483723,48.37%
big_files/enwik6,binary,524288,32768,128,1024,6,6,15,15,15,15,7,14.52,114.67,464790,46.48%
big_files/enwik6,binary,524288,32768,128,999999999,6,6,15,15,15,15,7,13.70,107.03,464705,46.47%
big_files/enwik6,binary,524288,32768,128,1,6,12,12,12,12,15,7,18.40,88.99,634895,63.49%
big_files/enwik6,binary,524288,32768,128,4,6,12,12,12,12,15,7,17.14,98.47,648616,64.86%
big_files/enwik6,binary,524288,32768,128,16,6,12,12,12,12,15,7,16.00,104.67,582681,58.27%
big_files/enwik6,binary,524288,32768,128,128,6,12,12,12,12,15,7,14.41,125.59,484542,48.45%
big_files/enwik6,binary,524288,32768,128,1024,6,12,12,12,12,15,7,13.16,128.68,464907,46.49%
big_files/enwik6,binary,524288,32768,128,999999999,6,12,12,12,12,15,7,13.16,126.28,464815,46.48%
big_files/enwik6,binary,524288,32768,128,1,6,12,12,12,15,15,7,18.26,101.62,634715,63.47%
big_files/enwik6,binary,524288,32768,128,4,6,12,12,12,15,15,7,17.80,103.51,647175,64.72%
big_files/enwik6,binary,524288,32768,128,16,6,12,12,12,15,15,7,15.87,105.83,580309,58.03%
big_files/enwik6,binary,524288,32768,128,128,6,12,12,12,15,15,7,14.25,121.47,481245,48.12%
big_files/enwik6,binary,524288,32768,128,1024,6,12,12,12,15,15,7,13.86,130.99,461566,46.16%
big_files/enwik6,binary,524288,32768,128,999999999,6,12,12,12,15,15,7,14.15,132.92,461476,46.15%
big_files/enwik6,binary,524288,32768,128,1,6,12,12,15,15,15,7,18.84,95.88,634142,63.41%
big_files/enwik6,binary,524288,32768,128,4,6,12,12,15,15,15,7,17.44,103.62,644331,64.43%
big_files/enwik6,binary,524288,32768,128,16,6,12,12,15,15,15,7,16.29,106.16,575639,57.56%
big_files/enwik6,binary,524288,32768,128,128,6,12,12,15,15,15,7,13.86,128.56,476968,47.70%
big_files/enwik6,binary,524288,32768,128,1024,6,12,12,15,15,15,7,13.60,131.28,457290,45.73%
big_files/enwik6,binary,524288,32768,128,999999999,6,12,12,15,15,15,7,13.60,132.38,457202,45.72%
big_files/enwik6,binary,524288,32768,128,1,6,12,15,15,15,15,7,19.18,105.24,632878,63.29%
big_files/enwik6,binary,524288,32768,128,4,6,12,15,15,15,15,7,18.51,104.80,639141,63.91%
big_files/enwik6,binary,524288,32768,128,16,6,12,15,15,15,15,7,15.18,109.91,568165,56.82%
big_files/enwik6,binary,524288,32768,128,128,6,12,15,15,15,15,7,14.32,123.19,469964,47.00%
big_files/enwik6,binary,524288,32768,128,1024,6,12,15,15,15,15,7,13.63,120.58,450637,45.06%
big_files/enwik6,binary,524288,32768,128,999999999,6,12,15,15,15,15,7,13.99,126.90,450552,45.06%
big_files/enwik6,binary,524288,32768,128,1,6,15,15,15,15,15,7,18.76,87.61,628598,62.86%
big_files/enwik6,binary,524288,32768,128,4,6,15,15,15,15,15,7,17.92,106.55,625999,62.60%
big_files/enwik6,binary,524288,32768,128,16,6,15,15,15,15,15,7,16.18,106.03,551683,55.17%
big_files/enwik6,binary,524288,32768,128,128,6,15,15,15,15,15,7,14.06,127.74,456729,45.67%
big_files/enwik6,binary,524288,32768,128,1024,6,15,15,15,15,15,7,13.19,118.81,440653,44.07%
big_files/enwik6,binary,524288,32768,128,999999999,6,15,15,15,15,15,7,12.88,114.91,440580,44.06%
big_files/enwik6,binary,524288,32768,128,1,12,12,12,12,12,15,7,18.67,88.77,553168,55.32%
big_files/enwik6,binary,524288,32768,128,4,12,12,12,12,12,15,7,16.23,101.54,592600,59.26%
big_files/enwik6,binary,524288,32768,128,16,12,12,12,12,12,15,7,15.93,106.44,553389,55.34%
big_files/enwik6,binary,524288,32768,128,128,12,12,12,12,12,15,7,13.35,119.60,463922,46.39%
big_files/enwik6,binary,524288,32768,128,1024,12,12,12,12,12,15,7,13.67,120.46,444452,44.45%
big_files/enwik6,binary,524288,32768,128,999999999,12,12,12,12,12,15,7,13.74,120.26,444360,44.44%
big_files/enwik6,binary,524288,32768,128,1,12,12,12,12,15,15,7,18.23,102.80,552988,55.30%
big_files/enwik6,binary,524288,32768,128,4,12,12,12,12,15,15,7,18.80,93.38,591160,59.12%
big_files/enwik6,binary,524288,32768,128,16,12,12,12,12,15,15,7,15.43,105.90,551018,55.10%
big_files/enwik6,binary,524288,32768,128,128,12,12,12,12,15,15,7,14.00,120.33,460624,46.06%
big_files/enwik6,binary,524288,32768,128,1024,12,12,12,12,15,15,7,13.08,129.83,441111,44.11%
big_files/enwik6,binary,524288,32768,128,999999999,12,12,12,12,15,15,7,13.52,126.30,441020,44.10%
big_files/enwik6,binary,524288,32768,128,1,12,12,12,15,15,15,7,19.28,109.91,552417,55.24%
big_files/enwik6,binary,524288,32768,128,4,12,12,12,15,15,15,7,18.26,101.73,588316,58.83%
big_files/enwik6,binary,524288,32768,128,16,12,12,12,15,15,15,7,16.41,112.20,546346,54.63%
big_files/enwik6,binary,524288,32768,128,128,12,12,12,15,15,15,7,14.70,116.68,456348,45.63%
big_files/enwik6,binary,524288,32768,128,1024,12,12,12,15,15,15,7,13.31,137.57,436835,43.68%
big_files/enwik6,binary,524288,32768,128,999999999,12,12,12,15,15,15,7,13.38,111.90,436747,43.67%
big_files/enwik6,binary,524288,32768,128,1,12,12,15,15,15,15,7,18.91,98.48,551151,55.12%
big_files/enwik6,binary,524288,32768,128,4,12,12,15,15,15,15,7,17.31,94.10,583125,58.31%
big_files/enwik6,binary,524288,32768,128,16,12,12,15,15,15,15,7,16.03,105.28,538873,53.89%
big_files/enwik6,binary,524288,32768,128,128,12,12,15,15,15,15,7,13.51,115.82,449344,44.93%
big_files/enwik6,binary,524288,32768,128,1024,12,12,15,15,15,15,7,13.24,110.21,430181,43.02%
big_files/enwik6,binary,524288,32768,128,999999999,12,12,15,15,15,15,7,12.88,131.64,430097,43.01%
big_files/enwik6,binary,524288,32768,128,1,12,15,15,15,15,15,7,19.63,98.23,546871,54.69%
big_files/enwik6,binary,524288,32768,128,4,12,15,15,15,15,15,7,17.38,94.69,569984,57.00%
big_files/enwik6,binary,524288,32768,128,16,12,15,15,15,15,15,7,16.85,112.76,522391,52.24%
big_files/enwik6,binary,524288,32768,128,128,12,15,15,15,15,15,7,14.16,124.86,436109,43.61%
big_files/enwik6,binary,524288,32768,128,1024,12,15,15,15,15,15,7,13.41,127.15,420198,42.02%
big_files/enwik6,binary,524288,32768,128,999999999,12,15,15,15,15,15,7,13.47,120.92,420125,42.01%
big_files/enwik6,binary,524288,32768,128,1,15,15,15,15,15,15,7,18.83,107.18,525960,52.60%
big_files/enwik6,binary,524288,32768,128,4,15,15,15,15,15,15,7,16.60,108.03,524372,52.44%
big_files/enwik6,binary,524288,32768,128,16,15,15,15,15,15,15,7,16.65,105.06,479316,47.93%
big_files/enwik6,binary,524288,32768,128,128,15,15,15,15,15,15,7,14.05,119.83,421854,42.19%
big_files/enwik6,binary,524288,32768,128,1024,15,15,15,15,15,15,7,14.24,125.51,411453,41.15%
big_files/enwik6,binary,524288,32768,128,999999999,15,15,15,15,15,15,7,13.96,123.17,411393,41.14%
big_files/enwik6,binary,524288,32768,256,1,6,6,6,6,6,15,8,18.83,100.20,714099,71.41%
big_files/enwik6,binary,524288,32768,256,4,6,6,6,6,6,15,8,16.92,91.08,715832,71.58%
big_files/enwik6,binary,524288,32768,256,16,6,6,6,6,6,15,8,16.21,105.83,636766,63.68%
big_files/enwik6,binary,524288,32768,256,128,6,6,6,6,6,15,8,13.49,121.76,536051,53.61%
big_files/enwik6,binary,524288,32768,256,1024,6,6,6,6,6,15,8,13.26,126.36,517656,51.77%
big_files/enwik6,binary,524288,32768,256,999999999,6,6,6,6,6,15,8,13.08,122.82,517567,51.76%
big_files/enwik6,binary,524288,32768,256,1,6,6,6,6,12,15,8,18.53,91.33,708648,70.86%
big_files/enwik6,binary,524288,32768,256,4,6,6,6,6,12,15,8,17.82,90.42,711702,71.17%
big_files/enwik6,binary,524288,32768,256,16,6,6,6,6,12,15,8,15.54,103.36,632563,63.26%
big_files/enwik6,binary,524288,32768,256,128,6,6,6,6,12,15,8,12.84,110.03,530743,53.07%
big_files/enwik6,binary,524288,32768,256,1024,6,6,6,6,12,15,8,12.87,122.14,511909,51.19%
big_files/enwik6,binary,524288,32768,256,999999999,6,6,6,6,12,15,8,13.05,126.15,511822,51.18%
big_files/enwik6,binary,524288,32768,256,1,6,6,6,6,15,15,8,16.91,96.40,708196,70.82%
big_files/enwik6,binary,524288,32768,256,4,6,6,6,6,15,15,8,17.59,102.36,709863,70.99%
big_files/enwik6,binary,524288,32768,256,16,6,6,6,6,15,15,8,15.03,92.97,629649,62.96%
big_files/enwik6,binary,524288,32768,256,128,6,6,6,6,15,15,8,13.55,115.29,526712,52.67%
big_files/enwik6,binary,524288,32768,256,1024,6,6,6,6,15,15,8,13.03,125.42,507809,50.78%
big_files/enwik6,binary,524288,32768,256,999999999,6,6,6,6,15,15,8,13.78,117.99,507723,50.77%
big_files/enwik6,binary,524288,32768,256,1,6,6,6,12,12,15,8,17.97,95.79,699924,69.99%
big_files/enwik6,binary,524288,32768,256,4,6,6,6,12,12,15,8,18.11,89.45,704713,70.47%
big_files/enwik6,binary,524288,32768,256,16,6,6,6,12,12,15,8,15.62,102.69,626829,62.68%
big_files/enwik6,binary,524288,32768,256,128,6,6,6,12,12,15,8,13.90,114.89,523347,52.33%
big_files/enwik6,binary,524288,32768,256,1024,6,6,6,12,12,15,8,13.78,121.25,503947,50.39%
big_files/enwik6,binary,524288,32768,256,999999999,6,6,6,12,12,15,8,14.02,110.24,503859,50.39%
big_files/enwik6,binary,524288,32768,256,1,6,6,6,12,15,15,8,18.32,99.51,699472,69.95%
big_files/enwik6,binary,524288,32768,256,4,6,6,6,12,15,15,8,17.88,94.79,702874,70.29%
big_files/enwik6,binary,524288,32768,256,16,6,6,6,12,15,15,8,15.88,108.24,623916,62.39%
big_files/enwik6,binary,524288,32768,256,128,6,6,6,12,15,15,8,13.57,124.76,519316,51.93%
big_files/enwik6,binary,524288,32768,256,1024,6,6,6,12,15,15,8,12.91,126.95,499846,49.98%
big_files/enwik6,binary,524288,32768,256,999999999,6,6,6,12,15,15,8,13.46,118.68,499760,49.98%
big_files/enwik6,binary,524288,32768,256,1,6,6,6,15,15,15,8,18.79,93.00,698432,69.84%
big_files/enwik6,binary,524288,32768,256,4,6,6,6,15,15,15,8,17.53,95.53,699310,69.93%
big_files/enwik6,binary,524288,32768,256,16,6,6,6,15,15,15,8,16.85,101.50,618298,61.83%
big_files/enwik6,binary,524288,32768,256,128,6,6,6,15,15,15,8,13.84,117.16,514062,51.41%
big_files/enwik6,binary,524288,32768,256,1024,6,6,6,15,15,15,8,13.60,123.19,494568,49.46%
big_files/enwik6,binary,524288,32768,256,999999999,6,6,6,15,15,15,8,12.94,120.77,494485,49.45%
big_files/enwik6,binary,524288,32768,256,1,6,6,12,12,12,15,8,19.08,104.91,686509,68.65%
big_files/enwik6,binary,524288,32768,256,4,6,6,12,12,12,15,8,16.84,95.36,694286,69.43%
big_files/enwik6,binary,524288,32768,256,16,6,6,12,12,12,15,8,15.18,103.06,618597,61.86%
big_files/enwik6,binary,524288,32768,256,128,6,6,12,12,12,15,8,13.65,122.85,513624,51.36%
big_files/enwik6,binary,524288,32768,256,1024,6,6,12,12,12,15,8,13.43,121.26,493558,49.36%
big_files/enwik6,binary,524288,32768,256,999999999,6,6,12,12,12,15,8,11.82,117.97,493473,49.35%
big_files/enwik6,binary,524288,32768,256,1,6,6,12,12,15,15,8,17.43,92.88,686057,68.61%
big_files/enwik6,binary,524288,32768,256,4,6,6,12,12,15,15,8,17.54,102.69,692447,69.24%
big_files/enwik6,binary,524288,32768,256,16,6,6,12,12,15,15,8,15.74,106.30,615684,61.57%
big_files/enwik6,binary,524288,32768,256,128,6,6,12,12,15,15,8,14.30,125.02,509593,50.96%
big_files/enwik6,binary,524288,32768,256,1024,6,6,12,12,15,15,8,13.25,125.34,489458,48.95%
big_files/enwik6,binary,524288,32768,256,999999999,6,6,12,12,15,15,8,13.21,115.90,489375,48.94%
big_files/enwik6,binary,524288,32768,256,1,6,6,12,15,15,15,8,17.32,89.35,685017,68.50%
big_files/enwik6,binary,524288,32768,256,4,6,6,12,15,15,15,8,17.59,100.11,688883,68.89%
big_files/enwik6,binary,524288,32768,256,16,6,6,12,15,15,15,8,16.28,96.62,610066,61.01%
big_files/enwik6,binary,524288,32768,256,128,6,6,12,15,15,15,8,13.52,127.16,504338,50.43%
big_files/enwik6,binary,524288,32768,256,1024,6,6,12,15,15,15,8,13.79,133.21,484179,48.42%
big_files/enwik6,binary,524288,32768,256,999999999,6,6,12,15,15,15,8,13.27,127.80,484098,48.41%
big_files/enwik6,binary,524288,32768,256,1,6,6,15,15,15,15,8,18.51,93.52,682984,68.30%
big_files/enwik6,binary,524288,32768,256,4,6,6,15,15,15,15,8,18.12,95.20,682502,68.25%
big_files/enwik6,binary,524288,32768,256,16,6,6,15,15,15,15,8,16.04,106.36,601144,60.11%
big_files/enwik6,binary,524288,32768,256,128,6,6,15,15,15,15,8,14.29,122.26,495874,49.59%
big_files/enwik6,binary,524288,32768,256,1024,6,6,15,15,15,15,8,13.20,127.94,476090,47.61%
big_files/enwik6,binary,524288,32768,256,999999999,6,6,15,15,15,15,8,14.18,123.29,476012,47.60%
big_files/enwik6,binary,524288,32768,256,1,6,12,12,12,12,15,8,19.28,104.02,653182,65.32%
big_files/enwik6,binary,524288,32768,256,4,6,12,12,12,12,15,8,18.17,101.25,668346,66.83%
big_files/enwik6,binary,524288,32768,256,16,6,12,12,12,12,15,8,15.88,108.51,600365,60.04%
big_files/enwik6,binary,524288,32768,256,128,6,12,12,12,12,15,8,14.64,121.09,498530,49.85%
big_files/enwik6,binary,524288,32768,256,1024,6,12,12,12,12,15,8,13.51,128.50,478029,47.80%
big_files/enwik6,binary,524288,32768,256,999999999,6,12,12,12,12,15,8,13.86,118.48,477946,47.79%
big_files/enwik6,binary,524288,32768,256,1,6,12,12,12,15,15,8,18.61,99.31,652730,65.27%
big_files/enwik6,binary,524288,32768,256,4,6,12,12,12,15,15,8,18.23,101.79,666507,66.65%
big_files/enwik6,binary,524288,32768,256,16,6,12,12,12,15,15,8,16.26,104.22,597452,59.75%
big_files/enwik6,binary,524288,32768,256,128,6,12,12,12,15,15,8,14.79,107.23,494498,49.45%
big_files/enwik6,binary,524288,32768,256,1024,6,12,12,12,15,15,8,13.48,120.59,473929,47.39%
big_files/enwik6,binary,524288,32768,256,999999999,6,12,12,12,15,15,8,14.16,117.93,473847,47.38%
big_files/enwik6,binary,524288,32768,256,1,6,12,12,15,15,15,8,18.55,102.10,651689,65.17%
big_files/enwik6,binary,524288,32768,256,4,6,12,12,15,15,15,8,18.03,90.81,662944,66.29%
big_files/enwik6,binary,524288,32768,256,16,6,12,12,15,15,15,8,15.76,107.14,591835,59.18%
big_files/enwik6,binary,524288,32768,256,128,6,12,12,15,15,15,8,14.80,111.48,489244,48.92%
big_files/enwik6,binary,524288,32768,256,1024,6,12,12,15,15,15,8,13.55,132.56,468651,46.87%
big_files/enwik6,binary,524288,32768,256,999999999,6,12,12,15,15,15,8,13.67,126.79,468572,46.86%
big_files/enwik6,binary,524288,32768,256,1,6,12,15,15,15,15,8,17.10,99.30,649657,64.97%
big_files/enwik6,binary,524288,32768,256,4,6,12,15,15,15,15,8,17.77,97.73,656562,65.66%
big_files/enwik6,binary,524288,32768,256,16,6,12,15,15,15,15,8,16.00,113.56,582913,58.29%
big_files/enwik6,binary,524288,32768,256,128,6,12,15,15,15,15,8,14.65,120.28,480779,48.08%
big_files/enwik6,binary,524288,32768,256,1024,6,12,15,15,15,15,8,13.54,133.16,460561,46.06%
big_files/enwik6,binary,524288,32768,256,999999999,6,12,15,15,15,15,8,13.72,126.24,460485,46.05%
big_files/enwik6,binary,524288,32768,256,1,6,15,15,15,15,15,8,19.20,99.43,643714,64.37%
big_files/enwik6,binary,524288,32768,256,4,6,15,15,15,15,15,8,16.36,95.07,640925,64.09%
big_files/enwik6,binary,524288,32768,256,16,6,15,15,15,15,15,8,16.16,115.02,563740,56.37%
big_files/enwik6,binary,524288,32768,256,128,6,15,15,15,15,15,8,13.78,109.12,465333,46.53%
big_files/enwik6,binary,524288,32768,256,1024,6,15,15,15,15,15,8,14.14,129.78,448755,44.88%
big_files/enwik6,binary,524288,32768,256,999999999,6,15,15,15,15,15,8,13.64,118.53,448693,44.87%
big_files/enwik6,binary,524288,32768,256,1,12,12,12,12,12,15,8,19.25,106.09,563927,56.39%
big_files/enwik6,binary,524288,32768,256,4,12,12,12,12,12,15,8,17.49,103.07,607213,60.72%
big_files/enwik6,binary,524288,32768,256,16,12,12,12,12,12,15,8,16.21,113.45,568340,56.83%
big_files/enwik6,binary,524288,32768,256,128,12,12,12,12,12,15,8,14.09,121.19,475923,47.59%
big_files/enwik6,binary,524288,32768,256,1024,12,12,12,12,12,15,8,14.23,132.72,455592,45.56%
big_files/enwik6,binary,524288,32768,256,999999999,12,12,12,12,12,15,8,13.47,117.50,455509,45.55%
big_files/enwik6,binary,524288,32768,256,1,12,12,12,12,15,15,8,19.13,101.35,563476,56.35%
big_files/enwik6,binary,524288,32768,256,4,12,12,12,12,15,15,8,16.91,96.60,605374,60.54%
big_files/enwik6,binary,524288,32768,256,16,12,12,12,12,15,15,8,16.57,101.87,565427,56.54%
big_files/enwik6,binary,524288,32768,256,128,12,12,12,12,15,15,8,13.33,114.64,471892,47.19%
big_files/enwik6,binary,524288,32768,256,1024,12,12,12,12,15,15,8,13.54,134.29,451492,45.15%
big_files/enwik6,binary,524288,32768,256,999999999,12,12,12,12,15,15,8,13.54,132.74,451410,45.14%
big_files/enwik6,binary,524288,32768,256,1,12,12,12,15,15,15,8,19.25,88.19,562435,56.24%
big_files/enwik6,binary,524288,32768,256,4,12,12,12,15,15,15,8,16.52,93.97,601811,60.18%
big_files/enwik6,binary,524288,32768,256,16,12,12,12,15,15,15,8,16.38,114.76,559809,55.98%
big_files/enwik6,binary,524288,32768,256,128,12,12,12,15,15,15,8,13.51,118.80,466637,46.66%
big_files/enwik6,binary,524288,32768,256,1024,12,12,12,15,15,15,8,13.44,108.16,446214,44.62%
big_files/enwik6,binary,524288,32768,256,999999999,12,12,12,15,15,15,8,13.45,122.36,446135,44.61%
big_files/enwik6,binary,524288,32768,256,1,12,12,15,15,15,15,8,17.70,92.98,560402,56.04%
big_files/enwik6,binary,524288,32768,256,4,12,12,15,15,15,15,8,16.32,98.38,595429,59.54%
big_files/enwik6,binary,524288,32768,256,16,12,12,15,15,15,15,8,16.50,103.52,550886,55.09%
big_files/enwik6,binary,524288,32768,256,128,12,12,15,15,15,15,8,13.34,115.33,458173,45.82%
big_files/enwik6,binary,524288,32768,256,1024,12,12,15,15,15,15,8,12.96,126.11,438124,43.81%
big_files/enwik6,binary,524288,32768,256,999999999,12,12,15,15,15,15,8,13.66,123.65,438048,43.80%
big_files/enwik6,binary,524288,32768,256,1,12,15,15,15,15,15,8,17.06,94.39,554460,55.45%
big_files/enwik6,binary,524288,32768,256,4,12,15,15,15,15,15,8,18.36,95.13,579792,57.98%
big_files/enwik6,binary,524288,32768,256,16,12,15,15,15,15,15,8,14.84,97.97,531715,53.17%
big_files/enwik6,binary,524288,32768,256,128,12,15,15,15,15,15,8,13.50,119.33,442727,44.27%
big_files/enwik6,binary,524288,32768,256,1024,12,15,15,15,15,15,8,12.95,128.30,426318,42.63%
big_files/enwik6,binary,524288,32768,256,999999999,12,15,15,15,15,15,8,13.91,130.76,426256,42.63%
big_files/enwik6,binary,524288,32768,256,1,15,15,15,15,15,15,8,16.57,105.75,528016,52.80%
big_files/enwik6,binary,524288,32768,256,4,15,15,15,15,15,15,8,17.83,107.27,526509,52.65%
big_files/enwik6,binary,524288,32768,256,16,15,15,15,15,15,15,8,15.95,101.99,482187,48.22%
big_files/enwik6,binary,524288,32768,256,128,15,15,15,15,15,15,8,13.87,115.25,425859,42.59%
big_files/enwik6,binary,524288,32768,256,1024,15,15,15,15,15,15,8,12.90,119.30,415654,41.57%
big_files/enwik6,binary,524288,32768,256,999999999,15,15,15,15,15,15,8,13.45,113.09,415604,41.56%
big_files/enwik6,binary,524288,32768,258,1,6,6,6,6,6,15,8,17.94,96.55,714160,71.42%
big_files/enwik6,binary,524288,32768,258,4,6,6,6,6,6,15,8,17.18,86.64,715836,71.58%
big_files/enwik6,binary,524288,32768,258,16,6,6,6,6,6,15,8,15.47,101.11,636756,63.68%
big_files/enwik6,binary,524288,32768,258,128,6,6,6,6,6,15,8,12.92,117.38,536051,53.61%
big_files/enwik6,binary,524288,32768,258,1024,6,6,6,6,6,15,8,13.20,126.30,517656,51.77%
big_files/enwik6,binary,524288,32768,258,999999999,6,6,6,6,6,15,8,13.13,114.42,517567,51.76%
big_files/enwik6,binary,524288,32768,258,1,6,6,6,6,12,15,8,18.67,90.63,708709,70.87%
big_files/enwik6,binary,524288,32768,258,4,6,6,6,6,12,15,8,17.08,87.54,711706,71.17%
big_files/enwik6,binary,524288,32768,258,16,6,6,6,6,12,15,8,15.89,110.27,632553,63.26%
big_files/enwik6,binary,524288,32768,258,128,6,6,6,6,12,15,8,13.57,106.37,530743,53.07%
big_files/enwik6,binary,524288,32768,258,1024,6,6,6,6,12,15,8,13.22,121.69,511909,51.19%
big_files/enwik6,binary,524288,32768,258,999999999,6,6,6,6,12,15,8,13.15,121.62,511822,51.18%
big_files/enwik6,binary,524288,32768,258,1,6,6,6,6,15,15,8,17.72,99.56,708257,70.83%
big_files/enwik6,binary,524288,32768,258,4,6,6,6,6,15,15,8,16.57,98.04,709867,70.99%
big_files/enwik6,binary,524288,32768,258,16,6,6,6,6,15,15,8,16.70,108.91,629639,62.96%
big_files/enwik6,binary,524288,32768,258,128,6,6,6,6,15,15,8,13.55,127.63,526712,52.67%
big_files/enwik6,binary,524288,32768,258,1024,6,6,6,6,15,15,8,13.49,117.96,507809,50.78%
big_files/enwik6,binary,524288,32768,258,999999999,6,6,6,6,15,15,8,13.00,127.11,507723,50.77%
big_files/enwik6,binary,524288,32768,258,1,6,6,6,12,12,15,8,19.59,88.89,699988,70.00%
big_files/enwik6,binary,524288,32768,258,4,6,6,6,12,12,15,8,17.74,93.10,704715,70.47%
big_files/enwik6,binary,524288,32768,258,16,6,6,6,12,12,15,8,16.16,109.05,626819,62.68%
big_files/enwik6,binary,524288,32768,258,128,6,6,6,12,12,15,8,13.83,114.26,523347,52.33%
big_files/enwik6,binary,524288,32768,258,1024,6,6,6,12,12,15,8,13.80,123.85,503947,50.39%
big_files/enwik6,binary,524288,32768,258,999999999,6,6,6,12,12,15,8,13.40,126.91,503859,50.39%
big_files/enwik6,binary,524288,32768,258,1,6,6,6,12,15,15,8,17.68,96.06,699536,69.95%
big_files/enwik6,binary,524288,32768,258,4,6,6,6,12,15,15,8,17.45,96.03,702876,70.29%
big_files/enwik6,binary,524288,32768,258,16,6,6,6,12,15,15,8,15.60,105.88,623906,62.39%
big_files/enwik6,binary,524288,32768,258,128,6,6,6,12,15,15,8,14.42,123.77,519316,51.93%
big_files/enwik6,binary,524288,32768,258,1024,6,6,6,12,15,15,8,13.95,117.76,499846,49.98%
big_files/enwik6,binary,524288,32768,258,999999999,6,6,6,12,15,15,8,13.87,125.13,499760,49.98%
big_files/enwik6,binary,524288,32768,258,1,6,6,6,15,15,15,8,18.23,93.28,698495,69.85%
big_files/enwik6,binary,524288,32768,258,4,6,6,6,15,15,15,8,17.52,97.13,699313,69.93%
big_files/enwik6,binary,524288,32768,258,16,6,6,6,15,15,15,8,15.92,110.49,618288,61.83%
big_files/enwik6,binary,524288,32768,258,128,6,6,6,15,15,15,8,13.83,113.74,514062,51.41%
big_files/enwik6,binary,524288,32768,258,1024,6,6,6,15,15,15,8,13.59,125.02,494568,49.46%
big_files/enwik6,binary,524288,32768,258,999999999,6,6,6,15,15,15,8,13.73,131.71,494485,49.45%
big_files/enwik6,binary,524288,32768,258,1,6,6,12,12,12,15,8,18.78,90.11,686572,68.66%
big_files/enwik6,binary,524288,32768,258,4,6,6,12,12,12,15,8,18.61,93.19,694288,69.43%
big_files/enwik6,binary,524288,32768,258,16,6,6,12,12,12,15,8,15.32,98.56,618587,61.86%
big_files/enwik6,binary,524288,32768,258,128,6,6,12,12,12,15,8,14.62,120.97,513624,51.36%
big_files/enwik6,binary,524288,32768,258,1024,6,6,12,12,12,15,8,13.11,122.56,493558,49.36%
big_files/enwik6,binary,524288,32768,258,999999999,6,6,12,12,12,15,8,14.27,136.90,493473,49.35%
big_files/enwik6,binary,524288,32768,258,1,6,6,12,12,15,15,8,18.33,92.51,686121,68.61%
big_files/enwik6,binary,524288,32768,258,4,6,6,12,12,15,15,8,18.16,99.24,692449,69.24%
big_files/enwik6,binary,524288,32768,258,16,6,6,12,12,15,15,8,15.50,105.62,615674,61.57%
big_files/enwik6,binary,524288,32768,258,128,6,6,12,12,15,15,8,13.67,121.44,509593,50.96%
big_files/enwik6,binary,524288,32768,258,1024,6,6,12,12,15,15,8,12.54,128.43,489458,48.95%
big_files/enwik6,binary,524288,32768,258,999999999,6,6,12,12,15,15,8,13.32,111.84,489375,48.94%
big_files/enwik6,binary,524288,32768,258,1,6,6,12,15,15,15,8,18.23,95.50,685079,68.51%
big_files/enwik6,binary,524288,32768,258,4,6,6,12,15,15,15,8,17.09,93.00,688886,68.89%
big_files/enwik6,binary,524288,32768,258,16,6,6,12,15,15,15,8,16.21,102.38,610056,61.01%
big_files/enwik6,binary,524288,32768,258,128,6,6,12,15,15,15,8,13.59,113.03,504338,50.43%
big_files/enwik6,binary,524288,32768,258,1024,6,6,12,15,15,15,8,13.37,124.75,484179,48.42%
big_files/enwik6,binary,524288,32768,258,999999999,6,6,12,15,15,15,8,13.24,119.28,484098,48.41%
big_files/enwik6,binary,524288,32768,258,1,6,6,15,15,15,15,8,18.05,93.87,683044,68.30%
big_files/enwik6,binary,524288,32768,258,4,6,6,15,15,15,15,8,16.74,98.32,682506,68.25%
big_files/enwik6,binary,524288,32768,258,16,6,6,15,15,15,15,8,14.89,106.77,601134,60.11%
big_files/enwik6,binary,524288,32768,258,128,6,6,15,15,15,15,8,13.94,107.49,495875,49.59%
big_files/enwik6,binary,524288,32768,258,1024,6,6,15,15,15,15,8,13.76,119.87,476090,47.61%
big_files/enwik6,binary,524288,32768,258,999999999,6,6,15,15,15,15,8,12.74,114.14,476012,47.60%
big_files/enwik6,binary,524288,32768,258,1,6,12,12,12,12,15,8,17.88,99.50,653241,65.32%
big_files/enwik6,binary,524288,32768,258,4,6,12,12,12,12,15,8,15.54,96.82,668348,66.83%
big_files/enwik6,binary,524288,32768,258,16,6,12,12,12,12,15,8,15.46,104.63,600355,60.04%
big_files/enwik6,binary,524288,32768,258,128,6,12,12,12,12,15,8,13.12,116.31,498530,49.85%
big_files/enwik6,binary,524288,32768,258,1024,6,12,12,12,12,15,8,14.01,124.55,478029,47.80%
big_files/enwik6,binary,524288,32768,258,999999999,6,12,12,12,12,15,8,13.79,122.22,477946,47.79%
big_files/enwik6,binary,524288,32768,258,1,6,12,12,12,15,15,8,19.47,91.98,652789,65.28%
big_files/enwik6,binary,524288,32768,258,4,6,12,12,12,15,15,8,17.59,100.56,666509,66.65%
big_files/enwik6,binary,524288,32768,258,16,6,12,12,12,15,15,8,16.79,105.11,597442,59.74%
big_files/enwik6,binary,524288,32768,258,128,6,12,12,12,15,15,8,13.83,121.56,494498,49.45%
big_files/enwik6,binary,524288,32768,258,1024,6,12,12,12,15,15,8,14.09,125.67,473929,47.39%
big_files/enwik6,binary,524288,32768,258,999999999,6,12,12,12,15,15,8,13.00,118.65,473847,47.38%
big_files/enwik6,binary,524288,32768,258,1,6,12,12,15,15,15,8,19.24,93.78,651748,65.17%
big_files/enwik6,binary,524288,32768,258,4,6,12,12,15,15,15,8,18.06,98.48,662946,66.29%
big_files/enwik6,binary,524288,32768,258,16,6,12,12,15,15,15,8,15.38,103.80,591824,59.18%
big_files/enwik6,binary,524288,32768,258,128,6,12,12,15,15,15,8,14.17,126.46,489244,48.92%
big_files/enwik6,binary,524288,32768,258,1024,6,12,12,15,15,15,8,12.77,128.81,468651,46.87%
big_files/enwik6,binary,524288,32768,258,999999999,6,12,12,15,15,15,8,13.96,125.82,468572,46.86%
big_files/enwik6,binary,524288,32768,258,1,6,12,15,15,15,15,8,17.26,88.85,649712,64.97%
big_files/enwik6,binary,524288,32768,258,4,6,12,15,15,15,15,8,18.43,102.51,656566,65.66%
big_files/enwik6,binary,524288,32768,258,16,6,12,15,15,15,15,8,16.32,109.25,582902,58.29%
big_files/enwik6,binary,524288,32768,258,128,6,12,15,15,15,15,8,14.07,128.29,480780,48.08%
big_files/enwik6,binary,524288,32768,258,1024,6,12,15,15,15,15,8,13.87,113.28,460561,46.06%
big_files/enwik6,binary,524288,32768,258,999999999,6,12,15,15,15,15,8,13.64,130.21,460485,46.05%
big_files/enwik6,binary,524288,32768,258,1,6,15,15,15,15,15,8,18.10,93.46,643769,64.38%
big_files/enwik6,binary,524288,32768,258,4,6,15,15,15,15,15,8,18.08,90.25,640928,64.09%
big_files/enwik6,binary,524288,32768,258,16,6,15,15,15,15,15,8,16.19,100.17,563729,56.37%
big_files/enwik6,binary,524288,32768,258,128,6,15,15,15,15,15,8,14.65,125.90,465334,46.53%
big_files/enwik6,binary,524288,32768,258,1024,6,15,15,15,15,15,8,13.57,122.38,448755,44.88%
big_files/enwik6,binary,524288,32768,258,999999999,6,15,15,15,15,15,8,14.14,134.04,448693,44.87%
big_files/enwik6,binary,524288,32768,258,1,12,12,12,12,12,15,8,17.30,102.92,563972,56.40%
big_files/enwik6,binary,524288,32768,258,4,12,12,12,12,12,15,8,18.84,104.79,607217,60.72%
big_files/enwik6,binary,524288,32768,258,16,12,12,12,12,12,15,8,15.52,99.75,568329,56.83%
big_files/enwik6,binary,524288,32768,258,128,12,12,12,12,12,15,8,14.09,120.25,475923,47.59%
big_files/enwik6,binary,524288,32768,258,1024,12,12,12,12,12,15,8,13.45,109.09,455592,45.56%
big_files/enwik6,binary,524288,32768,258,999999999,12,12,12,12,12,15,8,14.03,122.49,455509,45.55%
big_files/enwik6,binary,524288,32768,258,1,12,12,12,12,15,15,8,18.97,98.59,563522,56.35%
big_files/enwik6,binary,524288,32768,258,4,12,12,12,12,15,15,8,17.14,95.13,605378,60.54%
big_files/enwik6,binary,524288,32768,258,16,12,12,12,12,15,15,8,15.07,105.59,565417,56.54%
big_files/enwik6,binary,524288,32768,258,128,12,12,12,12,15,15,8,14.16,115.54,471892,47.19%
big_files/enwik6,binary,524288,32768,258,1024,12,12,12,12,15,15,8,14.04,124.64,451492,45.15%
big_files/enwik6,binary,524288,32768,258,999999999,12,12,12,12,15,15,8,13.70,117.84,451410,45.14%
big_files/enwik6,binary,524288,32768,258,1,12,12,12,15,15,15,8,18.67,105.72,562479,56.25%
big_files/enwik6,binary,524288,32768,258,4,12,12,12,15,15,15,8,17.26,100.63,601814,60.18%
big_files/enwik6,binary,524288,32768,258,16,12,12,12,15,15,15,8,16.68,114.63,559799,55.98%
big_files/enwik6,binary,524288,32768,258,128,12,12,12,15,15,15,8,14.00,115.82,466637,46.66%
big_files/enwik6,binary,524288,32768,258,1024,12,12,12,15,15,15,8,13.76,128.21,446214,44.62%
big_files/enwik6,binary,524288,32768,258,999999999,12,12,12,15,15,15,8,13.45,122.45,446135,44.61%
big_files/enwik6,binary,524288,32768,258,1,12,12,15,15,15,15,8,18.54,101.48,560444,56.04%
big_files/enwik6,binary,524288,32768,258,4,12,12,15,15,15,15,8,16.42,97.78,595434,59.54%
big_files/enwik6,binary,524288,32768,258,16,12,12,15,15,15,15,8,15.60,104.43,550876,55.09%
big_files/enwik6,binary,524288,32768,258,128,12,12,15,15,15,15,8,12.96,112.76,458174,45.82%
big_files/enwik6,binary,524288,32768,258,1024,12,12,15,15,15,15,8,12.89,117.96,438124,43.81%
big_files/enwik6,binary,524288,32768,258,999999999,12,12,15,15,15,15,8,12.48,107.53,438048,43.80%
big_files/enwik6,binary,524288,32768,258,1,12,15,15,15,15,15,8,18.04,96.48,554502,55.45%
big_files/enwik6,binary,524288,32768,258,4,12,15,15,15,15,15,8,17.16,100.37,579797,57.98%
big_files/enwik6,binary,524288,32768,258,16,12,15,15,15,15,15,8,15.51,102.84,531703,53.17%
big_files/enwik6,binary,524288,32768,258,128,12,15,15,15,15,15,8,12.97,115.97,442728,44.27%
big_files/enwik6,binary,524288,32768,258,1024,12,15,15,15,15,15,8,13.59,126.42,426318,42.63%
big_files/enwik6,binary,524288,32768,258,999999999,12,15,15,15,15,15,8,13.69,122.63,426256,42.63%
big_files/enwik6,binary,524288,32768,258,1,15,15,15,15,15,15,8,20.00,103.35,528059,52.81%
big_files/enwik6,binary,524288,32768,258,4,15,15,15,15,15,15,8,17.23,101.63,526511,52.65%
big_files/enwik6,binary,524288,32768,258,16,15,15,15,15,15,15,8,15.48,94.21,482181,48.22%
big_files/enwik6,binary,524288,32768,258,128,15,15,15,15,15,15,8,14.47,116.43,425859,42.59%
big_files/enwik6,binary,524288,32768,258,1024,15,15,15,15,15,15,8,14.45,117.41,415654,41.57%
big_files/enwik6,binary,524288,32768,258,999999999,15,15,15,15,15,15,8,13.95,118.73,415604,41.56%
big_files/enwik6,binary,524288,131072,4,1,6,6,6,6,6,17,1,18.85,85.61,776657,77.67%
big_files/enwik6,binary,524288,131072,4,4,6,6,6,6,6,17,1,16.64,98.71,792285,79.23%
big_files/enwik6,binary,524288,131072,4,16,6,6,6,6,6,17,1,14.44,89.67,780391,78.04%
big_files/enwik6,binary,524288,131072,4,128,6,6,6,6,6,17,1,7.75,92.77,717544,71.75%
big_files/enwik6,binary,524288,131072,4,1024,6,6,6,6,6,17,1,5.29,108.99,676554,67.66%
big_files/enwik6,binary,524288,131072,4,999999999,6,6,6,6,6,17,1,5.15,113.81,671057,67.11%
big_files/enwik6,binary,524288,131072,4,1,6,6,6,6,12,17,1,19.05,93.29,776657,77.67%
big_files/enwik6,binary,524288,131072,4,4,6,6,6,6,12,17,1,17.18,88.24,792285,79.23%
big_files/enwik6,binary,524288,131072,4,16,6,6,6,6,12,17,1,14.66,93.87,780391,78.04%
big_files/enwik6,binary,524288,131072,4,128,6,6,6,6,12,17,1,8.00,102.68,717544,71.75%
big_files/enwik6,binary,524288,131072,4,1024,6,6,6,6,12,17,1,5.07,107.70,676554,67.66%
big_files/enwik6,binary,524288,131072,4,999999999,6,6,6,6,12,17,1,4.91,96.07,671057,67.11%
big_files/enwik6,binary,524288,131072,4,1,6,6,6,6,15,17,1,18.33,97.03,776657,77.67%
big_files/enwik6,binary,524288,131072,4,4,6,6,6,6,15,17,1,16.30,86.76,792285,79.23%
big_files/enwik6,binary,524288,131072,4,16,6,6,6,6,15,17,1,14.17,82.66,780391,78.04%
big_files/enwik6,binary,524288,131072,4,128,6,6,6,6,15,17,1,7.48,100.58,717544,71.75%
big_files/enwik6,binary,524288,131072,4,1024,6,6,6,6,15,17,1,4.93,100.76,676554,67.66%
big_files/enwik6,binary,524288,131072,4,999999999,6,6,6,6,15,17,1,4.88,106.20,671057,67.11%
big_files/enwik6,binary,524288,131072,4,1,6,6,6,12,12,17,1,18.87,97.82,776657,77.67%
big_files/enwik6,binary,524288,131072,4,4,6,6,6,12,12,17,1,16.62,91.98,792285,79.23%
big_files/enwik6,binary,524288,131072,4,16,6,6,6,12,12,17,1,14.18,96.82,780391,78.04%
big_files/enwik6,binary,524288,131072,4,128,6,6,6,12,12,17,1,8.02,92.84,717544,71.75%
big_files/enwik6,binary,524288,131072,4,1024,6,6,6,12,12,17,1,5.13,105.58,676554,67.66%
big_files/enwik6,binary,524288,131072,4,999999999,6,6,6,12,12,17,1,4.91,105.48,671057,67.11%
big_files/enwik6,binary,524288,131072,4,1,6,6,6,12,15,17,1,18.23,78.52,776657,77.67%
big_files/enwik6,binary,524288,131072,4,4,6,6,6,12,15,17,1,17.23,84.11,792285,79.23%
big_files/enwik6,binary,524288,131072,4,16,6,6,6,12,15,17,1,13.85,94.53,780391,78.04%
big_files/enwik6,binary,524288,131072,4,128,6,6,6,12,15,17,1,7.63,91.47,717544,71.75%
big_files/enwik6,binary,524288,131072,4,1024,6,6,6,12,15,17,1,5.03,107.02,676554,67.66%
big_files/enwik6,binary,524288,131072,4,999999999,6,6,6,12,15,17,1,4.92,109.36,671057,67.11%
big_files/enwik6,binary,524288,131072,4,1,6,6,6,15,15,17,1,17.36,87.29,776657,77.67%
big_files/enwik6,binary,524288,131072,4,4,6,6,6,15,15,17,1,16.01,88.69,792285,79.23%
big_files/enwik6,binary,524288,131072,4,16,6,6,6,15,15,17,1,14.14,86.01,780391,78.04%
big_files/enwik6,binary,524288,131072,4,128,6,6,6,15,15,17,1,7.86,107.00,717544,71.75%
big_files/enwik6,binary,524288,131072,4,1024,6,6,6,15,15,17,1,5.06,105.46,676554,67.66%
big_files/enwik6,binary,524288,131072,4,999999999,6,6,6,15,15,17,1,4.89,106.87,671057,67.11%
big_files/enwik6,binary,524288,131072,4,1,6,6,12,12,12,17,1,17.46,88.71,776657,77.67%
big_files/enwik6,binary,524288,131072,4,4,6,6,12,12,12,17,1,17.34,90.94,792285,79.23%
big_files/enwik6,binary,524288,131072,4,16,6,6,12,12,12,17,1,14.04,96.80,780391,78.04%
big_files/enwik6,binary,524288,131072,4,128,6,6,12,12,12,17,1,7.89,104.79,717544,71.75%
big_files/enwik6,binary,524288,131072,4,1024,6,6,12,12,12,17,1,5.15,105.75,676554,67.66%
big_files/enwik6,binary,524288,131072,4,999999999,6,6,12,12,12,17,1,5.04,105.00,671057,67.11%
big_files/enwik6,binary,524288,131072,4,1,6,6,12,12,15,17,1,18.64,94.77,776657,77.67%
big_files/enwik6,binary,524288,131072,4,4,6,6,12,12,15,17,1,16.57,83.77,792285,79.23%
big_files/enwik6,binary,524288,131072,4,16,6,6,12,12,15,17,1,14.18,94.04,780391,78.04%
big_files/enwik6,binary,524288,131072,4,128,6,6,12,12,15,17,1,7.89,95.38,717544,71.75%
big_files/enwik6,binary,524288,131072,4,1024,6,6,12,12,15,17,1,5.14,97.52,676554,67.66%
big_files/enwik6,binary,524288,131072,4,999999999,6,6,12,12,15,17,1,4.75,97.21,671057,67.11%
big_files/enwik6,binary,524288,131072,4,1,6,6,12,15,15,17,1,17.36,89.73,776657,77.67%
big_files/enwik6,binary,524288,131072,4,4,6,6,12,15,15,17,1,15.78,89.66,792285,79.23%
big_files/enwik6,binary,524288,131072,4,16,6,6,12,15,15,17,1,13.41,91.48,780391,78.04%
big_files/enwik6,binary,524288,131072,4,128,6,6,12,15,15,17,1,7.48,97.35,717544,71.75%
big_files/enwik6,binary,524288,131072,4,1024,6,6,12,15,15,17,1,5.07,111.50,676554,67.66%
big_files/enwik6,binary,524288,131072,4,999999999,6,6,12,15,15,17,1,4.95,109.70,671057,67.11%
big_files/enwik6,binary,524288,131072,4,1,6,6,15,15,15,17,1,18.74,89.01,776657,77.67%
big_files/enwik6,binary,524288,131072,4,4,6,6,15,15,15,17,1,16.13,93.66,792285,79.23%
big_files/enwik6,binary,524288,131072,4,16,6,6,15,15,15,17,1,13.65,85.90,780391,78.04%
big_files/enwik6,binary,524288,131072,4,128,6,6,15,15,15,17,1,7.74,96.79,717544,71.75%
big_files/enwik6,binary,524288,131072,4,1024,6,6,15,15,15,17,1,5.03,107.66,676554,67.66%
big_files/enwik6,binary,524288,131072,4,999999999,6,6,15,15,15,17,1,4.92,101.39,671057,67.11%
big_files/enwik6,binary,524288,131072,4,1,6,12,12,12,12,17,1,17.29,91.57,706341,70.63%
big_files/enwik6,binary,524288,131072,4,4,6,12,12,12,12,17,1,16.37,87.84,739164,73.92%
big_files/enwik6,binary,524288,131072,4,16,6,12,12,12,12,17,1,13.92,85.40,742497,74.25%
big_files/enwik6,binary,524288,131072,4,128,6,12,12,12,12,17,1,7.99,105.62,657102,65.71%
big_files/enwik6,binary,524288,131072,4,1024,6,12,12,12,12,17,1,5.05,107.39,598361,59.84%
big_files/enwik6,binary,524288,131072,4,999999999,6,12,12,12,12,17,1,5.03,105.78,592904,59.29%
big_files/enwik6,binary,524288,131072,4,1,6,12,12,12,15,17,1,19.10,88.40,706341,70.63%
big_files/enwik6,binary,524288,131072,4,4,6,12,12,12,15,17,1,15.89,82.68,739164,73.92%
big_files/enwik6,binary,524288,131072,4,16,6,12,12,12,15,17,1,14.41,80.27,742497,74.25%
big_files/enwik6,binary,524288,131072,4,128,6,12,12,12,15,17,1,7.69,103.98,657102,65.71%
big_files/enwik6,binary,524288,131072,4,1024,6,12,12,12,15,17,1,4.94,110.87,598361,59.84%
big_files/enwik6,binary,524288,131072,4,999999999,6,12,12,12,15,17,1,5.08,117.98,592904,59.29%
big_files/enwik6,binary,524288,131072,4,1,6,12,12,15,15,17,1,16.46,95.76,706341,70.63%
big_files/enwik6,binary,524288,131072,4,4,6,12,12,15,15,17,1,17.36,95.76,739164,73.92%
big_files/enwik6,binary,524288,131072,4,16,6,12,12,15,15,17,1,13.36,91.10,742497,74.25%
big_files/enwik6,binary,524288,131072,4,128,6,12,12,15,15,17,1,8.07,95.85,657102,65.71%
big_files/enwik6,binary,524288,131072,4,1024,6,12,12,15,15,17,1,4.96,100.20,598361,59.84%
big_files/enwik6,binary,524288,131072,4,999999999,6,12,12,15,15,17,1,4.88,111.82,592904,59.29%
big_files/enwik6,binary,524288,131072,4,1,6,12,15,15,15,17,1,19.08,95.03,706341,70.63%
big_files/enwik6,binary,524288,131072,4,4,6,12,15,15,15,17,1,17.01,90.49,739164,73.92%
big_files/enwik6,binary,524288,131072,4,16,6,12,15,15,15,17,1,14.75,93.63,742497,74.25%
big_files/enwik6,binary,524288,131072,4,128,6,12,15,15,15,17,1,7.85,98.82,657102,65.71%
big_files/enwik6,binary,524288,131072,4,1024,6,12,15,15,15,17,1,5.05,99.19,598361,59.84%
big_files/enwik6,binary,524288,131072,4,999999999,6,12,15,15,15,17,1,5.00,107.43,592904,59.29%
big_files/enwik6,binary,524288,131072,4,1,6,15,15,15,15,17,1,17.53,91.52,725819,72.58%
big_files/enwik6,binary,524288,131072,4,4,6,15,15,15,15,17,1,16.83,93.34,741744,74.17%
big_files/enwik6,binary,524288,131072,4,16,6,15,15,15,15,17,1,14.96,89.18,736184,73.62%
big_files/enwik6,binary,524288,131072,4,128,6,15,15,15,15,17,1,7.82,105.07,665784,66.58%
big_files/enwik6,binary,524288,131072,4,1024,6,15,15,15,15,17,1,5.02,116.81,622345,62.23%
big_files/enwik6,binary,524288,131072,4,999999999,6,15,15,15,15,17,1,5.06,111.60,618619,61.86%
big_files/enwik6,binary,524288,131072,4,1,12,12,12,12,12,17,1,18.81,91.44,643126,64.31%
big_files/enwik6,binary,524288,131072,4,4,12,12,12,12,12,17,1,17.17,84.03,693712,69.37%
big_files/enwik6,binary,524288,131072,4,16,12,12,12,12,12,17,1,14.09,87.46,722684,72.27%
big_files/enwik6,binary,524288,131072,4,128,12,12,12,12,12,17,1,7.93,104.86,648017,64.80%
big_files/enwik6,binary,524288,131072,4,1024,12,12,12,12,12,17,1,4.96,99.94,589491,58.95%
big_files/enwik6,binary,524288,131072,4,999999999,12,12,12,12,12,17,1,5.04,109.00,584014,58.40%
big_files/enwik6,binary,524288,131072,4,1,12,12,12,12,15,17,1,18.25,91.18,643126,64.31%
big_files/enwik6,binary,524288,131072,4,4,12,12,12,12,15,17,1,16.17,92.31,693712,69.37%
big_files/enwik6,binary,524288,131072,4,16,12,12,12,12,15,17,1,14.19,98.25,722684,72.27%
big_files/enwik6,binary,524288,131072,4,128,12,12,12,12,15,17,1,7.70,107.15,648017,64.80%
big_files/enwik6,binary,524288,131072,4,1024,12,12,12,12,15,17,1,4.89,101.04,589491,58.95%
big_files/enwik6,binary,524288,131072,4,999999999,12,12,12,12,15,17,1,4.96,112.51,584014,58.40%
big_files/enwik6,binary,524288,131072,4,1,12,12,12,15,15,17,1,18.76,91.71,643126,64.31%
big_files/enwik6,binary,524288,131072,4,4,12,12,12,15,15,17,1,15.62,87.38,693712,69.37%
big_files/enwik6,binary,524288,131072,4,16,12,12,12,15,15,17,1,14.66,91.18,722684,72.27%
big_files/enwik6,binary,524288,131072,4,128,12,12,12,15,15,17,1,7.68,99.54,648017,64.80%
big_files/enwik6,binary,524288,131072,4,1024,12,12,12,15,15,17,1,5.00,96.75,589491,58.95%
big_files/enwik6,binary,524288,131072,4,999999999,12,12,12,15,15,17,1,4.90,104.24,584014,58.40%
big_files/enwik6,binary,524288,131072,4,1,12,12,15,15,15,17,1,19.02,91.58,643126,64.31%
big_files/enwik6,binary,524288,131072,4,4,12,12,15,15,15,17,1,16.95,90.30,693712,69.37%
big_files/enwik6,binary,524288,131072,4,16,12,12,15,15,15,17,1,13.64,91.48,722684,72.27%
big_files/enwik6,binary,524288,131072,4,128,12,12,15,15,15,17,1,7.52,104.25,648017,64.80%
big_files/enwik6,binary,524288,131072,4,1024,12,12,15,15,15,17,1,5.08,105.11,589491,58.95%
big_files/enwik6,binary,524288,131072,4,999999999,12,12,15,15,15,17,1,4.86,110.76,584014,58.40%
big_files/enwik6,binary,524288,131072,4,1,12,15,15,15,15,17,1,16.80,85.22,662605,66.26%
big_files/enwik6,binary,524288,131072,4,4,12,15,15,15,15,17,1,15.42,87.68,696292,69.63%
big_files/enwik6,binary,524288,131072,4,16,12,15,15,15,15,17,1,14.77,98.61,716372,71.64%
big_files/enwik6,binary,524288,131072,4,128,12,15,15,15,15,17,1,7.85,108.13,656698,65.67%
big_files/enwik6,binary,524288,131072,4,1024,12,15,15,15,15,17,1,5.09,105.64,613476,61.35%
big_files/enwik6,binary,524288,131072,4,999999999,12,15,15,15,15,17,1,5.02,109.60,609729,60.97%
big_files/enwik6,binary,524288,131072,4,1,15,15,15,15,15,17,1,17.04,87.01,670901,67.09%
big_files/enwik6,binary,524288,131072,4,4,15,15,15,15,15,17,1,16.67,85.20,685050,68.50%
big_files/enwik6,binary,524288,131072,4,16,15,15,15,15,15,17,1,13.99,89.91,694535,69.45%
big_files/enwik6,binary,524288,131072,4,128,15,15,15,15,15,17,1,7.78,98.71,650990,65.10%
big_files/enwik6,binary,524288,131072,4,1024,15,15,15,15,15,17,1,5.31,105.50,613443,61.34%
big_files/enwik6,binary,524288,131072,4,999999999,15,15,15,15,15,17,1,5.09,119.02,609873,60.99%
big_files/enwik6,binary,524288,131072,8,1,6,6,6,6,6,17,3,17.54,98.20,701326,70.13%
big_files/enwik6,binary,524288,131072,8,4,6,6,6,6,6,17,3,16.89,93.90,720927,72.09%
big_files/enwik6,binary,524288,131072,8,16,6,6,6,6,6,17,3,14.67,99.96,690216,69.02%
big_files/enwik6,binary,524288,131072,8,128,6,6,6,6,6,17,3,9.39,113.70,565493,56.55%
big_files/enwik6,binary,524288,131072,8,1024,6,6,6,6,6,17,3,6.77,127.96,510854,51.09%
big_files/enwik6,binary,524288,131072,8,999999999,6,6,6,6,6,17,3,6.46,133.63,506727,50.67%
big_files/enwik6,binary,524288,131072,8,1,6,6,6,6,12,17,3,19.11,91.80,696947,69.69%
big_files/enwik6,binary,524288,131072,8,4,6,6,6,6,12,17,3,16.21,99.64,717789,71.78%
big_files/enwik6,binary,524288,131072,8,16,6,6,6,6,12,17,3,14.88,96.03,687757,68.78%
big_files/enwik6,binary,524288,131072,8,128,6,6,6,6,12,17,3,8.94,117.62,562438,56.24%
big_files/enwik6,binary,524288,131072,8,1024,6,6,6,6,12,17,3,6.87,127.79,507141,50.71%
big_files/enwik6,binary,524288,131072,8,999999999,6,6,6,6,12,17,3,6.91,139.15,502898,50.29%
big_files/enwik6,binary,524288,131072,8,1,6,6,6,6,15,17,3,17.32,97.62,697640,69.76%
big_files/enwik6,binary,524288,131072,8,4,6,6,6,6,15,17,3,17.90,102.48,717565,71.76%
big_files/enwik6,binary,524288,131072,8,16,6,6,6,6,15,17,3,13.86,98.87,687120,68.71%
big_files/enwik6,binary,524288,131072,8,128,6,6,6,6,15,17,3,9.70,122.37,561324,56.13%
big_files/enwik6,binary,524288,131072,8,1024,6,6,6,6,15,17,3,7.05,137.73,505958,50.60%
big_files/enwik6,binary,524288,131072,8,999999999,6,6,6,6,15,17,3,6.83,132.95,501721,50.17%
big_files/enwik6,binary,524288,131072,8,1,6,6,6,12,12,17,3,16.02,100.63,690351,69.04%
big_files/enwik6,binary,524288,131072,8,4,6,6,6,12,12,17,3,16.81,90.01,712209,71.22%
big_files/enwik6,binary,524288,131072,8,16,6,6,6,12,12,17,3,14.54,99.67,684383,68.44%
big_files/enwik6,binary,524288,131072,8,128,6,6,6,12,12,17,3,9.24,107.76,558473,55.85%
big_files/enwik6,binary,524288,131072,8,1024,6,6,6,12,12,17,3,6.90,132.87,502523,50.25%
big_files/enwik6,binary,524288,131072,8,999999999,6,6,6,12,12,17,3,6.80,136.55,498254,49.83%
big_files/enwik6,binary,524288,131072,8,1,6,6,6,12,15,17,3,17.25,98.74,691043,69.10%
big_files/enwik6,binary,524288,131072,8,4,6,6,6,12,15,17,3,16.95,87.07,711985,71.20%
big_files/enwik6,binary,524288,131072,8,16,6,6,6,12,15,17,3,14.90,106.47,683747,68.37%
big_files/enwik6,binary,524288,131072,8,128,6,6,6,12,15,17,3,9.00,119.41,557360,55.74%
big_files/enwik6,binary,524288,131072,8,1024,6,6,6,12,15,17,3,7.10,135.88,501339,50.13%
big_files/enwik6,binary,524288,131072,8,999999999,6,6,6,12,15,17,3,6.82,130.25,497076,49.71%
big_files/enwik6,binary,524288,131072,8,1,6,6,6,15,15,17,3,19.01,108.03,691990,69.20%
big_files/enwik6,binary,524288,131072,8,4,6,6,6,15,15,17,3,16.56,97.96,711296,71.13%
big_files/enwik6,binary,524288,131072,8,16,6,6,6,15,15,17,3,14.31,104.12,681896,68.19%
big_files/enwik6,binary,524288,131072,8,128,6,6,6,15,15,17,3,9.16,118.96,555973,55.60%
big_files/enwik6,binary,524288,131072,8,1024,6,6,6,15,15,17,3,6.96,130.33,499950,49.99%
big_files/enwik6,binary,524288,131072,8,999999999,6,6,6,15,15,17,3,6.72,136.08,495654,49.57%
big_files/enwik6,binary,524288,131072,8,1,6,6,12,12,12,17,3,19.01,100.94,680057,68.01%
big_files/enwik6,binary,524288,131072,8,4,6,6,12,12,12,17,3,17.20,101.27,704270,70.43%
big_files/enwik6,binary,524288,131072,8,16,6,6,12,12,12,17,3,15.30,100.29,679701,67.97%
big_files/enwik6,binary,524288,131072,8,128,6,6,12,12,12,17,3,9.30,119.30,553582,55.36%
big_files/enwik6,binary,524288,131072,8,1024,6,6,12,12,12,17,3,6.93,134.12,496996,49.70%
big_files/enwik6,binary,524288,131072,8,999999999,6,6,12,12,12,17,3,6.91,134.52,492695,49.27%
big_files/enwik6,binary,524288,131072,8,1,6,6,12,12,15,17,3,17.98,97.34,680750,68.07%
big_files/enwik6,binary,524288,131072,8,4,6,6,12,12,15,17,3,17.60,105.07,704046,70.40%
big_files/enwik6,binary,524288,131072,8,16,6,6,12,12,15,17,3,14.17,96.90,679064,67.91%
big_files/enwik6,binary,524288,131072,8,128,6,6,12,12,15,17,3,9.39,123.72,552468,55.25%
big_files/enwik6,binary,524288,131072,8,1024,6,6,12,12,15,17,3,7.01,139.21,495814,49.58%
big_files/enwik6,binary,524288,131072,8,999999999,6,6,12,12,15,17,3,6.58,117.92,491518,49.15%
big_files/enwik6,binary,524288,131072,8,1,6,6,12,15,15,17,3,18.18,98.57,681697,68.17%
big_files/enwik6,binary,524288,131072,8,4,6,6,12,15,15,17,3,17.61,89.32,703356,70.34%
big_files/enwik6,binary,524288,131072,8,16,6,6,12,15,15,17,3,13.64,98.83,677213,67.72%
big_files/enwik6,binary,524288,131072,8,128,6,6,12,15,15,17,3,9.51,119.03,551081,55.11%
big_files/enwik6,binary,524288,131072,8,1024,6,6,12,15,15,17,3,7.21,116.78,494425,49.44%
big_files/enwik6,binary,524288,131072,8,999999999,6,6,12,15,15,17,3,6.94,124.71,490096,49.01%
big_files/enwik6,binary,524288,131072,8,1,6,6,15,15,15,17,3,18.77,96.50,682720,68.27%
big_files/enwik6,binary,524288,131072,8,4,6,6,15,15,15,17,3,17.15,89.71,701777,70.18%
big_files/enwik6,binary,524288,131072,8,16,6,6,15,15,15,17,3,14.13,101.46,674177,67.42%
big_files/enwik6,binary,524288,131072,8,128,6,6,15,15,15,17,3,9.11,117.52,548654,54.87%
big_files/enwik6,binary,524288,131072,8,1024,6,6,15,15,15,17,3,6.86,121.13,492133,49.21%
big_files/enwik6,binary,524288,131072,8,999999999,6,6,15,15,15,17,3,6.77,127.52,487850,48.78%
big_files/enwik6,binary,524288,131072,8,1,6,12,12,12,12,17,3,18.63,99.92,654478,65.45%
big_files/enwik6,binary,524288,131072,8,4,6,12,12,12,12,17,3,16.90,96.72,684674,68.47%
big_files/enwik6,binary,524288,131072,8,16,6,12,12,12,12,17,3,14.38,106.21,668395,66.84%
big_files/enwik6,binary,524288,131072,8,128,6,12,12,12,12,17,3,9.19,124.12,546757,54.68%
big_files/enwik6,binary,524288,131072,8,1024,6,12,12,12,12,17,3,6.92,126.51,489665,48.97%
big_files/enwik6,binary,524288,131072,8,999999999,6,12,12,12,12,17,3,6.79,121.59,485462,48.55%
big_files/enwik6,binary,524288,131072,8,1,6,12,12,12,15,17,3,15.49,92.14,655171,65.52%
big_files/enwik6,binary,524288,131072,8,4,6,12,12,12,15,17,3,14.57,95.14,684449,68.44%
big_files/enwik6,binary,524288,131072,8,16,6,12,12,12,15,17,3,14.55,94.64,667758,66.78%
big_files/enwik6,binary,524288,131072,8,128,6,12,12,12,15,17,3,9.07,123.28,545643,54.56%
big_files/enwik6,binary,524288,131072,8,1024,6,12,12,12,15,17,3,6.92,126.43,488481,48.85%
big_files/enwik6,binary,524288,131072,8,999999999,6,12,12,12,15,17,3,6.53,114.89,484284,48.43%
big_files/enwik6,binary,524288,131072,8,1,6,12,12,15,15,17,3,16.94,90.73,656117,65.61%
big_files/enwik6,binary,524288,131072,8,4,6,12,12,15,15,17,3,15.49,97.92,683760,68.38%
big_files/enwik6,binary,524288,131072,8,16,6,12,12,15,15,17,3,13.87,89.76,665907,66.59%
big_files/enwik6,binary,524288,131072,8,128,6,12,12,15,15,17,3,8.74,110.11,544256,54.43%
big_files/enwik6,binary,524288,131072,8,1024,6,12,12,15,15,17,3,6.53,124.92,487092,48.71%
big_files/enwik6,binary,524288,131072,8,999999999,6,12,12,15,15,17,3,6.48,119.41,482863,48.29%
big_files/enwik6,binary,524288,131072,8,1,6,12,15,15,15,17,3,16.53,95.84,657142,65.71%
big_files/enwik6,binary,524288,131072,8,4,6,12,15,15,15,17,3,16.45,88.97,682181,68.22%
big_files/enwik6,binary,524288,131072,8,16,6,12,15,15,15,17,3,13.62,92.13,662871,66.29%
big_files/enwik6,binary,524288,131072,8,128,6,12,15,15,15,17,3,8.81,114.03,541830,54.18%
big_files/enwik6,binary,524288,131072,8,1024,6,12,15,15,15,17,3,6.54,123.63,484802,48.48%
big_files/enwik6,binary,524288,131072,8,999999999,6,12,15,15,15,17,3,6.40,129.41,480617,48.06%
big_files/enwik6,binary,524288,131072,8,1,6,15,15,15,15,17,3,16.81,89.81,657909,65.79%
big_files/enwik6,binary,524288,131072,8,4,6,15,15,15,15,17,3,15.42,92.76,676518,67.65%
big_files/enwik6,binary,524288,131072,8,16,6,15,15,15,15,17,3,13.75,98.48,654503,65.45%
big_files/enwik6,binary,524288,131072,8,128,6,15,15,15,15,17,3,8.91,109.21,535536,53.55%
big_files/enwik6,binary,524288,131072,8,1024,6,15,15,15,15,17,3,6.71,134.35,481332,48.13%
big_files/enwik6,binary,524288,131072,8,999999999,6,15,15,15,15,17,3,6.51,109.61,477239,47.72%
big_files/enwik6,binary,524288,131072,8,1,12,12,12,12,12,17,3,17.62,94.76,586526,58.65%
big_files/enwik6,binary,524288,131072,8,4,12,12,12,12,12,17,3,18.06,98.92,637574,63.76%
big_files/enwik6,binary,524288,131072,8,16,12,12,12,12,12,17,3,14.40,94.09,648398,64.84%
big_files/enwik6,binary,524288,131072,8,128,12,12,12,12,12,17,3,9.55,119.99,537719,53.77%
big_files/enwik6,binary,524288,131072,8,1024,12,12,12,12,12,17,3,7.11,137.90,480988,48.10%
big_files/enwik6,binary,524288,131072,8,999999999,12,12,12,12,12,17,3,6.69,127.04,476796,47.68%
big_files/enwik6,binary,524288,131072,8,1,12,12,12,12,15,17,3,17.06,93.22,587219,58.72%
big_files/enwik6,binary,524288,131072,8,4,12,12,12,12,15,17,3,15.65,94.17,637349,63.73%
big_files/enwik6,binary,524288,131072,8,16,12,12,12,12,15,17,3,13.57,94.80,647761,64.78%
big_files/enwik6,binary,524288,131072,8,128,12,12,12,12,15,17,3,9.16,120.40,536605,53.66%
big_files/enwik6,binary,524288,131072,8,1024,12,12,12,12,15,17,3,7.02,128.09,479804,47.98%
big_files/enwik6,binary,524288,131072,8,999999999,12,12,12,12,15,17,3,6.77,131.23,475618,47.56%
big_files/enwik6,binary,524288,131072,8,1,12,12,12,15,15,17,3,18.63,100.73,588165,58.82%
big_files/enwik6,binary,524288,131072,8,4,12,12,12,15,15,17,3,17.03,87.73,636660,63.67%
big_files/enwik6,binary,524288,131072,8,16,12,12,12,15,15,17,3,14.54,103.11,645910,64.59%
big_files/enwik6,binary,524288,131072,8,128,12,12,12,15,15,17,3,9.20,110.57,535218,53.52%
big_files/enwik6,binary,524288,131072,8,1024,12,12,12,15,15,17,3,6.86,128.86,478415,47.84%
big_files/enwik6,binary,524288,131072,8,999999999,12,12,12,15,15,17,3,6.68,122.92,474197,47.42%
big_files/enwik6,binary,524288,131072,8,1,12,12,15,15,15,17,3,18.37,96.82,589189,58.92%
big_files/enwik6,binary,524288,131072,8,4,12,12,15,15,15,17,3,16.79,94.41,635081,63.51%
big_files/enwik6,binary,524288,131072,8,16,12,12,15,15,15,17,3,15.12,94.55,642874,64.29%
big_files/enwik6,binary,524288,131072,8,128,12,12,15,15,15,17,3,9.37,119.12,532792,53.28%
big_files/enwik6,binary,524288,131072,8,1024,12,12,15,15,15,17,3,6.81,121.33,476125,47.61%
big_files/enwik6,binary,524288,131072,8,999999999,12,12,15,15,15,17,3,6.85,127.66,471951,47.20%
big_files/enwik6,binary,524288,131072,8,1,12,15,15,15,15,17,3,17.21,99.51,589957,59.00%
big_files/enwik6,binary,524288,131072,8,4,12,15,15,15,15,17,3,16.50,87.71,629419,62.94%
big_files/enwik6,binary,524288,131072,8,16,12,15,15,15,15,17,3,14.94,95.40,634506,63.45%
big_files/enwik6,binary,524288,131072,8,128,12,15,15,15,15,17,3,9.77,111.55,526498,52.65%
big_files/enwik6,binary,524288,131072,8,1024,12,15,15,15,15,17,3,6.74,130.84,472655,47.27%
big_files/enwik6,binary,524288,131072,8,999999999,12,15,15,15,15,17,3,6.71,133.05,468573,46.86%
big_files/enwik6,binary,524288,131072,8,1,15,15,15,15,15,17,3,17.87,101.58,585665,58.57%
big_files/enwik6,binary,524288,131072,8,4,15,15,15,15,15,17,3,16.65,97.53,605120,60.51%
big_files/enwik6,binary,524288,131072,8,16,15,15,15,15,15,17,3,14.15,99.07,604514,60.45%
big_files/enwik6,binary,524288,131072,8,128,15,15,15,15,15,17,3,9.68,115.94,518576,51.86%
big_files/enwik6,binary,524288,131072,8,1024,15,15,15,15,15,17,3,6.63,130.25,470310,47.03%
big_files/enwik6,binary,524288,131072,8,999999999,15,15,15,15,15,17,3,6.86,127.86,466413,46.64%
big_files/enwik6,binary,524288,131072,18,1,6,6,6,6,6,17,4,18.69,93.67,678435,67.84%
big_files/enwik6,binary,524288,131072,18,4,6,6,6,6,6,17,4,18.09,108.46,699697,69.97%
big_files/enwik6,binary,524288,131072,18,16,6,6,6,6,6,17,4,13.74,107.26,656179,65.62%
big_files/enwik6,binary,524288,131072,18,128,6,6,6,6,6,17,4,10.39,115.11,504339,50.43%
big_files/enwik6,binary,524288,131072,18,1024,6,6,6,6,6,17,4,7.82,150.26,450272,45.03%
big_files/enwik6,binary,524288,131072,18,999999999,6,6,6,6,6,17,4,7.69,151.78,446787,44.68%
big_files/enwik6,binary,524288,131072,18,1,6,6,6,6,12,17,4,17.57,99.29,674078,67.41%
big_files/enwik6,binary,524288,131072,18,4,6,6,6,6,12,17,4,17.88,98.25,696595,69.66%
big_files/enwik6,binary,524288,131072,18,16,6,6,6,6,12,17,4,13.79,105.24,653766,65.38%
big_files/enwik6,binary,524288,131072,18,128,6,6,6,6,12,17,4,10.24,136.51,501361,50.14%
big_files/enwik6,binary,524288,131072,18,1024,6,6,6,6,12,17,4,7.60,146.97,446834,44.68%
big_files/enwik6,binary,524288,131072,18,999999999,6,6,6,6,12,17,4,7.69,141.78,443319,44.33%
big_files/enwik6,binary,524288,131072,18,1,6,6,6,6,15,17,4,18.00,104.81,674320,67.43%
big_files/enwik6,binary,524288,131072,18,4,6,6,6,6,15,17,4,17.15,99.13,695988,69.60%
big_files/enwik6,binary,524288,131072,18,16,6,6,6,6,15,17,4,13.76,110.14,652803,65.28%
big_files/enwik6,binary,524288,131072,18,128,6,6,6,6,15,17,4,10.19,130.82,499826,49.98%
big_files/enwik6,binary,524288,131072,18,1024,6,6,6,6,15,17,4,7.61,147.87,445166,44.52%
big_files/enwik6,binary,524288,131072,18,999999999,6,6,6,6,15,17,4,7.65,140.46,441629,44.16%
big_files/enwik6,binary,524288,131072,18,1,6,6,6,12,12,17,4,18.35,100.92,667099,66.71%
big_files/enwik6,binary,524288,131072,18,4,6,6,6,12,12,17,4,17.11,103.26,691262,69.13%
big_files/enwik6,binary,524288,131072,18,16,6,6,6,12,12,17,4,14.74,105.44,650618,65.06%
big_files/enwik6,binary,524288,131072,18,128,6,6,6,12,12,17,4,10.22,130.39,497469,49.75%
big_files/enwik6,binary,524288,131072,18,1024,6,6,6,12,12,17,4,7.66,140.14,442413,44.24%
big_files/enwik6,binary,524288,131072,18,999999999,6,6,6,12,12,17,4,7.65,138.56,438865,43.89%
big_files/enwik6,binary,524288,131072,18,1,6,6,6,12,15,17,4,19.01,104.93,667342,66.73%
big_files/enwik6,binary,524288,131072,18,4,6,6,6,12,15,17,4,16.79,102.38,690656,69.07%
big_files/enwik6,binary,524288,131072,18,16,6,6,6,12,15,17,4,14.24,107.41,649655,64.97%
big_files/enwik6,binary,524288,131072,18,128,6,6,6,12,15,17,4,10.27,140.50,495934,49.59%
big_files/enwik6,binary,524288,131072,18,1024,6,6,6,12,15,17,4,7.79,144.06,440744,44.07%
big_files/enwik6,binary,524288,131072,18,999999999,6,6,6,12,15,17,4,7.76,144.30,437174,43.72%
big_files/enwik6,binary,524288,131072,18,1,6,6,6,15,15,17,4,19.93,104.38,667492,66.75%
big_files/enwik6,binary,524288,131072,18,4,6,6,6,15,15,17,4,16.77,102.78,689248,68.92%
big_files/enwik6,binary,524288,131072,18,16,6,6,6,15,15,17,4,14.85,100.40,647212,64.72%
big_files/enwik6,binary,524288,131072,18,128,6,6,6,15,15,17,4,10.05,137.80,494003,49.40%
big_files/enwik6,binary,524288,131072,18,1024,6,6,6,15,15,17,4,7.66,133.00,438751,43.88%
big_files/enwik6,binary,524288,131072,18,999999999,6,6,6,15,15,17,4,7.85,145.26,435154,43.52%
big_files/enwik6,binary,524288,131072,18,1,6,6,12,12,12,17,4,19.33,101.88,656316,65.63%
big_files/enwik6,binary,524288,131072,18,4,6,6,12,12,12,17,4,16.97,101.69,683327,68.33%
big_files/enwik6,binary,524288,131072,18,16,6,6,12,12,12,17,4,14.96,110.09,646315,64.63%
big_files/enwik6,binary,524288,131072,18,128,6,6,12,12,12,17,4,9.91,135.41,492810,49.28%
big_files/enwik6,binary,524288,131072,18,1024,6,6,12,12,12,17,4,7.91,144.00,437053,43.71%
big_files/enwik6,binary,524288,131072,18,999999999,6,6,12,12,12,17,4,7.59,134.75,433500,43.35%
big_files/enwik6,binary,524288,131072,18,1,6,6,12,12,15,17,4,19.67,108.78,656559,65.66%
big_files/enwik6,binary,524288,131072,18,4,6,6,12,12,15,17,4,16.60,95.83,682721,68.27%
big_files/enwik6,binary,524288,131072,18,16,6,6,12,12,15,17,4,14.64,101.72,645351,64.54%
big_files/enwik6,binary,524288,131072,18,128,6,6,12,12,15,17,4,9.93,122.29,491275,49.13%
big_files/enwik6,binary,524288,131072,18,1024,6,6,12,12,15,17,4,7.40,142.85,435384,43.54%
big_files/enwik6,binary,524288,131072,18,999999999,6,6,12,12,15,17,4,7.52,141.47,431810,43.18%
big_files/enwik6,binary,524288,131072,18,1,6,6,12,15,15,17,4,19.48,103.43,656708,65.67%
big_files/enwik6,binary,524288,131072,18,4,6,6,12,15,15,17,4,17.11,100.91,681313,68.13%
big_files/enwik6,binary,524288,131072,18,16,6,6,12,15,15,17,4,14.78,113.45,642908,64.29%
big_files/enwik6,binary,524288,131072,18,128,6,6,12,15,15,17,4,9.77,139.64,489344,48.93%
big_files/enwik6,binary,524288,131072,18,1024,6,6,12,15,15,17,4,7.78,134.85,433391,43.34%
big_files/enwik6,binary,524288,131072,18,999999999,6,6,12,15,15,17,4,7.80,135.04,429789,42.98%
big_files/enwik6,binary,524288,131072,18,1,6,6,15,15,15,17,4,19.23,94.61,656735,65.67%
big_files/enwik6,binary,524288,131072,18,4,6,6,15,15,15,17,4,17.60,93.31,678559,67.86%
big_files/enwik6,binary,524288,131072,18,16,6,6,15,15,15,17,4,14.44,106.89,638945,63.89%
big_files/enwik6,binary,524288,131072,18,128,6,6,15,15,15,17,4,9.66,119.00,486301,48.63%
big_files/enwik6,binary,524288,131072,18,1024,6,6,15,15,15,17,4,8.00,139.09,430423,43.04%
big_files/enwik6,binary,524288,131072,18,999999999,6,6,15,15,15,17,4,7.78,118.62,426840,42.68%
big_files/enwik6,binary,524288,131072,18,1,6,12,12,12,12,17,4,19.39,103.07,629306,62.93%
big_files/enwik6,binary,524288,131072,18,4,6,12,12,12,12,17,4,17.82,103.93,663156,66.32%
big_files/enwik6,binary,524288,131072,18,16,6,12,12,12,12,17,4,14.17,111.60,635203,63.52%
big_files/enwik6,binary,524288,131072,18,128,6,12,12,12,12,17,4,9.96,131.98,486321,48.63%
big_files/enwik6,binary,524288,131072,18,1024,6,12,12,12,12,17,4,7.99,131.77,429968,43.00%
big_files/enwik6,binary,524288,131072,18,999999999,6,12,12,12,12,17,4,7.49,144.12,426458,42.65%
big_files/enwik6,binary,524288,131072,18,1,6,12,12,12,15,17,4,18.40,109.17,629548,62.95%
big_files/enwik6,binary,524288,131072,18,4,6,12,12,12,15,17,4,17.51,105.24,662550,66.25%
big_files/enwik6,binary,524288,131072,18,16,6,12,12,12,15,17,4,13.62,106.92,634239,63.42%
big_files/enwik6,binary,524288,131072,18,128,6,12,12,12,15,17,4,9.94,124.66,484786,48.48%
big_files/enwik6,binary,524288,131072,18,1024,6,12,12,12,15,17,4,7.89,141.00,428300,42.83%
big_files/enwik6,binary,524288,131072,18,999999999,6,12,12,12,15,17,4,7.48,143.78,424767,42.48%
big_files/enwik6,binary,524288,131072,18,1,6,12,12,15,15,17,4,17.93,106.29,629699,62.97%
big_files/enwik6,binary,524288,131072,18,4,6,12,12,15,15,17,4,17.75,104.46,661143,66.11%
big_files/enwik6,binary,524288,131072,18,16,6,12,12,15,15,17,4,14.11,100.79,631796,63.18%
big_files/enwik6,binary,524288,131072,18,128,6,12,12,15,15,17,4,9.88,119.37,482855,48.29%
big_files/enwik6,binary,524288,131072,18,1024,6,12,12,15,15,17,4,7.92,155.22,426306,42.63%
big_files/enwik6,binary,524288,131072,18,999999999,6,12,12,15,15,17,4,7.62,150.48,422747,42.27%
big_files/enwik6,binary,524288,131072,18,1,6,12,15,15,15,17,4,18.48,94.53,629725,62.97%
big_files/enwik6,binary,524288,131072,18,4,6,12,15,15,15,17,4,18.14,101.91,658388,65.84%
big_files/enwik6,binary,524288,131072,18,16,6,12,15,15,15,17,4,14.61,105.88,627833,62.78%
big_files/enwik6,binary,524288,131072,18,128,6,12,15,15,15,17,4,9.77,124.83,479812,47.98%
big_files/enwik6,binary,524288,131072,18,1024,6,12,15,15,15,17,4,7.35,134.95,423339,42.33%
big_files/enwik6,binary,524288,131072,18,999999999,6,12,15,15,15,17,4,7.62,143.62,419799,41.98%
big_files/enwik6,binary,524288,131072,18,1,6,15,15,15,15,17,4,18.28,99.96,628659,62.87%
big_files/enwik6,binary,524288,131072,18,4,6,15,15,15,15,17,4,17.16,91.68,650701,65.07%
big_files/enwik6,binary,524288,131072,18,16,6,15,15,15,15,17,4,13.16,98.55,617935,61.79%
big_files/enwik6,binary,524288,131072,18,128,6,15,15,15,15,17,4,9.60,119.20,472640,47.26%
big_files/enwik6,binary,524288,131072,18,1024,6,15,15,15,15,17,4,7.90,146.35,419150,41.91%
big_files/enwik6,binary,524288,131072,18,999999999,6,15,15,15,15,17,4,7.41,135.32,415673,41.57%
big_files/enwik6,binary,524288,131072,18,1,12,12,12,12,12,17,4,18.79,102.20,557631,55.76%
big_files/enwik6,binary,524288,131072,18,4,12,12,12,12,12,17,4,17.52,107.91,614418,61.44%
big_files/enwik6,binary,524288,131072,18,16,12,12,12,12,12,17,4,14.07,104.23,615540,61.55%
big_files/enwik6,binary,524288,131072,18,128,12,12,12,12,12,17,4,10.18,124.71,477303,47.73%
big_files/enwik6,binary,524288,131072,18,1024,12,12,12,12,12,17,4,7.89,146.26,421033,42.10%
big_files/enwik6,binary,524288,131072,18,999999999,12,12,12,12,12,17,4,7.67,140.04,417547,41.75%
big_files/enwik6,binary,524288,131072,18,1,12,12,12,12,15,17,4,19.35,103.84,557873,55.79%
big_files/enwik6,binary,524288,131072,18,4,12,12,12,12,15,17,4,17.62,103.61,613811,61.38%
big_files/enwik6,binary,524288,131072,18,16,12,12,12,12,15,17,4,14.96,101.24,614577,61.46%
big_files/enwik6,binary,524288,131072,18,128,12,12,12,12,15,17,4,10.18,135.05,475766,47.58%
big_files/enwik6,binary,524288,131072,18,1024,12,12,12,12,15,17,4,7.44,137.14,419365,41.94%
big_files/enwik6,binary,524288,131072,18,999999999,12,12,12,12,15,17,4,7.49,141.78,415856,41.59%
big_files/enwik6,binary,524288,131072,18,1,12,12,12,15,15,17,4,18.86,97.19,558023,55.80%
big_files/enwik6,binary,524288,131072,18,4,12,12,12,15,15,17,4,16.68,100.60,612405,61.24%
big_files/enwik6,binary,524288,131072,18,16,12,12,12,15,15,17,4,13.76,100.06,612133,61.21%
big_files/enwik6,binary,524288,131072,18,128,12,12,12,15,15,17,4,9.21,136.07,473837,47.38%
big_files/enwik6,binary,524288,131072,18,1024,12,12,12,15,15,17,4,7.56,125.99,417371,41.74%
big_files/enwik6,binary,524288,131072,18,999999999,12,12,12,15,15,17,4,7.43,132.54,413835,41.38%
big_files/enwik6,binary,524288,131072,18,1,12,12,15,15,15,17,4,18.27,95.08,558049,55.80%
big_files/enwik6,binary,524288,131072,18,4,12,12,15,15,15,17,4,16.36,101.16,609650,60.96%
big_files/enwik6,binary,524288,131072,18,16,12,12,15,15,15,17,4,13.64,102.32,608170,60.82%
big_files/enwik6,binary,524288,131072,18,128,12,12,15,15,15,17,4,9.82,133.46,470794,47.08%
big_files/enwik6,binary,524288,131072,18,1024,12,12,15,15,15,17,4,7.53,134.93,414404,41.44%
big_files/enwik6,binary,524288,131072,18,999999999,12,12,15,15,15,17,4,7.50,139.02,410887,41.09%
big_files/enwik6,binary,524288,131072,18,1,12,15,15,15,15,17,4,19.98,95.79,556984,55.70%
big_files/enwik6,binary,524288,131072,18,4,12,15,15,15,15,17,4,17.03,91.74,601963,60.20%
big_files/enwik6,binary,524288,131072,18,16,12,15,15,15,15,17,4,13.81,91.08,598273,59.83%
big_files/enwik6,binary,524288,131072,18,128,12,15,15,15,15,17,4,9.57,103.91,463622,46.36%
big_files/enwik6,binary,524288,131072,18,1024,12,15,15,15,15,17,4,7.64,129.05,410215,41.02%
big_files/enwik6,binary,524288,131072,18,999999999,12,15,15,15,15,17,4,7.42,137.89,406762,40.68%
big_files/enwik6,binary,524288,131072,18,1,15,15,15,15,15,17,4,17.90,101.53,547315,54.73%
big_files/enwik6,binary,524288,131072,18,4,15,15,15,15,15,17,4,17.55,99.38,571468,57.15%
big_files/enwik6,binary,524288,131072,18,16,15,15,15,15,15,17,4,14.38,96.62,564368,56.44%
big_files/enwik6,binary,524288,131072,18,128,15,15,15,15,15,17,4,9.62,118.31,455099,45.51%
big_files/enwik6,binary,524288,131072,18,1024,15,15,15,15,15,17,4,7.34,128.95,406936,40.69%
big_files/enwik6,binary,524288,131072,18,999999999,15,15,15,15,15,17,4,7.54,136.53,403562,40.36%
big_files/enwik6,binary,524288,131072,32,1,6,6,6,6,6,17,5,17.98,103.98,692911,69.29%
big_files/enwik6,binary,524288,131072,32,4,6,6,6,6,6,17,5,17.39,100.62,713943,71.39%
big_files/enwik6,binary,524288,131072,32,16,6,6,6,6,6,17,5,14.11,97.88,666035,66.60%
big_files/enwik6,binary,524288,131072,32,128,6,6,6,6,6,17,5,9.98,127.78,508113,50.81%
big_files/enwik6,binary,524288,131072,32,1024,6,6,6,6,6,17,5,7.63,147.74,453654,45.37%
big_files/enwik6,binary,524288,131072,32,999999999,6,6,6,6,6,17,5,7.77,144.73,450598,45.06%
big_files/enwik6,binary,524288,131072,32,1,6,6,6,6,12,17,5,18.67,95.72,688203,68.82%
big_files/enwik6,binary,524288,131072,32,4,6,6,6,6,12,17,5,17.61,99.19,710665,71.07%
big_files/enwik6,binary,524288,131072,32,16,6,6,6,6,12,17,5,14.74,100.98,663467,66.35%
big_files/enwik6,binary,524288,131072,32,128,6,6,6,6,12,17,5,9.86,134.00,504831,50.48%
big_files/enwik6,binary,524288,131072,32,1024,6,6,6,6,12,17,5,8.18,146.99,449771,44.98%
big_files/enwik6,binary,524288,131072,32,999999999,6,6,6,6,12,17,5,8.05,138.27,446695,44.67%
big_files/enwik6,binary,524288,131072,32,1,6,6,6,6,15,17,5,18.84,104.68,688178,68.82%
big_files/enwik6,binary,524288,131072,32,4,6,6,6,6,15,17,5,16.75,102.86,709728,70.97%
big_files/enwik6,binary,524288,131072,32,16,6,6,6,6,15,17,5,14.35,105.30,662151,66.22%
big_files/enwik6,binary,524288,131072,32,128,6,6,6,6,15,17,5,9.73,125.79,502842,50.28%
big_files/enwik6,binary,524288,131072,32,1024,6,6,6,6,15,17,5,7.90,130.64,447603,44.76%
big_files/enwik6,binary,524288,131072,32,999999999,6,6,6,6,15,17,5,7.72,127.81,444495,44.45%
big_files/enwik6,binary,524288,131072,32,1,6,6,6,12,12,17,5,18.72,105.26,680553,68.06%
big_files/enwik6,binary,524288,131072,32,4,6,6,6,12,12,17,5,16.29,87.44,704982,70.50%
big_files/enwik6,binary,524288,131072,32,16,6,6,6,12,12,17,5,14.67,107.84,660145,66.01%
big_files/enwik6,binary,524288,131072,32,128,6,6,6,12,12,17,5,9.84,131.84,500606,50.06%
big_files/enwik6,binary,524288,131072,32,1024,6,6,6,12,12,17,5,7.99,120.21,444901,44.49%
big_files/enwik6,binary,524288,131072,32,999999999,6,6,6,12,12,17,5,7.99,138.79,441785,44.18%
big_files/enwik6,binary,524288,131072,32,1,6,6,6,12,15,17,5,18.44,98.25,680530,68.05%
big_files/enwik6,binary,524288,131072,32,4,6,6,6,12,15,17,5,16.66,98.03,704045,70.40%
big_files/enwik6,binary,524288,131072,32,16,6,6,6,12,15,17,5,14.65,106.40,658830,65.88%
big_files/enwik6,binary,524288,131072,32,128,6,6,6,12,15,17,5,10.00,127.50,498617,49.86%
big_files/enwik6,binary,524288,131072,32,1024,6,6,6,12,15,17,5,7.99,140.31,442732,44.27%
big_files/enwik6,binary,524288,131072,32,999999999,6,6,6,12,15,17,5,7.86,138.07,439585,43.96%
big_files/enwik6,binary,524288,131072,32,1,6,6,6,15,15,17,5,17.34,105.61,680232,68.02%
big_files/enwik6,binary,524288,131072,32,4,6,6,6,15,15,17,5,16.03,98.69,702037,70.20%
big_files/enwik6,binary,524288,131072,32,16,6,6,6,15,15,17,5,14.73,105.95,655777,65.58%
big_files/enwik6,binary,524288,131072,32,128,6,6,6,15,15,17,5,9.95,117.71,496086,49.61%
big_files/enwik6,binary,524288,131072,32,1024,6,6,6,15,15,17,5,7.99,139.94,440092,44.01%
big_files/enwik6,binary,524288,131072,32,999999999,6,6,6,15,15,17,5,8.29,133.25,436906,43.69%
big_files/enwik6,binary,524288,131072,32,1,6,6,12,12,12,17,5,18.15,90.92,668636,66.86%
big_files/enwik6,binary,524288,131072,32,4,6,6,12,12,12,17,5,17.81,95.08,696387,69.64%
big_files/enwik6,binary,524288,131072,32,16,6,6,12,12,12,17,5,14.29,106.50,655461,65.55%
big_files/enwik6,binary,524288,131072,32,128,6,6,12,12,12,17,5,9.73,133.86,495496,49.55%
big_files/enwik6,binary,524288,131072,32,1024,6,6,12,12,12,17,5,8.13,138.44,439024,43.90%
big_files/enwik6,binary,524288,131072,32,999999999,6,6,12,12,12,17,5,7.98,151.04,435895,43.59%
big_files/enwik6,binary,524288,131072,32,1,6,6,12,12,15,17,5,17.77,103.85,668613,66.86%
big_files/enwik6,binary,524288,131072,32,4,6,6,12,12,15,17,5,16.83,104.22,695451,69.55%
big_files/enwik6,binary,524288,131072,32,16,6,6,12,12,15,17,5,14.09,107.91,654146,65.41%
big_files/enwik6,binary,524288,131072,32,128,6,6,12,12,15,17,5,10.25,122.07,493507,49.35%
big_files/enwik6,binary,524288,131072,32,1024,6,6,12,12,15,17,5,8.04,128.25,436855,43.69%
big_files/enwik6,binary,524288,131072,32,999999999,6,6,12,12,15,17,5,8.16,140.61,433695,43.37%
big_files/enwik6,binary,524288,131072,32,1,6,6,12,15,15,17,5,16.98,93.11,668315,66.83%
big_files/enwik6,binary,524288,131072,32,4,6,6,12,15,15,17,5,16.44,100.71,693443,69.34%
big_files/enwik6,binary,524288,131072,32,16,6,6,12,15,15,17,5,13.78,100.59,651093,65.11%
big_files/enwik6,binary,524288,131072,32,128,6,6,12,15,15,17,5,9.73,124.37,490976,49.10%
big_files/enwik6,binary,524288,131072,32,1024,6,6,12,15,15,17,5,7.79,135.62,434215,43.42%
big_files/enwik6,binary,524288,131072,32,999999999,6,6,12,15,15,17,5,7.89,125.88,431016,43.10%
big_files/enwik6,binary,524288,131072,32,1,6,6,15,15,15,17,5,17.30,99.79,667645,66.76%
big_files/enwik6,binary,524288,131072,32,4,6,6,15,15,15,17,5,16.64,97.41,689697,68.97%
big_files/enwik6,binary,524288,131072,32,16,6,6,15,15,15,17,5,14.77,108.22,646199,64.62%
big_files/enwik6,binary,524288,131072,32,128,6,6,15,15,15,17,5,10.02,126.99,487124,48.71%
big_files/enwik6,binary,524288,131072,32,1024,6,6,15,15,15,17,5,7.84,124.74,430428,43.04%
big_files/enwik6,binary,524288,131072,32,999999999,6,6,15,15,15,17,5,7.48,143.19,427236,42.72%
big_files/enwik6,binary,524288,131072,32,1,6,12,12,12,12,17,5,17.40,92.84,639000,63.90%
big_files/enwik6,binary,524288,131072,32,4,6,12,12,12,12,17,5,16.37,95.10,674423,67.44%
big_files/enwik6,binary,524288,131072,32,16,6,12,12,12,12,17,5,13.71,106.31,643552,64.36%
big_files/enwik6,binary,524288,131072,32,128,6,12,12,12,12,17,5,9.98,125.93,488458,48.85%
big_files/enwik6,binary,524288,131072,32,1024,6,12,12,12,12,17,5,7.61,123.46,431304,43.13%
big_files/enwik6,binary,524288,131072,32,999999999,6,12,12,12,12,17,5,7.82,135.71,428201,42.82%
big_files/enwik6,binary,524288,131072,32,1,6,12,12,12,15,17,5,17.50,98.56,638975,63.90%
big_files/enwik6,binary,524288,131072,32,4,6,12,12,12,15,17,5,17.94,102.57,673486,67.35%
big_files/enwik6,binary,524288,131072,32,16,6,12,12,12,15,17,5,15.09,100.92,642235,64.22%
big_files/enwik6,binary,524288,131072,32,128,6,12,12,12,15,17,5,10.08,131.91,486470,48.65%
big_files/enwik6,binary,524288,131072,32,1024,6,12,12,12,15,17,5,7.84,130.78,429135,42.91%
big_files/enwik6,binary,524288,131072,32,999999999,6,12,12,12,15,17,5,7.89,143.59,426001,42.60%
big_files/enwik6,binary,524288,131072,32,1,6,12,12,15,15,17,5,18.28,100.37,638678,63.87%
big_files/enwik6,binary,524288,131072,32,4,6,12,12,15,15,17,5,16.98,96.73,671479,67.15%
big_files/enwik6,binary,524288,131072,32,16,6,12,12,15,15,17,5,14.35,99.08,639183,63.92%
big_files/enwik6,binary,524288,131072,32,128,6,12,12,15,15,17,5,9.49,125.95,483938,48.39%
big_files/enwik6,binary,524288,131072,32,1024,6,12,12,15,15,17,5,7.53,132.42,426495,42.65%
big_files/enwik6,binary,524288,131072,32,999999999,6,12,12,15,15,17,5,7.69,140.67,423323,42.33%
big_files/enwik6,binary,524288,131072,32,1,6,12,15,15,15,17,5,18.03,95.33,638007,63.80%
big_files/enwik6,binary,524288,131072,32,4,6,12,15,15,15,17,5,16.36,97.40,667733,66.77%
big_files/enwik6,binary,524288,131072,32,16,6,12,15,15,15,17,5,13.53,103.69,634288,63.43%
big_files/enwik6,binary,524288,131072,32,128,6,12,15,15,15,17,5,9.67,122.57,480087,48.01%
big_files/enwik6,binary,524288,131072,32,1024,6,12,15,15,15,17,5,7.78,149.98,422707,42.27%
big_files/enwik6,binary,524288,131072,32,999999999,6,12,15,15,15,17,5,8.00,147.40,419542,41.95%
big_files/enwik6,binary,524288,131072,32,1,6,15,15,15,15,17,5,19.56,102.59,635480,63.55%
big_files/enwik6,binary,524288,131072,32,4,6,15,15,15,15,17,5,17.46,89.33,658116,65.81%
big_files/enwik6,binary,524288,131072,32,16,6,15,15,15,15,17,5,15.40,106.52,622598,62.26%
big_files/enwik6,binary,524288,131072,32,128,6,15,15,15,15,17,5,9.94,125.22,471612,47.16%
big_files/enwik6,binary,524288,131072,32,1024,6,15,15,15,15,17,5,7.53,124.16,417566,41.76%
big_files/enwik6,binary,524288,131072,32,999999999,6,15,15,15,15,17,5,7.80,130.72,414449,41.44%
big_files/enwik6,binary,524288,131072,32,1,12,12,12,12,12,17,5,19.32,95.80,560677,56.07%
big_files/enwik6,binary,524288,131072,32,4,12,12,12,12,12,17,5,16.98,98.22,621758,62.18%
big_files/enwik6,binary,524288,131072,32,16,12,12,12,12,12,17,5,13.88,100.38,622681,62.27%
big_files/enwik6,binary,524288,131072,32,128,12,12,12,12,12,17,5,9.93,125.97,478816,47.88%
big_files/enwik6,binary,524288,131072,32,1024,12,12,12,12,12,17,5,7.53,141.77,421519,42.15%
big_files/enwik6,binary,524288,131072,32,999999999,12,12,12,12,12,17,5,8.25,140.95,418442,41.84%
big_files/enwik6,binary,524288,131072,32,1,12,12,12,12,15,17,5,18.94,103.88,560654,56.07%
big_files/enwik6,binary,524288,131072,32,4,12,12,12,12,15,17,5,18.31,97.51,620821,62.08%
big_files/enwik6,binary,524288,131072,32,16,12,12,12,12,15,17,5,14.08,96.33,621365,62.14%
big_files/enwik6,binary,524288,131072,32,128,12,12,12,12,15,17,5,9.94,141.15,476826,47.68%
big_files/enwik6,binary,524288,131072,32,1024,12,12,12,12,15,17,5,8.33,143.88,419350,41.93%
big_files/enwik6,binary,524288,131072,32,999999999,12,12,12,12,15,17,5,8.03,143.49,416242,41.62%
big_files/enwik6,binary,524288,131072,32,1,12,12,12,15,15,17,5,19.42,94.89,560357,56.04%
big_files/enwik6,binary,524288,131072,32,4,12,12,12,15,15,17,5,17.10,92.80,618813,61.88%
big_files/enwik6,binary,524288,131072,32,16,12,12,12,15,15,17,5,14.06,105.46,618313,61.83%
big_files/enwik6,binary,524288,131072,32,128,12,12,12,15,15,17,5,9.29,118.42,474295,47.43%
big_files/enwik6,binary,524288,131072,32,1024,12,12,12,15,15,17,5,7.54,133.01,416709,41.67%
big_files/enwik6,binary,524288,131072,32,999999999,12,12,12,15,15,17,5,8.11,119.55,413564,41.36%
big_files/enwik6,binary,524288,131072,32,1,12,12,15,15,15,17,5,19.43,105.85,559686,55.97%
big_files/enwik6,binary,524288,131072,32,4,12,12,15,15,15,17,5,17.66,93.61,615067,61.51%
big_files/enwik6,binary,524288,131072,32,16,12,12,15,15,15,17,5,13.27,93.67,613417,61.34%
big_files/enwik6,binary,524288,131072,32,128,12,12,15,15,15,17,5,10.08,128.23,470443,47.04%
big_files/enwik6,binary,524288,131072,32,1024,12,12,15,15,15,17,5,8.05,140.99,412923,41.29%
big_files/enwik6,binary,524288,131072,32,999999999,12,12,15,15,15,17,5,8.19,131.46,409783,40.98%
big_files/enwik6,binary,524288,131072,32,1,12,15,15,15,15,17,5,17.72,106.70,557157,55.72%
big_files/enwik6,binary,524288,131072,32,4,12,15,15,15,15,17,5,15.45,93.65,605451,60.55%
big_files/enwik6,binary,524288,131072,32,16,12,15,15,15,15,17,5,14.07,98.82,601729,60.17%
big_files/enwik6,binary,524288,131072,32,128,12,15,15,15,15,17,5,9.39,118.01,461968,46.20%
big_files/enwik6,binary,524288,131072,32,1024,12,15,15,15,15,17,5,8.11,129.92,407781,40.78%
big_files/enwik6,binary,524288,131072,32,999999999,12,15,15,15,15,17,5,8.08,135.29,404691,40.47%
big_files/enwik6,binary,524288,131072,32,1,15,15,15,15,15,17,5,18.38,104.79,542679,54.27%
big_files/enwik6,binary,524288,131072,32,4,15,15,15,15,15,17,5,16.82,103.95,568501,56.85%
big_files/enwik6,binary,524288,131072,32,16,15,15,15,15,15,17,5,13.87,99.95,562520,56.25%
big_files/enwik6,binary,524288,131072,32,128,15,15,15,15,15,17,5,10.26,106.02,451911,45.19%
big_files/enwik6,binary,524288,131072,32,1024,15,15,15,15,15,17,5,7.95,137.10,403593,40.36%
big_files/enwik6,binary,524288,131072,32,999999999,15,15,15,15,15,17,5,7.89,127.22,400536,40.05%
big_files/enwik6,binary,524288,131072,64,1,6,6,6,6,6,17,6,17.51,92.99,712851,71.29%
big_files/enwik6,binary,524288,131072,64,4,6,6,6,6,6,17,6,17.29,101.85,733707,73.37%
big_files/enwik6,binary,524288,131072,64,16,6,6,6,6,6,17,6,14.80,103.45,682756,68.28%
big_files/enwik6,binary,524288,131072,64,128,6,6,6,6,6,17,6,10.09,117.01,520725,52.07%
big_files/enwik6,binary,524288,131072,64,1024,6,6,6,6,6,17,6,7.67,127.81,465482,46.55%
big_files/enwik6,binary,524288,131072,64,999999999,6,6,6,6,6,17,6,7.28,124.48,462332,46.23%
big_files/enwik6,binary,524288,131072,64,1,6,6,6,6,12,17,6,18.16,100.83,707730,70.77%
big_files/enwik6,binary,524288,131072,64,4,6,6,6,6,12,17,6,15.42,97.24,730165,73.02%
big_files/enwik6,binary,524288,131072,64,16,6,6,6,6,12,17,6,13.54,103.85,679937,67.99%
big_files/enwik6,binary,524288,131072,64,128,6,6,6,6,12,17,6,9.79,128.21,517132,51.71%
big_files/enwik6,binary,524288,131072,64,1024,6,6,6,6,12,17,6,8.06,147.09,461254,46.13%
big_files/enwik6,binary,524288,131072,64,999999999,6,6,6,6,12,17,6,7.96,130.90,458085,45.81%
big_files/enwik6,binary,524288,131072,64,1,6,6,6,6,15,17,6,18.54,95.69,707460,70.75%
big_files/enwik6,binary,524288,131072,64,4,6,6,6,6,15,17,6,17.34,99.41,728931,72.89%
big_files/enwik6,binary,524288,131072,64,16,6,6,6,6,15,17,6,14.92,100.01,678320,67.83%
big_files/enwik6,binary,524288,131072,64,128,6,6,6,6,15,17,6,10.19,122.42,514670,51.47%
big_files/enwik6,binary,524288,131072,64,1024,6,6,6,6,15,17,6,7.64,128.24,458543,45.85%
big_files/enwik6,binary,524288,131072,64,999999999,6,6,6,6,15,17,6,7.58,138.11,455339,45.53%
big_files/enwik6,binary,524288,131072,64,1,6,6,6,12,12,17,6,16.88,95.16,699330,69.93%
big_files/enwik6,binary,524288,131072,64,4,6,6,6,12,12,17,6,17.37,92.48,724023,72.40%
big_files/enwik6,binary,524288,131072,64,16,6,6,6,12,12,17,6,14.62,96.46,676300,67.63%
big_files/enwik6,binary,524288,131072,64,128,6,6,6,12,12,17,6,10.14,125.23,512467,51.25%
big_files/enwik6,binary,524288,131072,64,1024,6,6,6,12,12,17,6,7.99,130.72,455861,45.59%
big_files/enwik6,binary,524288,131072,64,999999999,6,6,6,12,12,17,6,7.71,134.14,452648,45.26%
big_files/enwik6,binary,524288,131072,64,1,6,6,6,12,15,17,6,17.61,99.03,699060,69.91%
big_files/enwik6,binary,524288,131072,64,4,6,6,6,12,15,17,6,17.40,94.29,722789,72.28%
big_files/enwik6,binary,524288,131072,64,16,6,6,6,12,15,17,6,14.14,102.05,674682,67.47%
big_files/enwik6,binary,524288,131072,64,128,6,6,6,12,15,17,6,10.02,113.20,510003,51.00%
big_files/enwik6,binary,524288,131072,64,1024,6,6,6,12,15,17,6,7.75,135.72,453150,45.31%
big_files/enwik6,binary,524288,131072,64,999999999,6,6,6,12,15,17,6,7.34,131.11,449902,44.99%
big_files/enwik6,binary,524288,131072,64,1,6,6,6,15,15,17,6,18.36,99.05,698341,69.83%
big_files/enwik6,binary,524288,131072,64,4,6,6,6,15,15,17,6,17.12,100.70,720226,72.02%
big_files/enwik6,binary,524288,131072,64,16,6,6,6,15,15,17,6,14.89,103.06,671052,67.11%
big_files/enwik6,binary,524288,131072,64,128,6,6,6,15,15,17,6,9.71,124.26,506889,50.69%
big_files/enwik6,binary,524288,131072,64,1024,6,6,6,15,15,17,6,8.26,134.93,449869,44.99%
big_files/enwik6,binary,524288,131072,64,999999999,6,6,6,15,15,17,6,7.49,128.91,446576,44.66%
big_files/enwik6,binary,524288,131072,64,1,6,6,12,12,12,17,6,17.93,110.10,686260,68.63%
big_files/enwik6,binary,524288,131072,64,4,6,6,12,12,12,17,6,16.59,93.70,714605,71.46%
big_files/enwik6,binary,524288,131072,64,16,6,6,12,12,12,17,6,13.39,103.61,671174,67.12%
big_files/enwik6,binary,524288,131072,64,128,6,6,12,12,12,17,6,10.38,122.49,506814,50.68%
big_files/enwik6,binary,524288,131072,64,1024,6,6,12,12,12,17,6,7.70,137.74,449367,44.94%
big_files/enwik6,binary,524288,131072,64,999999999,6,6,12,12,12,17,6,7.93,140.78,446140,44.61%
big_files/enwik6,binary,524288,131072,64,1,6,6,12,12,15,17,6,18.57,100.72,685990,68.60%
big_files/enwik6,binary,524288,131072,64,4,6,6,12,12,15,17,6,17.65,90.21,713371,71.34%
big_files/enwik6,binary,524288,131072,64,16,6,6,12,12,15,17,6,14.31,100.75,669557,66.96%
big_files/enwik6,binary,524288,131072,64,128,6,6,12,12,15,17,6,10.20,122.52,504352,50.44%
big_files/enwik6,binary,524288,131072,64,1024,6,6,12,12,15,17,6,7.80,139.73,446655,44.67%
big_files/enwik6,binary,524288,131072,64,999999999,6,6,12,12,15,17,6,7.56,130.45,443394,44.34%
big_files/enwik6,binary,524288,131072,64,1,6,6,12,15,15,17,6,17.27,92.75,685271,68.53%
big_files/enwik6,binary,524288,131072,64,4,6,6,12,15,15,17,6,15.68,99.43,710808,71.08%
big_files/enwik6,binary,524288,131072,64,16,6,6,12,15,15,17,6,14.77,107.00,665926,66.59%
big_files/enwik6,binary,524288,131072,64,128,6,6,12,15,15,17,6,9.84,121.77,501237,50.12%
big_files/enwik6,binary,524288,131072,64,1024,6,6,12,15,15,17,6,7.66,136.36,443374,44.34%
big_files/enwik6,binary,524288,131072,64,999999999,6,6,12,15,15,17,6,7.29,133.08,440068,44.01%
big_files/enwik6,binary,524288,131072,64,1,6,6,15,15,15,17,6,18.10,93.27,683921,68.39%
big_files/enwik6,binary,524288,131072,64,4,6,6,15,15,15,17,6,16.93,99.06,706127,70.61%
big_files/enwik6,binary,524288,131072,64,16,6,6,15,15,15,17,6,14.00,95.33,660131,66.01%
big_files/enwik6,binary,524288,131072,64,128,6,6,15,15,15,17,6,9.75,119.23,496578,49.66%
big_files/enwik6,binary,524288,131072,64,1024,6,6,15,15,15,17,6,7.69,132.71,438739,43.87%
big_files/enwik6,binary,524288,131072,64,999999999,6,6,15,15,15,17,6,7.92,151.54,435437,43.54%
big_files/enwik6,binary,524288,131072,64,1,6,12,12,12,12,17,6,18.87,102.15,653936,65.39%
big_files/enwik6,binary,524288,131072,64,4,6,12,12,12,12,17,6,17.42,99.24,690814,69.08%
big_files/enwik6,binary,524288,131072,64,16,6,12,12,12,12,17,6,13.63,100.39,658298,65.83%
big_files/enwik6,binary,524288,131072,64,128,6,12,12,12,12,17,6,10.05,124.38,499167,49.92%
big_files/enwik6,binary,524288,131072,64,1024,6,12,12,12,12,17,6,7.67,128.40,440913,44.09%
big_files/enwik6,binary,524288,131072,64,999999999,6,12,12,12,12,17,6,7.61,130.28,437718,43.77%
big_files/enwik6,binary,524288,131072,64,1,6,12,12,12,15,17,6,17.73,99.46,653666,65.37%
big_files/enwik6,binary,524288,131072,64,4,6,12,12,12,15,17,6,17.72,97.56,689580,68.96%
big_files/enwik6,binary,524288,131072,64,16,6,12,12,12,15,17,6,14.16,101.43,656681,65.67%
big_files/enwik6,binary,524288,131072,64,128,6,12,12,12,15,17,6,10.69,131.27,496704,49.67%
big_files/enwik6,binary,524288,131072,64,1024,6,12,12,12,15,17,6,7.66,128.12,438202,43.82%
big_files/enwik6,binary,524288,131072,64,999999999,6,12,12,12,15,17,6,7.52,137.39,434972,43.50%
big_files/enwik6,binary,524288,131072,64,1,6,12,12,15,15,17,6,19.00,92.16,652947,65.29%
big_files/enwik6,binary,524288,131072,64,4,6,12,12,15,15,17,6,16.46,100.17,687017,68.70%
big_files/enwik6,binary,524288,131072,64,16,6,12,12,15,15,17,6,14.43,109.15,653050,65.30%
big_files/enwik6,binary,524288,131072,64,128,6,12,12,15,15,17,6,9.71,121.90,493590,49.36%
big_files/enwik6,binary,524288,131072,64,1024,6,12,12,15,15,17,6,7.66,127.59,434921,43.49%
big_files/enwik6,binary,524288,131072,64,999999999,6,12,12,15,15,17,6,7.79,137.81,431645,43.16%
big_files/enwik6,binary,524288,131072,64,1,6,12,15,15,15,17,6,18.87,100.60,651596,65.16%
big_files/enwik6,binary,524288,131072,64,4,6,12,15,15,15,17,6,16.43,96.36,682336,68.23%
big_files/enwik6,binary,524288,131072,64,16,6,12,15,15,15,17,6,12.44,104.21,647255,64.73%
big_files/enwik6,binary,524288,131072,64,128,6,12,15,15,15,17,6,10.52,121.91,488931,48.89%
big_files/enwik6,binary,524288,131072,64,1024,6,12,15,15,15,17,6,8.08,138.64,430286,43.03%
big_files/enwik6,binary,524288,131072,64,999999999,6,12,15,15,15,17,6,7.72,131.93,427015,42.70%
big_files/enwik6,binary,524288,131072,64,1,6,15,15,15,15,17,6,17.79,93.79,647632,64.76%
big_files/enwik6,binary,524288,131072,64,4,6,15,15,15,15,17,6,16.22,98.43,670724,67.07%
big_files/enwik6,binary,524288,131072,64,16,6,15,15,15,15,17,6,14.39,98.16,633692,63.37%
big_files/enwik6,binary,524288,131072,64,128,6,15,15,15,15,17,6,9.36,121.11,479094,47.91%
big_files/enwik6,binary,524288,131072,64,1024,6,15,15,15,15,17,6,8.12,143.31,424183,42.42%
big_files/enwik6,binary,524288,131072,64,999999999,6,15,15,15,15,17,6,7.99,137.24,420963,42.10%
big_files/enwik6,binary,524288,131072,64,1,12,12,12,12,12,17,6,20.14,98.73,568624,56.86%
big_files/enwik6,binary,524288,131072,64,4,12,12,12,12,12,17,6,16.77,95.76,633903,63.39%
big_files/enwik6,binary,524288,131072,64,16,12,12,12,12,12,17,6,14.38,108.40,636035,63.60%
big_files/enwik6,binary,524288,131072,64,128,12,12,12,12,12,17,6,9.90,119.15,488683,48.87%
big_files/enwik6,binary,524288,131072,64,1024,12,12,12,12,12,17,6,8.07,119.82,430171,43.02%
big_files/enwik6,binary,524288,131072,64,999999999,12,12,12,12,12,17,6,8.17,138.14,427005,42.70%
big_files/enwik6,binary,524288,131072,64,1,12,12,12,12,15,17,6,18.69,96.73,568354,56.84%
big_files/enwik6,binary,524288,131072,64,4,12,12,12,12,15,17,6,17.25,101.18,632668,63.27%
big_files/enwik6,binary,524288,131072,64,16,12,12,12,12,15,17,6,13.91,98.50,634417,63.44%
big_files/enwik6,binary,524288,131072,64,128,12,12,12,12,15,17,6,9.97,132.74,486221,48.62%
big_files/enwik6,binary,524288,131072,64,1024,12,12,12,12,15,17,6,7.94,147.27,427459,42.75%
big_files/enwik6,binary,524288,131072,64,999999999,12,12,12,12,15,17,6,7.93,131.93,424258,42.43%
big_files/enwik6,binary,524288,131072,64,1,12,12,12,15,15,17,6,18.50,102.35,567635,56.76%
big_files/enwik6,binary,524288,131072,64,4,12,12,12,15,15,17,6,17.18,94.79,630106,63.01%
big_files/enwik6,binary,524288,131072,64,16,12,12,12,15,15,17,6,15.02,101.49,630786,63.08%
big_files/enwik6,binary,524288,131072,64,128,12,12,12,15,15,17,6,10.37,131.28,483106,48.31%
big_files/enwik6,binary,524288,131072,64,1024,12,12,12,15,15,17,6,8.07,128.52,424178,42.42%
big_files/enwik6,binary,524288,131072,64,999999999,12,12,12,15,15,17,6,7.93,144.72,420932,42.09%
big_files/enwik6,binary,524288,131072,64,1,12,12,15,15,15,17,6,18.46,103.95,566285,56.63%
big_files/enwik6,binary,524288,131072,64,4,12,12,15,15,15,17,6,16.29,96.19,625425,62.54%
big_files/enwik6,binary,524288,131072,64,16,12,12,15,15,15,17,6,14.95,98.53,624991,62.50%
big_files/enwik6,binary,524288,131072,64,128,12,12,15,15,15,17,6,10.14,122.63,478446,47.84%
big_files/enwik6,binary,524288,131072,64,1024,12,12,15,15,15,17,6,8.38,141.56,419543,41.95%
big_files/enwik6,binary,524288,131072,64,999999999,12,12,15,15,15,17,6,8.27,126.44,416302,41.63%
big_files/enwik6,binary,524288,131072,64,1,12,15,15,15,15,17,6,19.06,96.53,562320,56.23%
big_files/enwik6,binary,524288,131072,64,4,12,15,15,15,15,17,6,17.97,98.96,613812,61.38%
big_files/enwik6,binary,524288,131072,64,16,12,15,15,15,15,17,6,14.70,104.34,611429,61.14%
big_files/enwik6,binary,524288,131072,64,128,12,15,15,15,15,17,6,10.34,129.23,468610,46.86%
big_files/enwik6,binary,524288,131072,64,1024,12,15,15,15,15,17,6,8.28,135.98,413442,41.34%
big_files/enwik6,binary,524288,131072,64,999999999,12,15,15,15,15,17,6,8.00,136.65,410250,41.02%
big_files/enwik6,binary,524288,131072,64,1,15,15,15,15,15,17,6,17.45,99.76,543219,54.32%
big_files/enwik6,binary,524288,131072,64,4,15,15,15,15,15,17,6,17.80,110.14,570397,57.04%
big_files/enwik6,binary,524288,131072,64,16,15,15,15,15,15,17,6,14.80,99.51,566766,56.68%
big_files/enwik6,binary,524288,131072,64,128,15,15,15,15,15,17,6,10.14,131.88,456955,45.70%
big_files/enwik6,binary,524288,131072,64,1024,15,15,15,15,15,17,6,8.23,134.61,408325,40.83%
big_files/enwik6,binary,524288,131072,64,999999999,15,15,15,15,15,17,6,7.97,140.92,405170,40.52%
big_files/enwik6,binary,524288,131072,128,1,6,6,6,6,6,17,7,18.26,99.33,736709,73.67%
big_files/enwik6,binary,524288,131072,128,4,6,6,6,6,6,17,7,17.57,102.99,758048,75.80%
big_files/enwik6,binary,524288,131072,128,16,6,6,6,6,6,17,7,13.82,102.70,705448,70.54%
big_files/enwik6,binary,524288,131072,128,128,6,6,6,6,6,17,7,10.21,126.54,537707,53.77%
big_files/enwik6,binary,524288,131072,128,1024,6,6,6,6,6,17,7,8.30,141.56,480567,48.06%
big_files/enwik6,binary,524288,131072,128,999999999,6,6,6,6,6,17,7,8.01,141.60,477413,47.74%
big_files/enwik6,binary,524288,131072,128,1,6,6,6,6,12,17,7,19.12,103.38,731119,73.11%
big_files/enwik6,binary,524288,131072,128,4,6,6,6,6,12,17,7,17.28,103.09,754176,75.42%
big_files/enwik6,binary,524288,131072,128,16,6,6,6,6,12,17,7,14.83,100.49,702371,70.24%
big_files/enwik6,binary,524288,131072,128,128,6,6,6,6,12,17,7,10.29,130.21,533766,53.38%
big_files/enwik6,binary,524288,131072,128,1024,6,6,6,6,12,17,7,8.27,128.34,475923,47.59%
big_files/enwik6,binary,524288,131072,128,999999999,6,6,6,6,12,17,7,8.20,132.01,472748,47.27%
big_files/enwik6,binary,524288,131072,128,1,6,6,6,6,15,17,7,18.51,96.67,730610,73.06%
big_files/enwik6,binary,524288,131072,128,4,6,6,6,6,15,17,7,16.16,99.75,752650,75.26%
big_files/enwik6,binary,524288,131072,128,16,6,6,6,6,15,17,7,14.96,102.97,700430,70.04%
big_files/enwik6,binary,524288,131072,128,128,6,6,6,6,15,17,7,10.04,134.85,530833,53.08%
big_files/enwik6,binary,524288,131072,128,1024,6,6,6,6,15,17,7,8.19,147.07,472687,47.27%
big_files/enwik6,binary,524288,131072,128,999999999,6,6,6,6,15,17,7,8.14,128.30,469471,46.95%
big_files/enwik6,binary,524288,131072,128,1,6,6,6,12,12,17,7,18.85,96.03,721935,72.19%
big_files/enwik6,binary,524288,131072,128,4,6,6,6,12,12,17,7,16.63,97.30,747472,74.75%
big_files/enwik6,binary,524288,131072,128,16,6,6,6,12,12,17,7,14.81,104.49,698404,69.84%
big_files/enwik6,binary,524288,131072,128,128,6,6,6,12,12,17,7,9.86,124.17,528638,52.86%
big_files/enwik6,binary,524288,131072,128,1024,6,6,6,12,12,17,7,8.11,139.26,470001,47.00%
big_files/enwik6,binary,524288,131072,128,999999999,6,6,6,12,12,17,7,8.37,135.69,466779,46.68%
big_files/enwik6,binary,524288,131072,128,1,6,6,6,12,15,17,7,17.54,103.00,721427,72.14%
big_files/enwik6,binary,524288,131072,128,4,6,6,6,12,15,17,7,17.66,97.20,745945,74.59%
big_files/enwik6,binary,524288,131072,128,16,6,6,6,12,15,17,7,15.04,101.65,696463,69.65%
big_files/enwik6,binary,524288,131072,128,128,6,6,6,12,15,17,7,10.36,129.56,525706,52.57%
big_files/enwik6,binary,524288,131072,128,1024,6,6,6,12,15,17,7,8.21,128.85,466765,46.68%
big_files/enwik6,binary,524288,131072,128,999999999,6,6,6,12,15,17,7,8.37,138.15,463502,46.35%
big_files/enwik6,binary,524288,131072,128,1,6,6,6,15,15,17,7,17.81,98.67,720292,72.03%
big_files/enwik6,binary,524288,131072,128,4,6,6,6,15,15,17,7,17.73,92.94,742835,74.28%
big_files/enwik6,binary,524288,131072,128,16,6,6,6,15,15,17,7,14.66,107.17,692223,69.22%
big_files/enwik6,binary,524288,131072,128,128,6,6,6,15,15,17,7,10.56,117.01,521999,52.20%
big_files/enwik6,binary,524288,131072,128,1024,6,6,6,15,15,17,7,8.07,135.87,462843,46.28%
big_files/enwik6,binary,524288,131072,128,999999999,6,6,6,15,15,17,7,8.36,146.66,459528,45.95%
big_files/enwik6,binary,524288,131072,128,1,6,6,12,12,12,17,7,17.48,101.22,707646,70.76%
big_files/enwik6,binary,524288,131072,128,4,6,6,12,12,12,17,7,17.07,98.76,737221,73.72%
big_files/enwik6,binary,524288,131072,128,16,6,6,12,12,12,17,7,14.69,96.76,692788,69.28%
big_files/enwik6,binary,524288,131072,128,128,6,6,12,12,12,17,7,10.62,134.77,522443,52.24%
big_files/enwik6,binary,524288,131072,128,1024,6,6,12,12,12,17,7,8.24,137.68,462869,46.29%
big_files/enwik6,binary,524288,131072,128,999999999,6,6,12,12,12,17,7,8.34,143.80,459632,45.96%
big_files/enwik6,binary,524288,131072,128,1,6,6,12,12,15,17,7,19.28,102.33,707138,70.71%
big_files/enwik6,binary,524288,131072,128,4,6,6,12,12,15,17,7,16.62,100.03,735694,73.57%
big_files/enwik6,binary,524288,131072,128,16,6,6,12,12,15,17,7,14.42,100.06,690847,69.08%
big_files/enwik6,binary,524288,131072,128,128,6,6,12,12,15,17,7,10.57,136.38,519510,51.95%
big_files/enwik6,binary,524288,131072,128,1024,6,6,12,12,15,17,7,7.85,138.33,459633,45.96%
big_files/enwik6,binary,524288,131072,128,999999999,6,6,12,12,15,17,7,8.08,150.48,456356,45.64%
big_files/enwik6,binary,524288,131072,128,1,6,6,12,15,15,17,7,18.65,98.79,706003,70.60%
big_files/enwik6,binary,524288,131072,128,4,6,6,12,15,15,17,7,16.81,100.29,732584,73.26%
big_files/enwik6,binary,524288,131072,128,16,6,6,12,15,15,17,7,15.13,98.62,686606,68.66%
big_files/enwik6,binary,524288,131072,128,128,6,6,12,15,15,17,7,10.76,135.59,515803,51.58%
big_files/enwik6,binary,524288,131072,128,1024,6,6,12,15,15,17,7,7.96,130.77,455710,45.57%
big_files/enwik6,binary,524288,131072,128,999999999,6,6,12,15,15,17,7,8.07,139.94,452380,45.24%
big_files/enwik6,binary,524288,131072,128,1,6,6,15,15,15,17,7,19.25,99.75,703993,70.40%
big_files/enwik6,binary,524288,131072,128,4,6,6,15,15,15,17,7,16.16,98.91,726970,72.70%
big_files/enwik6,binary,524288,131072,128,16,6,6,15,15,15,17,7,15.13,101.40,679884,67.99%
big_files/enwik6,binary,524288,131072,128,128,6,6,15,15,15,17,7,10.25,127.80,510313,51.03%
big_files/enwik6,binary,524288,131072,128,1024,6,6,15,15,15,17,7,8.18,129.71,450219,45.02%
big_files/enwik6,binary,524288,131072,128,999999999,6,6,15,15,15,17,7,8.37,127.62,446893,44.69%
big_files/enwik6,binary,524288,131072,128,1,6,12,12,12,12,17,7,18.92,97.49,672566,67.26%
big_files/enwik6,binary,524288,131072,128,4,6,12,12,12,12,17,7,17.47,89.55,711467,71.15%
big_files/enwik6,binary,524288,131072,128,16,6,12,12,12,12,17,7,14.27,105.73,678835,67.88%
big_files/enwik6,binary,524288,131072,128,128,6,12,12,12,12,17,7,10.26,127.59,514126,51.41%
big_files/enwik6,binary,524288,131072,128,1024,6,12,12,12,12,17,7,8.16,130.25,453664,45.37%
big_files/enwik6,binary,524288,131072,128,999999999,6,12,12,12,12,17,7,8.09,142.92,450460,45.05%
big_files/enwik6,binary,524288,131072,128,1,6,12,12,12,15,17,7,18.74,96.37,672059,67.21%
big_files/enwik6,binary,524288,131072,128,4,6,12,12,12,15,17,7,17.81,94.55,709941,70.99%
big_files/enwik6,binary,524288,131072,128,16,6,12,12,12,15,17,7,14.47,102.68,676894,67.69%
big_files/enwik6,binary,524288,131072,128,128,6,12,12,12,15,17,7,10.18,128.43,511194,51.12%
big_files/enwik6,binary,524288,131072,128,1024,6,12,12,12,15,17,7,8.25,127.13,450427,45.04%
big_files/enwik6,binary,524288,131072,128,999999999,6,12,12,12,15,17,7,8.15,139.28,447184,44.72%
big_files/enwik6,binary,524288,131072,128,1,6,12,12,15,15,17,7,17.71,102.79,670924,67.09%
big_files/enwik6,binary,524288,131072,128,4,6,12,12,15,15,17,7,16.83,98.93,706831,70.68%
big_files/enwik6,binary,524288,131072,128,16,6,12,12,15,15,17,7,14.09,95.04,672653,67.27%
big_files/enwik6,binary,524288,131072,128,128,6,12,12,15,15,17,7,9.99,125.78,507485,50.75%
big_files/enwik6,binary,524288,131072,128,1024,6,12,12,15,15,17,7,8.13,139.13,446505,44.65%
big_files/enwik6,binary,524288,131072,128,999999999,6,12,12,15,15,17,7,7.60,136.06,443209,44.32%
big_files/enwik6,binary,524288,131072,128,1,6,12,15,15,15,17,7,18.64,101.86,668913,66.89%
big_files/enwik6,binary,524288,131072,128,4,6,12,15,15,15,17,7,15.30,95.79,701216,70.12%
big_files/enwik6,binary,524288,131072,128,16,6,12,15,15,15,17,7,13.70,101.19,665931,66.59%
big_files/enwik6,binary,524288,131072,128,128,6,12,15,15,15,17,7,9.93,122.98,501996,50.20%
big_files/enwik6,binary,524288,131072,128,1024,6,12,15,15,15,17,7,7.68,130.11,441014,44.10%
big_files/enwik6,binary,524288,131072,128,999999999,6,12,15,15,15,17,7,8.14,128.15,437721,43.77%
big_files/enwik6,binary,524288,131072,128,1,6,15,15,15,15,17,7,18.01,97.74,663538,66.35%
big_files/enwik6,binary,524288,131072,128,4,6,15,15,15,15,17,7,16.74,97.80,687665,68.77%
big_files/enwik6,binary,524288,131072,128,16,6,15,15,15,15,17,7,14.08,102.83,650485,65.05%
big_files/enwik6,binary,524288,131072,128,128,6,15,15,15,15,17,7,9.85,118.71,490808,49.08%
big_files/enwik6,binary,524288,131072,128,1024,6,15,15,15,15,17,7,7.81,131.74,433956,43.40%
big_files/enwik6,binary,524288,131072,128,999999999,6,15,15,15,15,17,7,8.10,133.93,430718,43.07%
big_files/enwik6,binary,524288,131072,128,1,12,12,12,12,12,17,7,18.43,102.89,580115,58.01%
big_files/enwik6,binary,524288,131072,128,4,12,12,12,12,12,17,7,16.58,99.76,649872,64.99%
big_files/enwik6,binary,524288,131072,128,16,12,12,12,12,12,17,7,14.03,97.52,654726,65.47%
big_files/enwik6,binary,524288,131072,128,128,12,12,12,12,12,17,7,10.01,124.30,502733,50.27%
big_files/enwik6,binary,524288,131072,128,1024,12,12,12,12,12,17,7,7.95,132.12,441965,44.20%
big_files/enwik6,binary,524288,131072,128,999999999,12,12,12,12,12,17,7,7.96,133.80,438793,43.88%
big_files/enwik6,binary,524288,131072,128,1,12,12,12,12,15,17,7,19.18,103.61,579607,57.96%
big_files/enwik6,binary,524288,131072,128,4,12,12,12,12,15,17,7,17.84,98.95,648345,64.83%
big_files/enwik6,binary,524288,131072,128,16,12,12,12,12,15,17,7,14.33,98.77,652785,65.28%
big_files/enwik6,binary,524288,131072,128,128,12,12,12,12,15,17,7,9.84,126.39,499800,49.98%
big_files/enwik6,binary,524288,131072,128,1024,12,12,12,12,15,17,7,8.12,138.67,438728,43.87%
big_files/enwik6,binary,524288,131072,128,999999999,12,12,12,12,15,17,7,7.87,137.77,435517,43.55%
big_files/enwik6,binary,524288,131072,128,1,12,12,12,15,15,17,7,19.08,98.67,578472,57.85%
big_files/enwik6,binary,524288,131072,128,4,12,12,12,15,15,17,7,16.87,100.59,645235,64.52%
big_files/enwik6,binary,524288,131072,128,16,12,12,12,15,15,17,7,14.75,102.29,648545,64.85%
big_files/enwik6,binary,524288,131072,128,128,12,12,12,15,15,17,7,10.19,127.15,496092,49.61%
big_files/enwik6,binary,524288,131072,128,1024,12,12,12,15,15,17,7,7.99,134.35,434806,43.48%
big_files/enwik6,binary,524288,131072,128,999999999,12,12,12,15,15,17,7,7.78,141.25,431541,43.15%
big_files/enwik6,binary,524288,131072,128,1,12,12,15,15,15,17,7,18.59,100.20,576462,57.65%
big_files/enwik6,binary,524288,131072,128,4,12,12,15,15,15,17,7,16.47,97.53,639620,63.96%
big_files/enwik6,binary,524288,131072,128,16,12,12,15,15,15,17,7,13.89,95.74,641822,64.18%
big_files/enwik6,binary,524288,131072,128,128,12,12,15,15,15,17,7,10.06,124.57,490603,49.06%
big_files/enwik6,binary,524288,131072,128,1024,12,12,15,15,15,17,7,7.75,140.61,429315,42.93%
big_files/enwik6,binary,524288,131072,128,999999999,12,12,15,15,15,17,7,7.96,134.85,426054,42.61%
big_files/enwik6,binary,524288,131072,128,1,12,15,15,15,15,17,7,18.75,92.98,571086,57.11%
big_files/enwik6,binary,524288,131072,128,4,12,15,15,15,15,17,7,17.29,99.25,626069,62.61%
big_files/enwik6,binary,524288,131072,128,16,12,15,15,15,15,17,7,14.14,103.08,626376,62.64%
big_files/enwik6,binary,524288,131072,128,128,12,15,15,15,15,17,7,10.01,126.39,479415,47.94%
big_files/enwik6,binary,524288,131072,128,1024,12,15,15,15,15,17,7,7.97,129.29,422257,42.23%
big_files/enwik6,binary,524288,131072,128,999999999,12,15,15,15,15,17,7,8.05,131.41,419050,41.90%
big_files/enwik6,binary,524288,131072,128,1,15,15,15,15,15,17,7,18.98,97.97,547367,54.74%
big_files/enwik6,binary,524288,131072,128,4,15,15,15,15,15,17,7,17.17,100.19,576290,57.63%
big_files/enwik6,binary,524288,131072,128,16,15,15,15,15,15,17,7,14.23,99.91,576118,57.61%
big_files/enwik6,binary,524288,131072,128,128,15,15,15,15,15,17,7,9.81,118.37,466125,46.61%
big_files/enwik6,binary,524288,131072,128,1024,15,15,15,15,15,17,7,8.00,135.48,416222,41.62%
big_files/enwik6,binary,524288,131072,128,999999999,15,15,15,15,15,17,7,7.90,129.04,413047,41.30%
big_files/enwik6,binary,524288,131072,256,1,6,6,6,6,6,17,8,17.68,91.47,761183,76.12%
big_files/enwik6,binary,524288,131072,256,4,6,6,6,6,6,17,8,16.43,93.76,783237,78.32%
big_files/enwik6,binary,524288,131072,256,16,6,6,6,6,6,17,8,14.30,100.19,728805,72.88%
big_files/enwik6,binary,524288,131072,256,128,6,6,6,6,6,17,8,10.03,124.23,555306,55.53%
big_files/enwik6,binary,524288,131072,256,1024,6,6,6,6,6,17,8,7.95,127.51,496339,49.63%
big_files/enwik6,binary,524288,131072,256,999999999,6,6,6,6,6,17,8,7.85,135.32,493088,49.31%
big_files/enwik6,binary,524288,131072,256,1,6,6,6,6,12,17,8,17.17,92.73,755112,75.51%
big_files/enwik6,binary,524288,131072,256,4,6,6,6,6,12,17,8,16.93,93.15,779034,77.90%
big_files/enwik6,binary,524288,131072,256,16,6,6,6,6,12,17,8,14.57,93.77,725455,72.55%
big_files/enwik6,binary,524288,131072,256,128,6,6,6,6,12,17,8,9.92,117.16,551000,55.10%
big_files/enwik6,binary,524288,131072,256,1024,6,6,6,6,12,17,8,7.72,129.59,491267,49.13%
big_files/enwik6,binary,524288,131072,256,999999999,6,6,6,6,12,17,8,7.65,128.09,487991,48.80%
big_files/enwik6,binary,524288,131072,256,1,6,6,6,6,15,17,8,17.93,91.38,754373,75.44%
big_files/enwik6,binary,524288,131072,256,4,6,6,6,6,15,17,8,16.97,92.17,777219,77.72%
big_files/enwik6,binary,524288,131072,256,16,6,6,6,6,15,17,8,13.39,93.70,723195,72.32%
big_files/enwik6,binary,524288,131072,256,128,6,6,6,6,15,17,8,9.87,110.00,547602,54.76%
big_files/enwik6,binary,524288,131072,256,1024,6,6,6,6,15,17,8,8.20,137.24,487506,48.75%
big_files/enwik6,binary,524288,131072,256,999999999,6,6,6,6,15,17,8,8.29,139.37,484187,48.42%
big_files/enwik6,binary,524288,131072,256,1,6,6,6,12,12,17,8,19.57,88.48,745145,74.51%
big_files/enwik6,binary,524288,131072,256,4,6,6,6,12,12,17,8,16.34,83.29,771806,77.18%
big_files/enwik6,binary,524288,131072,256,16,6,6,6,12,12,17,8,14.31,100.81,721147,72.11%
big_files/enwik6,binary,524288,131072,256,128,6,6,6,12,12,17,8,10.12,124.17,545413,54.54%
big_files/enwik6,binary,524288,131072,256,1024,6,6,6,12,12,17,8,8.13,135.83,484812,48.48%
big_files/enwik6,binary,524288,131072,256,999999999,6,6,6,12,12,17,8,8.48,125.71,481486,48.15%
big_files/enwik6,binary,524288,131072,256,1,6,6,6,12,15,17,8,19.15,94.24,744406,74.44%
big_files/enwik6,binary,524288,131072,256,4,6,6,6,12,15,17,8,16.93,88.73,769991,77.00%
big_files/enwik6,binary,524288,131072,256,16,6,6,6,12,15,17,8,14.16,89.29,718887,71.89%
big_files/enwik6,binary,524288,131072,256,128,6,6,6,12,15,17,8,10.30,128.57,542016,54.20%
big_files/enwik6,binary,524288,131072,256,1024,6,6,6,12,15,17,8,8.42,131.16,481053,48.11%
big_files/enwik6,binary,524288,131072,256,999999999,6,6,6,12,15,17,8,7.58,138.09,477682,47.77%
big_files/enwik6,binary,524288,131072,256,1,6,6,6,15,15,17,8,18.31,93.86,742860,74.29%
big_files/enwik6,binary,524288,131072,256,4,6,6,6,15,15,17,8,16.35,93.57,766327,76.63%
big_files/enwik6,binary,524288,131072,256,16,6,6,6,15,15,17,8,12.08,94.92,714040,71.40%
big_files/enwik6,binary,524288,131072,256,128,6,6,6,15,15,17,8,9.71,120.99,537716,53.77%
big_files/enwik6,binary,524288,131072,256,1024,6,6,6,15,15,17,8,7.63,127.28,476488,47.65%
big_files/enwik6,binary,524288,131072,256,999999999,6,6,6,15,15,17,8,7.92,134.86,473057,47.31%
big_files/enwik6,binary,524288,131072,256,1,6,6,12,12,12,17,8,18.60,91.13,729634,72.96%
big_files/enwik6,binary,524288,131072,256,4,6,6,12,12,12,17,8,16.71,90.98,760685,76.07%
big_files/enwik6,binary,524288,131072,256,16,6,6,12,12,12,17,8,14.33,98.88,715035,71.50%
big_files/enwik6,binary,524288,131072,256,128,6,6,12,12,12,17,8,9.68,121.84,538655,53.87%
big_files/enwik6,binary,524288,131072,256,1024,6,6,12,12,12,17,8,8.13,140.39,477037,47.70%
big_files/enwik6,binary,524288,131072,256,999999999,6,6,12,12,12,17,8,8.17,140.02,473694,47.37%
big_files/enwik6,binary,524288,131072,256,1,6,6,12,12,15,17,8,17.87,95.73,728895,72.89%
big_files/enwik6,binary,524288,131072,256,4,6,6,12,12,15,17,8,16.69,89.15,758870,75.89%
big_files/enwik6,binary,524288,131072,256,16,6,6,12,12,15,17,8,14.30,93.49,712775,71.28%
big_files/enwik6,binary,524288,131072,256,128,6,6,12,12,15,17,8,10.02,128.77,535257,53.53%
big_files/enwik6,binary,524288,131072,256,1024,6,6,12,12,15,17,8,7.92,128.73,473277,47.33%
big_files/enwik6,binary,524288,131072,256,999999999,6,6,12,12,15,17,8,7.94,134.79,469890,46.99%
big_files/enwik6,binary,524288,131072,256,1,6,6,12,15,15,17,8,18.86,96.33,727350,72.73%
big_files/enwik6,binary,524288,131072,256,4,6,6,12,15,15,17,8,17.24,93.77,755207,75.52%
big_files/enwik6,binary,524288,131072,256,16,6,6,12,15,15,17,8,14.37,99.11,707929,70.79%
big_files/enwik6,binary,524288,131072,256,128,6,6,12,15,15,17,8,10.01,121.34,530957,53.10%
big_files/enwik6,binary,524288,131072,256,1024,6,6,12,15,15,17,8,8.11,133.97,468713,46.87%
big_files/enwik6,binary,524288,131072,256,999999999,6,6,12,15,15,17,8,7.90,129.31,465266,46.53%
big_files/enwik6,binary,524288,131072,256,1,6,6,15,15,15,17,8,18.33,95.77,724678,72.47%
big_files/enwik6,binary,524288,131072,256,4,6,6,15,15,15,17,8,16.79,89.99,748663,74.87%
big_files/enwik6,binary,524288,131072,256,16,6,6,15,15,15,17,8,14.29,96.18,700277,70.03%
big_files/enwik6,binary,524288,131072,256,128,6,6,15,15,15,17,8,9.94,123.27,524643,52.46%
big_files/enwik6,binary,524288,131072,256,1024,6,6,15,15,15,17,8,7.70,135.15,462370,46.24%
big_files/enwik6,binary,524288,131072,256,999999999,6,6,15,15,15,17,8,8.15,130.44,458927,45.89%
big_files/enwik6,binary,524288,131072,256,1,6,12,12,12,12,17,8,18.36,95.59,691810,69.18%
big_files/enwik6,binary,524288,131072,256,4,6,12,12,12,12,17,8,17.21,91.27,732953,73.30%
big_files/enwik6,binary,524288,131072,256,16,6,12,12,12,12,17,8,14.35,97.79,699982,70.00%
big_files/enwik6,binary,524288,131072,256,128,6,12,12,12,12,17,8,9.92,127.00,529649,52.96%
big_files/enwik6,binary,524288,131072,256,1024,6,12,12,12,12,17,8,7.90,136.48,467073,46.71%
big_files/enwik6,binary,524288,131072,256,999999999,6,12,12,12,12,17,8,7.67,128.57,463767,46.38%
big_files/enwik6,binary,524288,131072,256,1,6,12,12,12,15,17,8,17.70,98.14,691071,69.11%
big_files/enwik6,binary,524288,131072,256,4,6,12,12,12,15,17,8,16.50,91.09,731138,73.11%
big_files/enwik6,binary,524288,131072,256,16,6,12,12,12,15,17,8,14.46,102.13,697722,69.77%
big_files/enwik6,binary,524288,131072,256,128,6,12,12,12,15,17,8,10.06,123.77,526252,52.63%
big_files/enwik6,binary,524288,131072,256,1024,6,12,12,12,15,17,8,7.78,122.70,463313,46.33%
big_files/enwik6,binary,524288,131072,256,999999999,6,12,12,12,15,17,8,7.99,127.75,459963,46.00%
big_files/enwik6,binary,524288,131072,256,1,6,12,12,15,15,17,8,18.73,94.38,689526,68.95%
big_files/enwik6,binary,524288,131072,256,4,6,12,12,15,15,17,8,17.03,93.42,727474,72.75%
big_files/enwik6,binary,524288,131072,256,16,6,12,12,15,15,17,8,14.23,93.42,692875,69.29%
big_files/enwik6,binary,524288,131072,256,128,6,12,12,15,15,17,8,10.13,117.35,521952,52.20%
big_files/enwik6,binary,524288,131072,256,1024,6,12,12,15,15,17,8,7.59,136.54,458749,45.87%
big_files/enwik6,binary,524288,131072,256,999999999,6,12,12,15,15,17,8,7.32,132.16,455338,45.53%
big_files/enwik6,binary,524288,131072,256,1,6,12,15,15,15,17,8,17.87,96.22,686854,68.69%
big_files/enwik6,binary,524288,131072,256,4,6,12,15,15,15,17,8,16.93,91.26,720930,72.09%
big_files/enwik6,binary,524288,131072,256,16,6,12,15,15,15,17,8,14.19,99.18,685224,68.52%
big_files/enwik6,binary,524288,131072,256,128,6,12,15,15,15,17,8,9.67,118.56,515637,51.56%
big_files/enwik6,binary,524288,131072,256,1024,6,12,15,15,15,17,8,7.82,135.37,452407,45.24%
big_files/enwik6,binary,524288,131072,256,999999999,6,12,15,15,15,17,8,7.75,133.66,449000,44.90%
big_files/enwik6,binary,524288,131072,256,1,6,15,15,15,15,17,8,18.73,93.95,680078,68.01%
big_files/enwik6,binary,524288,131072,256,4,6,15,15,15,15,17,8,16.28,94.17,705415,70.54%
big_files/enwik6,binary,524288,131072,256,16,6,15,15,15,15,17,8,13.91,101.25,667891,66.79%
big_files/enwik6,binary,524288,131072,256,128,6,15,15,15,15,17,8,9.66,122.06,503095,50.31%
big_files/enwik6,binary,524288,131072,256,1024,6,15,15,15,15,17,8,7.62,137.92,444386,44.44%
big_files/enwik6,binary,524288,131072,256,999999999,6,15,15,15,15,17,8,7.65,138.32,441039,44.10%
big_files/enwik6,binary,524288,131072,256,1,12,12,12,12,12,17,8,17.77,102.48,592183,59.22%
big_files/enwik6,binary,524288,131072,256,4,12,12,12,12,12,17,8,16.11,94.77,666656,66.67%
big_files/enwik6,binary,524288,131072,256,16,12,12,12,12,12,17,8,14.47,98.01,674013,67.40%
