filename,compressor,level,orig_size,enc_size,ratio_percent,enc_time,dec_time
datasets/silesia/ooffice,lazy,2,6152192,3046094,49.51233641602863,0.19667863799986662,0.07326401699992857
datasets/silesia/xml,lazy,2,5345280,671229,12.557415140086206,0.09370306300002085,0.025598096999829067
datasets/silesia/mr,lazy,2,9970564,3767378,37.785003937590695,0.26873980999994274,0.11373025499983669
datasets/silesia/nci,lazy,2,33553445,3122350,9.305601853997405,0.3646090300001106,0.10775790499997129
datasets/silesia/webster,lazy,2,41458703,12333007,29.747691335158265,0.8243614250000064,0.3702280059999339
datasets/silesia/reymont,lazy,2,6627202,2009697,30.324969723270844,0.16361544200003664,0.06642488500006039
datasets/silesia/dickens,lazy,2,10192446,4012944,39.37174648754578,0.30330897099997856,0.12740174500004287
datasets/silesia/mozilla,lazy,2,51220480,18716410,36.54087193247701,0.9594944210000449,0.33572073100003763
datasets/silesia/osdb,lazy,2,10085684,3681397,36.50121300647532,0.23704357700012224,0.07862718999990648
datasets/silesia/x-ray,lazy,2,8474240,5965057,70.39046569367872,0.37944106500003727,0.15604477299984865
datasets/silesia/samba,lazy,2,21606400,5170835,23.931959974822277,0.37148561200001495,0.11858734699990237
datasets/silesia/sao,lazy,2,7251944,5431534,74.89762744996376,0.2566258519998428,0.08916285800000878
AVERAGE,lazy,2,17661548.333333332,5660661.0,32.05076300879245,0.3682589088333354,0.1385456507499422
datasets/silesia/ooffice,lazy,3,6152192,3046915,49.52568125312084,0.2753677940002035,0.082195775999935
datasets/silesia/xml,lazy,3,5345280,588301,11.005990331657088,0.14470611299998382,0.024280887999793777
datasets/silesia/mr,lazy,3,9970564,3568758,35.79294009847387,0.41312232499990387,0.12791512199987665
datasets/silesia/nci,lazy,3,33553445,2851335,8.497890455063557,0.5068059610000546,0.11962183399987225
datasets/silesia/webster,lazy,3,41458703,11332855,27.335285910897888,1.3875457829999505,0.40084475799994834
datasets/silesia/reymont,lazy,3,6627202,1756173,26.49946387630858,0.35942663699984223,0.06851739299986548
datasets/silesia/dickens,lazy,3,10192446,3559619,34.924089860274954,0.6111704800000552,0.13071292700010417
datasets/silesia/mozilla,lazy,3,51220480,19015263,37.12433581254998,1.1154986779999945,0.4149170519999643
datasets/silesia/osdb,lazy,3,10085684,3555714,35.25506053927528,0.29713008199996693,0.08832606400005716
datasets/silesia/x-ray,lazy,3,8474240,5840175,68.91679961860888,0.4480711999999585,0.1796084709999377
datasets/silesia/samba,lazy,3,21606400,5150889,23.839644734893366,0.5493909079998502,0.13859492199981105
datasets/silesia/sao,lazy,3,7251944,5320107,73.36111530921916,0.354118827000093,0.097496873999944
AVERAGE,lazy,3,17661548.333333332,5465508.666666667,30.945807035226903,0.5385295656666548,0.15608600674992582
datasets/silesia/ooffice,lazy,4,6152192,3000862,48.777118789530626,0.34975598699998045,0.2601031359999979
datasets/silesia/xml,lazy,4,5345280,652198,12.20138140565134,0.1371999959999357,0.05464699800018025
datasets/silesia/mr,lazy,4,9970564,3423238,34.33344392553922,0.437423261000049,0.2699842130000434
datasets/silesia/nci,lazy,4,33553445,2893424,8.623329139526508,0.4948554510001486,0.21663073900003837
datasets/silesia/webster,lazy,4,41458703,12020992,28.995099050734897,1.0262248209999143,0.8437063139999736
datasets/silesia/reymont,lazy,4,6627202,1840563,27.772851951698467,0.2705465110000205,0.13292082299994945
datasets/silesia/dickens,lazy,4,10192446,3803902,37.32079620534658,0.40197452400002476,0.2653036429999247
datasets/silesia/mozilla,lazy,4,51220480,17474390,34.11602156012595,1.7907172699999592,1.3608357140001317
datasets/silesia/osdb,lazy,4,10085684,3554222,35.240267293720485,0.38544286000001193,0.29441285799998695
datasets/silesia/x-ray,lazy,4,8474240,5507497,64.99104344460387,0.5705160869999872,0.48713737399998536
datasets/silesia/samba,lazy,4,21606400,5029925,23.279792098637444,0.5652060429999892,0.4259700850000172
datasets/silesia/sao,lazy,4,7251944,4975747,68.61259546405763,0.5105747439999959,0.5165142030000425
AVERAGE,lazy,4,17661548.333333332,5348080.0,30.2809238412374,0.5783697962500014,0.4273471750000226
datasets/silesia/ooffice,lazy,5,6152192,2953098,48.000745100282955,0.36206661500000337,0.24385141900006602
datasets/silesia/xml,lazy,5,5345280,559546,10.46803909243295,0.14353788500011433,0.0442485169999145
datasets/silesia/mr,lazy,5,9970564,3381582,33.91565411946606,0.4421511890000147,0.25139241200008655
datasets/silesia/nci,lazy,5,33553445,2694600,8.03077001482262,0.4491749680000794,0.18988904999991973
datasets/silesia/webster,lazy,5,41458703,11314056,27.289941993602646,1.1558030439998674,0.7351898900001288
datasets/silesia/reymont,lazy,5,6627202,1744887,26.329165762564656,0.3539926599999035,0.11945381800001087
datasets/silesia/dickens,lazy,5,10192446,3547562,34.80579637115566,0.5478057850000368,0.23377100700008668
datasets/silesia/mozilla,lazy,5,51220480,17149637,33.48199196883746,1.7469158239998706,1.2811152659999152
datasets/silesia/osdb,lazy,5,10085684,3483774,34.541772278409674,0.4072997629998554,0.28051470499985953
datasets/silesia/x-ray,lazy,5,8474240,5463965,64.4773454610679,0.5231903750000129,0.44554647499990097
datasets/silesia/samba,lazy,5,21606400,4812141,22.271831494372037,0.6189744060000066,0.3906974750000245
datasets/silesia/sao,lazy,5,7251944,5036031,69.44387601448659,0.5531399310000324,0.44947660100001485
AVERAGE,lazy,5,17661548.333333332,5178406.583333333,29.320229945864508,0.6086710370833165,0.38876221958332735
datasets/silesia/ooffice,lazy,6,6152192,2892246,47.01163422728029,0.4270477889999711,0.24554868600012014
datasets/silesia/xml,lazy,6,5345280,535442,10.017099197796934,0.18254004000004898,0.045756166000046505
datasets/silesia/mr,lazy,6,9970564,3378934,33.88909594281728,0.6203957610000543,0.26847275099999024
datasets/silesia/nci,lazy,6,33553445,2520836,7.512897706926965,0.5074742660001448,0.19384445699984099
datasets/silesia/webster,lazy,6,41458703,11156792,26.910615124645844,1.6705091850001281,0.7691575290000401
datasets/silesia/reymont,lazy,6,6627202,1703511,25.704829881449214,0.603975537999986,0.132720246999952
datasets/silesia/dickens,lazy,6,10192446,3521162,34.5467810180206,0.7451959519999036,0.24296536499991817
datasets/silesia/mozilla,lazy,6,51220480,16763160,32.72745589264294,1.7187943420001375,1.2931280930001776
datasets/silesia/osdb,lazy,6,10085684,3424894,33.95797449136816,0.4575682299998789,0.28138261900016914
datasets/silesia/x-ray,lazy,6,8474240,5386813,63.56691573521638,0.6163877679998677,0.4489292309999655
datasets/silesia/samba,lazy,6,21606400,4684873,21.682802317831754,0.693866387999833,0.39669225800003005
datasets/silesia/sao,lazy,6,7251944,4993995,68.86422454448076,0.6394054080001297,0.45550164100018264
AVERAGE,lazy,6,17661548.333333332,5080221.5,28.764304262112166,0.7402633889166736,0.39784158691670274
datasets/silesia/ooffice,lazy,7,6152192,2884946,46.89297733230692,0.5092374350001592,0.24734339500014357
datasets/silesia/xml,lazy,7,5345280,524942,9.82066421216475,0.22141940400001658,0.0477956740000991
datasets/silesia/mr,lazy,7,9970564,3409790,34.19856690153134,0.7376908870000989,0.2713150110000697
datasets/silesia/nci,lazy,7,33553445,2444868,7.286488764417484,0.5563797400000112,0.19874861599987526
datasets/silesia/webster,lazy,7,41458703,11073868,26.710599219662036,1.9465179110000008,0.8017933209998773
datasets/silesia/reymont,lazy,7,6627202,1686239,25.444207072607718,0.7980858050000279,0.1333216390000871
datasets/silesia/dickens,lazy,7,10192446,3504730,34.38556358306927,0.9844245949998367,0.2563356789999034
datasets/silesia/mozilla,lazy,7,51220480,16733549,32.66964503261195,1.895298263000086,1.3573152369999661
datasets/silesia/osdb,lazy,7,10085684,3414942,33.8592999741019,0.4844686690000799,0.2814858529998219
datasets/silesia/x-ray,lazy,7,8474240,5418825,63.94467232459784,0.6470847309999499,0.4603438040001038
datasets/silesia/samba,lazy,7,21606400,4645245,21.49939369816351,0.7732698590000382,0.40955704000020887
datasets/silesia/sao,lazy,7,7251944,5009815,69.08237294717114,0.7571917590000794,0.45771289300000717
AVERAGE,lazy,7,17661548.333333332,5062646.583333333,28.66479477214578,0.8592557548333654,0.4102556801666803
datasets/silesia/ooffice,lazy,8,6152192,2859146,46.47361460760652,1.0052827720001005,0.25657660199999555
datasets/silesia/xml,lazy,8,5345280,527346,9.865638469827587,1.0052821700001005,0.046583492000081606
datasets/silesia/mr,lazy,8,9970564,3349826,33.59715659013873,2.006146615000034,0.2546913640001094
datasets/silesia/nci,lazy,8,33553445,2436724,7.262217039114762,1.012915115000169,0.1956389140000283
datasets/silesia/webster,lazy,8,41458703,10914012,26.32502034615024,6.015970058999983,0.7327854150000803
datasets/silesia/reymont,lazy,8,6627202,1669747,25.195353936699078,2.0063202820001607,0.12346794399991268
datasets/silesia/dickens,lazy,8,10192446,3442038,33.77048060887445,3.0062220359998264,0.23992155700011608
datasets/silesia/mozilla,lazy,8,51220480,16574634,32.35938827593963,2.413950476000082,1.2533851840000807
datasets/silesia/osdb,lazy,8,10085684,3379662,33.509497223985996,1.0062843660000453,0.2747046599999976
datasets/silesia/x-ray,lazy,8,8474240,5333201,62.93426903179519,1.0553442099999302,0.4390712379999968
datasets/silesia/samba,lazy,8,21606400,4613921,21.354418135367297,2.0128632270000253,0.39089204100014285
datasets/silesia/sao,lazy,8,7251944,5001703,68.97051328581688,1.1721099300000333,0.45135710099998505
AVERAGE,lazy,8,17661548.333333332,5008496.666666667,28.35819698329582,1.9765576048333742,0.3882562926667106
datasets/silesia/ooffice,lazy,9,6152192,2855046,46.406971693991345,2.004976693999879,0.24721556400004374
datasets/silesia/xml,lazy,9,5345280,522038,9.76633590756705,1.0052569520000816,0.04800444700003936
datasets/silesia/mr,lazy,9,9970564,3318174,33.279702131193375,5.00807107300011,0.2680221329999313
datasets/silesia/nci,lazy,9,33553445,2394692,7.13694823288637,6.014998289999994,0.18450228400001834
datasets/silesia/webster,lazy,9,41458703,10833248,26.130214444962256,18.03533625099999,0.7196416869999211
datasets/silesia/reymont,lazy,9,6627202,1629319,24.585322734994346,7.0070139209999525,0.12469852999993236
datasets/silesia/dickens,lazy,9,10192446,3407998,33.43650778233213,7.00545514800001,0.23716801399996257
datasets/silesia/mozilla,lazy,9,51220480,16582681,32.375098788609556,8.023813518999987,1.254619276999847
datasets/silesia/osdb,lazy,9,10085684,3375810,33.47130447473865,2.006859378000172,0.27302624100002504
datasets/silesia/x-ray,lazy,9,8474240,5331793,62.917653972509626,1.1150684440001442,0.42710706100001516
datasets/silesia/samba,lazy,9,21606400,4613705,21.35341843157583,3.013906209000197,0.38832655400005933
datasets/silesia/sao,lazy,9,7251944,5000983,68.96058491350733,2.0109305690000383,0.4536793309998757
AVERAGE,lazy,9,17661548.333333332,4988790.583333333,28.24662078985336,5.18764053733338,0.38550092691663923
datasets/silesia/ooffice,lazy,10,6152192,2843170,46.21393480567576,2.0048549350001394,0.24255157600009625
datasets/silesia/xml,lazy,10,5345280,511742,9.57371737308429,1.0051258959999814,0.04833473899998353
datasets/silesia/mr,lazy,10,9970564,3334154,33.43997390719321,6.007649368000102,0.2597850209999706
datasets/silesia/nci,lazy,10,33553445,2316960,6.9052820060652484,9.018130961999987,0.19652172499991138
datasets/silesia/webster,lazy,10,41458703,10763424,25.96179624818461,23.020584992000067,0.7576090840000234
datasets/silesia/reymont,lazy,10,6627202,1610887,24.307196309996286,9.00616587400009,0.12644283300005554
datasets/silesia/dickens,lazy,10,10192446,3395610,33.31496679011103,10.008625808999795,0.24532916399994065
datasets/silesia/mozilla,lazy,10,51220480,16526434,32.26528529213314,14.027721733999897,1.2612965840000925
datasets/silesia/osdb,lazy,10,10085684,3349798,33.21339435183573,3.0074179570001434,0.28425085700018826
datasets/silesia/x-ray,lazy,10,8474240,5368105,63.346152575334195,1.1226818729999195,0.4360684860000674
datasets/silesia/samba,lazy,10,21606400,4578185,21.189022696978675,4.011962669000013,0.4030153580001752
datasets/silesia/sao,lazy,10,7251944,5027195,69.32203282319885,3.0109078850000515,0.460637547000033
AVERAGE,lazy,10,17661548.333333332,4968805.333333333,28.133463949791494,7.104319162833349,0.3934869145000448
datasets/silesia/ooffice,lazy,11,6152192,2792838,45.395819896388154,34.01379665199988,0.2454386300000806
datasets/silesia/xml,lazy,11,5345280,482270,9.022352430555555,10.006741733000126,0.04924056700019719
datasets/silesia/mr,lazy,11,9970564,3237783,32.47341875544854,41.01403908900011,0.24955753699987326
datasets/silesia/nci,lazy,11,33553445,2088832,6.225387586878188,23.012672479999992,0.18784254899992447
datasets/silesia/webster,lazy,11,41458703,10173290,24.53837014631162,43.028007965999905,0.7356471040000088
datasets/silesia/reymont,lazy,11,6627202,1509726,22.780745177225622,38.01461967,0.11888728500002799
datasets/silesia/dickens,lazy,11,10192446,3217623,31.56870293941219,47.01415890600015,0.24369003299989345
datasets/silesia/mozilla,lazy,11,51220480,16134119,31.49935143130248,70.04491186999985,1.1775907159999406
datasets/silesia/osdb,lazy,11,10085684,3219099,31.917508024245056,27.017097234000175,0.2644079039996541
datasets/silesia/x-ray,lazy,11,8474240,5222555,61.62859442262669,33.014667389999886,0.39549468899986095
datasets/silesia/samba,lazy,11,21606400,4342422,20.097850636848342,17.01888542900042,0.36677684500000396
datasets/silesia/sao,lazy,11,7251944,5005366,69.02102387994171,32.07813414699967,0.4612835080001787
AVERAGE,lazy,11,17661548.333333332,4785493.583333333,27.095549569125165,34.60647771383335,0.37465478058330365
datasets/silesia/ooffice,lazy,12,6152192,2773529,45.08196428199901,34.01453576200038,0.23571701099990605
datasets/silesia/xml,lazy,12,5345280,481621,9.0102108776341,9.049357587000031,0.048236392000035266
datasets/silesia/mr,lazy,12,9970564,3198330,32.07772398833205,72.01645167900006,0.24462080000012065
datasets/silesia/nci,lazy,12,33553445,1990696,5.932910912724461,65.01904663300002,0.166757392999898
datasets/silesia/webster,lazy,12,41458703,9907673,23.897691637869134,92.02826880200018,0.6706088209998597
datasets/silesia/reymont,lazy,12,6627202,1463641,22.085353668109107,35.01082259499981,0.12161580700012564
datasets/silesia/dickens,lazy,12,10192446,3164162,31.044187038126083,68.01605645900008,0.23081088000026284
datasets/silesia/mozilla,lazy,12,51220480,16006459,31.25011518829968,131.13700826900003,1.452232141999957
datasets/silesia/osdb,lazy,12,10085684,3186278,31.59208636717153,42.016038952000144,0.2751933099998496
datasets/silesia/x-ray,lazy,12,8474240,5158274,60.87004852352541,59.017551981,0.4084735599999476
datasets/silesia/samba,lazy,12,21606400,4234851,19.5999842639218,43.01998264199983,0.37748072499971386
datasets/silesia/sao,lazy,12,7251944,4997361,68.9106396850279,35.210218436000105,0.48231389000011404
AVERAGE,lazy,12,17661548.333333332,4713572.916666667,26.688333478501175,57.12961164975005,0.3928383942499825
datasets/silesia/ooffice,lazy,13,6152192,2773529,45.08196428199901,35.014124509999874,0.2399650079996718
datasets/silesia/xml,lazy,13,5345280,481621,9.0102108776341,10.010024208999766,0.04929959399987638
datasets/silesia/mr,lazy,13,9970564,3167185,31.765354497498837,81.0191745330003,0.24810224599968933
datasets/silesia/nci,lazy,13,33553445,1894410,5.645947830394166,152.03111282999998,0.16997211099987908
datasets/silesia/webster,lazy,13,41458703,9714963,23.432867641807317,195.04082697700005,0.6946399510002266
datasets/silesia/reymont,lazy,13,6627202,1463641,22.085353668109107,36.01455496999961,0.11085942399995474
datasets/silesia/dickens,lazy,13,10192446,3114169,30.5536963355018,70.0180680960002,0.2345451520000097
datasets/silesia/mozilla,lazy,13,51220480,15879132,31.001529075869655,303.0697289049999,1.462693961000241
datasets/silesia/osdb,lazy,13,10085684,3156757,31.29938435509183,46.01699373499969,0.2798051550003038
datasets/silesia/x-ray,lazy,13,8474240,5154697,60.8278382486217,59.017664690999936,0.4082455520001531
datasets/silesia/samba,lazy,13,21606400,4214638,19.50643327902844,70.02279858599968,0.3933290790000683
datasets/silesia/sao,lazy,13,7251944,4997361,68.9106396850279,36.02139042099998,0.47497971299981145
AVERAGE,lazy,13,17661548.333333332,4667675.25,26.428460075555854,91.10803853858324,0.3972030788333238
datasets/silesia/ooffice,lazy,14,6152192,2773529,45.08196428199901,35.01874177599984,0.23904376900009083
datasets/silesia/xml,lazy,14,5345280,481621,9.0102108776341,10.011295042999336,0.04755490200022905
datasets/silesia/mr,lazy,14,9970564,3167185,31.765354497498837,80.08724756500033,0.2485296479999306
datasets/silesia/nci,lazy,14,33553445,1804585,5.378240594967224,312.0564391839998,0.18791785999928834
datasets/silesia/webster,lazy,14,41458703,9531958,22.9914524822448,369.0561738440001,0.7266253409998171
datasets/silesia/reymont,lazy,14,6627202,1463641,22.085353668109107,36.015169502999925,0.11118217000057484
datasets/silesia/dickens,lazy,14,10192446,3114169,30.5536963355018,70.15126598799998,0.23952006800027448
datasets/silesia/mozilla,lazy,14,51220480,15811570,30.869624806327465,491.1328830930006,1.4441181339998366
datasets/silesia/osdb,lazy,14,10085684,3156757,31.29938435509183,45.018555188999926,0.28122143400014465
datasets/silesia/x-ray,lazy,14,8474240,5154697,60.8278382486217,59.01801785799944,0.411607236999771
datasets/silesia/samba,lazy,14,21606400,4143521,19.1772854339455,75.02017627100031,0.3939730270003565
datasets/silesia/sao,lazy,14,7251944,4997361,68.9106396850279,36.02209890599988,0.4834173709996321
AVERAGE,lazy,14,17661548.333333332,4633382.833333333,26.234295804001327,134.88400535166662,0.4012259134166622
datasets/silesia/ooffice,lazy,15,6152192,2773529,45.08196428199901,35.01531892499952,0.24447214900010295
datasets/silesia/xml,lazy,15,5345280,481621,9.0102108776341,10.008146327999384,0.051341272000172467
datasets/silesia/mr,lazy,15,9970564,3167185,31.765354497498837,81.019358345,0.24834900299993024
datasets/silesia/nci,lazy,15,33553445,1804585,5.378240594967224,308.05020750400035,0.19959615799962194
datasets/silesia/webster,lazy,15,41458703,9364961,22.58864923970246,484.0470174060001,0.7396317550001186
datasets/silesia/reymont,lazy,15,6627202,1463641,22.085353668109107,35.01014956700055,0.11672083199937333
datasets/silesia/dickens,lazy,15,10192446,3114169,30.5536963355018,70.14814056000068,0.23649410699999862
datasets/silesia/mozilla,lazy,15,51220480,15712401,30.676012798005797,822.9328428939998,1.4739181039994946
datasets/silesia/osdb,lazy,15,10085684,3156757,31.29938435509183,45.01619761399979,0.28534896900055173
datasets/silesia/x-ray,lazy,15,8474240,5154697,60.8278382486217,58.2352116080001,0.41576519699992787
datasets/silesia/samba,lazy,15,21606400,4143521,19.1772854339455,73.27808596100022,0.3918814230000862
datasets/silesia/sao,lazy,15,7251944,4997361,68.9106396850279,35.37302732700027,0.4742986689998361
AVERAGE,lazy,15,17661548.333333332,4611202.333333333,26.108709419493138,171.51114200325006,0.40648480316660124
datasets/silesia/ooffice,lazy,16,6152192,2914404,47.371798539447404,18.007849605000047,0.2505797250005344
datasets/silesia/xml,lazy,16,5345280,568904,10.6431094348659,8.00438335600029,0.05124152000007598
datasets/silesia/mr,lazy,16,9970564,3373868,33.83828637978754,31.008650883999508,0.25964396100062004
datasets/silesia/nci,lazy,16,33553445,2199610,6.55554146526534,32.00940025399996,0.17667612900004315
datasets/silesia/webster,lazy,16,41458703,10366446,25.004269911675724,126.01824446999944,0.710041942999851
datasets/silesia/reymont,lazy,16,6627202,1698067,25.622683600107553,21.057988974999716,0.12972873200033064
datasets/silesia/dickens,lazy,16,10192446,3483693,34.17916562913357,42.007543375999376,0.256918467000105
datasets/silesia/mozilla,lazy,16,51220480,16220208,31.66742677928828,143.03125574500064,1.280790634999903
datasets/silesia/osdb,lazy,16,10085684,3414079,33.85074329118382,19.007756264999443,0.2809416899999633
datasets/silesia/x-ray,lazy,16,8474240,5435688,64.14366362057247,27.007556598999145,0.45387929500066093
datasets/silesia/samba,lazy,16,21606400,4504696,20.84889662322275,40.01498714900117,0.3880601109995041
datasets/silesia/sao,lazy,16,7251944,5061823,69.79953237366422,19.008851325999785,0.4554877850005141
AVERAGE,lazy,16,17661548.333333332,4936790.5,27.952195395477315,43.84870566699988,0.39116583275017547
datasets/silesia/ooffice,lazy,17,6152192,2869776,46.64639855193076,18.00726940899949,0.24569229999906383
datasets/silesia/xml,lazy,17,5345280,547008,10.233477011494253,7.0056569629996375,0.04963502799910202
datasets/silesia/mr,lazy,17,9970564,3316752,33.26544014962444,31.00926288899973,0.2514285400011431
datasets/silesia/nci,lazy,17,33553445,2088886,6.225548524153035,42.01726836300077,0.16666325599908305
datasets/silesia/webster,lazy,17,41458703,10089921,24.33728088406432,128.0282436689995,0.6871601029997692
datasets/silesia/reymont,lazy,17,6627202,1629955,24.594919545231907,20.00696309399973,0.12563933499950508
datasets/silesia/dickens,lazy,17,10192446,3367415,33.03834035520031,44.01047185599964,0.23952745600035996
datasets/silesia/mozilla,lazy,17,51220480,16077332,31.388483669032386,184.0409153920009,1.4524925780006015
datasets/silesia/osdb,lazy,17,10085684,3322763,32.94534113898472,20.0078645600006,0.27041841199934424
datasets/silesia/x-ray,lazy,17,8474240,5365352,63.31366588626237,30.01174361700032,0.4353770939997048
datasets/silesia/samba,lazy,17,21606400,4422928,20.470453199052134,41.01816406200123,0.38262734099953377
datasets/silesia/sao,lazy,17,7251944,5030588,69.36882027770761,19.009166990999802,0.4554949960001977
AVERAGE,lazy,17,17661548.333333332,4844056.333333333,27.427132898597318,48.68108257208345,0.39684636991645067
datasets/silesia/ooffice,lazy,18,6152192,2827544,45.95994403295606,19.009467032999964,0.23796315400068124
datasets/silesia/xml,lazy,18,5345280,487744,9.124760536398467,7.007529518999945,0.04607321199910075
datasets/silesia/mr,lazy,18,9970564,3260716,32.70342580419723,33.01339324699984,0.24776903199926892
datasets/silesia/nci,lazy,18,33553445,1990721,5.9329854207220745,71.02059768599975,0.16345334499965247
datasets/silesia/webster,lazy,18,41458703,9826241,23.701274494766515,147.09740427200086,0.6870836649995908
datasets/silesia/reymont,lazy,18,6627202,1567547,23.653224996008873,21.008876148000127,0.12338617600107682
datasets/silesia/dickens,lazy,18,10192446,3271639,32.0986640498267,41.01440056899992,0.23151583799881337
datasets/silesia/mozilla,lazy,18,51220480,15950712,31.141277863854462,235.0573130620014,1.4490283909999562
datasets/silesia/osdb,lazy,18,10085684,3246928,32.19343378198246,22.012111787998947,0.2700536969987297
datasets/silesia/x-ray,lazy,18,8474240,5290916,62.435286232157694,31.013869315998818,0.42463786599910236
datasets/silesia/samba,lazy,18,21606400,4322584,20.006035248815166,41.022815800999524,0.37998945100116543
datasets/silesia/sao,lazy,18,7251944,5013408,69.13191828287698,19.01383397599966,0.45619030499983637
AVERAGE,lazy,18,17661548.333333332,4754725.0,26.921337304420934,57.2743010347499,0.3930953443330812
datasets/silesia/ooffice,lazy,19,6152192,2798478,45.48749453853196,20.010825322999153,0.24252334700031497
datasets/silesia/xml,lazy,19,5345280,483082,9.037543402777779,6.006015537001076,0.04799604800064117
datasets/silesia/mr,lazy,19,9970564,3211618,32.21099628867534,38.1791840700007,0.24454528800015396
datasets/silesia/nci,lazy,19,33553445,1894479,5.6461534724675815,132.04201674100113,0.1710165179993055
datasets/silesia/webster,lazy,19,41458703,9591067,23.13402568334084,230.03848273599942,0.6987586560007912
datasets/silesia/reymont,lazy,19,6627202,1511574,22.80863024848194,20.008524099999704,0.11721531500006677
datasets/silesia/dickens,lazy,19,10192446,3186814,31.266430060066053,47.01901642899975,0.22908996000114712
datasets/silesia/mozilla,lazy,19,51220480,15831618,30.908765400089965,402.09933994699895,1.4351651970009698
datasets/silesia/osdb,lazy,19,10085684,3193010,31.65883444295895,22.014617420998547,0.26950949499951093
datasets/silesia/x-ray,lazy,19,8474240,5219806,61.59615493542784,32.035093438998956,0.4096168089999992
datasets/silesia/samba,lazy,19,21606400,4167062,19.28623926244076,44.02407984199999,0.38734690800083627
datasets/silesia/sao,lazy,19,7251944,5003278,68.99223160024401,19.01546350100034,0.470159638000041
AVERAGE,lazy,19,17661548.333333332,4674323.833333333,26.466104472342884,84.37438825716647,0.3935785982503148
datasets/silesia/ooffice,lazy,20,6152192,2773529,45.08196428199901,35.0149515789999,0.23989627199989627
datasets/silesia/xml,lazy,20,5345280,481621,9.0102108776341,10.007758519999697,0.05052946899922972
datasets/silesia/mr,lazy,20,9970564,3167185,31.765354497498837,80.02020929900027,0.247435563000181
datasets/silesia/nci,lazy,20,33553445,1804585,5.378240594967224,317.0534868440009,0.19729000799998175
datasets/silesia/webster,lazy,20,41458703,9364961,22.58864923970246,480.06516105599985,0.7307230400001572
datasets/silesia/reymont,lazy,20,6627202,1463641,22.085353668109107,35.014674471000035,0.11728777000098489
datasets/silesia/dickens,lazy,20,10192446,3114169,30.5536963355018,70.0144322390006,0.23981487300079607
datasets/silesia/mozilla,lazy,20,51220480,15712401,30.676012798005797,825.980706671,1.4821458349997556
datasets/silesia/osdb,lazy,20,10085684,3156757,31.29938435509183,45.01925546500024,0.2788523700000951
datasets/silesia/x-ray,lazy,20,8474240,5154697,60.8278382486217,59.01547564500106,0.4160389500011661
datasets/silesia/samba,lazy,20,21606400,4143521,19.1772854339455,75.03039598800024,0.39763230700009444
datasets/silesia/sao,lazy,20,7251944,4997361,68.9106396850279,36.021577066001555,0.475748699000178
AVERAGE,lazy,20,17661548.333333332,4611202.333333333,26.108709419493138,172.3548404035837,0.4061162630002097
datasets/silesia/ooffice,lazy,1,6152192,3104418,50.46035624375832,0.1788650200032862,0.06745826800033683
datasets/silesia/xml,lazy,1,5345280,737023,13.78829546815134,0.09696858499955852,0.026108805999683682
datasets/silesia/mr,lazy,1,9970564,3819564,38.30840461983896,0.25111886100057745,0.10419024300063029
datasets/silesia/nci,lazy,1,33553445,3178366,9.47254745377114,0.3497682489978615,0.10358779899979709
datasets/silesia/webster,lazy,1,41458703,12614177,30.42588428296949,0.7742768759999308,0.3515908170011244
datasets/silesia/reymont,lazy,1,6627202,2031416,30.652694757153924,0.166013928996108,0.06264486099826172
datasets/silesia/dickens,lazy,1,10192446,4110942,40.333223251808256,0.3101173210015986,0.13241494000249077
datasets/silesia/mozilla,lazy,1,51220480,19274239,37.62994606844762,0.8167738080010167,0.3255028210041928
datasets/silesia/osdb,lazy,1,10085684,3615460,35.847444754366684,0.21225753000180703,0.07539303899829974
datasets/silesia/x-ray,lazy,1,8474240,5975277,70.51106647911789,0.3423619230015902,0.13976372699835338
datasets/silesia/samba,lazy,1,21606400,5374437,24.874282619964454,0.34438587100157747,0.11925290400540689
datasets/silesia/sao,lazy,1,7251944,5412930,74.6410893410098,0.2221001689977129,0.07982016900496092
AVERAGE,lazy,1,17661548.333333332,5770687.416666667,32.67373453195733,0.3387506785002188,0.1323106995011282
datasets/silesia/ooffice,gzip,1,6152192,3292715,53.52100519619674,0.05030280800565379,0.022370791994035244
datasets/silesia/xml,gzip,1,5345280,965025,18.053778286637932,0.0069494859999394976,0.008443688006082084
datasets/silesia/mr,gzip,1,9970564,3826246,38.37542189188094,0.012107550996006466,0.021513217994652223
datasets/silesia/nci,gzip,1,33553445,4618268,13.763916044984354,0.015515293998760171,0.03511192600126378
datasets/silesia/webster,gzip,1,41458703,14976950,36.12498442124444,0.039417888001480605,0.09758621700166259
datasets/silesia/reymont,gzip,1,6627202,2371923,35.7907152973457,0.010443089006002992,0.01702929200109793
datasets/silesia/dickens,gzip,1,10192446,4581201,44.94702253021502,0.013806919007038232,0.027810147999844048
datasets/silesia/mozilla,gzip,1,51220480,20554482,40.12942088789484,0.04987852000340354,0.11651948199869366
datasets/silesia/osdb,gzip,1,10085684,4069884,40.35307868063286,0.014071246994717512,0.02613439400010975
datasets/silesia/x-ray,gzip,1,8474240,6035014,71.21599105052489,0.01597711200156482,0.03084764200320933
datasets/silesia/samba,gzip,1,21606400,6319303,29.247366521030806,0.019338006000907626,0.03897036599664716
datasets/silesia/sao,gzip,1,7251944,5567158,76.76780184733914,0.016100344000733458,0.024156531995686237
AVERAGE,gzip,1,17661548.333333332,6431514.083333333,36.41534684246729,0.02199235533468406,0.038874474749415334
datasets/silesia/ooffice,gzip,2,6152192,3239867,52.66199429406625,0.01215889800369041,0.023108661000151187
datasets/silesia/xml,gzip,2,5345280,885048,16.55756106321839,0.006567637006810401,0.008081045001745224
datasets/silesia/mr,gzip,2,9970564,3795335,38.06539930940717,0.012626367999473587,0.021856585000932682
datasets/silesia/nci,gzip,2,33553445,4290896,12.788242757189314,0.016498784003488254,0.0348336820024997
datasets/silesia/webster,gzip,2,41458703,14228115,34.31876535066715,0.039411427002050914,0.09361202899890486
datasets/silesia/reymont,gzip,2,6627202,2255858,34.039372875611754,0.011240820997045375,0.015564917004667222
datasets/silesia/dickens,gzip,2,10192446,4385315,43.025148232328135,0.015190040998277254,0.02755934499873547
datasets/silesia/mozilla,gzip,2,51220480,20218609,39.47368123063274,0.05328403799649095,0.11338017499656416
datasets/silesia/osdb,gzip,2,10085684,3985097,39.51241185030187,0.014524759993946645,0.024121566995745525
datasets/silesia/x-ray,gzip,2,8474240,5999101,70.79220083452911,0.01776803199754795,0.030393467997782864
datasets/silesia/samba,gzip,2,21606400,6113001,28.29254757849526,0.01959901700320188,0.039293302994337864
datasets/silesia/sao,gzip,2,7251944,5503419,75.88887889923032,0.01769666699692607,0.023329576004471164
AVERAGE,gzip,2,17661548.333333332,6241638.416666667,35.34026744918268,0.019713874166579142,0.037927862749711494
datasets/silesia/ooffice,gzip,3,6152192,3194178,51.91934842085553,0.014535479000187479,0.022707456002535764
datasets/silesia/xml,gzip,3,5345280,816941,15.283408914032567,0.007837406999897212,0.008135206997394562
datasets/silesia/mr,gzip,3,9970564,3671958,36.82798686212736,0.01722662300016964,0.02261715599888703
datasets/silesia/nci,gzip,3,33553445,3989164,11.88898487174715,0.018905782999354415,0.03207677499449346
datasets/silesia/webster,gzip,3,41458703,13587634,32.77390033161433,0.05264525700476952,0.08860316399659496
datasets/silesia/reymont,gzip,3,6627202,2128658,32.1200108280991,0.01385013999970397,0.017448229998990428
datasets/silesia/dickens,gzip,3,10192446,4184917,41.05900585590544,0.02074905100016622,0.02676060199883068
datasets/silesia/mozilla,gzip,3,51220480,19948116,38.94558582816873,0.06977487800031668,0.1138082499965094
datasets/silesia/osdb,gzip,3,10085684,3921981,38.886613937141,0.01487071999872569,0.02365349599858746
datasets/silesia/x-ray,gzip,3,8474240,5968625,70.43256976436825,0.019784865995461587,0.029696186000364833
datasets/silesia/samba,gzip,3,21606400,5958639,27.578120371741704,0.022271044996159617,0.036930288006260525
datasets/silesia/sao,gzip,3,7251944,5439082,75.00170988634221,0.020110770004976075,0.022431046003475785
AVERAGE,gzip,3,17661548.333333332,6067491.083333333,34.35424215827057,0.024380168249990675,0.03707232133274374
datasets/silesia/ooffice,gzip,4,6152192,3159008,51.34768225699068,0.016732634001527913,0.02116811899759341
datasets/silesia/xml,gzip,4,5345280,806673,15.091314206178161,0.007608395993884187,0.008180692995665595
datasets/silesia/mr,gzip,4,9970564,3682535,36.934069125878935,0.016672330995788798,0.024586701998487115
datasets/silesia/nci,gzip,4,33553445,3717429,11.079127642482016,0.022252009002841078,0.033156126002722885
datasets/silesia/webster,gzip,4,41458703,13014676,31.39190340807333,0.052229674998670816,0.09126750699942932
datasets/silesia/reymont,gzip,4,6627202,2054666,31.003521546498806,0.013339429002371617,0.0162773370029754
datasets/silesia/dickens,gzip,4,10192446,4096667,40.19316854855056,0.02008382900385186,0.026877191005041823
datasets/silesia/mozilla,gzip,4,51220480,19504784,38.08004923030788,0.07011410599807277,0.11081621999619529
datasets/silesia/osdb,gzip,4,10085684,3831109,37.98561406445016,0.01736052499472862,0.02280919699842343
datasets/silesia/x-ray,gzip,4,8474240,6093251,71.903214919568,0.02318154799286276,0.033867143996758386
datasets/silesia/samba,gzip,4,21606400,5656209,26.17839621593602,0.025545976997818798,0.03684753199922852
datasets/silesia/sao,gzip,4,7251944,5394727,74.39008078385602,0.01990220799780218,0.02363171499746386
AVERAGE,gzip,4,17661548.333333332,5917644.5,33.50580814498238,0.025418555581685116,0.03745712358249875
datasets/silesia/ooffice,gzip,5,6152192,3119129,50.69947426868342,0.018043891002889723,0.021754342000349425
datasets/silesia/xml,gzip,5,5345280,729843,13.653971354166666,0.008878155000275001,0.007883594000304583
datasets/silesia/mr,gzip,5,9970564,3701216,37.121430643241446,0.026165873001446016,0.024331643006007653
datasets/silesia/nci,gzip,5,33553445,3381840,10.078965066031223,0.024577875003160443,0.030876366996380966
datasets/silesia/webster,gzip,5,41458703,12458838,30.051200588691835,0.07179842500045197,0.08853785099927336
datasets/silesia/reymont,gzip,5,6627202,1934764,29.19428138752976,0.018674316997930873,0.01617172900296282
datasets/silesia/dickens,gzip,5,10192446,3950785,38.76189287635176,0.02888455900392728,0.027986307999526616
datasets/silesia/mozilla,gzip,5,51220480,19199416,37.483865828668534,0.08734344499680446,0.11006542699760757
datasets/silesia/osdb,gzip,5,10085684,3758933,37.26998585321531,0.02066752900282154,0.022692206999636255
datasets/silesia/x-ray,gzip,5,8474240,6055872,71.46212521712862,0.025451098001212813,0.032127800994203426
datasets/silesia/samba,gzip,5,21606400,5509436,25.499092861374407,0.030135832996165846,0.037311886000679806
datasets/silesia/sao,gzip,5,7251944,5370531,74.05643231663123,0.02367078800307354,0.021582489003776573
AVERAGE,gzip,5,17661548.333333332,5764216.916666667,32.63709844616303,0.03202431566751329,0.036776803666725755
datasets/silesia/ooffice,gzip,6,6152192,3100872,50.40271825066578,0.02314803500485141,0.021170944994082674
datasets/silesia/xml,gzip,6,5345280,688631,12.88297338960728,0.011927382998692337,0.006896926999615971
datasets/silesia/mr,gzip,6,9970564,3676942,36.877974004279,0.037194874996203,0.025612782999814954
datasets/silesia/nci,gzip,6,33553445,3204002,9.548950934844395,0.032439959002658725,0.030125493001833092
datasets/silesia/webster,gzip,6,41458703,12227146,29.492350496348134,0.09741971399489557,0.08726209200540325
datasets/silesia/reymont,gzip,6,6627202,1862926,28.11029451041329,0.03023644299537409,0.015599712001858279
datasets/silesia/dickens,gzip,6,10192446,3873456,38.003203548981276,0.040839352004695684,0.026613655005348846
datasets/silesia/mozilla,gzip,6,51220480,19073680,37.23838589564175,0.12947913599782623,0.11122099199565127
datasets/silesia/osdb,gzip,6,10085684,3701202,36.69758045165801,0.02375859400490299,0.022066008998081088
datasets/silesia/x-ray,gzip,6,8474240,6047437,71.36258826750246,0.026972931998898275,0.031165119995421264
datasets/silesia/samba,gzip,6,21606400,5449521,25.221790765699055,0.041245827997045126,0.036883991000649985
datasets/silesia/sao,gzip,6,7251944,5332034,73.52558155440803,0.033447775000240654,0.021666888002073392
AVERAGE,gzip,6,17661548.333333332,5686487.416666667,32.19699263815017,0.04400916883302367,0.036357050583319506
datasets/silesia/ooffice,gzip,7,6152192,3096908,50.33828593125832,0.03186596900195582,0.020565124999848194
datasets/silesia/xml,gzip,7,5345280,674399,12.616719797653255,0.01709325199772138,0.009345434002170805
datasets/silesia/mr,gzip,7,9970564,3673069,36.839129662073276,0.047579865997249726,0.02420264900138136
datasets/silesia/nci,gzip,7,33553445,3145509,9.374623082667071,0.03993555199849652,0.030198440996173304
datasets/silesia/webster,gzip,7,41458703,12143776,29.291258822062037,0.11976649099960923,0.09005738999985624
datasets/silesia/reymont,gzip,7,6627202,1841577,27.78815252651119,0.04188015099498443,0.01646260599954985
datasets/silesia/dickens,gzip,7,10192446,3860850,37.879523717859286,0.05300128600356402,0.027944499997829553
datasets/silesia/mozilla,gzip,7,51220480,19041773,37.17609245364354,0.1544864690004033,0.11142305200337432
datasets/silesia/osdb,gzip,7,10085684,3682724,36.514370269780414,0.027877173000888433,0.02177593400119804
datasets/silesia/x-ray,gzip,7,8474240,6047343,71.36147902348765,0.027557020002859645,0.031746705004479736
datasets/silesia/samba,gzip,7,21606400,5414377,25.059135256220376,0.04419343300105538,0.036312475000158884
datasets/silesia/sao,gzip,7,7251944,5327868,73.4681348890725,0.03436382799554849,0.021691735004424118
AVERAGE,gzip,7,17661548.333333332,5662514.416666667,32.06125708684092,0.05330004083286136,0.0368105038342037
datasets/silesia/ooffice,gzip,8,6152192,3094455,50.29841396367344,0.03635368200048106,0.021692456997698173
datasets/silesia/xml,gzip,8,5345280,659875,12.345003442289272,0.017635903997870628,0.008331656994414516
datasets/silesia/mr,gzip,8,9970564,3664334,36.75152177951016,0.08274163500027498,0.02615445200353861
datasets/silesia/nci,gzip,8,33553445,3035309,9.046191829184753,0.06465456400474068,0.029824698001903016
datasets/silesia/webster,gzip,8,41458703,12087254,29.154925565327023,0.1534993720051716,0.08659658899705391
datasets/silesia/reymont,gzip,8,6627202,1826028,27.553528623391895,0.06771345800370909,0.016291824998916127
datasets/silesia/dickens,gzip,8,10192446,3856576,37.83759070197674,0.06010024400166003,0.028132974002801348
datasets/silesia/mozilla,gzip,8,51220480,19025473,37.144269245426834,0.253549645000021,0.1099848860030761
datasets/silesia/osdb,gzip,8,10085684,3679078,36.47822001958419,0.029314889005036093,0.0226680519990623
datasets/silesia/x-ray,gzip,8,8474240,6047343,71.36147902348765,0.02681751899945084,0.03239068500261055
datasets/silesia/samba,gzip,8,21606400,5400907,24.99679261700237,0.061682439998548944,0.03470812600426143
datasets/silesia/sao,gzip,8,7251944,5326138,73.44427921671762,0.03927320599905215,0.022750617004930973
AVERAGE,gzip,8,17661548.333333332,5641897.5,31.94452373890587,0.07444471316800143,0.036627251500855586
datasets/silesia/ooffice,gzip,9,6152192,3094370,50.29703234229361,0.0468491100036772,0.022114731000328902
datasets/silesia/xml,gzip,9,5345280,659274,12.333759877873565,0.01836916300089797,0.007922196004074067
datasets/silesia/mr,gzip,9,9970564,3664307,36.75125098239177,0.08921838200330967,0.022346806996210944
datasets/silesia/nci,gzip,9,33553445,2992248,8.91785627377457,0.10593138800322777,0.02863203400193015
datasets/silesia/webster,gzip,9,41458703,12087029,29.15438285659829,0.15217101200687466,0.08823626299999887
datasets/silesia/reymont,gzip,9,6627202,1825975,27.55272888920543,0.06791931600309908,0.018157525002607144
datasets/silesia/dickens,gzip,9,10192446,3856576,37.83759070197674,0.05620546499994816,0.027682646999892313
datasets/silesia/mozilla,gzip,9,51220480,19025512,37.14434538684526,0.41958478399465093,0.12013774899969576
datasets/silesia/osdb,gzip,9,10085684,3679078,36.47822001958419,0.03057299600186525,0.02071093900303822
datasets/silesia/x-ray,gzip,9,8474240,6047343,71.36147902348765,0.0293225120040006,0.031191389003652148
datasets/silesia/samba,gzip,9,21606400,5398986,24.987901732819907,0.06495186299434863,0.03576197900110856
datasets/silesia/sao,gzip,9,7251944,5326138,73.44427921671762,0.04033283900207607,0.02071431599324569
AVERAGE,gzip,9,17661548.333333332,5638069.666666667,31.922850478662262,0.093452402501498,0.0369673812504819
datasets/silesia/ooffice,bzip2,1,6152192,2999465,48.75441143579394,0.05066775500017684,0.03847502399730729
datasets/silesia/xml,bzip2,1,5345280,566979,10.607096354166666,0.057075212003837805,0.05568222999863792
datasets/silesia/mr,bzip2,1,9970564,2578903,25.86516670471199,0.04980422100197757,0.02320336800039513
datasets/silesia/nci,bzip2,1,33553445,2378216,7.087844482138868,0.19513963100325782,0.037217737997707445
datasets/silesia/webster,bzip2,1,41458703,10319089,24.890042990491043,0.19693716300389497,0.07210383899655426
datasets/silesia/reymont,bzip2,1,6627202,1481018,22.34756085599926,0.04784179900161689,0.021406747997389175
datasets/silesia/dickens,bzip2,1,10192446,3303219,32.408501354826896,0.060776986996643245,0.028752309997798875
datasets/silesia/mozilla,bzip2,1,51220480,18696946,36.50287150764694,0.23841626099601854,0.09701194600347662
datasets/silesia/osdb,bzip2,1,10085684,3757199,37.25279316702764,0.06054862800374394,0.03140330799942603
datasets/silesia/x-ray,bzip2,1,8474240,4332650,51.127298731213656,0.05763725900033023,0.03142446800484322
datasets/silesia/samba,bzip2,1,21606400,5077883,23.501754109893362,0.10406919499655487,0.04386468499433249
datasets/silesia/sao,bzip2,1,7251944,5070026,69.91264687096314,0.06252742100332398,0.03875343799882103
AVERAGE,bzip2,1,17661548.333333332,5046799.416666667,28.575067833331712,0.09845346100094805,0.043274925165557455
datasets/silesia/ooffice,bzip2,2,6152192,2948265,47.922187734062916,0.05231963400001405,0.03361566999956267
datasets/silesia/xml,bzip2,2,5345280,519956,9.727385656130268,0.06153535399789689,0.05837262299610302
datasets/silesia/mr,bzip2,2,9970564,2542311,25.49816640262276,0.04922931900364347,0.023113379000278655
datasets/silesia/nci,bzip2,2,33553445,2155177,6.423116910946105,0.21159603500564117,0.04248190300131682
datasets/silesia/webster,bzip2,2,41458703,9746552,23.50906153528247,0.19621830099640647,0.08470451899484033
datasets/silesia/reymont,bzip2,2,6627202,1399869,21.12307728057784,0.044320392997178715,0.021554115999606438
datasets/silesia/dickens,bzip2,2,10192446,3133397,30.742345851035168,0.06294209100451553,0.03207246700185351
datasets/silesia/mozilla,bzip2,2,51220480,18433247,35.988040330742706,0.2517801049980335,0.1018687649993808
datasets/silesia/osdb,bzip2,2,10085684,3361876,33.33314825251317,0.06256411000504158,0.031698944003437646
datasets/silesia/x-ray,bzip2,2,8474240,4217367,49.76690535080432,0.05922139000176685,0.03406934400118189
datasets/silesia/samba,bzip2,2,21606400,4852118,22.456855376184834,0.10776020900084404,0.041479706997051835
datasets/silesia/sao,bzip2,2,7251944,5015966,69.16719158338785,0.06633145799423801,0.0398153159985668
AVERAGE,bzip2,2,17661548.333333332,4860508.416666667,27.520284886309987,0.10215153325043502,0.04540389608276504
datasets/silesia/ooffice,bzip2,3,6152192,2916633,47.40802952833722,0.0587374800015823,0.03413385499879951
datasets/silesia/xml,bzip2,3,5345280,485513,9.083022778975096,0.06608047500048997,0.06483990199922118
datasets/silesia/mr,bzip2,3,9970564,2523217,25.306662692301057,0.04775253099796828,0.023486370999307837
datasets/silesia/nci,bzip2,3,33553445,2066902,6.160029171371225,0.2344770480049192,0.04898635199788259
datasets/silesia/webster,bzip2,3,41458703,9363165,22.58431721802778,0.2107984249960282,0.08309484000346856
datasets/silesia/reymont,bzip2,3,6627202,1346812,20.322483002630673,0.0541747250026674,0.025204544996086042
datasets/silesia/dickens,bzip2,3,10192446,3008077,29.512807818653148,0.06411068000306841,0.03267055199830793
datasets/silesia/mozilla,bzip2,3,51220480,18299786,35.72747853983407,0.2583188380012871,0.10537634499632986
datasets/silesia/osdb,bzip2,3,10085684,3121999,30.954757257911314,0.064251524003339,0.03883634399971925
datasets/silesia/x-ray,bzip2,3,8474240,4149450,48.96545294917302,0.05799588400259381,0.03352390800137073
datasets/silesia/samba,bzip2,3,21606400,4751617,21.991710789395736,0.10840830999950413,0.04603629100165563
datasets/silesia/sao,bzip2,3,7251944,4988427,68.78744513195359,0.06994174099963857,0.041661280003609136
AVERAGE,bzip2,3,17661548.333333332,4751799.833333333,26.90477495885836,0.10792063841775719,0.048154215416313186
datasets/silesia/ooffice,bzip2,4,6152192,2907161,47.254068143516974,0.05206722900038585,0.03647143399575725
datasets/silesia/xml,bzip2,4,5345280,475589,8.897363655411878,0.07258821099821944,0.06537502900027903
datasets/silesia/mr,bzip2,4,9970564,2504577,25.119712385377596,0.05306290199951036,0.026233399999910034
datasets/silesia/nci,bzip2,4,33553445,2009414,5.9886965406979815,0.2707840929942904,0.06922494299942628
datasets/silesia/webster,bzip2,4,41458703,9278205,22.379390402058647,0.23958222399960505,0.09469594799884362
datasets/silesia/reymont,bzip2,4,6627202,1337388,20.180281210682878,0.062346200000320096,0.027650627002003603
datasets/silesia/dickens,bzip2,4,10192446,2987598,29.31188450740872,0.06850162200134946,0.036737043999892194
datasets/silesia/mozilla,bzip2,4,51220480,18197698,35.52816763919432,0.28747946600196883,0.11924975900183199
datasets/silesia/osdb,bzip2,4,10085684,3101388,30.750398287314972,0.0657545830035815,0.03558763099863427
datasets/silesia/x-ray,bzip2,4,8474240,4136966,48.81813590363265,0.06535680400702404,0.037502895000216085
datasets/silesia/samba,bzip2,4,21606400,4693932,21.72472970971564,0.11466132499481319,0.05245905600168044
datasets/silesia/sao,bzip2,4,7251944,4989466,68.8017723247725,0.07214134999958333,0.04418502799671842
AVERAGE,bzip2,4,17661548.333333332,4718281.833333333,26.71499544820957,0.11869383408338763,0.0537810661662661
datasets/silesia/ooffice,bzip2,5,6152192,2888690,46.953833690496005,0.06023615899903234,0.03738590499415295
datasets/silesia/xml,bzip2,5,5345280,455608,8.523557231800766,0.07950007600447861,0.06820894100383157
datasets/silesia/mr,bzip2,5,9970564,2492841,25.002005904580727,0.04706522700143978,0.028587630004039966
datasets/silesia/nci,bzip2,5,33553445,1939071,5.779051897651642,0.2676605360029498,0.07765611600189004
datasets/silesia/webster,bzip2,5,41458703,9071998,21.882011118389304,0.24009081099939067,0.10157798699947307
datasets/silesia/reymont,bzip2,5,6627202,1307192,19.724643974938445,0.058913410000968724,0.029869060999772046
datasets/silesia/dickens,bzip2,5,10192446,2928151,28.728638837036762,0.07158237799740164,0.052967482995882165
datasets/silesia/mozilla,bzip2,5,51220480,18134392,35.40457254598161,0.3160018249982386,0.1280155519998516
datasets/silesia/osdb,bzip2,5,10085684,2979415,29.54103063312315,0.06486442700406769,0.03671461200428894
datasets/silesia/x-ray,bzip2,5,8474240,4102629,48.41294322558719,0.0631547109951498,0.04018008299317444
datasets/silesia/samba,bzip2,5,21606400,4683856,21.67809537914692,0.12166962199989939,0.04925862399977632
datasets/silesia/sao,bzip2,5,7251944,4972830,68.57237176679799,0.07445775800442789,0.04306636300316313
AVERAGE,bzip2,5,17661548.333333332,4663056.083333333,26.40230627193973,0.12209974500062042,0.05779069641660802
datasets/silesia/ooffice,bzip2,6,6152192,2885663,46.90463171500499,0.0604900969992741,0.03777817299851449
datasets/silesia/xml,bzip2,6,5345280,455984,8.530591475095784,0.07817296899884241,0.06596317500225268
datasets/silesia/mr,bzip2,6,9970564,2476094,24.834041484513815,0.05292870999983279,0.03314798000064911
datasets/silesia/nci,bzip2,6,33553445,1932146,5.758413182312577,0.2783582140036742,0.08568348099652212
datasets/silesia/webster,bzip2,6,41458703,9048426,21.825154539928565,0.23940609200508334,0.12029569600417744
datasets/silesia/reymont,bzip2,6,6627202,1303867,19.674471971731055,0.05094384500262095,0.026371438994829077
datasets/silesia/dickens,bzip2,6,10192446,2920723,28.655761335404673,0.06772605200239923,0.04581386299832957
datasets/silesia/mozilla,bzip2,6,51220480,18132760,35.401386320471815,0.30489553599909414,0.11985161100164987
datasets/silesia/osdb,bzip2,6,10085684,2971214,29.459717357791497,0.06862957200064557,0.04520947499986505
datasets/silesia/x-ray,bzip2,6,8474240,4101506,48.39969129975078,0.06599294100305997,0.04014351400110172
datasets/silesia/samba,bzip2,6,21606400,4671417,21.620524474229857,0.11952855299750809,0.05341551500168862
datasets/silesia/sao,bzip2,6,7251944,4964731,68.46069136772154,0.0744078339994303,0.042707737993623596
AVERAGE,bzip2,6,17661548.333333332,4655377.583333333,26.358830468714096,0.12179003458428876,0.05969847166610028
datasets/silesia/ooffice,bzip2,7,6152192,2876039,46.74819966607024,0.05598320699937176,0.03920452699821908
datasets/silesia/xml,bzip2,7,5345280,457150,8.552405112547893,0.07994590499583865,0.06829299899982288
datasets/silesia/mr,bzip2,7,9970564,2456706,24.639589094458447,0.05125368799781427,0.0352131269974052
datasets/silesia/nci,bzip2,7,33553445,1917772,5.715574064004456,0.3012284259966691,0.1096877069940092
datasets/silesia/webster,bzip2,7,41458703,8994271,21.6945305790198,0.23756797399983043,0.1441394509965903
datasets/silesia/reymont,bzip2,7,6627202,1295329,19.545639321089052,0.05215182800020557,0.02984681900124997
datasets/silesia/dickens,bzip2,7,10192446,2903386,28.485664775658364,0.06895046700083185,0.05356766199838603
datasets/silesia/mozilla,bzip2,7,51220480,18084889,35.30792565786186,0.3273013849975541,0.12738147899653995
datasets/silesia/osdb,bzip2,7,10085684,2960906,29.357513084883486,0.07286943100189092,0.0540650379989529
datasets/silesia/x-ray,bzip2,7,8474240,4096783,48.34395768824107,0.06428979599877493,0.04770088299846975
datasets/silesia/samba,bzip2,7,21606400,4648261,21.513352525177726,0.12580883000191534,0.051674128997547086
datasets/silesia/sao,bzip2,7,7251944,4962625,68.43165087871611,0.06629984900064301,0.04785314000037033
AVERAGE,bzip2,7,17661548.333333332,4637843.083333333,26.259549818631417,0.125304232165945,0.06738558008146356
datasets/silesia/ooffice,bzip2,8,6152192,2873233,46.70258990616677,0.05572393899637973,0.03997387399431318
datasets/silesia/xml,bzip2,8,5345280,452788,8.470800407088122,0.08115342699602479,0.0744283029998769
datasets/silesia/mr,bzip2,8,9970564,2456706,24.639589094458447,0.05313740300334757,0.0359617350040935
datasets/silesia/nci,bzip2,8,33553445,1893292,5.642615832740871,0.3303924209976685,0.12605945199902635
datasets/silesia/webster,bzip2,8,41458703,8892874,21.449957081387712,0.2505007080035284,0.1712223489957978
datasets/silesia/reymont,bzip2,8,6627202,1281299,19.33393610154029,0.05371399800060317,0.04052790700370679
datasets/silesia/dickens,bzip2,8,10192446,2873731,28.194714006824267,0.07262252499640454,0.05987545000243699
datasets/silesia/mozilla,bzip2,8,51220480,17977957,35.09915760258397,0.347996204996889,0.14420680700277444
datasets/silesia/osdb,bzip2,8,10085684,2929370,29.044832259269675,0.0766876650013728,0.06763406899699476
datasets/silesia/x-ray,bzip2,8,8474240,4086587,48.223640114039725,0.06624149900017073,0.05160000999603653
datasets/silesia/samba,bzip2,8,21606400,4604985,21.313060019253555,0.1333034819981549,0.06628410900157178
datasets/silesia/sao,bzip2,8,7251944,4959741,68.39188223185397,0.06825599900184898,0.055282267996517476
AVERAGE,bzip2,8,17661548.333333332,4606880.25,26.084237706980957,0.13247743924936609,0.07775469441609555
datasets/silesia/ooffice,bzip2,9,6152192,2857996,46.454922083055926,0.05774388999998337,0.04959830400184728
datasets/silesia/xml,bzip2,9,5345280,438729,8.207783315373565,0.08835443700081669,0.07218676499905996
datasets/silesia/mr,bzip2,9,9970564,2456706,24.639589094458447,0.05235873700439697,0.03635697899881052
datasets/silesia/nci,bzip2,9,33553445,1852018,5.519606109000134,0.3663364630046999,0.14201905100344447
datasets/silesia/webster,bzip2,9,41458703,8649137,20.862053981765904,0.26980775599804474,0.1868074739977601
datasets/silesia/reymont,bzip2,9,6627202,1246207,18.80442153415574,0.05398271299782209,0.048940595996100456
datasets/silesia/dickens,bzip2,9,10192446,2799085,27.462348095834894,0.07487010399927385,0.07488491199910641
datasets/silesia/mozilla,bzip2,9,51220480,17894574,34.93636529763095,0.35934699200151954,0.15893195399985416
datasets/silesia/osdb,bzip2,9,10085684,2803944,27.801227958361572,0.08209462800004985,0.07494048700027633
datasets/silesia/x-ray,bzip2,9,8474240,4051284,47.80704818367193,0.07265500599896768,0.06305468299979111
datasets/silesia/samba,bzip2,9,21606400,4574800,21.173356042654028,0.13457228900369955,0.06606153999746311
datasets/silesia/sao,bzip2,9,7251944,4942302,68.1514087808731,0.06792404400039231,0.06186565499956487
AVERAGE,bzip2,9,17661548.333333332,4547231.833333333,25.746507313581134,0.14000392158413888,0.08630403333275656
datasets/silesia/ooffice,zstd,1,6152192,3593264,58.40623959720372,0.031016512999485712,0.008038385996769648
datasets/silesia/xml,zstd,1,5345280,694925,13.000722132423373,0.014113728000666015,0.005089908001536969
datasets/silesia/mr,zstd,1,9970564,3817777,38.29048186241019,0.02312269899994135,0.010228876999462955
datasets/silesia/nci,zstd,1,33553445,2853982,8.505779361850923,0.045484548005333636,0.018897499998274725
datasets/silesia/webster,zstd,1,41458703,13669761,32.97199384167903,0.058274203998735175,0.032421817995782476
datasets/silesia/reymont,zstd,1,6627202,2150826,32.454510968580706,0.02317537899944,0.008709107998583931
datasets/silesia/dickens,zstd,1,10192446,4262734,41.82248304283388,0.023353723998297937,0.011610717003350146
datasets/silesia/mozilla,zstd,1,51220480,19983517,39.01470076032087,0.0659269640018465,0.04362224300712114
datasets/silesia/osdb,zstd,1,10085684,3728615,36.9693815511174,0.018554784001025837,0.01013386900012847
datasets/silesia/x-ray,zstd,1,8474240,6772240,79.91560305112907,0.01695931200083578,0.008365440997295082
datasets/silesia/samba,zstd,1,21606400,5500201,25.456350896030806,0.03252195599634433,0.01729532500030473
datasets/silesia/sao,zstd,1,7251944,6249095,86.17130799686264,0.013857085003110114,0.008913712998037226
AVERAGE,zstd,1,17661548.333333332,6106411.416666667,34.57460977609645,0.03053007466708853,0.015277242083053958
datasets/silesia/ooffice,zstd,2,6152192,3311698,53.82956188623502,0.023869865995948203,0.00870949799718801
datasets/silesia/xml,zstd,2,5345280,677523,12.675163882902298,0.011893629998667166,0.005771600001025945
datasets/silesia/mr,zstd,2,9970564,3596433,36.070507144831524,0.023028492003504653,0.010899929999141023
datasets/silesia/nci,zstd,2,33553445,2890691,8.61518392522735,0.027079474995844066,0.020945903997926507
datasets/silesia/webster,zstd,2,41458703,12824630,30.933505083359698,0.0440302810020512,0.038618878003035206
datasets/silesia/reymont,zstd,2,6627202,2068474,31.211874936058987,0.02115174100617878,0.009658094000769779
datasets/silesia/dickens,zstd,2,10192446,3867462,37.944395290394475,0.026536484001553617,0.012624085000425112
datasets/silesia/mozilla,zstd,2,51220480,18951213,36.99928817535486,0.044981140999880154,0.042706569998699706
datasets/silesia/osdb,zstd,2,10085684,3491504,34.61841556804675,0.020312181004555896,0.009589904999302235
datasets/silesia/x-ray,zstd,2,8474240,6680315,78.83084500792992,0.020708085998194292,0.009962807002011687
datasets/silesia/samba,zstd,2,21606400,5228477,24.198742039395736,0.026724045994342305,0.016726895002648234
datasets/silesia/sao,zstd,2,7251944,5804517,80.0408414626478,0.02387928299867781,0.009899787997710519
AVERAGE,zstd,2,17661548.333333332,5782744.75,32.74200336720195,0.02618289216661651,0.01634282949999033
datasets/silesia/ooffice,zstd,3,6152192,3128288,50.848348035952064,0.03602483699796721,0.00892962199577596
datasets/silesia/xml,zstd,3,5345280,636016,11.898647030651341,0.015725000004749745,0.00671904299815651
datasets/silesia/mr,zstd,3,9970564,3548071,35.5854593581667,0.044154513998364564,0.011714753003616352
datasets/silesia/nci,zstd,3,33553445,2835400,8.450399057384422,0.03472041300119599,0.02188750600180356
datasets/silesia/webster,zstd,3,41458703,12107198,29.20303126704181,0.07215819900011411,0.03820388800522778
datasets/silesia/reymont,zstd,3,6627202,1937977,29.24276338641858,0.035104275004414376,0.009797065002203453
datasets/silesia/dickens,zstd,3,10192446,3664984,35.957845643724774,0.05273537199536804,0.01476878999528708
datasets/silesia/mozilla,zstd,3,51220480,18281292,35.6913718887445,0.08445093000045745,0.04891893999592867
datasets/silesia/osdb,zstd,3,10085684,3501634,34.718854963133886,0.045298347002244554,0.010178472999541555
datasets/silesia/x-ray,zstd,3,8474240,6086002,71.81767332527754,0.06577339499926893,0.012744911997288
datasets/silesia/samba,zstd,3,21606400,4957768,22.945830864928908,0.03892814000573708,0.017797378997784108
datasets/silesia/sao,zstd,3,7251944,5531939,76.28215275793634,0.05240579100063769,0.010115324002981652
AVERAGE,zstd,3,17661548.333333332,5518047.416666667,31.243282369826204,0.04812326775087664,0.017647974582966224
datasets/silesia/ooffice,zstd,4,6152192,3053902,49.63925053054261,0.039845075996709056,0.00967265099461656
datasets/silesia/xml,zstd,4,5345280,634478,11.869873982279694,0.01773686600063229,0.0061610740012838505
datasets/silesia/mr,zstd,4,9970564,3489400,34.99701721988846,0.04847754899674328,0.0122842060009134
datasets/silesia/nci,zstd,4,33553445,2836688,8.454237709421491,0.032635190000291914,0.01997565799683798
datasets/silesia/webster,zstd,4,41458703,11925012,28.763591567251872,0.08675252100510988,0.04076762200566009
datasets/silesia/reymont,zstd,4,6627202,1917276,28.930399284645315,0.03577616900292924,0.009258261001377832
datasets/silesia/dickens,zstd,4,10192446,3588622,35.20864373478162,0.05763738499808824,0.014460940998105798
datasets/silesia/mozilla,zstd,4,51220480,18103876,35.34499481457417,0.1049993349952274,0.048014398002123926
datasets/silesia/osdb,zstd,4,10085684,3477593,34.48048739183183,0.04088675599632552,0.010317915002815425
datasets/silesia/x-ray,zstd,4,8474240,5712031,67.40464041613171,0.07367939200048568,0.013578881000285037
datasets/silesia/samba,zstd,4,21606400,4919655,22.76943405657583,0.04040499900293071,0.01741177400253946
datasets/silesia/sao,zstd,4,7251944,5401813,74.48779251466917,0.059266961994580925,0.011375114998372737
AVERAGE,zstd,4,17661548.333333332,5421695.5,30.69773610826306,0.05317484999917118,0.017773208000411007
datasets/silesia/ooffice,zstd,5,6152192,2973517,48.33264306445572,0.06587373399815988,0.010183731996221468
datasets/silesia/xml,zstd,5,5345280,575134,10.759660859674328,0.028852300994913094,0.007311868997931015
datasets/silesia/mr,zstd,5,9970564,3371721,33.81675299411347,0.07337772400205722,0.012509189000411425
datasets/silesia/nci,zstd,5,33553445,2583327,7.699140878082712,0.05787025399331469,0.019278435996966437
datasets/silesia/webster,zstd,5,41458703,11231585,27.091018742192684,0.11400006199983181,0.03913020100299036
datasets/silesia/reymont,zstd,5,6627202,1866705,28.167317066840575,0.0645786569948541,0.00896673299575923
datasets/silesia/dickens,zstd,5,10192446,3531666,34.64983773276798,0.08702473300218116,0.013364297003136016
datasets/silesia/mozilla,zstd,5,51220480,17697993,34.552571549505195,0.1134833489995799,0.04708973800006788
datasets/silesia/osdb,zstd,5,10085684,3431228,34.02077637966845,0.07389603900082875,0.011118801005068235
datasets/silesia/x-ray,zstd,5,8474240,5557222,65.57782172796617,0.09800925199670019,0.012673867997364141
datasets/silesia/samba,zstd,5,21606400,4727107,21.878272178613745,0.06311168699903646,0.01849079400562914
datasets/silesia/sao,zstd,5,7251944,5305357,73.15772157093325,0.08877880399813876,0.011641805998806376
AVERAGE,zstd,5,17661548.333333332,5237713.5,29.656026760205716,0.077404716331633,0.01764662200002931
datasets/silesia/ooffice,zstd,6,6152192,2931752,47.65377933588549,0.08219401400128845,0.010440746002132073
datasets/silesia/xml,zstd,6,5345280,546825,10.230053430316092,0.03797354400012409,0.005048760001955088
datasets/silesia/mr,zstd,6,9970564,3388785,33.98789677294083,0.09725127700221492,0.013766774005489424
datasets/silesia/nci,zstd,6,33553445,2431116,7.245503405089999,0.07168669200473232,0.018105889001162723
datasets/silesia/webster,zstd,6,41458703,10825886,26.11245701535815,0.13391126900387462,0.03764048700395506
datasets/silesia/reymont,zstd,6,6627202,1774232,26.771961983352853,0.08869914399838308,0.008922619999793824
datasets/silesia/dickens,zstd,6,10192446,3421208,33.56611357077585,0.12205951700161677,0.01323153699922841
datasets/silesia/mozilla,zstd,6,51220480,17230352,33.63957541983207,0.14108556900464464,0.044578884000657126
datasets/silesia/osdb,zstd,6,10085684,3398186,33.693163497884726,0.08950671299680835,0.01093633900018176
datasets/silesia/x-ray,zstd,6,8474240,5552347,65.52029444528358,0.10967569499916863,0.014848070000880398
datasets/silesia/samba,zstd,6,21606400,4578988,21.192739188388625,0.08044723600323778,0.016777960998297203
datasets/silesia/sao,zstd,6,7251944,5272387,72.70308485559183,0.09994776999519672,0.01237514599779388
AVERAGE,zstd,6,17661548.333333332,5112672.0,28.94803956882225,0.09620320333427419,0.017222767750960582
datasets/silesia/ooffice,zstd,7,6152192,2892718,47.019306289530626,0.0900697230026708,0.010749176995886955
datasets/silesia/xml,zstd,7,5345280,531025,9.93446554717433,0.0432758120005019,0.006442653000704013
datasets/silesia/mr,zstd,7,9970564,3347832,33.577157721468915,0.11874438999802805,0.01327649199811276
datasets/silesia/nci,zstd,7,33553445,2357794,7.0269803890479805,0.08050857200578321,0.018249980996188242
datasets/silesia/webster,zstd,7,41458703,10582301,25.524920545633083,0.18016184699808946,0.038236920001509134
datasets/silesia/reymont,zstd,7,6627202,1719983,25.953381230872395,0.10305582800356206,0.008544557997083757
datasets/silesia/dickens,zstd,7,10192446,3350065,32.868116250014964,0.14973539499624167,0.014576859000953846
datasets/silesia/mozilla,zstd,7,51220480,17073567,33.3334771560126,0.19327838900062488,0.04652634800004307
datasets/silesia/osdb,zstd,7,10085684,3359176,33.306377633881844,0.1164908499995363,0.01089417000184767
datasets/silesia/x-ray,zstd,7,8474240,5435848,64.14555169549128,0.12553989599837223,0.013497317995643243
datasets/silesia/samba,zstd,7,21606400,4518027,20.910595934537916,0.09389038200606592,0.019335894001415
datasets/silesia/sao,zstd,7,7251944,5232513,72.1532460813266,0.12787916800152743,0.01136443400173448
AVERAGE,zstd,7,17661548.333333332,5033404.083333333,28.49922321834939,0.118552521000917,0.017641233665926848
datasets/silesia/ooffice,zstd,8,6152192,2880633,46.82287223805759,0.10700438800267875,0.010614092003379483
datasets/silesia/xml,zstd,8,5345280,517820,9.687425167624522,0.049744201998692006,0.00620334199629724
datasets/silesia/mr,zstd,8,9970564,3335624,33.454717305861536,0.14518555399990873,0.014362146001076326
datasets/silesia/nci,zstd,8,33553445,2282118,6.80144169995063,0.09088007800164632,0.01788142699660966
datasets/silesia/webster,zstd,8,41458703,10433315,25.165560533816024,0.21479554799589096,0.038771206003730185
datasets/silesia/reymont,zstd,8,6627202,1680211,25.353248625890686,0.13133219499286497,0.008241228002589196
datasets/silesia/dickens,zstd,8,10192446,3311445,32.48920818417875,0.18658493399561848,0.011962319003941957
datasets/silesia/mozilla,zstd,8,51220480,16918320,33.03038159736106,0.20496725400153082,0.04573682200134499
datasets/silesia/osdb,zstd,8,10085684,3350912,33.224439710782136,0.13458238199382322,0.01095428299595369
datasets/silesia/x-ray,zstd,8,8474240,5436974,64.15883902273242,0.14926979900337756,0.014419873004953843
datasets/silesia/samba,zstd,8,21606400,4435246,20.52746408471564,0.11818099900119705,0.016300591996696312
datasets/silesia/sao,zstd,8,7251944,5237417,72.22086932827942,0.1488005150022218,0.010815631998411845
AVERAGE,zstd,8,17661548.333333332,4985002.916666667,28.22517495398903,0.1401106539991209,0.017188580167082062
datasets/silesia/ooffice,zstd,9,6152192,2856869,46.43660340899634,0.13230597799702082,0.01097447999927681
datasets/silesia/xml,zstd,9,5345280,517101,9.673974048132184,0.051993594999657944,0.005934186003287323
datasets/silesia/mr,zstd,9,9970564,3317712,33.27506849161191,0.19285294900328154,0.012813450004614424
datasets/silesia/nci,zstd,9,33553445,2247493,6.6982481232553015,0.1551838070008671,0.019413440000789706
datasets/silesia/webster,zstd,9,41458703,10271610,24.77552180057345,0.4073014030000195,0.03836834599496797
datasets/silesia/reymont,zstd,9,6627202,1670543,25.207365038820306,0.1341643350024242,0.010021948000940029
datasets/silesia/dickens,zstd,9,10192446,3282528,32.2054980718073,0.24980915199557785,0.013508869000361301
datasets/silesia/mozilla,zstd,9,51220480,16735963,32.674357991178525,0.3753692059981404,0.04641182300110813
datasets/silesia/osdb,zstd,9,10085684,3342533,33.14136155762961,0.19754804300464457,0.012702552005066536
datasets/silesia/x-ray,zstd,9,8474240,5361360,63.266558417037984,0.20332777900330257,0.015773079998325557
datasets/silesia/samba,zstd,9,21606400,4362741,20.191892217120852,0.22086815500369994,0.0179776880031568
datasets/silesia/sao,zstd,9,7251944,5215726,71.92176332304827,0.19450674000108847,0.012061756999173667
AVERAGE,zstd,9,17661548.333333332,4931848.25,27.92421228829598,0.20960259516747706,0.01799680158425569
datasets/silesia/ooffice,zstd,10,6152192,2839771,46.15868620485186,0.1846755509977811,0.011158316003275104
datasets/silesia/xml,zstd,10,5345280,505784,9.462254549808428,0.07335726499877637,0.008400125996558927
datasets/silesia/mr,zstd,10,9970564,3287133,32.968375710742144,0.28149405300064245,0.014811219996772707
datasets/silesia/nci,zstd,10,33553445,2167618,6.460195070878713,0.2071663320020889,0.01949991300352849
datasets/silesia/webster,zstd,10,41458703,10074530,24.30015719498027,0.5496561100007966,0.03701387800538214
datasets/silesia/reymont,zstd,10,6627202,1619324,24.43450493888673,0.19752272500045365,0.011579399004403967
datasets/silesia/dickens,zstd,10,10192446,3217628,31.56875199535028,0.3688772710011108,0.014397560997167602
datasets/silesia/mozilla,zstd,10,51220480,16652199,32.51082184313774,0.511529546995007,0.04757401899405522
datasets/silesia/osdb,zstd,10,10085684,3286549,32.58627773783117,0.24861138800042681,0.01247560599585995
datasets/silesia/x-ray,zstd,10,8474240,5321153,62.792096990408574,0.2675977549952222,0.015960443000949454
datasets/silesia/samba,zstd,10,21606400,4322821,20.007132146030806,0.2937491240008967,0.017349426001601387
datasets/silesia/sao,zstd,10,7251944,5202036,71.73298635510699,0.23351568300131476,0.012188275002699811
AVERAGE,zstd,10,17661548.333333332,4874712.166666667,27.600706770801235,0.2848127336662098,0.018534015166854562
datasets/silesia/ooffice,zstd,11,6152192,2834194,46.068035587966044,0.27445798400003696,0.011454233994300012
datasets/silesia/xml,zstd,11,5345280,498252,9.321345186781608,0.09282019899546867,0.0070670479981345125
datasets/silesia/mr,zstd,11,9970564,3271230,32.80887620800589,0.49889504299790133,0.01295529799972428
datasets/silesia/nci,zstd,11,33553445,2106557,6.2782137571864824,0.2960093660003622,0.019169040002452675
datasets/silesia/webster,zstd,11,41458703,9955035,24.011930619247785,0.9664042579970555,0.037704777998442296
datasets/silesia/reymont,zstd,11,6627202,1579346,23.8312639331048,0.3238106290009455,0.00997999899846036
datasets/silesia/dickens,zstd,11,10192446,3175501,31.155436094535112,0.668073954002466,0.013586595996457618
datasets/silesia/mozilla,zstd,11,51220480,16621465,32.45081850072471,0.7507507159971283,0.04954604000522522
datasets/silesia/osdb,zstd,11,10085684,3225629,31.9822532611571,0.44382966800185386,0.01098051099688746
datasets/silesia/x-ray,zstd,11,8474240,5316375,62.73571435314553,0.5062625560021843,0.01590852499793982
datasets/silesia/samba,zstd,11,21606400,4302428,19.912748074644547,0.447655787000258,0.016898377005418297
datasets/silesia/sao,zstd,11,7251944,5200433,71.71088193731225,0.39500683899677824,0.011589247005758807
AVERAGE,zstd,11,17661548.333333332,4840537.083333333,27.40720684266168,0.4719980832493699,0.018069974416600115
datasets/silesia/ooffice,zstd,12,6152192,2832083,46.03372261463882,0.3414619139948627,0.010605226001644041
datasets/silesia/xml,zstd,12,5345280,498099,9.31848284841954,0.10126985800161492,0.0075734810016001575
datasets/silesia/mr,zstd,12,9970564,3268705,32.78355166267425,0.5530723679985385,0.013515320999431424
datasets/silesia/nci,zstd,12,33553445,2105187,6.274130718917238,0.3128064729971811,0.018501092999940738
datasets/silesia/webster,zstd,12,41458703,9938414,23.971840122446668,1.0725336799951037,0.03803924800013192
datasets/silesia/reymont,zstd,12,6627202,1577095,23.797297864166506,0.34712335700169206,0.009097929003473837
datasets/silesia/dickens,zstd,12,10192446,3168795,31.08964227036376,0.7534534419974079,0.01419118299963884
datasets/silesia/mozilla,zstd,12,51220480,16613591,32.43544574357757,0.8387023940013023,0.049557681995793246
datasets/silesia/osdb,zstd,12,10085684,3221782,31.94411008712944,0.5027763769976445,0.011461746995337307
datasets/silesia/x-ray,zstd,12,8474240,5311999,62.684075504116,0.5567751749986201,0.019769399994402193
datasets/silesia/samba,zstd,12,21606400,4299325,19.89838658915877,0.5134689460028312,0.020157819999440107
datasets/silesia/sao,zstd,12,7251944,5198861,71.68920499110307,0.4907399079966126,0.011525777998031117
AVERAGE,zstd,12,17661548.333333332,4836161.333333333,27.38243126853072,0.532015324331951,0.018666325665738743
datasets/silesia/ooffice,zstd,13,6152192,2829816,45.996873959720375,0.7739457409988972,0.010466364001331385
datasets/silesia/xml,zstd,13,5345280,495843,9.276277388649426,0.1646290799981216,0.006656054996710736
datasets/silesia/mr,zstd,13,9970564,3260846,32.704729642174705,1.4841320589985116,0.01412993799749529
datasets/silesia/nci,zstd,13,33553445,2110766,6.290757923664768,0.6088746399982483,0.01909077299933415
datasets/silesia/webster,zstd,13,41458703,9857093,23.77569071565022,2.4851125179993687,0.036826216004556045
datasets/silesia/reymont,zstd,13,6627202,1541189,23.25550058682382,0.9549896600001375,0.009225969995895866
datasets/silesia/dickens,zstd,13,10192446,3122255,30.63302959858703,2.376158851002401,0.013453614999889396
datasets/silesia/mozilla,zstd,13,51220480,16599914,32.408743533836464,1.3485239569999976,0.04890475299907848
datasets/silesia/osdb,zstd,13,10085684,3156107,31.29293957653244,0.9082534460030729,0.010812395994435064
datasets/silesia/x-ray,zstd,13,8474240,5316218,62.73386167963145,1.4885204960010014,0.016435445999377407
datasets/silesia/samba,zstd,13,21606400,4293307,19.870533730746445,0.9407034469986684,0.017748266996932216
datasets/silesia/sao,zstd,13,7251944,5210151,71.8448873846792,1.0822302260057768,0.01253222199738957
AVERAGE,zstd,13,17661548.333333332,4816125.416666667,27.2689875529033,1.2180061767503503,0.018023501248535467
datasets/silesia/ooffice,zstd,14,6152192,2827333,45.95651436106025,0.7885539089984377,0.011324229002639186
datasets/silesia/xml,zstd,14,5345280,486717,9.105547323994251,0.21013488699827576,0.007849400004488416
datasets/silesia/mr,zstd,14,9970564,3251096,32.60694179386442,1.8429752880037995,0.012493488000473008
datasets/silesia/nci,zstd,14,33553445,2027822,6.04355826950109,0.9081951170010143,0.016889211001398508
datasets/silesia/webster,zstd,14,41458703,9714692,23.432213979294044,3.207285017997492,0.038288687996100634
datasets/silesia/reymont,zstd,14,6627202,1477756,22.298339480221063,1.5307489269980579,0.008964899003331084
datasets/silesia/dickens,zstd,14,10192446,3084591,30.263501028114348,3.185265124004218,0.013250102994788904
datasets/silesia/mozilla,zstd,14,51220480,16579902,32.369673224460215,1.4776823920037714,0.04536330900009489
datasets/silesia/osdb,zstd,14,10085684,3144906,31.181881169388216,0.9821950109981117,0.012332336002145894
datasets/silesia/x-ray,zstd,14,8474240,5315043,62.71999612944642,1.4788167270016856,0.015855374993407167
datasets/silesia/samba,zstd,14,21606400,4272137,19.772553502665875,1.1616085899950122,0.017525427996588405
datasets/silesia/sao,zstd,14,7251944,5207223,71.8045120039537,1.1752618419995997,0.012512264001998119
AVERAGE,zstd,14,17661548.333333332,4782434.833333333,27.07823087235934,1.495726902666623,0.017720727499787852
datasets/silesia/ooffice,zstd,15,6152192,2822589,45.87940363369674,0.8969916550049675,0.011907346000953112
datasets/silesia/xml,zstd,15,5345280,482860,9.033390205938698,0.2941232270022738,0.006908861003466882
datasets/silesia/mr,zstd,15,9970564,3236535,32.46090191086482,2.335232380995876,0.013887581997551024
datasets/silesia/nci,zstd,15,33553445,1961124,5.844776892506865,1.345702156999323,0.017244939001102466
datasets/silesia/webster,zstd,15,41458703,9585007,23.119408728247,4.397415508996346,0.04184920799889369
datasets/silesia/reymont,zstd,15,6627202,1455141,21.95709441178947,1.9230707630049437,0.010477055002411362
datasets/silesia/dickens,zstd,15,10192446,3057967,30.002287968952697,3.8083853399948566,0.014311639999505132
datasets/silesia/mozilla,zstd,15,51220480,16540191,32.29214368939924,1.9170530499977758,0.04779381299886154
datasets/silesia/osdb,zstd,15,10085684,3127283,31.007148350077195,1.0905024419989786,0.011111948995676357
datasets/silesia/x-ray,zstd,15,8474240,5310209,62.66295266596179,1.5836511820016312,0.016687149996869266
datasets/silesia/samba,zstd,15,21606400,4229669,19.576000629443126,1.4686090589966625,0.016836531001899857
datasets/silesia/sao,zstd,15,7251944,5204788,71.77093480037904,1.3092238270037342,0.012540297000668943
AVERAGE,zstd,15,17661548.333333332,4751113.583333333,26.90088939918348,1.8641633826664474,0.018463030916488304
datasets/silesia/ooffice,zstd,16,6152192,2758789,44.84237488036784,1.2917095289958525,0.011579048004932702
datasets/silesia/xml,zstd,16,5345280,473102,8.850836625957854,0.5452707980002742,0.006313731006230228
datasets/silesia/mr,zstd,16,9970564,3132970,31.42219437135151,2.0945071219975944,0.01538358700054232
datasets/silesia/nci,zstd,16,33553445,2014907,6.005067437933721,2.468296744998952,0.020498842000961304
datasets/silesia/webster,zstd,16,41458703,9166316,22.109509793396093,6.468213748004928,0.0474969350034371
datasets/silesia/reymont,zstd,16,6627202,1377843,20.79071982414298,2.320289072005835,0.009950634004781023
datasets/silesia/dickens,zstd,16,10192446,2924830,28.696055882954884,4.22968232799758,0.013401898002484813
datasets/silesia/mozilla,zstd,16,51220480,16034578,31.305013150989602,3.2153175429994008,0.05564169999706792
datasets/silesia/osdb,zstd,16,10085684,3083938,30.577380770605146,2.499648930999683,0.01639119299943559
datasets/silesia/x-ray,zstd,16,8474240,5213967,61.527252001359415,2.3908228240034077,0.017759718000888824
datasets/silesia/samba,zstd,16,21606400,4041790,18.706448089454977,2.1339732039996306,0.01907050500449259
datasets/silesia/sao,zstd,16,7251944,5063272,69.81951322293719,1.6093844749993877,0.01248948200372979
AVERAGE,zstd,16,17661548.333333332,4607191.833333333,26.086001897342143,2.6055930265835436,0.020498106085748685
datasets/silesia/ooffice,zstd,17,6152192,2691634,43.75081271845872,1.5097560349968262,0.011404138997022528
datasets/silesia/xml,zstd,17,5345280,465632,8.711087164750959,0.5821859799980302,0.007281551996129565
datasets/silesia/mr,zstd,17,9970564,3141290,31.505640001909622,2.5629947569977958,0.016803279002488125
datasets/silesia/nci,zstd,17,33553445,1840703,5.485883789280058,5.418425838004623,0.020756117002747487
datasets/silesia/webster,zstd,17,41458703,8933523,21.5480040463398,12.44371713000146,0.040187319995311555
datasets/silesia/reymont,zstd,17,6627202,1368717,20.65301465082851,2.2855909409991,0.009776606006198563
datasets/silesia/dickens,zstd,17,10192446,2895052,28.40389833804369,4.735346748995653,0.016247932995611336
datasets/silesia/mozilla,zstd,17,51220480,15610979,30.478002158511597,6.605155949997425,0.052969050004321616
datasets/silesia/osdb,zstd,17,10085684,3074175,30.480580196643082,2.6685059559968067,0.01563842700124951
datasets/silesia/x-ray,zstd,17,8474240,5203498,61.40371289932784,2.629142978003074,0.018305345001863316
datasets/silesia/samba,zstd,17,21606400,3951054,18.286498444905213,3.20022187900031,0.020135088001552504
datasets/silesia/sao,zstd,17,7251944,5050011,69.63665191016368,1.9567738110054052,0.014326557000458706
AVERAGE,zstd,17,17661548.333333332,4518855.666666667,25.585840954487853,3.8831515003330423,0.02031928441707957
datasets/silesia/ooffice,zstd,18,6152192,2596153,42.19882929531458,1.8249314260028768,0.013729002996115014
datasets/silesia/xml,zstd,18,5345280,465176,8.70255627394636,0.7325119770030142,0.008025431001442485
datasets/silesia/mr,zstd,18,9970564,3106444,31.15615124681011,2.878641144998255,0.015413512999657542
datasets/silesia/nci,zstd,18,33553445,1836092,5.47214153420014,6.698665004994837,0.021046442998340353
datasets/silesia/webster,zstd,18,41458703,8807345,21.243657815344584,15.316772193997167,0.04295649000414414
datasets/silesia/reymont,zstd,18,6627202,1350309,20.375250369613,2.900451494999288,0.012493548994825687
datasets/silesia/dickens,zstd,18,10192446,2864361,28.10278317883656,5.382015164999757,0.0176937150026788
datasets/silesia/mozilla,zstd,18,51220480,15133583,29.545960912509994,8.338598541995452,0.059636045996739995
datasets/silesia/osdb,zstd,18,10085684,3112980,30.865333476638767,3.2432646509987535,0.014067580996197648
datasets/silesia/x-ray,zstd,18,8474240,5137290,60.62242749792311,3.0312442450012895,0.018894824999733828
datasets/silesia/samba,zstd,18,21606400,3929907,18.188624666765403,4.573621543000627,0.020276884999475442
datasets/silesia/sao,zstd,18,7251944,5004129,69.00396638473767,2.091107934997126,0.014768410001124721
AVERAGE,zstd,18,17661548.333333332,4445314.083333333,25.169447204940226,4.75098544358237,0.02158349091587297
datasets/silesia/ooffice,zstd,19,6152192,2595377,42.186215904835215,1.8183169480034849,0.013023175000853371
datasets/silesia/xml,zstd,19,5345280,453209,8.47867651460728,1.214470409999194,0.007018285999947693
datasets/silesia/mr,zstd,19,9970564,3106737,31.15908989702087,3.2062069599996903,0.01647039299859898
datasets/silesia/nci,zstd,19,33553445,1664988,4.962196877250608,12.842162257999007,0.020394667000800837
datasets/silesia/webster,zstd,19,41458703,8679705,20.93578518363201,17.505754217003414,0.04424871200171765
datasets/silesia/reymont,zstd,19,6627202,1348462,20.347380387680953,2.978681268999935,0.010873620994971134
datasets/silesia/dickens,zstd,19,10192446,2849945,27.961345098124628,5.650416981996386,0.01587191499856999
datasets/silesia/mozilla,zstd,19,51220480,15071672,29.425089339264293,10.033571225998458,0.0648184979945654
datasets/silesia/osdb,zstd,19,10085684,3100177,30.738391169106627,3.581014169001719,0.015477262997592334
datasets/silesia/x-ray,zstd,19,8474240,5129827,60.53436060342875,3.1752925090040662,0.019284888003312517
datasets/silesia/samba,zstd,19,21606400,3894675,18.02556187055687,6.046870774000126,0.02046699199854629
datasets/silesia/sao,zstd,19,7251944,5000576,68.95497262527124,2.1549676490030834,0.013958365998405498
AVERAGE,zstd,19,17661548.333333332,4407945.833333333,24.95786751048346,5.85064378091738,0.02182556466565681
datasets/silesia/ooffice,zstd,20,6152192,2595377,42.186215904835215,1.839626376000524,0.013725416996749118
datasets/silesia/xml,zstd,20,5345280,453209,8.47867651460728,1.2761542100051884,0.007677677000174299
datasets/silesia/mr,zstd,20,9970564,3106625,31.157966590455665,3.2827728029951686,0.01520171500305878
datasets/silesia/nci,zstd,20,33553445,1599946,4.768350910018331,13.548541010997724,0.0326952719988185
datasets/silesia/webster,zstd,20,41458703,8479757,20.45350285077659,25.713252339002793,0.06214122000528732
datasets/silesia/reymont,zstd,20,6627202,1348462,20.347380387680953,3.046819504001178,0.010594204999506474
datasets/silesia/dickens,zstd,20,10192446,2849097,27.95302521102393,5.683738402003655,0.018845772006898187
datasets/silesia/mozilla,zstd,20,51220480,14949152,29.185888144742105,18.120603860996198,0.08020847700390732
datasets/silesia/osdb,zstd,20,10085684,3100124,30.737865671777936,3.680122969999502,0.014378375999513082
datasets/silesia/x-ray,zstd,20,8474240,5129828,60.53437240389699,3.272924762997718,0.01776531799987424
datasets/silesia/samba,zstd,20,21606400,3870681,17.914511441054504,6.29399237799953,0.026219977997243404
datasets/silesia/sao,zstd,20,7251944,5000576,68.95497262527124,2.155369795000297,0.01407985400146572
AVERAGE,zstd,20,17661548.333333332,4373569.5,24.76322810127349,7.326159867666623,0.02612777341770804
datasets/silesia/ooffice,zstd,21,6152192,2595280,42.1846392310253,1.8834757969962084,0.015110392996575683
datasets/silesia/xml,zstd,21,5345280,452183,8.459482010296934,1.7147735729959095,0.008204578996810596
datasets/silesia/mr,zstd,21,9970564,3102335,31.11493993719914,4.0687179939995985,0.016921480004384648
datasets/silesia/nci,zstd,21,33553445,1581459,4.713253735942762,17.466262205998646,0.03381745400110958
datasets/silesia/webster,zstd,21,41458703,8434253,20.343745437477867,26.463530236003862,0.06325151899363846
datasets/silesia/reymont,zstd,21,6627202,1348457,20.34730494105959,2.9869531440053834,0.01105105500028003
datasets/silesia/dickens,zstd,21,10192446,2849145,27.95349614802963,5.540564855997218,0.01671810799598461
datasets/silesia/mozilla,zstd,21,51220480,14917319,29.123739176204516,17.47881389399845,0.08294202000251971
datasets/silesia/osdb,zstd,21,10085684,3100124,30.737865671777936,3.0470509090009728,0.014153300995531026
datasets/silesia/x-ray,zstd,21,8474240,5129828,60.53437240389699,2.672097834998567,0.024871731002349406
datasets/silesia/samba,zstd,21,21606400,3867517,17.899867631812796,6.253168269999151,0.025472061002801638
datasets/silesia/sao,zstd,21,7251944,5000576,68.95497262527124,2.2091004609974334,0.01567465500556864
AVERAGE,zstd,21,17661548.333333332,4364873.0,24.71398836398734,7.64870909791595,0.027349029666462837
datasets/silesia/ooffice,zstd,22,6152192,2595256,42.18424912616511,1.8741753959984635,0.012770179004292004
datasets/silesia/xml,zstd,22,5345280,451664,8.449772509578544,2.243243345998053,0.007725426999968477
datasets/silesia/mr,zstd,22,9970564,3102402,31.115611915233682,4.36638570100331,0.01569627500430215
datasets/silesia/nci,zstd,22,33553445,1579587,4.707674577081429,21.811311181001656,0.032037814999057446
datasets/silesia/webster,zstd,22,41458703,8431645,20.33745484030217,28.434342984000978,0.06536862400389509
datasets/silesia/reymont,zstd,22,6627202,1348522,20.34828574713733,3.19270889100153,0.01058551899768645
datasets/silesia/dickens,zstd,22,10192446,2849068,27.952740686582985,5.974533837994386,0.01635921200067969
datasets/silesia/mozilla,zstd,22,51220480,14914120,29.117493627548978,20.302996484999312,0.08675015699554933
datasets/silesia/osdb,zstd,22,10085684,3100124,30.737865671777936,3.767982404999202,0.016936879001150373
datasets/silesia/x-ray,zstd,22,8474240,5129828,60.53437240389699,3.4575467119939276,0.018048922000161838
datasets/silesia/samba,zstd,22,21606400,3866386,17.894633071682463,9.576787492995209,0.02567804800492013
datasets/silesia/sao,zstd,22,7251944,5000576,68.95497262527124,2.115418369998224,0.013836445999913849
AVERAGE,zstd,22,17661548.333333332,4364098.166666667,24.70960124390755,8.926452733498687,0.026816125250964735
datasets/silesia/ooffice,brotli,0,6152192,3554759,57.78036511214214,0.022958631001529284,0.034631484995770734
datasets/silesia/xml,brotli,0,5345280,909338,17.011980663314176,0.00922762299887836,0.013473724000505172
datasets/silesia/mr,brotli,0,9970564,3974383,39.86116532625436,0.027153255003213417,0.04431453600409441
datasets/silesia/nci,brotli,0,33553445,4099128,12.21671276973199,0.03412602400203468,0.05562771300174063
datasets/silesia/webster,brotli,0,41458703,14689475,35.43158356883475,0.11208092099695932,0.1212049300011131
datasets/silesia/reymont,brotli,0,6627202,2377655,35.87720730407795,0.01902463800070109,0.028817085003538523
datasets/silesia/dickens,brotli,0,10192446,4444585,43.60665732249158,0.03562382199743297,0.04561360099614831
datasets/silesia/mozilla,brotli,0,51220480,21886105,42.7292071452669,0.1179781879982329,0.17223065399593906
datasets/silesia/osdb,brotli,0,10085684,3960820,39.27170432863056,0.02221947900397936,0.0354770970006939
datasets/silesia/x-ray,brotli,0,8474240,6598218,77.86206196661884,0.03095978599594673,0.05242364500008989
datasets/silesia/samba,brotli,0,21606400,6148144,28.455198459715643,0.04050415600067936,0.062051401000644546
datasets/silesia/sao,brotli,0,7251944,6025190,83.08379104968267,0.02591542500158539,0.04306309200183023
AVERAGE,brotli,0,17661548.333333332,6555650.0,37.118206604951304,0.04148099566676441,0.05907741358350904
datasets/silesia/ooffice,brotli,1,6152192,3506405,56.994401345081556,0.029580530994280707,0.034383799000352155
datasets/silesia/xml,brotli,1,5345280,788878,14.758403675766282,0.013362923993554432,0.01783511999383336
datasets/silesia/mr,brotli,1,9970564,3758178,37.6927323268774,0.03199587599374354,0.04105616499873577
datasets/silesia/nci,brotli,1,33553445,3583441,10.679800539110069,0.04683774399745744,0.05471358299837448
datasets/silesia/webster,brotli,1,41458703,13645901,32.91444259604552,0.14598131000093417,0.11527722499886295
datasets/silesia/reymont,brotli,1,6627202,2193655,33.10077163786467,0.02729089299828047,0.025865390001854394
datasets/silesia/dickens,brotli,1,10192446,4113077,40.35417013737428,0.046029463002923876,0.044335865997709334
datasets/silesia/mozilla,brotli,1,51220480,20532387,40.08628384583667,0.15812228600407252,0.15344813100091415
datasets/silesia/osdb,brotli,1,10085684,3760373,37.284263516485346,0.029616469000757206,0.03676726400590269
datasets/silesia/x-ray,brotli,1,8474240,6743657,79.5783102673514,0.02870664699730696,0.04616587000055006
datasets/silesia/samba,brotli,1,21606400,5645650,26.12952643661137,0.0535507559980033,0.05708618799690157
datasets/silesia/sao,brotli,1,7251944,5975816,82.40295291855536,0.03344678600115003,0.04407976399670588
AVERAGE,brotli,1,17661548.333333332,6187284.833333333,35.03251649605277,0.05371014041520539,0.05591786374922473
datasets/silesia/ooffice,brotli,2,6152192,3169053,51.510957395347866,0.0541672559993458,0.031621572001313325
datasets/silesia/xml,brotli,2,5345280,753882,14.103695222701148,0.024480705003952608,0.01636200799839571
datasets/silesia/mr,brotli,2,9970564,3472545,34.82796961134797,0.06273188100021798,0.03796246400452219
datasets/silesia/nci,brotli,2,33553445,3009390,8.968944917578508,0.1081168210002943,0.06214570900192484
datasets/silesia/webster,brotli,2,41458703,12641353,30.491433849245116,0.2810201020038221,0.10987506099627353
datasets/silesia/reymont,brotli,2,6627202,2062591,31.123104441361527,0.04691818500577938,0.02362707800057251
datasets/silesia/dickens,brotli,2,10192446,3900365,38.267212796614274,0.08479071899637347,0.043398592999437824
datasets/silesia/mozilla,brotli,2,51220480,18542428,36.20119920781688,0.29717810500005726,0.14505036899936385
datasets/silesia/osdb,brotli,2,10085684,3575004,35.44632173683014,0.057977125004981644,0.034199392997834366
datasets/silesia/x-ray,brotli,2,8474240,6206544,73.24012536817462,0.07313485700433375,0.045245737994264346
datasets/silesia/samba,brotli,2,21606400,5105453,23.6293551910545,0.1029467129992554,0.05418567000015173
datasets/silesia/sao,brotli,2,7251944,5591448,77.10274651872656,0.06082915099977981,0.039517058998171706
AVERAGE,brotli,2,17661548.333333332,5669171.333333333,32.09894866710912,0.10452430166818279,0.05359922616601883
datasets/silesia/ooffice,brotli,3,6152192,3148130,51.17086722911118,0.059653137999703176,0.03244415899825981
datasets/silesia/xml,brotli,3,5345280,671069,12.554421845067049,0.024406506003288087,0.01342064300115453
datasets/silesia/mr,brotli,3,9970564,3502062,35.12401103889409,0.07489491899468703,0.04238037599861855
datasets/silesia/nci,brotli,3,33553445,2902390,8.650050687790776,0.11856177599838702,0.04905868300556904
datasets/silesia/webster,brotli,3,41458703,12398872,29.906560270349026,0.3143890610008384,0.10269302599772345
datasets/silesia/reymont,brotli,3,6627202,2028308,30.605797137313758,0.05571975600469159,0.023109905996534508
datasets/silesia/dickens,brotli,3,10192446,3882269,38.08966954546534,0.09640913200564682,0.039096398002584465
datasets/silesia/mozilla,brotli,3,51220480,18466424,36.05281324970012,0.360692880996794,0.14452005099883536
datasets/silesia/osdb,brotli,3,10085684,3561417,35.31160603485098,0.0658978279971052,0.039535212999908254
datasets/silesia/x-ray,brotli,3,8474240,6196971,73.12715948568838,0.08411239300039597,0.054954577004536986
datasets/silesia/samba,brotli,3,21606400,5065318,23.443600044431278,0.15077995000319788,0.05094203799671959
datasets/silesia/sao,brotli,3,7251944,5543833,76.4461639527277,0.07165564299793914,0.03869468100310769
AVERAGE,brotli,3,17661548.333333332,5613921.916666667,31.786125489752738,0.1230977485835562,0.052570812583629355
datasets/silesia/ooffice,brotli,4,6152192,3194975,51.932303153087545,0.14145923199976096,0.027771517001383472
datasets/silesia/xml,brotli,4,5345280,581027,10.86990765684866,0.0370109129944467,0.011555603996384889
datasets/silesia/mr,brotli,4,9970564,3376430,33.86398201746662,0.28671861399925547,0.030823670997051522
datasets/silesia/nci,brotli,4,33553445,2615981,7.796460244246157,0.24570203400071478,0.0413151620014105
datasets/silesia/webster,brotli,4,41458703,10950286,26.412514641376987,1.0638809480005875,0.10756233899883227
datasets/silesia/reymont,brotli,4,6627202,1763431,26.60898219188128,0.15922647399565903,0.018712840996158775
datasets/silesia/dickens,brotli,4,10192446,3438421,33.73499354325743,0.46285194100346416,0.031893794002826326
datasets/silesia/mozilla,brotli,4,51220480,18039758,35.21981441798281,1.0071977180050453,0.1478155919976416
datasets/silesia/osdb,brotli,4,10085684,3472433,34.42932576511419,0.22165359199425438,0.02575053400505567
datasets/silesia/x-ray,brotli,4,8474240,6438116,75.97278340004532,0.12775763999525225,0.04302149199793348
datasets/silesia/samba,brotli,4,21606400,4637466,21.463390476895736,0.34662322599615436,0.04788317099882988
datasets/silesia/sao,brotli,4,7251944,5697644,78.5671262767611,0.15345656700083055,0.04214029500144534
AVERAGE,brotli,4,17661548.333333332,5350497.333333333,30.294610825457074,0.3544615749154521,0.048020500999579475
datasets/silesia/ooffice,brotli,5,6152192,2856762,46.434864191494675,0.28095248399768025,0.02733053800329799
datasets/silesia/xml,brotli,5,5345280,520837,9.743867486829503,0.057807976998446975,0.010578574998362456
datasets/silesia/mr,brotli,5,9970564,3257112,32.66727940365259,0.5149413270046352,0.03020797199860681
datasets/silesia/nci,brotli,5,33553445,2207591,6.57932739842362,0.3416355299996212,0.04804133900324814
datasets/silesia/webster,brotli,5,41458703,10572374,25.50097623652144,1.321705161994032,0.09601833700435236
datasets/silesia/reymont,brotli,5,6627202,1711581,25.826600728331506,0.23887604999617906,0.01605457899859175
datasets/silesia/dickens,brotli,5,10192446,3381121,33.17281249270293,0.5615651390035055,0.033773050003219396
datasets/silesia/mozilla,brotli,5,51220480,16575019,32.36013992840363,1.4669602069989196,0.13629542499984382
datasets/silesia/osdb,brotli,5,10085684,3298202,32.701817744835154,0.3461277739988873,0.03219255599833559
datasets/silesia/x-ray,brotli,5,8474240,5503224,64.94062004380335,0.4989215929963393,0.045559387996036094
datasets/silesia/samba,brotli,5,21606400,4445707,20.57588029472749,0.49984984999900917,0.042383243002404924
datasets/silesia/sao,brotli,5,7251944,5261091,72.54731972557978,0.3342994560007355,0.036862644003122114
AVERAGE,brotli,5,17661548.333333332,4965885.083333333,28.116929442482817,0.5386368790823326,0.04627480383411845
datasets/silesia/ooffice,brotli,6,6152192,2819240,45.824967751331556,0.42163922199688386,0.026715940999565646
datasets/silesia/xml,brotli,6,5345280,506182,9.469700371168582,0.07071517399890581,0.011639661999652162
datasets/silesia/mr,brotli,6,9970564,3219586,32.29091152717138,0.6708831510040909,0.028596920004929416
datasets/silesia/nci,brotli,6,33553445,2119089,6.3155631262304075,0.44915269399643876,0.05153545299981488
datasets/silesia/webster,brotli,6,41458703,10252783,24.73011034619197,1.7523506910001743,0.09290008900279645
datasets/silesia/reymont,brotli,6,6627202,1652217,24.93083808219517,0.24421566700038966,0.01624116099992534
datasets/silesia/dickens,brotli,6,10192446,3288792,32.266955351051166,0.7071199569982127,0.026564034997136332
datasets/silesia/mozilla,brotli,6,51220480,16387170,31.993394048630545,2.272254265000811,0.1366552320032497
datasets/silesia/osdb,brotli,6,10085684,3250443,32.22828516142287,0.5548259370043525,0.0257621470009326
datasets/silesia/x-ray,brotli,6,8474240,5376968,63.45074012536818,0.8908543569996255,0.042422286001965404
datasets/silesia/samba,brotli,6,21606400,4341890,20.09538840343602,0.7027633879988571,0.04223326999635901
datasets/silesia/sao,brotli,6,7251944,5227319,72.081623906638,0.5390664229998947,0.040301173998159356
AVERAGE,brotli,6,17661548.333333332,4870139.916666667,27.57481861018414,0.7729867438332197,0.04513061416704053
datasets/silesia/ooffice,brotli,7,6152192,2788937,45.33241160223868,0.7048578999965684,0.026192736004304606
datasets/silesia/xml,brotli,7,5345280,491425,9.19362502993295,0.09589258900086861,0.012619125001947396
datasets/silesia/mr,brotli,7,9970564,3197981,32.07422368483869,0.9279387979986495,0.03709429000446107
datasets/silesia/nci,brotli,7,33553445,2040763,6.082126589385979,0.7877976370000397,0.043872073001693934
datasets/silesia/webster,brotli,7,41458703,9962915,24.03093748494737,3.0910709200034034,0.09589410200715065
datasets/silesia/reymont,brotli,7,6627202,1599258,24.13172255802675,0.34060335800313624,0.01656295599968871
datasets/silesia/dickens,brotli,7,10192446,3213035,31.523689210617352,0.9614930470052059,0.02618965999863576
datasets/silesia/mozilla,brotli,7,51220480,16217155,31.66146627286585,4.681981111003552,0.13817010300408583
datasets/silesia/osdb,brotli,7,10085684,3202431,31.75224407189438,0.959747843000514,0.028929936997883487
datasets/silesia/x-ray,brotli,7,8474240,5356463,63.20877152405407,1.4320223339964286,0.042650354000215884
datasets/silesia/samba,brotli,7,21606400,4244503,19.644656212973935,1.024146310002834,0.04065017099492252
datasets/silesia/sao,brotli,7,7251944,5215352,71.9166060852097,1.0355562799959444,0.03538351099996362
AVERAGE,brotli,7,17661548.333333332,4794184.833333333,27.144759580818178,1.3369256772505953,0.04535075150124612
datasets/silesia/ooffice,brotli,8,6152192,2777061,45.139374713923104,0.9440847790028783,0.02476948799449019
datasets/silesia/xml,brotli,8,5345280,485257,9.078233506944445,0.11580145199695835,0.01067356500425376
datasets/silesia/mr,brotli,8,9970564,3183423,31.928213890407804,1.2080967470028554,0.030989041995781008
datasets/silesia/nci,brotli,8,33553445,1974694,5.885219833611719,0.9735156700044172,0.04850406899640802
datasets/silesia/webster,brotli,8,41458703,9724064,23.45481960687482,5.122385773996939,0.09948773500218522
datasets/silesia/reymont,brotli,8,6627202,1557085,23.495360485465813,0.4525564189971192,0.015865112996834796
datasets/silesia/dickens,brotli,8,10192446,3151299,30.917985731786068,1.342936783003097,0.032083471000078134
datasets/silesia/mozilla,brotli,8,51220480,16099631,31.432018989279285,9.4157563330009,0.14555960699362913
datasets/silesia/osdb,brotli,8,10085684,3152774,31.25989273508867,1.3347136599986698,0.02960294399963459
datasets/silesia/x-ray,brotli,8,8474240,5350966,63.143904350124615,2.3278354419962852,0.046998415993584786
datasets/silesia/samba,brotli,8,21606400,4199759,19.437569423874407,1.6877686480002012,0.04615488900162745
datasets/silesia/sao,brotli,8,7251944,5208997,71.82897441017195,1.6917014089995064,0.039406781004799996
AVERAGE,brotli,8,17661548.333333332,4738750.833333333,26.830891289353737,2.2180960929999856,0.04750792666527559
datasets/silesia/ooffice,brotli,9,6152192,2767870,44.989980806840876,0.9918731330035371,0.026936164998915046
datasets/silesia/xml,brotli,9,5345280,479574,8.971915409482758,0.13999475599848665,0.010016087006079033
datasets/silesia/mr,brotli,9,9970564,3176906,31.862851489644918,1.3149299829965457,0.027347900002496317
datasets/silesia/nci,brotli,9,33553445,1921502,5.726690657248459,1.269200404996809,0.03354740599752404
datasets/silesia/webster,brotli,9,41458703,9521864,22.967105362654493,7.365691236998828,0.09878183600085322
datasets/silesia/reymont,brotli,9,6627202,1520405,22.941884071135902,0.5197102210004232,0.02193341200472787
datasets/silesia/dickens,brotli,9,10192446,3104582,30.45963647980082,1.4314938699972117,0.030631488996732514
datasets/silesia/mozilla,brotli,9,51220480,15987859,31.213801588739504,17.409007569003734,0.1510386669979198
datasets/silesia/osdb,brotli,9,10085684,3108484,30.820755439095652,1.415915496996604,0.024939737995737232
datasets/silesia/x-ray,brotli,9,8474240,5344456,63.06708330186542,2.8619401089963503,0.04496828600531444
datasets/silesia/samba,brotli,9,21606400,4155027,19.230538173874407,2.8235687049964326,0.04103100799693493
datasets/silesia/sao,brotli,9,7251944,5204893,71.77238268800753,2.360016666003503,0.037585484998999164
AVERAGE,brotli,9,17661548.333333332,4691118.5,26.561196172966717,3.325278512582372,0.0457297899168528
datasets/silesia/ooffice,brotli,10,6152192,2539177,41.272720357232025,6.65215139999782,0.03393303199845832
datasets/silesia/xml,brotli,10,5345280,442694,8.28196090756705,1.426192915001593,0.01122923000366427
datasets/silesia/mr,brotli,10,9970564,2865562,28.740219710740533,6.082308936995105,0.04097010300029069
datasets/silesia/nci,brotli,10,33553445,1638268,4.882562729400811,13.202671774000919,0.0562129649988492
datasets/silesia/webster,brotli,10,41458703,8568726,20.66809953027233,32.469542204999016,0.12393676899955608
datasets/silesia/reymont,brotli,10,6627202,1358529,20.499284615136222,3.985986168998352,0.020103377995837945
datasets/silesia/dickens,brotli,10,10192446,2902655,28.47849279750906,8.055410932000086,0.031560547002300154
datasets/silesia/mozilla,brotli,10,51220480,14303243,27.924851543757494,54.386246428999584,0.20861684100236744
datasets/silesia/osdb,brotli,10,10085684,2849344,28.251370953125242,6.302159655999276,0.03421197599527659
datasets/silesia/x-ray,brotli,10,8474240,4671035,55.12040017747905,12.733173594999244,0.07004250799946021
datasets/silesia/samba,brotli,10,21606400,3834586,17.74745445793839,12.315087440001662,0.050263500001165085
datasets/silesia/sao,brotli,10,7251944,4874697,67.21917598922441,9.053327862995502,0.05265976699593011
AVERAGE,brotli,10,17661548.333333332,4237376.333333333,23.99209997537966,13.888688276249013,0.06114505133276301
datasets/silesia/ooffice,brotli,11,6152192,2478855,40.292224299891814,10.919956983998418,0.03287328599981265
datasets/silesia/xml,brotli,11,5345280,430566,8.055069145114944,4.465579399999115,0.011074075002397876
datasets/silesia/mr,brotli,11,9970564,2823136,28.314707172031596,14.22354032399744,0.03595271900121588
datasets/silesia/nci,brotli,11,33553445,1519768,4.52939482071066,38.42529855700559,0.04746498100575991
datasets/silesia/webster,brotli,11,41458703,8428575,20.330049881203472,58.79833791400597,0.11653872400347609
datasets/silesia/reymont,brotli,11,6627202,1332158,20.10136404473562,8.190951194999798,0.016277267000987194
datasets/silesia/dickens,brotli,11,10192446,2827777,27.743850690992133,14.504511102000833,0.03282320099970093
datasets/silesia/mozilla,brotli,11,51220480,13872265,27.083434204443225,95.01284967899846,0.18532100599986734
datasets/silesia/osdb,brotli,11,10085684,2816278,27.923520110287015,12.676906418004364,0.03370701999665471
datasets/silesia/x-ray,brotli,11,8474240,4682753,55.25867806434559,15.69941942099831,0.05985626299661817
datasets/silesia/samba,brotli,11,21606400,3766340,17.43159434241706,22.972028480005974,0.04996362800011411
datasets/silesia/sao,brotli,11,7251944,4586092,63.239484474783595,11.578460343000188,0.041519236998283304
AVERAGE,brotli,11,17661548.333333332,4130380.25,23.386286253309805,25.622319984751204,0.05528095058374068
datasets/silesia/ooffice,xz,0,6152192,2796968,45.46295044107856,0.06276081500254804,0.01878508099616738
datasets/silesia/xml,xz,0,5345280,653880,12.232848419540229,0.02968508699996164,0.01113058199553052
datasets/silesia/mr,xz,0,9970564,3297880,33.076162993387335,0.06027388099755626,0.019255999999586493
datasets/silesia/nci,xz,0,33553445,2742384,8.173181621142032,0.05956069399690023,0.026324464000936132
datasets/silesia/webster,xz,0,41458703,12831352,30.94971880813541,0.1631044280002243,0.046557187000871636
datasets/silesia/reymont,xz,0,6627202,2033644,30.686313771633944,0.04183299899887061,0.014075881001190282
datasets/silesia/dickens,xz,0,10192446,4181992,41.03030813212059,0.07101228299870854,0.021234685002127662
datasets/silesia/mozilla,xz,0,51220480,15766136,30.78092200619752,0.230906621000031,0.05552379399887286
datasets/silesia/osdb,xz,0,10085684,3510132,34.80311300651498,0.06354968500090763,0.02018337100162171
datasets/silesia/x-ray,xz,0,8474240,5204300,61.4131768748584,0.0871800719978637,0.023271470003237482
datasets/silesia/samba,xz,0,21606400,4982392,23.059797097156398,0.09919644600449828,0.025313655998616014
datasets/silesia/sao,xz,0,7251944,4971628,68.55579690080343,0.08908269400126301,0.022084629999881145
AVERAGE,xz,0,17661548.333333332,5247724.0,29.712706388803777,0.08817880874994444,0.025311733416553277
datasets/silesia/ooffice,xz,1,6152192,2674876,43.47842199983356,0.2779543940050644,0.03790218900394393
datasets/silesia/xml,xz,1,5345280,562192,10.51754070881226,0.06447563199617434,0.01236612399952719
datasets/silesia/mr,xz,1,9970564,3094776,31.03912677357068,0.18528675300331088,0.03480591500556329
datasets/silesia/nci,xz,1,33553445,2384376,7.106203252750946,0.10554788700392237,0.02849220600182889
datasets/silesia/webster,xz,1,41458703,11359176,27.398773184004334,0.3657966960017802,0.049139853996166494
datasets/silesia/reymont,xz,1,6627202,1853980,27.975305415467943,0.1453622949993587,0.026061045995447785
datasets/silesia/dickens,xz,1,10192446,3679268,36.09798864767103,0.20063463500264334,0.030758264001633506
datasets/silesia/mozilla,xz,1,51220480,15196624,29.66903863454618,0.636742320995836,0.07780489499418763
datasets/silesia/osdb,xz,1,10085684,3413224,33.84226592861724,0.21041548900393536,0.033583247000933625
datasets/silesia/x-ray,xz,1,8474240,4997400,58.97165999546862,0.45288658999925246,0.04935293500602711
datasets/silesia/samba,xz,1,21606400,4573344,21.1666172985782,0.24113319600292016,0.039954422994924244
datasets/silesia/sao,xz,1,7251944,4927804,67.95148997289554,0.4311098309990484,0.05201097200188087
AVERAGE,xz,1,17661548.333333332,4893086.666666667,27.704743515786507,0.27644547658443724,0.03935267250017205
datasets/silesia/ooffice,xz,2,6152192,2635084,42.83162814164447,0.8310077630012529,0.06882293899980141
datasets/silesia/xml,xz,2,5345280,530156,9.918208213601533,0.12985132500034524,0.01799885699438164
datasets/silesia/mr,xz,2,9970564,3034000,30.42957248958033,0.5098397330002626,0.05177248299878556
datasets/silesia/nci,xz,2,33553445,2256276,6.7244242729770365,0.24273677299788687,0.03699549800512614
datasets/silesia/webster,xz,2,41458703,10764324,25.963967083099536,1.0628551080008037,0.060647767000773456
datasets/silesia/reymont,xz,2,6627202,1741788,26.28240394664294,0.5114068809998571,0.040465578000294045
datasets/silesia/dickens,xz,2,10192446,3487480,34.21632059664579,0.8684634489982272,0.051246028997411486
datasets/silesia/mozilla,xz,2,51220480,14976532,29.23934332516993,1.172087389997614,0.10417786000471096
datasets/silesia/osdb,xz,2,10085684,3334564,33.06234857249146,0.5938189430016791,0.05325138400075957
datasets/silesia/x-ray,xz,2,8474240,4955704,58.47962767162601,1.3798572050000075,0.08491665000474313
datasets/silesia/samba,xz,2,21606400,4375192,20.24951866113744,0.4956355579997762,0.051244105998193845
datasets/silesia/sao,xz,2,7251944,4878084,67.26588070729724,1.1890014090022305,0.09069118099432671
AVERAGE,xz,2,17661548.333333332,4747432.0,26.88004420903452,0.7488801280833286,0.059352527666609
datasets/silesia/ooffice,xz,3,6152192,2618072,42.55510881324901,1.2964944880004623,0.06323002200224437
datasets/silesia/xml,xz,3,5345280,515656,9.64694085249042,0.192355505998421,0.01742563500010874
datasets/silesia/mr,xz,3,9970564,3001852,30.107143387274782,1.5816538829967612,0.07994732000224758
datasets/silesia/nci,xz,3,33553445,2149748,6.406936754184257,0.6774427229975117,0.044356272999721114
datasets/silesia/webster,xz,3,41458703,10432656,25.16397100025054,3.858028374997957,0.09249288200226147
datasets/silesia/reymont,xz,3,6627202,1677984,25.31964470073494,1.075466204994882,0.03995377300452674
datasets/silesia/dickens,xz,3,10192446,3382420,33.185557225419686,3.101105273999565,0.07489890899887541
datasets/silesia/mozilla,xz,3,51220480,14838428,28.969716800779686,2.407149519996892,0.1442906129959738
datasets/silesia/osdb,xz,3,10085684,3272448,32.44646570326812,1.8866706939952564,0.08647444099915447
datasets/silesia/x-ray,xz,3,8474240,4914804,57.99698852050449,3.3560998960019788,0.17426234100275906
datasets/silesia/samba,xz,3,21606400,4248448,19.66291469194313,1.6252382589955232,0.07424069700209657
datasets/silesia/sao,xz,3,7251944,4853744,66.93024656561055,2.3832004130017594,0.10795851700095227
AVERAGE,xz,3,17661548.333333332,4658855.0,26.37851966357423,1.9534087696647475,0.08329428525091014
datasets/silesia/ooffice,xz,4,6152192,2449084,39.808315475199734,1.783937792002689,0.0655575749988202
datasets/silesia/xml,xz,4,5345280,547692,10.24627334770115,0.3405280369988759,0.018366461001278367
datasets/silesia/mr,xz,4,9970564,2763576,27.71734878789204,2.6661244360002456,0.0875123900041217
datasets/silesia/nci,xz,4,33553445,2341264,6.977715701025633,0.7719813060029992,0.044833173997176345
datasets/silesia/webster,xz,4,41458703,9781868,23.594245097344217,3.764690057003463,0.10040101999766193
datasets/silesia/reymont,xz,4,6627202,1465596,22.114853297062623,1.7935299999953713,0.037597894995997194
datasets/silesia/dickens,xz,4,10192446,2926124,28.708751559733553,5.3240331940032775,0.06558282300102292
datasets/silesia/mozilla,xz,4,51220480,14043328,27.417408036785286,3.009580810998159,0.14292557599401334
datasets/silesia/osdb,xz,4,10085684,3018704,29.9305827943846,2.3646733770001447,0.08134829399932642
datasets/silesia/x-ray,xz,4,8474240,4488888,52.97098028849785,3.1631152129994007,0.1338152770040324
datasets/silesia/samba,xz,4,21606400,4102164,18.985874555687204,1.5792308489981224,0.07231539199710824
datasets/silesia/sao,xz,4,7251944,4424588,61.012440250503865,2.5874821770048584,0.10020237699791323
AVERAGE,xz,4,17661548.333333332,4362739.666666667,24.70190939280616,2.4290756040839674,0.07920485449903936
datasets/silesia/ooffice,xz,5,6152192,2428884,39.47997721787617,1.9927086070019868,0.06720634299563244
datasets/silesia/xml,xz,5,5345280,484508,9.064221144636015,0.5204917900045984,0.01828827099961927
datasets/silesia/mr,xz,5,9970564,2752032,27.601567975492657,3.326135160001286,0.09420816899364581
datasets/silesia/nci,xz,5,33553445,2029484,6.048511561182466,2.3964103590042214,0.06931875799637055
datasets/silesia/webster,xz,5,41458703,9007016,21.725272013453967,10.28251833700051,0.15589489699777914
datasets/silesia/reymont,xz,5,6627202,1341056,20.23562885211587,2.7896445660007885,0.041180553002050146
datasets/silesia/dickens,xz,5,10192446,2831144,27.776884959704475,5.836583928998152,0.0793010800043703
datasets/silesia/mozilla,xz,5,51220480,13648280,26.64613841963215,7.155993627995485,0.22578352699929383
datasets/silesia/osdb,xz,5,10085684,2870832,28.464425417254795,3.2320714430024964,0.08324379900295753
datasets/silesia/x-ray,xz,5,8474240,4486484,52.94261196284269,3.2310564719955437,0.14054388299700804
datasets/silesia/samba,xz,5,21606400,3877880,17.947830272511847,4.029797848997987,0.10834142100065947
datasets/silesia/sao,xz,5,7251944,4414008,60.86654833517744,2.620684206005535,0.10441800900298404
AVERAGE,xz,5,17661548.333333332,4180967.3333333335,23.67271121661757,3.951174695500716,0.09897739249936421
datasets/silesia/ooffice,xz,6,6152192,2426824,39.44649321737683,1.9679015000001527,0.07842544299637666
datasets/silesia/xml,xz,6,5345280,453268,8.479780292145595,0.6842310270003509,0.01997029499761993
datasets/silesia/mr,xz,6,9970564,2750236,27.58355495235776,3.3986293519992614,0.09725044300284935
datasets/silesia/nci,xz,6,33553445,1797072,5.355849451524277,4.450579308002489,0.06289024199941196
datasets/silesia/webster,xz,6,41458703,8712308,21.01442488444465,12.126559213997098,0.15373434199864278
datasets/silesia/reymont,xz,6,6627202,1317160,19.875054359290694,3.090456053003436,0.03838907200406538
datasets/silesia/dickens,xz,6,10192446,2831684,27.782183001018595,5.670295094998437,0.06504143900383497
datasets/silesia/mozilla,xz,6,51220480,13577880,26.508693397640943,7.887289081001654,0.21647130599740194
datasets/silesia/osdb,xz,6,10085684,2850112,28.25898570686926,3.4112032600023667,0.07828749300097115
datasets/silesia/x-ray,xz,6,8474240,4489920,52.983158371724194,3.3118114579992834,0.13926747199730016
datasets/silesia/samba,xz,6,21606400,3787408,17.52910248815166,4.7169716019998305,0.10225874699972337
datasets/silesia/sao,xz,6,7251944,4415080,60.88133057839388,2.6516536769995582,0.10579168399999617
AVERAGE,xz,6,17661548.333333332,4117412.6666666665,23.31286356641627,4.44729838558366,0.09648149816651615
datasets/silesia/ooffice,xz,7,6152192,2426824,39.44649321737683,1.95152479600074,0.06903368100029184
datasets/silesia/xml,xz,7,5345280,453268,8.479780292145595,0.6754338049940998,0.017633479001233354
datasets/silesia/mr,xz,7,9970564,2750280,27.583996251365516,3.240386898003635,0.08854226900439244
datasets/silesia/nci,xz,7,33553445,1752384,5.222664915629379,5.921593801002018,0.08399363899661694
datasets/silesia/webster,xz,7,41458703,8473548,20.438526501902388,23.085997049005528,0.28008896699611796
datasets/silesia/reymont,xz,7,6627202,1317160,19.875054359290694,3.1179559160009376,0.0360527960001491
datasets/silesia/dickens,xz,7,10192446,2830612,27.771665407891295,5.6337457050030935,0.06563034700229764
datasets/silesia/mozilla,xz,7,51220480,13459488,26.277551479408235,16.999639637004293,0.3983741080010077
datasets/silesia/osdb,xz,7,10085684,2849916,28.257042358257507,3.6242671349973534,0.0824448949933867
datasets/silesia/x-ray,xz,7,8474240,4489876,52.98263915112151,3.125267482995696,0.1490228870025021
datasets/silesia/samba,xz,7,21606400,3768504,17.44160989336493,4.760230016006972,0.10378484799730359
datasets/silesia/sao,xz,7,7251944,4415080,60.88133057839388,2.6809397409961093,0.10448013599670958
AVERAGE,xz,7,17661548.333333332,4082245.0,23.113743613833783,6.234748498500873,0.12325683766600075
datasets/silesia/ooffice,xz,8,6152192,2426824,39.44649321737683,2.0607440099993255,0.06898901699605631
datasets/silesia/xml,xz,8,5345280,453268,8.479780292145595,0.7060761800021282,0.019708363004610874
datasets/silesia/mr,xz,8,9970564,2750280,27.583996251365516,3.3448746200010646,0.09283625800162554
datasets/silesia/nci,xz,8,33553445,1738892,5.1824544394770795,6.225690270002815,0.09262599200155819
datasets/silesia/webster,xz,8,41458703,8390500,20.238211504108076,24.65928881799482,0.2571958410044317
datasets/silesia/reymont,xz,8,6627202,1317160,19.875054359290694,2.8866988500012667,0.03506514699984109
datasets/silesia/dickens,xz,8,10192446,2830612,27.771665407891295,5.992022909005755,0.07275080500403419
datasets/silesia/mozilla,xz,8,51220480,13382220,26.126697758396638,18.974893651997263,0.4053838280015043
datasets/silesia/osdb,xz,8,10085684,2849916,28.257042358257507,3.5772752269986086,0.08274863700353308
datasets/silesia/x-ray,xz,8,8474240,4489876,52.98263915112151,3.376959788998647,0.1357073129984201
datasets/silesia/samba,xz,8,21606400,3763624,17.419023992890995,5.14069375499821,0.10544443999970099
datasets/silesia/sao,xz,8,7251944,4415080,60.88133057839388,2.6362185640027747,0.10373918199911714
AVERAGE,xz,8,17661548.333333332,4067354.3333333335,23.02943239498915,6.631786387000223,0.12268290191786946
datasets/silesia/ooffice,xz,9,6152192,2426824,39.44649321737683,2.0002119049968314,0.06778332900285022
datasets/silesia/xml,xz,9,5345280,453268,8.479780292145595,0.6936484570032917,0.018325379998714197
datasets/silesia/mr,xz,9,9970564,2750280,27.583996251365516,3.3376757340010954,0.08787211700109765
datasets/silesia/nci,xz,9,33553445,1738892,5.1824544394770795,6.278674613000476,0.09587668899621349
datasets/silesia/webster,xz,9,41458703,8385876,20.22705823672294,24.889198288001353,0.2851752470014617
datasets/silesia/reymont,xz,9,6627202,1317160,19.875054359290694,3.0245545050056535,0.03506178099632962
datasets/silesia/dickens,xz,9,10192446,2830612,27.771665407891295,5.633973163006885,0.06787801799509907
datasets/silesia/mozilla,xz,9,51220480,13374168,26.110977484006398,18.89753964800184,0.4281167009976343
datasets/silesia/osdb,xz,9,10085684,2849916,28.257042358257507,3.69197167600214,0.08149575000425102
datasets/silesia/x-ray,xz,9,8474240,4489876,52.98263915112151,3.17102104100195,0.14055575599923031
datasets/silesia/samba,xz,9,21606400,3763624,17.419023992890995,5.012467047003156,0.1085649220040068
datasets/silesia/sao,xz,9,7251944,4415080,60.88133057839388,2.6617552129973774,0.10501212700182805
AVERAGE,xz,9,17661548.333333332,4066298.0,23.023451416915222,6.607724274168504,0.12680981808322636
datasets/silesia/ooffice,7z,1,6152192,2720043,44.212583092335215,0.1053767630000948,0.02117141600319883
datasets/silesia/xml,7z,1,5345280,571885,10.69887826269157,0.030944584003009368,0.01089950899768155
datasets/silesia/mr,7z,1,9970564,3119109,31.283175154384445,0.06795083500037435,0.021497809000720736
datasets/silesia/nci,7z,1,33553445,2526674,7.530296814529774,0.056880734002334066,0.034970609995070845
datasets/silesia/webster,7z,1,41458703,11294024,27.241624032473954,0.21722689700254705,0.04865392600186169
datasets/silesia/reymont,7z,1,6627202,1763972,26.617145516312917,0.051734651999140624,0.016323845004080795
datasets/silesia/dickens,7z,1,10192446,3556649,34.89495063304726,0.09345868899981724,0.02087115000176709
datasets/silesia/mozilla,7z,1,51220480,15505173,30.27143244264794,0.29463558700081194,0.07077194200246595
datasets/silesia/osdb,7z,1,10085684,3327722,32.99450984187091,0.08746068299660692,0.024327974999323487
datasets/silesia/x-ray,7z,1,8474240,5111956,60.3234744354656,0.10402076200261945,0.027911627003049944
datasets/silesia/samba,7z,1,21606400,4662985,21.58149900029621,0.10516507500142325,0.03590012899803696
datasets/silesia/sao,7z,1,7251944,4867151,67.11512113165794,0.10016714100493118,0.026927666003757622
AVERAGE,7z,1,17661548.333333332,4918945.25,27.85115527338156,0.10958520016780919,0.030018967000917957
datasets/silesia/ooffice,7z,3,6152192,2620197,42.589649347744675,0.8011133799955132,0.07335268799943151
datasets/silesia/xml,7z,3,5345280,544183,10.18062664631226,0.10336637099680956,0.027035168001020793
datasets/silesia/mr,7z,3,9970564,3045060,30.540499012894358,0.9139967770024668,0.08826514700194821
datasets/silesia/nci,7z,3,33553445,2365427,7.049729170879473,0.3045133330015233,0.07273924400215037
datasets/silesia/webster,7z,3,41458703,10492195,25.307581378028154,1.7836092420038767,0.13814430799538968
datasets/silesia/reymont,7z,3,6627202,1702773,25.693693960135818,0.43184898299659835,0.04874064899922814
datasets/silesia/dickens,7z,3,10192446,3364133,33.006140037435564,1.159058848003042,0.08171315900108311
datasets/silesia/mozilla,7z,3,51220480,14837482,28.967869883296682,1.7248399829986738,0.18118272800347768
datasets/silesia/osdb,7z,3,10085684,3298833,32.708074137559734,0.8435305699968012,0.08630958700086921
datasets/silesia/x-ray,7z,3,8474240,4941586,58.313028660977274,1.5786927270019078,0.11898210200160975
datasets/silesia/samba,7z,3,21606400,4301359,19.907800466528435,0.7951068670008681,0.106231140998716
datasets/silesia/sao,7z,3,7251944,4819075,66.45218164949978,1.5553579920015181,0.1055183299977216
AVERAGE,7z,3,17661548.333333332,4694358.583333333,26.579541582282946,0.9995862560832999,0.09401785425022051
datasets/silesia/ooffice,7z,5,6152192,2428058,39.46655110893808,0.776607199004502,0.06838577300368343
datasets/silesia/xml,7z,5,5345280,484945,9.072396581657088,0.3499492429982638,0.019946050000726245
datasets/silesia/mr,7z,5,9970564,2749889,27.580074707910207,1.8893197829966084,0.0899704359981115
datasets/silesia/nci,7z,5,33553445,1965698,5.858408875750314,3.0600580669997726,0.09926506500050891
datasets/silesia/webster,7z,5,41458703,8728913,21.054476788625056,14.81273920500098,0.28301425099925837
datasets/silesia/reymont,7z,5,6627202,1340999,20.234768760632317,1.7776446389980265,0.03689154300082009
datasets/silesia/dickens,7z,5,10192446,2831401,27.779406434922493,3.66406698100036,0.07392958299897145
datasets/silesia/mozilla,7z,5,51220480,13457508,26.273685838164734,8.26378976200067,0.41642177600442665
datasets/silesia/osdb,7z,5,10085684,2871860,28.47461808242257,1.683636847003072,0.08111248899513157
datasets/silesia/x-ray,7z,5,8474240,4479219,52.85688156106034,1.17335673100024,0.13265657200099668
datasets/silesia/samba,7z,5,21606400,3856919,17.85081735041469,2.4120039390036254,0.11419115900207544
datasets/silesia/sao,7z,5,7251944,4413940,60.86561065557042,1.008694486998138,0.10778483399917604
AVERAGE,7z,5,17661548.333333332,4134112.4166666665,23.407417847189503,3.4059889069170217,0.1269641275836572
datasets/silesia/ooffice,7z,7,6152192,2425600,39.426597869507326,0.8213201399994432,0.06914177499857033
datasets/silesia/xml,7z,7,5345280,455035,8.51283749401341,0.47241239700088045,0.020716089005873073
datasets/silesia/mr,7z,7,9970564,2748289,27.564027471264414,1.9430257749991142,0.0921422619940131
datasets/silesia/nci,7z,7,33553445,1741442,5.190054255233703,5.333818392005924,0.09969116599677363
datasets/silesia/webster,7z,7,41458703,8388871,20.234282292912056,16.365570793001098,0.29369175100146094
datasets/silesia/reymont,7z,7,6627202,1318426,19.89415744382018,1.8233704150043195,0.03768854300142266
datasets/silesia/dickens,7z,7,10192446,2831143,27.776875148516854,3.702831338996475,0.06901949399616569
datasets/silesia/mozilla,7z,7,51220480,13344718,26.05348095136945,9.00382181200257,0.4265517550011282
datasets/silesia/osdb,7z,7,10085684,2851828,28.275999922266053,1.7354973959954805,0.08567116600170266
datasets/silesia/x-ray,7z,7,8474240,4479911,52.865047485084204,1.1955834410036914,0.15097737400355982
datasets/silesia/samba,7z,7,21606400,3759810,17.401371815758292,2.6008746619991143,0.1135695190023398
datasets/silesia/sao,7z,7,7251944,4413958,60.86585886487816,0.9963491180023993,0.10277484799735248
AVERAGE,7z,7,17661548.333333332,4063252.5833333335,23.006208213719276,3.8328729733342093,0.13013631183336352
datasets/silesia/ooffice,7z,9,6152192,2425600,39.426597869507326,0.7534204319963465,0.0690293540028506
datasets/silesia/xml,7z,9,5345280,455035,8.51283749401341,0.4735441249940777,0.020371920996694826
datasets/silesia/mr,7z,9,9970564,2748289,27.564027471264414,1.954569255001843,0.09091627500311006
datasets/silesia/nci,7z,9,33553445,1741442,5.190054255233703,5.318523734000337,0.10705484099889873
datasets/silesia/webster,7z,9,41458703,8388871,20.234282292912056,16.263249969000753,0.28080065499671036
datasets/silesia/reymont,7z,9,6627202,1318426,19.89415744382018,1.7635945629954222,0.03987020800559549
datasets/silesia/dickens,7z,9,10192446,2831143,27.776875148516854,3.6942952669996885,0.0775035080005182
datasets/silesia/mozilla,7z,9,51220480,13344718,26.05348095136945,9.67889446800109,0.39936251800099853
datasets/silesia/osdb,7z,9,10085684,2851828,28.275999922266053,1.591768400001456,0.08860349300084636
datasets/silesia/x-ray,7z,9,8474240,4479911,52.865047485084204,1.0873034350006492,0.13660147499467712
datasets/silesia/samba,7z,9,21606400,3759810,17.401371815758292,2.4640959440002916,0.11267657900316408
datasets/silesia/sao,7z,9,7251944,4413958,60.86585886487816,0.9112662400002591,0.09669658100028755
AVERAGE,7z,9,17661548.333333332,4063252.5833333335,23.006208213719276,3.8295438193326845,0.12662395066702933
datasets/silesia/ooffice,lz4,1,6152192,4339335,70.53315306154295,0.016823685000417754,0.011747183001716621
datasets/silesia/xml,lz4,1,5345280,1228106,22.975522329980844,0.010832300999027211,0.008170152999809943
datasets/silesia/mr,lz4,1,9970564,5442522,54.58589905245079,0.01431888200022513,0.01668464300018968
datasets/silesia/nci,lz4,1,33553445,5539348,16.50902910267485,0.03568855000048643,0.025850188998447265
datasets/silesia/webster,lz4,1,41458703,20149249,48.60077026529267,0.03959812600078294,0.03169176999654155
datasets/silesia/reymont,lz4,1,6627202,3182851,48.02707085131855,0.015187646000413224,0.012800665004760958
datasets/silesia/dickens,lz4,1,10192446,6431133,63.09705246414845,0.02025081299507292,0.017266237002331764
datasets/silesia/mozilla,lz4,1,51220480,26441791,51.623473657412035,0.04355302800104255,0.03563177300384268
datasets/silesia/osdb,lz4,1,10085684,5261242,52.16544559595562,0.015570045994536486,0.01784722100273939
datasets/silesia/x-ray,lz4,1,8474240,8406634,99.20221754399215,0.013218091000453569,0.016223284997977316
datasets/silesia/samba,lz4,1,21606400,7721752,35.738262736966824,0.02389280599891208,0.024215243000071496
datasets/silesia/sao,lz4,1,7251944,6790464,93.6364649258185,0.01711663600144675,0.016620413000055123
AVERAGE,lz4,1,17661548.333333332,8411202.25,47.62437636413342,0.022170884166068088,0.019562397917373648
datasets/silesia/ooffice,lz4,2,6152192,3885715,63.15984611663615,0.02617464899958577,0.012705886998446658
datasets/silesia/xml,lz4,2,5345280,1054136,19.720875239463602,0.010280674003297463,0.00909646500076633
datasets/silesia/mr,lz4,2,9970564,4770391,47.84474579371839,0.022705281000526156,0.01458432199433446
datasets/silesia/nci,lz4,2,33553445,4998925,14.898395678893777,0.03286044899869012,0.025238907997845672
datasets/silesia/webster,lz4,2,41458703,17035713,41.0908006456449,0.04794831799517851,0.03764729599788552
datasets/silesia/reymont,lz4,2,6627202,2710458,40.898979690071315,0.018645431999175344,0.011333294001815375
datasets/silesia/dickens,lz4,2,10192446,5359670,52.5847279445974,0.023967765999259427,0.01900349700008519
datasets/silesia/mozilla,lz4,2,51220480,24231191,47.30762187312575,0.05215737799881026,0.03818508699623635
datasets/silesia/osdb,lz4,2,10085684,4250852,42.147384351919015,0.020735896003316157,0.014831697000772692
datasets/silesia/x-ray,lz4,2,8474240,7750843,91.46357667472246,0.030129920996841975,0.017250178003450856
datasets/silesia/samba,lz4,2,21606400,6968333,32.251245001481045,0.026796088997798506,0.023741261000395752
datasets/silesia/sao,lz4,2,7251944,6188308,85.33309137522296,0.02721208099683281,0.017733677006617654
AVERAGE,lz4,2,17661548.333333332,7433711.25,42.08980498029193,0.02830116116577604,0.02011263074988771
datasets/silesia/ooffice,lz4,3,6152192,3609584,58.6715109021305,0.05480810500012012,0.01429678999556927
datasets/silesia/xml,lz4,3,5345280,853912,15.975065852490422,0.02074030499352375,0.008484623998811003
datasets/silesia/mr,lz4,3,9970564,4646422,46.601395868879635,0.047298234996560495,0.017319917998975143
datasets/silesia/nci,lz4,3,33553445,4259799,12.695563749117266,0.042205162993923295,0.024375303997658193
datasets/silesia/webster,lz4,3,41458703,14760211,35.60220154499286,0.07298531700507738,0.032578599006228615
datasets/silesia/reymont,lz4,3,6627202,2430571,36.67567398730264,0.043781658001535106,0.012497695002821274
datasets/silesia/dickens,lz4,3,10192446,4784292,46.93958643489502,0.05362533900188282,0.015488331999222282
datasets/silesia/mozilla,lz4,3,51220480,22631606,44.18468159611156,0.07753911400504876,0.03652638600033242
datasets/silesia/osdb,lz4,3,10085684,4055584,40.21129355232625,0.042074915996636264,0.015188126999419183
datasets/silesia/x-ray,lz4,3,8474240,7209110,85.07087361226493,0.07391747999645304,0.018054361004033126
datasets/silesia/samba,lz4,3,21606400,6320951,29.254993890699055,0.04679414599377196,0.02119562100415351
datasets/silesia/sao,lz4,3,7251944,5872769,80.98199599996912,0.06972392000170657,0.016943950999120716
AVERAGE,lz4,3,17661548.333333332,6786234.25,38.42377871928745,0.0537911414988533,0.019412475667195395
datasets/silesia/ooffice,lz4,4,6152192,3577390,58.148217740928764,0.06351173199800542,0.011793159996159375
datasets/silesia/xml,lz4,4,5345280,816762,15.280060165229886,0.024353161999897566,0.008905937000236008
datasets/silesia/mr,lz4,4,9970564,4493448,45.06713963222141,0.05760331400233554,0.01930429299682146
datasets/silesia/nci,lz4,4,33553445,4043583,12.051170900633302,0.05125913699885132,0.02587653900263831
datasets/silesia/webster,lz4,4,41458703,14390502,34.710449094367476,0.08461048099707114,0.03250113299873192
datasets/silesia/reymont,lz4,4,6627202,2304454,34.77265367797752,0.05279047899966827,0.011442420000093989
datasets/silesia/dickens,lz4,4,10192446,4614578,45.27449053936611,0.06704437799635343,0.01845006499934243
datasets/silesia/mozilla,lz4,4,51220480,22418152,43.76794594662135,0.0876904460019432,0.037150611002289224
datasets/silesia/osdb,lz4,4,10085684,4014600,39.804935391590696,0.04890272400371032,0.016022718002204783
datasets/silesia/x-ray,lz4,4,8474240,7183852,84.77281738539385,0.07847632799530402,0.018055822998576332
datasets/silesia/samba,lz4,4,21606400,6240202,28.88126666172986,0.050179716003185604,0.022362016003171448
datasets/silesia/sao,lz4,4,7251944,5809015,80.10286621077051,0.07640419900417328,0.015306410001358017
AVERAGE,lz4,4,17661548.333333332,6658878.166666667,37.70268631600721,0.061902174666708255,0.019764260416801942
datasets/silesia/ooffice,lz4,5,6152192,3561204,57.885124521471376,0.07297190099779982,0.012644231006561313
datasets/silesia/xml,lz4,5,5345280,794522,14.863992157567049,0.028222070999618154,0.00883707799948752
datasets/silesia/mr,lz4,5,9970564,4388816,44.01773059176993,0.07063811000261921,0.016738744998292532
datasets/silesia/nci,lz4,5,33553445,3881876,11.569232309826905,0.05027979599981336,0.024735651997616515
datasets/silesia/webster,lz4,5,41458703,14195307,34.239631181901665,0.09713479500351241,0.0339694860012969
datasets/silesia/reymont,lz4,5,6627202,2222314,33.53321658220166,0.07001075000152923,0.010746910993475467
datasets/silesia/dickens,lz4,5,10192446,4517871,44.32568001831945,0.08216172300308244,0.014472670998657122
datasets/silesia/mozilla,lz4,5,51220480,22290025,43.51779795894142,0.09392484599811723,0.03744130799896084
datasets/silesia/osdb,lz4,5,10085684,3997261,39.63301844475794,0.05357527599699097,0.01545829600217985
datasets/silesia/x-ray,lz4,5,8474240,7182334,84.75490427460161,0.07740138599911006,0.016330686994479038
datasets/silesia/samba,lz4,5,21606400,6192312,28.659619372037916,0.061004574003163725,0.023228316000313498
datasets/silesia/sao,lz4,5,7251944,5774409,79.62567002723684,0.08594756599632092,0.01547143099742243
AVERAGE,lz4,5,17661548.333333332,6583187.583333333,37.274124890333795,0.07027273283347313,0.01917290099906192
datasets/silesia/ooffice,lz4,6,6152192,3552736,57.74748252330226,0.07914987600088352,0.011325929997838102
datasets/silesia/xml,lz4,6,5345280,782423,14.637642929837163,0.03283923900016816,0.00932216999353841
datasets/silesia/mr,lz4,6,9970564,4322064,43.34823987890755,0.09316032799688401,0.014354508995893411
datasets/silesia/nci,lz4,6,33553445,3784768,11.279819404535063,0.06273252599930856,0.028299728001002222
datasets/silesia/webster,lz4,6,41458703,14102486,34.01574332897003,0.11518454800534528,0.03259525999601465
datasets/silesia/reymont,lz4,6,6627202,2172412,32.78022912233549,0.0940037440013839,0.011383017998014111
datasets/silesia/dickens,lz4,6,10192446,4471511,43.8708333603141,0.10472739199758507,0.017879582002933603
datasets/silesia/mozilla,lz4,6,51220480,22207410,43.35650505422831,0.10261455600266345,0.037179817001742776
datasets/silesia/osdb,lz4,6,10085684,3990879,39.56974063434865,0.06154622299800394,0.015479595997021534
datasets/silesia/x-ray,lz4,6,8474240,7182312,84.75464466430029,0.08084219000011217,0.019268244999693707
datasets/silesia/samba,lz4,6,21606400,6170368,28.558056872037913,0.06797880600061035,0.023124730003473815
datasets/silesia/sao,lz4,6,7251944,5751835,79.3143879765205,0.09708300799684366,0.01603866700315848
AVERAGE,lz4,6,17661548.333333332,6540933.666666667,37.034882464532885,0.08265520299998268,0.01968760433252707
datasets/silesia/ooffice,lz4,7,6152192,3548571,57.67978307569075,0.08541635700385086,0.01412636000168277
datasets/silesia/xml,lz4,7,5345280,775789,14.513533435105364,0.040105451000272296,0.009428630997717846
datasets/silesia/mr,lz4,7,9970564,4278258,42.908886598591614,0.12110750200372422,0.014751695998711511
datasets/silesia/nci,lz4,7,33553445,3728433,11.111923082711774,0.0848227800015593,0.024043700002948754
datasets/silesia/webster,lz4,7,41458703,14060029,33.91333539787774,0.1296726279979339,0.03744394300156273
datasets/silesia/reymont,lz4,7,6627202,2141786,32.318103477153706,0.12489558900415432,0.011430988997744862
datasets/silesia/dickens,lz4,7,10192446,4452236,43.681722718962654,0.12469201600470114,0.018344828000408597
datasets/silesia/mozilla,lz4,7,51220480,22153234,43.25073486230508,0.11423549200117122,0.03550225000071805
datasets/silesia/osdb,lz4,7,10085684,3988354,39.54470514840639,0.0674258259969065,0.01598373500019079
datasets/silesia/x-ray,lz4,7,8474240,7182311,84.75463286383203,0.07989273299608612,0.018837654002709314
datasets/silesia/samba,lz4,7,21606400,6159229,28.506502702902843,0.06423989199538482,0.02086648199474439
datasets/silesia/sao,lz4,7,7251944,5741039,79.1655175495012,0.11227104600402527,0.015503030001127627
AVERAGE,lz4,7,17661548.333333332,6517439.083333333,36.901855716877975,0.09573144266748083,0.019688608166688937
datasets/silesia/ooffice,lz4,8,6152192,3546894,57.65252449858522,0.08534018399950583,0.011191947996849194
datasets/silesia/xml,lz4,8,5345280,772663,14.455051933668583,0.04964114399626851,0.00801257500279462
datasets/silesia/mr,lz4,8,9970564,4255520,42.68083530680912,0.1662811500063981,0.017044139000063296
datasets/silesia/nci,lz4,8,33553445,3698333,11.022215453584572,0.09970019199681701,0.02517517800151836
datasets/silesia/webster,lz4,8,41458703,14038789,33.86210369388545,0.14160195399745135,0.036106056002608966
datasets/silesia/reymont,lz4,8,6627202,2123829,32.04714448118528,0.15888598500168882,0.011832673000753857
datasets/silesia/dickens,lz4,8,10192446,4444742,43.608197678947725,0.1409146599980886,0.01615828300418798
datasets/silesia/mozilla,lz4,8,51220480,22121694,43.18915793057777,0.12238988500030246,0.03862059699895326
datasets/silesia/osdb,lz4,8,10085684,3987969,39.54088785649045,0.06429138800012879,0.015896780998446047
datasets/silesia/x-ray,lz4,8,8474240,7182311,84.75463286383203,0.08056597100221552,0.017783260998839978
datasets/silesia/samba,lz4,8,21606400,6154185,28.483157768068722,0.07558414700179128,0.02361596500122687
datasets/silesia/sao,lz4,8,7251944,5738245,79.12698994917776,0.11362041500251507,0.01372269000421511
AVERAGE,lz4,8,17661548.333333332,6505431.166666667,36.833866679676724,0.10823475625026428,0.019596678834204795
datasets/silesia/ooffice,lz4,9,6152192,3546048,57.638773302263644,0.09337304799555568,0.012664920002862345
datasets/silesia/xml,lz4,9,5345280,771572,14.434641403256704,0.0516765740030678,0.009057641997060273
datasets/silesia/mr,lz4,9,9970564,4247688,42.602284083427975,0.1942550539970398,0.016167469999345485
datasets/silesia/nci,lz4,9,33553445,3684278,10.980327057326006,0.11240254300355446,0.023541856004158035
datasets/silesia/webster,lz4,9,41458703,14028062,33.836229753738316,0.15896058499492938,0.0371600500002387
datasets/silesia/reymont,lz4,9,6627202,2114231,31.902317146813996,0.20706789199903142,0.010482993995537981
datasets/silesia/dickens,lz4,9,10192446,4441381,43.5752222773611,0.151626656006556,0.01677156700316118
datasets/silesia/mozilla,lz4,9,51220480,22099912,43.14663197221111,0.15283039099449525,0.039535618998343125
datasets/silesia/osdb,lz4,9,10085684,3987957,39.540768875963195,0.06618793700181413,0.015925284998957068
datasets/silesia/x-ray,lz4,9,8474240,7182311,84.75463286383203,0.07933039499766892,0.020474163997278083
datasets/silesia/samba,lz4,9,21606400,6151766,28.471962011255926,0.08771691500442103,0.023259884997969493
datasets/silesia/sao,lz4,9,7251944,5737395,79.1152689540901,0.1205318089996581,0.015346375999797601
AVERAGE,lz4,9,17661548.333333332,6499383.416666667,36.79962421188252,0.12299664991648267,0.020032318999559113
datasets/silesia/ooffice,lz4,10,6152192,3541095,57.55826541174268,0.14382951500010677,0.012372068005788606
datasets/silesia/xml,lz4,10,5345280,770575,14.415989433668583,0.06933009900239995,0.009234466000634711
datasets/silesia/mr,lz4,10,9970564,4214298,42.26739831367613,0.2228511389985215,0.014719014994625468
datasets/silesia/nci,lz4,10,33553445,3724059,11.098887163449238,0.11446199900092324,0.025094497003010474
datasets/silesia/webster,lz4,10,41458703,13900903,33.52951731268583,0.2187880139972549,0.033954678001464345
datasets/silesia/reymont,lz4,10,6627202,2093401,31.588006522209522,0.26288615800149273,0.011355836999427993
datasets/silesia/dickens,lz4,10,10192446,4396480,43.13469014209151,0.20055074999982025,0.015755644999444485
datasets/silesia/mozilla,lz4,10,51220480,22125034,43.1956787597461,0.24944799300283194,0.037469672002771404
datasets/silesia/osdb,lz4,10,10085684,3956952,39.23335293868021,0.09046787100669462,0.01551210700563388
datasets/silesia/x-ray,lz4,10,8474240,7180317,84.73110273015634,0.10225441900547594,0.018832413996278774
datasets/silesia/samba,lz4,10,21606400,6123714,28.342130109597157,0.16043633200024487,0.023934153003210668
datasets/silesia/sao,lz4,10,7251944,5677987,78.29606792330442,0.16491078100079903,0.015275771998858545
AVERAGE,lz4,10,17661548.333333332,6475401.25,36.663836758743976,0.16668458916804715,0.01945919366759578
datasets/silesia/ooffice,lz4,11,6152192,3538182,57.510916434337545,0.16055521599628264,0.011537076999957208
datasets/silesia/xml,lz4,11,5345280,762803,14.270590128113028,0.12162981500296155,0.008182254998246208
datasets/silesia/mr,lz4,11,9970564,4195097,42.074821444403746,0.3011935460017412,0.014679892003186978
datasets/silesia/nci,lz4,11,33553445,3653112,10.887442407180545,0.22247874900494935,0.026334178997785784
datasets/silesia/webster,lz4,11,41458703,13852116,33.41184117602521,0.30725900900142733,0.032841562999237794
datasets/silesia/reymont,lz4,11,6627202,2067671,31.19975820866785,0.43649909299711,0.013086243001453113
datasets/silesia/dickens,lz4,11,10192446,4385055,43.02259732354726,0.2474669060029555,0.015752219005662482
datasets/silesia/mozilla,lz4,11,51220480,22050266,43.049705898890444,0.5357920189999277,0.03594146599789383
datasets/silesia/osdb,lz4,11,10085684,3956859,39.232430839594024,0.09162557999661658,0.014560617004462983
datasets/silesia/x-ray,lz4,11,8474240,7180317,84.73110273015634,0.10130849900451722,0.01958274700155016
datasets/silesia/samba,lz4,11,21606400,6110930,28.282962455568722,0.30876599500334123,0.022126402000139933
datasets/silesia/sao,lz4,11,7251944,5672991,78.22717605100095,0.1719505869987188,0.017022539002937265
AVERAGE,lz4,11,17661548.333333332,6452116.583333333,36.531998562979894,0.25054375116754574,0.01930393325104281
datasets/silesia/ooffice,lz4,12,6152192,3537552,57.50067618175766,0.1727056370000355,0.01161618700280087
datasets/silesia/xml,lz4,12,5345280,761392,14.244193007662837,0.12251151300006313,0.010029461001977324
datasets/silesia/mr,lz4,12,9970564,4192122,42.04498361376548,0.417688970999734,0.019397807998757344
datasets/silesia/nci,lz4,12,33553445,3628161,10.813080445241912,0.2151270559988916,0.02351980399544118
datasets/silesia/webster,lz4,12,41458703,13850346,33.40757186735919,0.29916473900084384,0.033986989001277834
datasets/silesia/reymont,lz4,12,6627202,2066309,31.179206549008164,0.3437989509984618,0.010843702999409288
datasets/silesia/dickens,lz4,12,10192446,4384871,43.02079206502541,0.2583541920030257,0.01470320500084199
datasets/silesia/mozilla,lz4,12,51220480,22035615,43.021102106032586,0.7698425209964626,0.04200351199688157
datasets/silesia/osdb,lz4,12,10085684,3956812,39.23196483252896,0.1203162230012822,0.015407441002025735
datasets/silesia/x-ray,lz4,12,8474240,7180314,84.7310673287516,0.12653897199925268,0.019030146002478432
datasets/silesia/samba,lz4,12,21606400,6108252,28.27056797985782,0.5484153610013891,0.02315245299541857
datasets/silesia/sao,lz4,12,7251944,5670974,78.19936281912823,0.1833967029961059,0.014866732999507803
AVERAGE,lz4,12,17661548.333333332,6447726.666666667,36.50714277693094,0.29815506991629565,0.019879786833068163
datasets/silesia/ooffice,lzma,1,6152192,2762506,44.90279237058921,0.23933450399636058,0.09153157300170278
datasets/silesia/xml,lzma,1,5345280,620899,11.615836775622606,0.0732632500003092,0.023478595998312812
datasets/silesia/mr,lzma,1,9970564,3107620,31.167945965744764,0.31656006899720524,0.1024521309955162
datasets/silesia/nci,lzma,1,33553445,2470896,7.364060530893325,0.3512893549996079,0.09612769100203877
datasets/silesia/webster,lzma,1,41458703,11750125,28.341757338622003,1.1421230419946369,0.35942288899968844
datasets/silesia/reymont,lzma,1,6627202,1822738,27.50388474653406,0.22721350799838547,0.0607146889960859
datasets/silesia/dickens,lzma,1,10192446,3753972,36.830923607542296,0.4063996679979027,0.11001912799838465
datasets/silesia/mozilla,lzma,1,51220480,15859687,30.963565745576773,1.3217648409990943,0.5536094239942031
datasets/silesia/osdb,lzma,1,10085684,3275615,32.47786664741826,0.2800104089983506,0.10614657299447572
datasets/silesia/x-ray,lzma,1,8474240,5154845,60.829584717921605,0.33788172699860297,0.16323618000023998
datasets/silesia/samba,lzma,1,21606400,4822473,22.31965065906398,0.4408935909959837,0.16675134399702074
datasets/silesia/sao,lzma,1,7251944,4878979,67.27822222565425,0.3823502779996488,0.16551359499862883
AVERAGE,lzma,1,17661548.333333332,5023362.916666667,28.442369954540602,0.4599236868313407,0.16658365108135817
datasets/silesia/ooffice,lzma,2,6152192,2646163,43.01171029772803,0.34949909699935233,0.08733762199699413
datasets/silesia/xml,lzma,2,5345280,534841,10.005855633381227,0.08847901000262937,0.020929300000716466
datasets/silesia/mr,lzma,2,9970564,3039054,30.48026169833522,0.4524929559993325,0.09782944299513474
datasets/silesia/nci,lzma,2,33553445,2285057,6.810200860150127,0.4328568799974164,0.0852754619991174
datasets/silesia/webster,lzma,2,41458703,10789922,26.025710452157657,2.037020593001216,0.31878251200396335
datasets/silesia/reymont,lzma,2,6627202,1745803,26.34298758359863,0.34604747199773556,0.05878686199866934
datasets/silesia/dickens,lzma,2,10192446,3497391,34.31355927713524,0.6830645829977584,0.09746752199862385
datasets/silesia/mozilla,lzma,2,51220480,15010403,29.30547117090664,2.049262305998127,0.5087411209970014
datasets/silesia/osdb,lzma,2,10085684,3332523,33.042111967814975,0.4191982400006964,0.10721132599428529
datasets/silesia/x-ray,lzma,2,8474240,4962762,58.56291537648214,0.6003830620029476,0.1503299359974335
datasets/silesia/samba,lzma,2,21606400,4448738,20.589908545616115,0.5602736229993752,0.1514642010006355
datasets/silesia/sao,lzma,2,7251944,4876183,67.23966704651883,0.648034120000375,0.1637188180029625
AVERAGE,lzma,2,17661548.333333332,4764070.0,26.974248860212235,0.7222176618330801,0.15398951041546147
datasets/silesia/ooffice,lzma,3,6152192,2490974,40.48921099991677,0.5130974880012218,0.08568878899677657
datasets/silesia/xml,lzma,3,5345280,467954,8.754527358716475,0.4370706679983414,0.020378052999149077
datasets/silesia/mr,lzma,3,9970564,2790076,27.983131144837948,0.6203567530028522,0.10608388500259025
datasets/silesia/nci,lzma,3,33553445,1938605,5.777663068576118,3.4419635179947363,0.0884305180006777
datasets/silesia/webster,lzma,3,41458703,9659843,23.299916063461996,3.918074893001176,0.29169127600471256
datasets/silesia/reymont,lzma,3,6627202,1423570,21.4807093551698,0.7380965089978417,0.050949033997312654
datasets/silesia/dickens,lzma,3,10192446,3064041,30.061881122548996,1.0849698140009423,0.08666234099655412
datasets/silesia/mozilla,lzma,3,51220480,14126914,27.580596667582967,4.154137452002033,0.4966984920029063
datasets/silesia/osdb,lzma,3,10085684,2970973,29.457327832202555,0.8085198359985952,0.10551617599412566
datasets/silesia/x-ray,lzma,3,8474240,4504554,53.155846423986105,0.558427097996173,0.15868838299502386
datasets/silesia/samba,lzma,3,21606400,4147301,19.19478025029621,1.500420281998231,0.1474275960063096
datasets/silesia/sao,lzma,3,7251944,4456108,61.44708232716635,0.4678515650011832,0.15054984000016702
AVERAGE,lzma,3,17661548.333333332,4336742.75,24.554714389423577,1.520248822999444,0.14906369858302546
datasets/silesia/ooffice,lzma,4,6152192,2460523,39.99424920418608,0.5236523570056306,0.09020953499566531
datasets/silesia/xml,lzma,4,5345280,454208,8.49736590038314,0.4536440920055611,0.020167447000858374
datasets/silesia/mr,lzma,4,9970564,2775519,27.837131379929964,0.7322411810018821,0.1006851159982034
datasets/silesia/nci,lzma,4,33553445,1903761,5.67381680182169,3.640948362000927,0.08598992699990049
datasets/silesia/webster,lzma,4,41458703,9364290,22.58703076167144,5.513628957000037,0.29495675199723337
datasets/silesia/reymont,lzma,4,6627202,1377888,20.79139884373526,1.2780177270033164,0.05093431699788198
datasets/silesia/dickens,lzma,4,10192446,2972517,29.16392198693032,1.9058485929999733,0.08886617799726082
datasets/silesia/mozilla,lzma,4,51220480,13923573,27.18360507359556,4.482035884997458,0.49425453299772926
datasets/silesia/osdb,lzma,4,10085684,2916815,28.920348882634038,1.020451497999602,0.10105511199799366
datasets/silesia/x-ray,lzma,4,8474240,4491256,52.99892379729627,0.6134085399971809,0.17184289499709848
datasets/silesia/samba,lzma,4,21606400,4038345,18.690503739632703,1.792637309001293,0.14632619300391525
datasets/silesia/sao,lzma,4,7251944,4437802,61.194653461196054,0.6218993459988269,0.15717951399710728
AVERAGE,lzma,4,17661548.333333332,4259708.083333333,24.118542740071202,1.881534487250974,0.1502056265817373
datasets/silesia/ooffice,lzma,5,6152192,2438363,39.634052383280626,0.8224561870010803,0.08868832299776841
datasets/silesia/xml,lzma,5,5345280,440336,8.237847222222221,0.5910617929985165,0.019654470997920725
datasets/silesia/mr,lzma,5,9970564,2763639,27.717980647834967,1.4377976339965244,0.10293391800223617
datasets/silesia/nci,lzma,5,33553445,1685770,5.024133885507136,5.546720031001314,0.08290928899805294
datasets/silesia/webster,lzma,5,41458703,9092788,21.932157404924123,8.70007313899987,0.27332940800260985
datasets/silesia/reymont,lzma,5,6627202,1339803,20.216721928801928,1.5725990220016683,0.04523195700312499
datasets/silesia/dickens,lzma,5,10192446,2898940,28.442044235505392,2.638057875999948,0.08409160400333349
datasets/silesia/mozilla,lzma,5,51220480,13723462,26.79291955092963,5.659935303003294,0.5032165260054171
datasets/silesia/osdb,lzma,5,10085684,2876243,28.518075720000745,1.4691178560024127,0.10498745000222698
datasets/silesia/x-ray,lzma,5,8474240,4482231,52.89242457140699,1.0474439070021617,0.18236982099915622
datasets/silesia/samba,lzma,5,21606400,3905385,18.075130516883885,2.5642639470024733,0.13970875100494595
datasets/silesia/sao,lzma,5,7251944,4426659,61.0409981102998,0.9061557130044093,0.15676786000403808
AVERAGE,lzma,5,17661548.333333332,4172801.5833333335,23.626476595247546,2.746306867334473,0.14865744816840257
datasets/silesia/ooffice,lzma,6,6152192,2425600,39.426597869507326,0.8793251699971734,0.08517747699806932
datasets/silesia/xml,lzma,6,5345280,439563,8.22338586566092,0.6034669040018343,0.020176714002445806
datasets/silesia/mr,lzma,6,9970564,2753499,27.61628128559227,1.9080465890001506,0.10680382899590768
datasets/silesia/nci,lzma,6,33553445,1629335,4.855939531693392,6.1879258019980625,0.08328540799993789
datasets/silesia/webster,lzma,6,41458703,8841819,21.32681044074148,11.340587015001802,0.2875192569990759
datasets/silesia/reymont,lzma,6,6627202,1319213,19.90603274202295,2.109770887000195,0.04690708900307072
datasets/silesia/dickens,lzma,6,10192446,2855770,28.01849526600386,3.8881777110000257,0.08813892900070641
datasets/silesia/mozilla,lzma,6,51220480,13581006,26.514796425179927,6.115243667001778,0.48836346899770433
datasets/silesia/osdb,lzma,6,10085684,2853792,28.295473068559357,1.5456427809986053,0.09953078400576487
datasets/silesia/x-ray,lzma,6,8474240,4478691,52.850650913828254,1.1246658349991776,0.1655557050034986
datasets/silesia/samba,lzma,6,21606400,3803380,17.603025029620852,2.5081225269968854,0.14503447600145591
datasets/silesia/sao,lzma,6,7251944,4420099,60.950539607035026,0.9813034559992957,0.15798811500280863
AVERAGE,lzma,6,17661548.333333332,4116813.9166666665,23.30947343329374,3.2660231953329153,0.14787343766753716
datasets/silesia/ooffice,lzma,7,6152192,2424458,39.408035379910125,0.7544367579976097,0.08970043699810049
datasets/silesia/xml,lzma,7,5345280,439554,8.223217492816092,0.596373851003591,0.020398318003572058
datasets/silesia/mr,lzma,7,9970564,2748533,27.5664746748529,1.9157393339992268,0.10473406399978558
datasets/silesia/nci,lzma,7,33553445,1582864,4.717441085408667,6.336696188998758,0.08307478099595755
datasets/silesia/webster,lzma,7,41458703,8620961,20.794092376695914,12.288098466997326,0.29677091000485234
datasets/silesia/reymont,lzma,7,6627202,1315343,19.847637057086835,1.8871831949945772,0.04728206800064072
datasets/silesia/dickens,lzma,7,10192446,2831487,27.780250197057704,3.334854603999702,0.08595475499896565
datasets/silesia/mozilla,lzma,7,51220480,13451763,26.262469621526392,7.709865333999915,0.5188687669942738
datasets/silesia/osdb,lzma,7,10085684,2845365,28.211918993297825,2.147213296004338,0.11345503399934387
datasets/silesia/x-ray,lzma,7,8474240,4479189,52.856527547013066,1.4352848759954213,0.17990898100106278
datasets/silesia/samba,lzma,7,21606400,3760114,17.40277880627962,3.259506541005976,0.14276218700251775
datasets/silesia/sao,lzma,7,7251944,4416782,60.90480014738117,1.1439688480022596,0.16477239999949234
AVERAGE,lzma,7,17661548.333333332,4076367.75,23.080466520064444,3.567435107749892,0.1539735584998804
datasets/silesia/ooffice,lzma,8,6152192,2424086,39.40198875457723,0.892172511004901,0.0931524370025727
datasets/silesia/xml,lzma,8,5345280,435340,8.144381585249043,0.7472735209958046,0.022149254000396468
datasets/silesia/mr,lzma,8,9970564,2748224,27.563375552275676,3.2179635299980873,0.11697913999523735
datasets/silesia/nci,lzma,8,33553445,1476085,4.399205506319843,8.781123829001444,0.09170788699702825
datasets/silesia/webster,lzma,8,41458703,8459929,20.40567694556195,15.399244420000002,0.3015148690000018
datasets/silesia/reymont,lzma,8,6627202,1315549,19.850745457887054,1.994485033999993,0.04691020300001014
datasets/silesia/dickens,lzma,8,10192446,2830472,27.770291841624672,4.090610386999998,0.09810286299999404
datasets/silesia/mozilla,lzma,8,51220480,13381703,26.125688396516395,9.467508010999993,0.5091588859999945
datasets/silesia/osdb,lzma,8,10085684,2845165,28.20993598451032,1.965146322999999,0.10897059199999148
datasets/silesia/x-ray,lzma,8,8474240,4479115,52.85565431236311,1.398913967999988,0.17574488600000393
datasets/silesia/samba,lzma,8,21606400,3735372,17.28826643957346,4.046898080999995,0.1488916640000042
datasets/silesia/sao,lzma,8,7251944,4416782,60.90480014738117,1.078921422999997,0.16998020500000166
AVERAGE,lzma,8,17661548.333333332,4045651.8333333335,22.906552454961243,4.423355086500017,0.15693857383293638
datasets/silesia/ooffice,lzma,9,6152192,2424086,39.40198875457723,0.9095978019999933,0.09015615399999888
datasets/silesia/xml,lzma,9,5345280,435340,8.144381585249043,0.7643934450000103,0.022095872999997823
datasets/silesia/mr,lzma,9,9970564,2748224,27.563375552275676,2.953928374,0.11718642699999293
datasets/silesia/nci,lzma,9,33553445,1455178,4.336895958075244,9.495991926000002,0.09973499000000174
datasets/silesia/webster,lzma,9,41458703,8373931,20.198246433324265,19.217264019999988,0.3310312860000124
datasets/silesia/reymont,lzma,9,6627202,1315549,19.850745457887054,2.005036878999988,0.042819937000018626
datasets/silesia/dickens,lzma,9,10192446,2830472,27.770291841624672,3.9797822499999995,0.09776184000000399
datasets/silesia/mozilla,lzma,9,51220480,13318182,26.001673549330267,11.283152486999995,0.527503768999992
datasets/silesia/osdb,lzma,9,10085684,2845165,28.20993598451032,1.967034482999992,0.10504359300000488
datasets/silesia/x-ray,lzma,9,8474240,4479115,52.85565431236311,1.4262950149999938,0.17299818699999037
datasets/silesia/samba,lzma,9,21606400,3730981,17.267943757405213,3.979676651999995,0.1494975099999749
datasets/silesia/sao,lzma,9,7251944,4416782,60.90480014738117,1.0196052000000009,0.16382012200000418
AVERAGE,lzma,9,17661548.333333332,4031083.75,22.824067708672956,4.91681321108333,0.15997080733333272
datasets/silesia/ooffice,bzip3,1,6152192,2564205,41.67953470892976,0.12343278499997723,0.11681977899979756
datasets/silesia/xml,bzip3,1,5345280,416868,7.7988056752873565,0.09070694799993362,0.08792038999990837
datasets/silesia/mr,bzip3,1,9970564,2202270,22.08771740495322,0.12953362500002186,0.12142508900001303
datasets/silesia/nci,bzip3,1,33553445,1767110,5.266553106543903,0.16780951700002333,0.15746681999985412
datasets/silesia/webster,bzip3,1,41458703,7964385,19.210405593247813,0.4266517759999715,0.4008280279999781
datasets/silesia/reymont,bzip3,1,6627202,1117444,16.861474872804543,0.11630319799996869,0.11659782299989274
datasets/silesia/dickens,bzip3,1,10192446,2513268,24.65814388420601,0.14572891800003163,0.1391374550000819
datasets/silesia/mozilla,bzip3,1,51220480,16454204,32.1242674805078,0.5408507270001337,0.46586250500013193
datasets/silesia/osdb,bzip3,1,10085684,2537543,25.15985033836079,0.14947962099995493,0.13329523899983542
datasets/silesia/x-ray,bzip3,1,8474240,3730302,44.019310286232155,0.1404303260001143,0.11531083199997738
datasets/silesia/samba,bzip3,1,21606400,4212392,19.496038210900473,0.23245451100001446,0.20087648400021862
datasets/silesia/sao,bzip3,1,7251944,4683810,64.5869576488732,0.13742825100007394,0.1366777099999581
AVERAGE,bzip3,1,17661548.333333332,4180316.75,23.66902760224212,0.20006751691668492,0.18268484616663727
datasets/silesia/ooffice,bzip3,2,6152192,2556982,41.56212940038282,0.23683308499994382,0.23137791700014532
datasets/silesia/xml,bzip3,2,5345280,404477,7.566993684147509,0.15592280600003505,0.15229840999995758
datasets/silesia/mr,bzip3,2,9970564,2170282,21.766893026312253,0.21881234899979063,0.21484243400004743
datasets/silesia/nci,bzip3,2,33553445,1655819,4.934870324045713,0.2170101709998562,0.1947569270000713
datasets/silesia/webster,bzip3,2,41458703,7585232,18.295873848248462,0.5890028500000426,0.49621758200009936
datasets/silesia/reymont,bzip3,2,6627202,1063164,16.042426351271622,0.20849690299996837,0.21502606000012747
datasets/silesia/dickens,bzip3,2,10192446,2400532,23.552069836818365,0.22874856299995372,0.24227018800002043
datasets/silesia/mozilla,bzip3,2,51220480,16174742,31.578661504148343,0.6169246319998365,0.5302984859999924
datasets/silesia/osdb,bzip3,2,10085684,2420548,23.99983977288997,0.2228621540000404,0.23721384100008436
datasets/silesia/x-ray,bzip3,2,8474240,3695033,43.60311957178461,0.25265469400005713,0.21633920900012527
datasets/silesia/samba,bzip3,2,21606400,4133218,19.129600488744074,0.2585093530001359,0.23176492399989002
datasets/silesia/sao,bzip3,2,7251944,4671579,64.41829942426473,0.2698858139999629,0.24884055200004696
AVERAGE,bzip3,2,17661548.333333332,4077634.0,23.08763605002921,0.2896386144999686,0.26760387750005066
datasets/silesia/ooffice,bzip3,4,6152192,2526151,41.06099094436584,0.4398431500001152,0.4406326749999607
datasets/silesia/xml,bzip3,4,5345280,399359,7.471245659722222,0.2621182589998625,0.2326957840000432
datasets/silesia/mr,bzip3,4,9970564,2151616,21.579681951793297,0.4030840509999507,0.4782118850000643
datasets/silesia/nci,bzip3,4,33553445,1564066,4.661417031842781,0.2851300090001132,0.3111338640001122
datasets/silesia/webster,bzip3,4,41458703,7277088,17.552618565998074,0.656880350999927,0.6297524619999422
datasets/silesia/reymont,bzip3,4,6627202,1022754,15.432666757403805,0.39742416900003263,0.39823363000004974
datasets/silesia/dickens,bzip3,4,10192446,2330317,22.863177298167685,0.4280706930001088,0.46550763799996275
datasets/silesia/mozilla,bzip3,4,51220480,15989877,31.217741419057376,0.7692583789998935,0.6613253289999648
datasets/silesia/osdb,bzip3,4,10085684,2355339,23.353289672767854,0.4394253440000284,0.4915682700000161
datasets/silesia/x-ray,bzip3,4,8474240,3674259,43.35797664451325,0.5006156629999623,0.43926719800015235
datasets/silesia/samba,bzip3,4,21606400,4020308,18.60702384478673,0.41420493200007513,0.38150031600002876
datasets/silesia/sao,bzip3,4,7251944,4667905,64.36763714667406,0.5061798140000064,0.46851484299986623
AVERAGE,bzip3,4,17661548.333333332,3998253.25,22.63818083522122,0.45851956783333964,0.4498619911666803
datasets/silesia/ooffice,bzip3,8,6152192,2526882,41.07287288823236,0.6969367100000454,0.7028253940000013
datasets/silesia/xml,bzip3,8,5345280,405877,7.593185015565133,0.4221008189999793,0.403933176999999
datasets/silesia/mr,bzip3,8,9970564,2133817,21.401166473631783,0.807711683999969,0.9691772319999927
datasets/silesia/nci,bzip3,8,33553445,1491468,4.445051767411662,0.5308395730000939,0.6052272169999924
datasets/silesia/webster,bzip3,8,41458703,6988025,16.855387395982937,1.002128280999841,0.9858026230001542
datasets/silesia/reymont,bzip3,8,6627202,980459,14.79446378728157,0.6818664339998577,0.7355855030000384
datasets/silesia/dickens,bzip3,8,10192446,2284820,22.416797695077314,0.8324724219999098,0.9565539069999431
datasets/silesia/mozilla,bzip3,8,51220480,15912308,31.066300042483007,1.0656356270001197,1.0625446639999154
datasets/silesia/osdb,bzip3,8,10085684,2305807,22.862177716454333,0.8351623999999447,0.9509081409998998
datasets/silesia/x-ray,bzip3,8,8474240,3660757,43.198646722301945,0.9667932789998304,0.8565652739998768
datasets/silesia/samba,bzip3,8,21606400,3958534,18.32111781694313,0.741654945999926,0.6982405529997777
datasets/silesia/sao,bzip3,8,7251944,4673307,64.44212751780763,0.8993788190000487,0.9345361449995835
AVERAGE,bzip3,8,17661548.333333332,3943505.0833333335,22.328195744257606,0.7902234161666305,0.8218249858332646
datasets/silesia/ooffice,bzip3,16,6152192,2526882,41.07287288823236,0.8957099799999924,0.9546970249998594
datasets/silesia/xml,bzip3,16,5345280,405877,7.593185015565133,0.6531716879999294,0.6301183710002078
datasets/silesia/mr,bzip3,16,9970564,2119990,21.26248826044344,1.135845313000118,1.363295214000118
datasets/silesia/nci,bzip3,16,33553445,1425956,4.249805049824243,1.0293229859998974,1.1435644279999906
datasets/silesia/webster,bzip3,16,41458703,6786980,16.3704590565701,1.821129714000108,1.927509672999804
datasets/silesia/reymont,bzip3,16,6627202,980459,14.79446378728157,0.9068976059998022,0.9823854890000803
datasets/silesia/dickens,bzip3,16,10192446,2233934,21.917545601909495,1.2007306499999686,1.353522256999895
datasets/silesia/mozilla,bzip3,16,51220480,15881570,31.006288890693725,1.7978744759998335,1.912129233000087
datasets/silesia/osdb,bzip3,16,10085684,2261854,22.426381790268266,1.151031138000235,1.3677656099998785
datasets/silesia/x-ray,bzip3,16,8474240,3657083,43.1552918019787,1.1821503319997646,1.1048583580000013
datasets/silesia/samba,bzip3,16,21606400,3976068,18.4022696978673,1.4390658279999116,1.352055790999657
datasets/silesia/sao,bzip3,16,7251944,4673307,64.44212751780763,1.1322120809995795,1.2042431640002178
AVERAGE,bzip3,16,17661548.333333332,3910830.0,22.143188842729813,1.195428482666595,1.274678717749983
datasets/silesia/ooffice,bzip3,32,6152192,2526882,41.07287288823236,1.3224214779997965,1.4261411550000958
datasets/silesia/xml,bzip3,32,5345280,405877,7.593185015565133,1.0664883389999886,1.0300976230000742
datasets/silesia/mr,bzip3,32,9970564,2119990,21.26248826044344,1.5443390059999729,1.7673278909996952
datasets/silesia/nci,bzip3,32,33553445,1366363,4.072198845751904,1.9241128150001714,2.2364187369998945
datasets/silesia/webster,bzip3,32,41458703,6609482,15.942326994648145,3.5092237389999354,3.875569397000163
datasets/silesia/reymont,bzip3,32,6627202,980459,14.79446378728157,1.3180172420002236,1.3844347379999817
datasets/silesia/dickens,bzip3,32,10192446,2233934,21.917545601909495,1.6162776979999762,1.7570490220000465
datasets/silesia/mozilla,bzip3,32,51220480,15931982,31.104710459566178,3.474051894999775,3.7262232529997164
datasets/silesia/osdb,bzip3,32,10085684,2261854,22.426381790268266,1.5995262249998632,1.8002615319996949
datasets/silesia/x-ray,bzip3,32,8474240,3657083,43.1552918019787,1.6016331760001776,1.5080013169999802
datasets/silesia/samba,bzip3,32,21606400,3918956,18.137940610189574,2.070088382000449,2.01678863799998
datasets/silesia/sao,bzip3,32,7251944,4673307,64.44212751780763,1.5360365729998193,1.5899070300001767
AVERAGE,bzip3,32,17661548.333333332,3890514.0833333335,22.028159762134862,1.881851380666679,2.009851694416625
datasets/silesia/ooffice,bzip3,64,6152192,2526882,41.07287288823236,2.0917190879999907,2.135964450999836
datasets/silesia/xml,bzip3,64,5345280,405877,7.593185015565133,1.814040476000173,1.8262337000001025
datasets/silesia/mr,bzip3,64,9970564,2119990,21.26248826044344,2.319279716999972,2.569964009999694
datasets/silesia/nci,bzip3,64,33553445,1366363,4.072198845751904,2.72179130800032,2.966444150999905
datasets/silesia/webster,bzip3,64,41458703,6448833,15.55483537437242,4.961983759999839,5.45986403500001
datasets/silesia/reymont,bzip3,64,6627202,980459,14.79446378728157,2.087870592999934,2.158938262999982
datasets/silesia/dickens,bzip3,64,10192446,2233934,21.917545601909495,2.378538545000083,2.5803817559999516
datasets/silesia/mozilla,bzip3,64,51220480,15832992,30.91144792083167,5.421843196000282,6.051903552999647
datasets/silesia/osdb,bzip3,64,10085684,2261854,22.426381790268266,2.384210067999902,2.571166961000017
datasets/silesia/x-ray,bzip3,64,8474240,3657083,43.1552918019787,2.3894664790000206,2.2860342050003055
datasets/silesia/samba,bzip3,64,21606400,3918956,18.137940610189574,2.8569294509998144,2.7957795080001233
datasets/silesia/sao,bzip3,64,7251944,4673307,64.44212751780763,2.2976190949998454,2.337490463999984
AVERAGE,bzip3,64,17661548.333333332,3868877.5,21.905653043443056,2.810440981333348,2.9783470880832965
datasets/silesia/ooffice,bzip3,128,6152192,2526882,41.07287288823236,3.6272236810000322,3.6729398180000317
datasets/silesia/xml,bzip3,128,5345280,405877,7.593185015565133,3.3616942789999484,3.36563332500009
datasets/silesia/mr,bzip3,128,9970564,2119990,21.26248826044344,3.833280493000075,4.063039690999631
datasets/silesia/nci,bzip3,128,33553445,1366363,4.072198845751904,4.221547063000344,4.550606291999884
datasets/silesia/webster,bzip3,128,41458703,6448833,15.55483537437242,6.511274735999905,6.879876407000211
datasets/silesia/reymont,bzip3,128,6627202,980459,14.79446378728157,3.5871058520001498,3.6720107470000585
datasets/silesia/dickens,bzip3,128,10192446,2233934,21.917545601909495,3.8714107519999743,4.056511690999741
datasets/silesia/mozilla,bzip3,128,51220480,15832992,30.91144792083167,6.92808292799964,7.468007640999986
datasets/silesia/osdb,bzip3,128,10085684,2261854,22.426381790268266,3.841596322999976,4.086802316000103
datasets/silesia/x-ray,bzip3,128,8474240,3657083,43.1552918019787,3.9086810000003425,3.8189394019996143
datasets/silesia/samba,bzip3,128,21606400,3918956,18.137940610189574,4.346085980000225,4.353843596999923
datasets/silesia/sao,bzip3,128,7251944,4673307,64.44212751780763,3.8163485310001306,3.850061590000223
AVERAGE,bzip3,128,17661548.333333332,3868877.5,21.905653043443056,4.321194301500062,4.486522709749958
