-l,-f,-j,-k,--bs,--ws,--fl,--mm,--lm,filename,orig_size,enc_size,ratio,enc_time,dec_time
0,ctx,16,1,65536,65536,65536,10,0,datasets/silesia/ooffice,6152192,3230301,52.506505,0.845099925994873,0.07105588912963867
0,ctx,16,1,65536,65536,65536,10,0,datasets/silesia/xml,5345280,852742,15.953177,0.7121870517730713,0.02808976173400879
0,ctx,16,1,65536,65536,65536,10,0,datasets/silesia/mr,9970564,3784262,37.954342,1.2569806575775146,0.1073610782623291
0,ctx,16,1,65536,65536,65536,10,0,datasets/silesia/nci,33553445,3946946,11.763162,3.347850799560547,0.1275956630706787
0,ctx,16,1,65536,65536,65536,10,0,datasets/silesia/webster,41458703,13760347,33.190491,5.973130464553833,0.41158366203308105
0,ctx,16,1,65536,65536,65536,10,0,datasets/silesia/reymont,6627202,2175603,32.828379,0.8615498542785645,0.0785067081451416
0,ctx,16,1,65536,65536,65536,10,0,datasets/silesia/dickens,10192446,4349008,42.668933,1.8554630279541016,0.14299321174621582
0,ctx,16,1,65536,65536,65536,10,0,datasets/silesia/mozilla,51220480,19879655,38.811926,12.566088199615479,0.39985179901123047
0,ctx,16,1,65536,65536,65536,10,0,datasets/silesia/osdb,10085684,4355611,43.186074,2.3246870040893555,0.08706998825073242
0,ctx,16,1,65536,65536,65536,10,0,datasets/silesia/x-ray,8474240,6079702,71.74333,1.9320189952850342,0.13540029525756836
0,ctx,16,1,65536,65536,65536,10,0,datasets/silesia/samba,21606400,5890467,27.262603,4.861526727676392,0.15734100341796875
0,ctx,16,1,65536,65536,65536,10,0,datasets/silesia/sao,7251944,5464281,75.349189,2.0630154609680176,0.1115262508392334
0,ctx,16,1,65536,65536,65536,10,0,AVERAGE,17661548.333333332,6147410.416666667,34.806747,3.2166331807772317,0.1548646092414856
0,ctx,16,1,65536,65536,65536,10,1,datasets/silesia/ooffice,6152192,3190796,51.864376,1.6306462287902832,0.0746922492980957
0,ctx,16,1,65536,65536,65536,10,1,datasets/silesia/xml,5345280,807151,15.100257,1.5377233028411865,0.030247211456298828
0,ctx,16,1,65536,65536,65536,10,1,datasets/silesia/mr,9970564,3822891,38.341773,2.66699481010437,0.10146975517272949
0,ctx,16,1,65536,65536,65536,10,1,datasets/silesia/nci,33553445,3624584,10.80242,8.432364463806152,0.11802792549133301
0,ctx,16,1,65536,65536,65536,10,1,datasets/silesia/webster,41458703,13437616,32.412051,10.423566818237305,0.39522767066955566
0,ctx,16,1,65536,65536,65536,10,1,datasets/silesia/reymont,6627202,2102849,31.73057,1.668102741241455,0.06985902786254883
0,ctx,16,1,65536,65536,65536,10,1,datasets/silesia/dickens,10192446,4282885,42.020188,2.7294487953186035,0.15128397941589355
0,ctx,16,1,65536,65536,65536,10,1,datasets/silesia/mozilla,51220480,19575469,38.218051,12.347379446029663,0.32918834686279297
0,ctx,16,1,65536,65536,65536,10,1,datasets/silesia/osdb,10085684,4302773,42.662183,2.4866864681243896,0.08494734764099121
0,ctx,16,1,65536,65536,65536,10,1,datasets/silesia/x-ray,8474240,6062487,71.540185,2.0924806594848633,0.12833833694458008
0,ctx,16,1,65536,65536,65536,10,1,datasets/silesia/samba,21606400,5728817,26.514445,5.346885681152344,0.1329789161682129
0,ctx,16,1,65536,65536,65536,10,1,datasets/silesia/sao,7251944,5431271,74.894001,2.0483813285827637,0.0874166488647461
0,ctx,16,1,65536,65536,65536,10,1,AVERAGE,17661548.333333332,6030799.083333333,34.146491,4.450888395309448,0.14197311798731485
0,ctx,16,1,65536,65536,65536,10,2,datasets/silesia/ooffice,6152192,3197543,51.974044,1.6883773803710938,0.06710314750671387
0,ctx,16,1,65536,65536,65536,10,2,datasets/silesia/xml,5345280,790549,14.789665,1.4277606010437012,0.02586841583251953
0,ctx,16,1,65536,65536,65536,10,2,datasets/silesia/mr,9970564,3837337,38.486659,2.3829753398895264,0.11068296432495117
0,ctx,16,1,65536,65536,65536,10,2,datasets/silesia/nci,33553445,3510921,10.463668,9.05063009262085,0.15094876289367676
0,ctx,16,1,65536,65536,65536,10,2,datasets/silesia/webster,41458703,13363021,32.232125,10.508807182312012,0.4504857063293457
0,ctx,16,1,65536,65536,65536,10,2,datasets/silesia/reymont,6627202,2110637,31.848086,2.132772445678711,0.0741281509399414
0,ctx,16,1,65536,65536,65536,10,2,datasets/silesia/dickens,10192446,4268807,41.882066,2.978344678878784,0.13820815086364746
0,ctx,16,1,65536,65536,65536,10,2,datasets/silesia/mozilla,51220480,19583018,38.232789,14.466652631759644,0.3638877868652344
0,ctx,16,1,65536,65536,65536,10,2,datasets/silesia/osdb,10085684,4258025,42.218505,2.7940170764923096,0.09388160705566406
0,ctx,16,1,65536,65536,65536,10,2,datasets/silesia/x-ray,8474240,6067685,71.601524,2.3787524700164795,0.1289515495300293
0,ctx,16,1,65536,65536,65536,10,2,datasets/silesia/samba,21606400,5652494,26.161202,5.902545213699341,0.12998056411743164
0,ctx,16,1,65536,65536,65536,10,2,datasets/silesia/sao,7251944,5466256,75.376423,2.0621306896209717,0.08209776878356934
0,ctx,16,1,65536,65536,65536,10,2,AVERAGE,17661548.333333332,6008857.75,34.022259,4.814480483531952,0.15135204792022705
0,ctx,16,1,65536,65536,65536,10,3,datasets/silesia/ooffice,6152192,3184357,51.759714,1.7425391674041748,0.06692719459533691
0,ctx,16,1,65536,65536,65536,10,3,datasets/silesia/xml,5345280,789053,14.761678,1.4836020469665527,0.029818058013916016
0,ctx,16,1,65536,65536,65536,10,3,datasets/silesia/mr,9970564,3857999,38.693889,2.799917697906494,0.12698125839233398
0,ctx,16,1,65536,65536,65536,10,3,datasets/silesia/nci,33553445,3509492,10.459409,8.995326042175293,0.12911272048950195
0,ctx,16,1,65536,65536,65536,10,3,datasets/silesia/webster,41458703,13354943,32.212641,11.166462421417236,0.42264342308044434
0,ctx,16,1,65536,65536,65536,10,3,datasets/silesia/reymont,6627202,2116005,31.929086,1.891632080078125,0.0809319019317627
0,ctx,16,1,65536,65536,65536,10,3,datasets/silesia/dickens,10192446,4287575,42.066203,2.793795585632324,0.13048291206359863
0,ctx,16,1,65536,65536,65536,10,3,datasets/silesia/mozilla,51220480,19523537,38.116662,14.048609495162964,0.3751981258392334
0,ctx,16,1,65536,65536,65536,10,3,datasets/silesia/osdb,10085684,4255842,42.19686,2.8055403232574463,0.0837392807006836
0,ctx,16,1,65536,65536,65536,10,3,datasets/silesia/x-ray,8474240,6063810,71.555797,2.4031734466552734,0.15143680572509766
0,ctx,16,1,65536,65536,65536,10,3,datasets/silesia/samba,21606400,5645781,26.130133,5.886551380157471,0.1279444694519043
0,ctx,16,1,65536,65536,65536,10,3,datasets/silesia/sao,7251944,5466740,75.383097,2.071331024169922,0.09026908874511719
0,ctx,16,1,65536,65536,65536,10,3,AVERAGE,17661548.333333332,6004594.5,33.998121,4.840706725915273,0.15129043658574423
0,ctx,16,1,65536,65536,65536,1000,0,datasets/silesia/ooffice,6152192,3194513,51.924794,1.717848777770996,0.07719254493713379
0,ctx,16,1,65536,65536,65536,1000,0,datasets/silesia/xml,5345280,770395,14.412622,1.4907004833221436,0.034218549728393555
0,ctx,16,1,65536,65536,65536,1000,0,datasets/silesia/mr,9970564,3745944,37.570031,2.755851984024048,0.13344335556030273
0,ctx,16,1,65536,65536,65536,1000,0,datasets/silesia/nci,33553445,3580250,10.67029,9.07535696029663,0.14573955535888672
0,ctx,16,1,65536,65536,65536,1000,0,datasets/silesia/webster,41458703,13144748,31.705642,11.173496723175049,0.5617363452911377
0,ctx,16,1,65536,65536,65536,1000,0,datasets/silesia/reymont,6627202,2023487,30.533052,1.7389614582061768,0.09486150741577148
0,ctx,16,1,65536,65536,65536,1000,0,datasets/silesia/dickens,10192446,4163792,40.851745,2.768130302429199,0.15926885604858398
0,ctx,16,1,65536,65536,65536,1000,0,datasets/silesia/mozilla,51220480,19636546,38.337294,13.125460863113403,0.479663610458374
0,ctx,16,1,65536,65536,65536,1000,0,datasets/silesia/osdb,10085684,4306837,42.702478,2.6394290924072266,0.12415409088134766
0,ctx,16,1,65536,65536,65536,1000,0,datasets/silesia/x-ray,8474240,6070265,71.631969,2.1238908767700195,0.17355132102966309
0,ctx,16,1,65536,65536,65536,1000,0,datasets/silesia/samba,21606400,5749376,26.609597,5.793734073638916,0.17839932441711426
0,ctx,16,1,65536,65536,65536,1000,0,datasets/silesia/sao,7251944,5426263,74.824943,1.7774717807769775,0.08283209800720215
0,ctx,16,1,65536,65536,65536,1000,0,AVERAGE,17661548.333333332,5984368.0,33.883598,4.681694447994232,0.18708842992782593
0,ctx,16,1,65536,65536,65536,1000,1,datasets/silesia/ooffice,6152192,3153686,51.261177,1.494048833847046,0.0646524429321289
0,ctx,16,1,65536,65536,65536,1000,1,datasets/silesia/xml,5345280,731553,13.685962,1.2977347373962402,0.028130531311035156
0,ctx,16,1,65536,65536,65536,1000,1,datasets/silesia/mr,9970564,3746546,37.576069,2.400622844696045,0.10742878913879395
0,ctx,16,1,65536,65536,65536,1000,1,datasets/silesia/nci,33553445,3297748,9.828344,7.799594163894653,0.14953923225402832
0,ctx,16,1,65536,65536,65536,1000,1,datasets/silesia/webster,41458703,12856540,31.010473,9.882370233535767,0.4092731475830078
0,ctx,16,1,65536,65536,65536,1000,1,datasets/silesia/reymont,6627202,1956978,29.529476,1.5596458911895752,0.06285214424133301
0,ctx,16,1,65536,65536,65536,1000,1,datasets/silesia/dickens,10192446,4097965,40.205903,2.408054828643799,0.1550922393798828
0,ctx,16,1,65536,65536,65536,1000,1,datasets/silesia/mozilla,51220480,19327198,37.73334,13.530967473983765,0.36241841316223145
0,ctx,16,1,65536,65536,65536,1000,1,datasets/silesia/osdb,10085684,4193485,41.578588,2.6152729988098145,0.0789034366607666
0,ctx,16,1,65536,65536,65536,1000,1,datasets/silesia/x-ray,8474240,6045520,71.339967,2.2347958087921143,0.15707182884216309
0,ctx,16,1,65536,65536,65536,1000,1,datasets/silesia/samba,21606400,5599433,25.915622,5.882019758224487,0.13502001762390137
0,ctx,16,1,65536,65536,65536,1000,1,datasets/silesia/sao,7251944,5377804,74.156723,2.07753849029541,0.07870316505432129
0,ctx,16,1,65536,65536,65536,1000,1,AVERAGE,17661548.333333332,5865371.333333333,33.209837,4.431888838609059,0.14909044901529947
0,ctx,16,1,65536,65536,65536,1000,2,datasets/silesia/ooffice,6152192,3157135,51.317238,1.5699522495269775,0.07853937149047852
0,ctx,16,1,65536,65536,65536,1000,2,datasets/silesia/xml,5345280,721955,13.506402,1.3575382232666016,0.02996993064880371
0,ctx,16,1,65536,65536,65536,1000,2,datasets/silesia/mr,9970564,3753134,37.642143,2.517789602279663,0.11394929885864258
0,ctx,16,1,65536,65536,65536,1000,2,datasets/silesia/nci,33553445,3182991,9.486331,8.298105716705322,0.12472224235534668
0,ctx,16,1,65536,65536,65536,1000,2,datasets/silesia/webster,41458703,12783006,30.833106,10.220253944396973,0.4108877182006836
0,ctx,16,1,65536,65536,65536,1000,2,datasets/silesia/reymont,6627202,1952020,29.454663,1.669025182723999,0.06407976150512695
0,ctx,16,1,65536,65536,65536,1000,2,datasets/silesia/dickens,10192446,4085739,40.085952,2.5406789779663086,0.1302626132965088
0,ctx,16,1,65536,65536,65536,1000,2,datasets/silesia/mozilla,51220480,19331172,37.741099,12.846482992172241,0.37317800521850586
0,ctx,16,1,65536,65536,65536,1000,2,datasets/silesia/osdb,10085684,4188385,41.528021,2.566412925720215,0.08203387260437012
0,ctx,16,1,65536,65536,65536,1000,2,datasets/silesia/x-ray,8474240,6050173,71.394874,2.185973644256592,0.13049840927124023
0,ctx,16,1,65536,65536,65536,1000,2,datasets/silesia/samba,21606400,5522791,25.560903,6.037965536117554,0.12826895713806152
0,ctx,16,1,65536,65536,65536,1000,2,datasets/silesia/sao,7251944,5380891,74.199291,2.0873587131500244,0.07967209815979004
0,ctx,16,1,65536,65536,65536,1000,2,AVERAGE,17661548.333333332,5842449.333333333,33.080052,4.491461475690206,0.14550518989562988
0,ctx,16,1,65536,65536,65536,1000,3,datasets/silesia/ooffice,6152192,3145681,51.13106,1.786001443862915,0.07097864151000977
0,ctx,16,1,65536,65536,65536,1000,3,datasets/silesia/xml,5345280,722682,13.520003,1.4986956119537354,0.027432680130004883
0,ctx,16,1,65536,65536,65536,1000,3,datasets/silesia/mr,9970564,3758961,37.700585,2.7644295692443848,0.12198495864868164
0,ctx,16,1,65536,65536,65536,1000,3,datasets/silesia/nci,33553445,3171181,9.451134,9.122089624404907,0.10881280899047852
0,ctx,16,1,65536,65536,65536,1000,3,datasets/silesia/webster,41458703,12800428,30.875129,11.321312189102173,0.4178175926208496
0,ctx,16,1,65536,65536,65536,1000,3,datasets/silesia/reymont,6627202,1953132,29.471442,1.9124689102172852,0.0646672248840332
0,ctx,16,1,65536,65536,65536,1000,3,datasets/silesia/dickens,10192446,4115347,40.376442,2.836812973022461,0.13768529891967773
0,ctx,16,1,65536,65536,65536,1000,3,datasets/silesia/mozilla,51220480,19283757,37.648528,14.16754937171936,0.381087064743042
0,ctx,16,1,65536,65536,65536,1000,3,datasets/silesia/osdb,10085684,4187948,41.523688,2.8296215534210205,0.08096122741699219
0,ctx,16,1,65536,65536,65536,1000,3,datasets/silesia/x-ray,8474240,6040754,71.283726,2.421020269393921,0.12742829322814941
0,ctx,16,1,65536,65536,65536,1000,3,datasets/silesia/samba,21606400,5520206,25.548939,6.008251428604126,0.12817955017089844
0,ctx,16,1,65536,65536,65536,1000,3,datasets/silesia/sao,7251944,5384378,74.247374,2.042196035385132,0.08889627456665039
0,ctx,16,1,65536,65536,65536,1000,3,AVERAGE,17661548.333333332,5840371.25,33.068286,4.892537415027618,0.14632763465245566
0,ctx,16,1,65536,65536,65536,0,0,datasets/silesia/ooffice,6152192,3194446,51.923705,1.7397313117980957,0.07139778137207031
0,ctx,16,1,65536,65536,65536,0,0,datasets/silesia/xml,5345280,770369,14.412136,1.5009584426879883,0.03267359733581543
0,ctx,16,1,65536,65536,65536,0,0,datasets/silesia/mr,9970564,3745501,37.565588,2.787656307220459,0.13260817527770996
0,ctx,16,1,65536,65536,65536,0,0,datasets/silesia/nci,33553445,3569694,10.63883,9.111677169799805,0.12790608406066895
0,ctx,16,1,65536,65536,65536,0,0,datasets/silesia/webster,41458703,13144751,31.705649,11.2645583152771,0.44750213623046875
0,ctx,16,1,65536,65536,65536,0,0,datasets/silesia/reymont,6627202,2023283,30.529973,1.836686611175537,0.0723874568939209
0,ctx,16,1,65536,65536,65536,0,0,datasets/silesia/dickens,10192446,4163794,40.851764,2.9447193145751953,0.13886499404907227
0,ctx,16,1,65536,65536,65536,0,0,datasets/silesia/mozilla,51220480,19636235,38.336687,14.202779769897461,0.4236602783203125
0,ctx,16,1,65536,65536,65536,0,0,datasets/silesia/osdb,10085684,4306837,42.702478,2.8097033500671387,0.08901739120483398
0,ctx,16,1,65536,65536,65536,0,0,datasets/silesia/x-ray,8474240,6070265,71.631969,2.413618564605713,0.1380155086517334
0,ctx,16,1,65536,65536,65536,0,0,datasets/silesia/samba,21606400,5748314,26.604682,5.917946100234985,0.13907265663146973
0,ctx,16,1,65536,65536,65536,0,0,datasets/silesia/sao,7251944,5426264,74.824957,2.042949914932251,0.08244013786315918
0,ctx,16,1,65536,65536,65536,0,0,AVERAGE,17661548.333333332,5983312.75,33.877623,4.881082097689311,0.15796218315760294
0,ctx,16,1,65536,65536,65536,0,1,datasets/silesia/ooffice,6152192,3153650,51.260591,1.7635715007781982,0.08129048347473145
0,ctx,16,1,65536,65536,65536,0,1,datasets/silesia/xml,5345280,731485,13.68469,1.4867804050445557,0.02753138542175293
0,ctx,16,1,65536,65536,65536,0,1,datasets/silesia/mr,9970564,3747019,37.580813,2.7582077980041504,0.0997159481048584
0,ctx,16,1,65536,65536,65536,0,1,datasets/silesia/nci,33553445,3280919,9.778188,9.184954643249512,0.11486959457397461
0,ctx,16,1,65536,65536,65536,0,1,datasets/silesia/webster,41458703,12856540,31.010473,11.296493768692017,0.43654417991638184
0,ctx,16,1,65536,65536,65536,0,1,datasets/silesia/reymont,6627202,1956741,29.525899,1.8601813316345215,0.06710076332092285
0,ctx,16,1,65536,65536,65536,0,1,datasets/silesia/dickens,10192446,4097971,40.205962,2.7917237281799316,0.13573813438415527
0,ctx,16,1,65536,65536,65536,0,1,datasets/silesia/mozilla,51220480,19330728,37.740232,14.184301137924194,0.38634300231933594
0,ctx,16,1,65536,65536,65536,0,1,datasets/silesia/osdb,10085684,4193485,41.578588,2.8275270462036133,0.08538532257080078
0,ctx,16,1,65536,65536,65536,0,1,datasets/silesia/x-ray,8474240,6045520,71.339967,2.4026265144348145,0.12793254852294922
0,ctx,16,1,65536,65536,65536,0,1,datasets/silesia/samba,21606400,5598447,25.911059,5.9391093254089355,0.14647245407104492
0,ctx,16,1,65536,65536,65536,0,1,datasets/silesia/sao,7251944,5377807,74.156764,2.0740044116973877,0.07871365547180176
0,ctx,16,1,65536,65536,65536,0,1,AVERAGE,17661548.333333332,5864192.666666667,33.203163,4.880790134270986,0.14896978934605917
0,ctx,16,1,65536,65536,65536,0,2,datasets/silesia/ooffice,6152192,3157064,51.316084,1.755018949508667,0.07999420166015625
0,ctx,16,1,65536,65536,65536,0,2,datasets/silesia/xml,5345280,721883,13.505055,1.4933602809906006,0.024616479873657227
0,ctx,16,1,65536,65536,65536,0,2,datasets/silesia/mr,9970564,3751651,37.62727,2.791220188140869,0.0988614559173584
0,ctx,16,1,65536,65536,65536,0,2,datasets/silesia/nci,33553445,3162099,9.424067,9.088753461837769,0.1343705654144287
0,ctx,16,1,65536,65536,65536,0,2,datasets/silesia/webster,41458703,12783008,30.833111,11.20056939125061,0.3942415714263916
0,ctx,16,1,65536,65536,65536,0,2,datasets/silesia/reymont,6627202,1951339,29.444387,1.85884428024292,0.06595015525817871
0,ctx,16,1,65536,65536,65536,0,2,datasets/silesia/dickens,10192446,4085740,40.085962,2.799456834793091,0.15029096603393555
0,ctx,16,1,65536,65536,65536,0,2,datasets/silesia/mozilla,51220480,19335014,37.7486,14.187299728393555,0.34584903717041016
0,ctx,16,1,65536,65536,65536,0,2,datasets/silesia/osdb,10085684,4188385,41.528021,2.806588888168335,0.0833890438079834
0,ctx,16,1,65536,65536,65536,0,2,datasets/silesia/x-ray,8474240,6050173,71.394874,2.393770217895508,0.12608647346496582
0,ctx,16,1,65536,65536,65536,0,2,datasets/silesia/samba,21606400,5521866,25.556622,6.026972055435181,0.12497782707214355
0,ctx,16,1,65536,65536,65536,0,2,datasets/silesia/sao,7251944,5380873,74.199042,2.0398759841918945,0.07403135299682617
0,ctx,16,1,65536,65536,65536,0,2,AVERAGE,17661548.333333332,5840757.916666667,33.070475,4.870144188404083,0.14188826084136963
0,ctx,16,1,65536,65536,65536,0,3,datasets/silesia/ooffice,6152192,3145589,51.129565,1.7355506420135498,0.06544256210327148
0,ctx,16,1,65536,65536,65536,0,3,datasets/silesia/xml,5345280,722620,13.518843,1.4729456901550293,0.02547597885131836
0,ctx,16,1,65536,65536,65536,0,3,datasets/silesia/mr,9970564,3759686,37.707857,2.755244731903076,0.10282683372497559
0,ctx,16,1,65536,65536,65536,0,3,datasets/silesia/nci,33553445,3150564,9.389689,9.069312334060669,0.11121225357055664
0,ctx,16,1,65536,65536,65536,0,3,datasets/silesia/webster,41458703,12800427,30.875127,11.195258855819702,0.44419240951538086
0,ctx,16,1,65536,65536,65536,0,3,datasets/silesia/reymont,6627202,1952323,29.459235,1.8359370231628418,0.07775068283081055
0,ctx,16,1,65536,65536,65536,0,3,datasets/silesia/dickens,10192446,4115348,40.376451,2.802990674972534,0.12997770309448242
0,ctx,16,1,65536,65536,65536,0,3,datasets/silesia/mozilla,51220480,19287581,37.655994,13.450743436813354,0.3439617156982422
0,ctx,16,1,65536,65536,65536,0,3,datasets/silesia/osdb,10085684,4187948,41.523688,2.821256637573242,0.1006932258605957
0,ctx,16,1,65536,65536,65536,0,3,datasets/silesia/x-ray,8474240,6040754,71.283726,2.403524398803711,0.1540369987487793
0,ctx,16,1,65536,65536,65536,0,3,datasets/silesia/samba,21606400,5519239,25.544464,5.8767194747924805,0.13524794578552246
0,ctx,16,1,65536,65536,65536,0,3,datasets/silesia/sao,7251944,5384362,74.247154,1.9356601238250732,0.07622981071472168
0,ctx,16,1,65536,65536,65536,0,3,AVERAGE,17661548.333333332,5838870.083333333,33.059786,4.779595335324605,0.14725401004155478
0,ctx,16,1,262144,65536,65536,10,0,datasets/silesia/ooffice,6152192,3168939,51.509104,0.4276084899902344,0.07437753677368164
0,ctx,16,1,262144,65536,65536,10,0,datasets/silesia/xml,5345280,797383,14.917516,0.34700512886047363,0.029985904693603516
0,ctx,16,1,262144,65536,65536,10,0,datasets/silesia/mr,9970564,3731775,37.427923,0.7045049667358398,0.12677860260009766
0,ctx,16,1,262144,65536,65536,10,0,datasets/silesia/nci,33553445,3671880,10.943377,2.147280693054199,0.1580052375793457
0,ctx,16,1,262144,65536,65536,10,0,datasets/silesia/webster,41458703,13130347,31.670906,2.870500087738037,0.42107701301574707
0,ctx,16,1,262144,65536,65536,10,0,datasets/silesia/reymont,6627202,2102200,31.720777,0.3207278251647949,0.08393549919128418
0,ctx,16,1,262144,65536,65536,10,0,datasets/silesia/dickens,10192446,4190243,41.11126,0.5574867725372314,0.13648700714111328
0,ctx,16,1,262144,65536,65536,10,0,datasets/silesia/mozilla,51220480,19646587,38.356897,3.3367390632629395,0.3905966281890869
0,ctx,16,1,262144,65536,65536,10,0,datasets/silesia/osdb,10085684,3838887,38.062733,0.46775031089782715,0.10669422149658203
0,ctx,16,1,262144,65536,65536,10,0,datasets/silesia/x-ray,8474240,5988157,70.663057,0.48091721534729004,0.1486520767211914
0,ctx,16,1,262144,65536,65536,10,0,datasets/silesia/samba,21606400,5597464,25.906509,0.8982346057891846,0.1360011100769043
0,ctx,16,1,262144,65536,65536,10,0,datasets/silesia/sao,7251944,5418163,74.713249,0.39173460006713867,0.07995152473449707
0,ctx,16,1,262144,65536,65536,10,0,AVERAGE,17661548.333333332,5940168.75,33.633341,1.0792074799537659,0.15771186351776123
0,ctx,16,1,262144,65536,65536,10,1,datasets/silesia/ooffice,6152192,3125153,50.797391,0.3045165538787842,0.06696319580078125
0,ctx,16,1,262144,65536,65536,10,1,datasets/silesia/xml,5345280,754422,14.113798,0.2250051498413086,0.02531123161315918
0,ctx,16,1,262144,65536,65536,10,1,datasets/silesia/mr,9970564,3790893,38.020848,0.411876916885376,0.09934449195861816
0,ctx,16,1,262144,65536,65536,10,1,datasets/silesia/nci,33553445,3358410,10.009136,1.0621280670166016,0.1152486801147461
0,ctx,16,1,262144,65536,65536,10,1,datasets/silesia/webster,41458703,12828014,30.941667,1.4485771656036377,0.3743617534637451
0,ctx,16,1,262144,65536,65536,10,1,datasets/silesia/reymont,6627202,2038569,30.760629,0.29626893997192383,0.06293368339538574
0,ctx,16,1,262144,65536,65536,10,1,datasets/silesia/dickens,10192446,4132541,40.545135,0.4201512336730957,0.12504267692565918
0,ctx,16,1,262144,65536,65536,10,1,datasets/silesia/mozilla,51220480,19287773,37.656369,1.7244884967803955,0.33490419387817383
0,ctx,16,1,262144,65536,65536,10,1,datasets/silesia/osdb,10085684,3796909,37.64652,0.40021419525146484,0.08110260963439941
0,ctx,16,1,262144,65536,65536,10,1,datasets/silesia/x-ray,8474240,5978209,70.545665,0.3886897563934326,0.12653398513793945
0,ctx,16,1,262144,65536,65536,10,1,datasets/silesia/samba,21606400,5445083,25.201251,0.7314202785491943,0.12009358406066895
0,ctx,16,1,262144,65536,65536,10,1,datasets/silesia/sao,7251944,5387198,74.28626,0.37126803398132324,0.07645392417907715
0,ctx,16,1,262144,65536,65536,10,1,AVERAGE,17661548.333333332,5826931.166666667,32.992188,0.6487170656522115,0.1340245008468628
0,ctx,16,1,262144,65536,65536,10,2,datasets/silesia/ooffice,6152192,3132876,50.922923,0.2717769145965576,0.06388258934020996
0,ctx,16,1,262144,65536,65536,10,2,datasets/silesia/xml,5345280,738406,13.814169,0.22849750518798828,0.024825572967529297
0,ctx,16,1,262144,65536,65536,10,2,datasets/silesia/mr,9970564,3814449,38.257104,0.40612268447875977,0.10013508796691895
0,ctx,16,1,262144,65536,65536,10,2,datasets/silesia/nci,33553445,3246965,9.676994,1.1203980445861816,0.10997486114501953
0,ctx,16,1,262144,65536,65536,10,2,datasets/silesia/webster,41458703,12760139,30.77795,1.6360304355621338,0.3971130847930908
0,ctx,16,1,262144,65536,65536,10,2,datasets/silesia/reymont,6627202,2045336,30.862738,0.2776463031768799,0.06642770767211914
0,ctx,16,1,262144,65536,65536,10,2,datasets/silesia/dickens,10192446,4119051,40.412782,0.4046146869659424,0.13257837295532227
0,ctx,16,1,262144,65536,65536,10,2,datasets/silesia/mozilla,51220480,19293390,37.667335,1.8278052806854248,0.3424406051635742
0,ctx,16,1,262144,65536,65536,10,2,datasets/silesia/osdb,10085684,3750828,37.189624,0.3810243606567383,0.0776674747467041
0,ctx,16,1,262144,65536,65536,10,2,datasets/silesia/x-ray,8474240,5989966,70.684404,0.4166114330291748,0.12802457809448242
0,ctx,16,1,262144,65536,65536,10,2,datasets/silesia/samba,21606400,5366063,24.835526,0.7536647319793701,0.12665128707885742
0,ctx,16,1,262144,65536,65536,10,2,datasets/silesia/sao,7251944,5426113,74.822875,0.3147928714752197,0.0812079906463623
0,ctx,16,1,262144,65536,65536,10,2,AVERAGE,17661548.333333332,5806965.166666667,32.87914,0.6699154376983643,0.1375774343808492
0,ctx,16,1,262144,65536,65536,10,3,datasets/silesia/ooffice,6152192,3119120,50.699328,0.2908670902252197,0.0684199333190918
0,ctx,16,1,262144,65536,65536,10,3,datasets/silesia/xml,5345280,737090,13.789549,0.22867321968078613,0.026638507843017578
0,ctx,16,1,262144,65536,65536,10,3,datasets/silesia/mr,9970564,3837082,38.484102,0.41724157333374023,0.10321784019470215
0,ctx,16,1,262144,65536,65536,10,3,datasets/silesia/nci,33553445,3248070,9.680288,1.1149325370788574,0.10845327377319336
0,ctx,16,1,262144,65536,65536,10,3,datasets/silesia/webster,41458703,12772727,30.808313,1.3845198154449463,0.37561559677124023
0,ctx,16,1,262144,65536,65536,10,3,datasets/silesia/reymont,6627202,2049745,30.929267,0.2681703567504883,0.062476158142089844
0,ctx,16,1,262144,65536,65536,10,3,datasets/silesia/dickens,10192446,4147639,40.693264,0.4035356044769287,0.12827467918395996
0,ctx,16,1,262144,65536,65536,10,3,datasets/silesia/mozilla,51220480,19234906,37.553155,1.6867249011993408,0.334580659866333
0,ctx,16,1,262144,65536,65536,10,3,datasets/silesia/osdb,10085684,3748074,37.162318,0.40224671363830566,0.07969188690185547
0,ctx,16,1,262144,65536,65536,10,3,datasets/silesia/x-ray,8474240,5992000,70.708406,0.43690037727355957,0.1354367733001709
0,ctx,16,1,262144,65536,65536,10,3,datasets/silesia/samba,21606400,5359021,24.802933,0.784771203994751,0.12156558036804199
0,ctx,16,1,262144,65536,65536,10,3,datasets/silesia/sao,7251944,5423696,74.789546,0.353604793548584,0.0786139965057373
0,ctx,16,1,262144,65536,65536,10,3,AVERAGE,17661548.333333332,5805764.166666667,32.87234,0.6476823488871256,0.13524874051411948
0,ctx,16,1,262144,65536,65536,1000,0,datasets/silesia/ooffice,6152192,3118217,50.68465,0.3018457889556885,0.07503366470336914
0,ctx,16,1,262144,65536,65536,1000,0,datasets/silesia/xml,5345280,691643,12.939322,0.23354744911193848,0.0267789363861084
0,ctx,16,1,262144,65536,65536,1000,0,datasets/silesia/mr,9970564,3657494,36.68292,0.43360257148742676,0.1195068359375
0,ctx,16,1,262144,65536,65536,1000,0,datasets/silesia/nci,33553445,3200853,9.539566,1.1218278408050537,0.12168240547180176
0,ctx,16,1,262144,65536,65536,1000,0,datasets/silesia/webster,41458703,12241183,29.526208,1.448232889175415,0.4169447422027588
0,ctx,16,1,262144,65536,65536,1000,0,datasets/silesia/reymont,6627202,1884299,28.432799,0.2972099781036377,0.07192182540893555
0,ctx,16,1,262144,65536,65536,1000,0,datasets/silesia/dickens,10192446,3874696,38.015369,0.45474839210510254,0.13713622093200684
0,ctx,16,1,262144,65536,65536,1000,0,datasets/silesia/mozilla,51220480,19331520,37.741778,1.6730830669403076,0.3842580318450928
0,ctx,16,1,262144,65536,65536,1000,0,datasets/silesia/osdb,10085684,3777572,37.454792,0.43584465980529785,0.09768104553222656
0,ctx,16,1,262144,65536,65536,1000,0,datasets/silesia/x-ray,8474240,5957829,70.305172,0.4545750617980957,0.14769864082336426
0,ctx,16,1,262144,65536,65536,1000,0,datasets/silesia/samba,21606400,5401879,25.001291,0.760004997253418,0.14022254943847656
0,ctx,16,1,262144,65536,65536,1000,0,datasets/silesia/sao,7251944,5354783,73.839277,0.3845498561859131,0.08953261375427246
0,ctx,16,1,262144,65536,65536,1000,0,AVERAGE,17661548.333333332,5707664.0,32.316895,0.6665893793106079,0.15236645936965942
0,ctx,16,1,262144,65536,65536,1000,1,datasets/silesia/ooffice,6152192,3073057,49.950603,0.30159926414489746,0.07044696807861328
0,ctx,16,1,262144,65536,65536,1000,1,datasets/silesia/xml,5345280,658777,12.324462,0.23250818252563477,0.026026010513305664
0,ctx,16,1,262144,65536,65536,1000,1,datasets/silesia/mr,9970564,3677997,36.888555,0.47542428970336914,0.10712552070617676
0,ctx,16,1,262144,65536,65536,1000,1,datasets/silesia/nci,33553445,2958206,8.8164,1.1265888214111328,0.11221575736999512
0,ctx,16,1,262144,65536,65536,1000,1,datasets/silesia/webster,41458703,11999511,28.943286,1.464787483215332,0.39197421073913574
0,ctx,16,1,262144,65536,65536,1000,1,datasets/silesia/reymont,6627202,1831918,27.642405,0.38830137252807617,0.06685161590576172
0,ctx,16,1,262144,65536,65536,1000,1,datasets/silesia/dickens,10192446,3824245,37.520385,0.503795862197876,0.1339125633239746
0,ctx,16,1,262144,65536,65536,1000,1,datasets/silesia/mozilla,51220480,18952579,37.001955,1.9917926788330078,0.34444642066955566
0,ctx,16,1,262144,65536,65536,1000,1,datasets/silesia/osdb,10085684,3671919,36.407238,0.450531005859375,0.08281826972961426
0,ctx,16,1,262144,65536,65536,1000,1,datasets/silesia/x-ray,8474240,5933126,70.013665,0.4555172920227051,0.13349199295043945
0,ctx,16,1,262144,65536,65536,1000,1,datasets/silesia/samba,21606400,5266212,24.373389,0.8402020931243896,0.12570881843566895
0,ctx,16,1,262144,65536,65536,1000,1,datasets/silesia/sao,7251944,5296660,73.037795,0.39328455924987793,0.07944202423095703
0,ctx,16,1,262144,65536,65536,1000,1,AVERAGE,17661548.333333332,5595350.583333333,31.680974,0.7186944087346395,0.13953834772109985
0,ctx,16,1,262144,65536,65536,1000,2,datasets/silesia/ooffice,6152192,3076951,50.013897,0.33045005798339844,0.06690168380737305
0,ctx,16,1,262144,65536,65536,1000,2,datasets/silesia/xml,5345280,650462,12.168904,0.2595505714416504,0.02451181411743164
0,ctx,16,1,262144,65536,65536,1000,2,datasets/silesia/mr,9970564,3687339,36.982251,0.4855787754058838,0.1018838882446289
0,ctx,16,1,262144,65536,65536,1000,2,datasets/silesia/nci,33553445,2860824,8.526171,1.21189546585083,0.10458064079284668
0,ctx,16,1,262144,65536,65536,1000,2,datasets/silesia/webster,41458703,11946609,28.815684,1.440321683883667,0.3757822513580322
0,ctx,16,1,262144,65536,65536,1000,2,datasets/silesia/reymont,6627202,1825459,27.544943,0.37805700302124023,0.06358742713928223
0,ctx,16,1,262144,65536,65536,1000,2,datasets/silesia/dickens,10192446,3820730,37.485899,0.45055603981018066,0.12847399711608887
0,ctx,16,1,262144,65536,65536,1000,2,datasets/silesia/mozilla,51220480,18952295,37.001401,1.8332622051239014,0.3440685272216797
0,ctx,16,1,262144,65536,65536,1000,2,datasets/silesia/osdb,10085684,3665201,36.340629,0.4468405246734619,0.08044695854187012
0,ctx,16,1,262144,65536,65536,1000,2,datasets/silesia/x-ray,8474240,5942369,70.122737,0.48644518852233887,0.13349175453186035
0,ctx,16,1,262144,65536,65536,1000,2,datasets/silesia/samba,21606400,5188503,24.013732,0.903092622756958,0.12090134620666504
0,ctx,16,1,262144,65536,65536,1000,2,datasets/silesia/sao,7251944,5297957,73.05568,0.39153099060058594,0.07962632179260254
0,ctx,16,1,262144,65536,65536,1000,2,AVERAGE,17661548.333333332,5576224.916666667,31.572684,0.7181317607561747,0.13535471757253012
0,ctx,16,1,262144,65536,65536,1000,3,datasets/silesia/ooffice,6152192,3065082,49.820974,0.34916210174560547,0.06689119338989258
0,ctx,16,1,262144,65536,65536,1000,3,datasets/silesia/xml,5345280,652214,12.201681,0.2648313045501709,0.024990081787109375
0,ctx,16,1,262144,65536,65536,1000,3,datasets/silesia/mr,9970564,3696026,37.069377,0.5267906188964844,0.10611939430236816
0,ctx,16,1,262144,65536,65536,1000,3,datasets/silesia/nci,33553445,2850030,8.494001,1.114089012145996,0.10947179794311523
0,ctx,16,1,262144,65536,65536,1000,3,datasets/silesia/webster,41458703,12005914,28.95873,1.618373155593872,0.3723897933959961
0,ctx,16,1,262144,65536,65536,1000,3,datasets/silesia/reymont,6627202,1830433,27.619997,0.45244359970092773,0.06396484375
0,ctx,16,1,262144,65536,65536,1000,3,datasets/silesia/dickens,10192446,3869568,37.965058,0.5193097591400146,0.12810444831848145
0,ctx,16,1,262144,65536,65536,1000,3,datasets/silesia/mozilla,51220480,18910051,36.918926,1.879404067993164,0.36809587478637695
0,ctx,16,1,262144,65536,65536,1000,3,datasets/silesia/osdb,10085684,3665212,36.340738,0.39544248580932617,0.08166766166687012
0,ctx,16,1,262144,65536,65536,1000,3,datasets/silesia/x-ray,8474240,5937419,70.064324,0.42911267280578613,0.13643527030944824
0,ctx,16,1,262144,65536,65536,1000,3,datasets/silesia/samba,21606400,5189649,24.019036,0.7793428897857666,0.1195070743560791
0,ctx,16,1,262144,65536,65536,1000,3,datasets/silesia/sao,7251944,5304168,73.141326,0.3775196075439453,0.07789158821105957
0,ctx,16,1,262144,65536,65536,1000,3,AVERAGE,17661548.333333332,5581313.833333333,31.601498,0.725485106309255,0.13796075185139975
0,ctx,16,1,262144,65536,65536,0,0,datasets/silesia/ooffice,6152192,3118006,50.681221,0.318401575088501,0.0759115219116211
0,ctx,16,1,262144,65536,65536,0,0,datasets/silesia/xml,5345280,691559,12.937751,0.23979806900024414,0.027517318725585938
0,ctx,16,1,262144,65536,65536,0,0,datasets/silesia/mr,9970564,3656872,36.676681,0.4479191303253174,0.11684703826904297
0,ctx,16,1,262144,65536,65536,0,0,datasets/silesia/nci,33553445,3186480,9.49673,1.2095704078674316,0.12317419052124023
0,ctx,16,1,262144,65536,65536,0,0,datasets/silesia/webster,41458703,12241154,29.526138,1.6164100170135498,0.4148683547973633
0,ctx,16,1,262144,65536,65536,0,0,datasets/silesia/reymont,6627202,1882374,28.403752,0.3358283042907715,0.07210659980773926
0,ctx,16,1,262144,65536,65536,0,0,datasets/silesia/dickens,10192446,3874632,38.014742,0.4993317127227783,0.14023661613464355
0,ctx,16,1,262144,65536,65536,0,0,datasets/silesia/mozilla,51220480,19328006,37.734918,2.023352861404419,0.38280344009399414
0,ctx,16,1,262144,65536,65536,0,0,datasets/silesia/osdb,10085684,3777572,37.454792,0.4667372703552246,0.09176921844482422
0,ctx,16,1,262144,65536,65536,0,0,datasets/silesia/x-ray,8474240,5957829,70.305172,0.47027134895324707,0.15086579322814941
0,ctx,16,1,262144,65536,65536,0,0,datasets/silesia/samba,21606400,5400327,24.994108,0.8702898025512695,0.13762879371643066
0,ctx,16,1,262144,65536,65536,0,0,datasets/silesia/sao,7251944,5354783,73.839277,0.4066648483276367,0.08588051795959473
0,ctx,16,1,262144,65536,65536,0,0,AVERAGE,17661548.333333332,5705799.5,32.306338,0.7420479456583658,0.15163411696751913
0,ctx,16,1,262144,65536,65536,0,1,datasets/silesia/ooffice,6152192,3072899,49.948035,0.34828639030456543,0.06911182403564453
0,ctx,16,1,262144,65536,65536,0,1,datasets/silesia/xml,5345280,658620,12.321525,0.23296737670898438,0.02475738525390625
0,ctx,16,1,262144,65536,65536,0,1,datasets/silesia/mr,9970564,3677680,36.885376,0.5540785789489746,0.1017143726348877
0,ctx,16,1,262144,65536,65536,0,1,datasets/silesia/nci,33553445,2936114,8.750559,1.153458595275879,0.11454319953918457
0,ctx,16,1,262144,65536,65536,0,1,datasets/silesia/webster,41458703,11999494,28.943245,1.393552541732788,0.3860940933227539
0,ctx,16,1,262144,65536,65536,0,1,datasets/silesia/reymont,6627202,1829463,27.60536,0.3502323627471924,0.06589794158935547
0,ctx,16,1,262144,65536,65536,0,1,datasets/silesia/dickens,10192446,3824200,37.519944,0.47164177894592285,0.1327376365661621
0,ctx,16,1,262144,65536,65536,0,1,datasets/silesia/mozilla,51220480,18952509,37.001818,2.077840566635132,0.344862699508667
0,ctx,16,1,262144,65536,65536,0,1,datasets/silesia/osdb,10085684,3671919,36.407238,0.40236687660217285,0.08032584190368652
0,ctx,16,1,262144,65536,65536,0,1,datasets/silesia/x-ray,8474240,5933126,70.013665,0.4455585479736328,0.13360047340393066
0,ctx,16,1,262144,65536,65536,0,1,datasets/silesia/samba,21606400,5264712,24.366447,0.7295832633972168,0.12512588500976562
0,ctx,16,1,262144,65536,65536,0,1,datasets/silesia/sao,7251944,5296662,73.037823,0.37236738204956055,0.08072161674499512
0,ctx,16,1,262144,65536,65536,0,1,AVERAGE,17661548.333333332,5593116.5,31.668325,0.7109945217768351,0.13829108079274496
0,ctx,16,1,262144,65536,65536,0,2,datasets/silesia/ooffice,6152192,3076741,50.010484,0.3535134792327881,0.06777095794677734
0,ctx,16,1,262144,65536,65536,0,2,datasets/silesia/xml,5345280,650269,12.165293,0.24950146675109863,0.024196863174438477
0,ctx,16,1,262144,65536,65536,0,2,datasets/silesia/mr,9970564,3683395,36.942695,0.5283341407775879,0.10033535957336426
0,ctx,16,1,262144,65536,65536,0,2,datasets/silesia/nci,33553445,2830819,8.436746,1.1927120685577393,0.10504150390625
0,ctx,16,1,262144,65536,65536,0,2,datasets/silesia/webster,41458703,11946593,28.815646,1.40285062789917,0.3734426498413086
0,ctx,16,1,262144,65536,65536,0,2,datasets/silesia/reymont,6627202,1821596,27.486653,0.40740489959716797,0.06682109832763672
0,ctx,16,1,262144,65536,65536,0,2,datasets/silesia/dickens,10192446,3820635,37.484967,0.47586679458618164,0.1288905143737793
0,ctx,16,1,262144,65536,65536,0,2,datasets/silesia/mozilla,51220480,18953045,37.002865,2.8848538398742676,0.33535075187683105
0,ctx,16,1,262144,65536,65536,0,2,datasets/silesia/osdb,10085684,3665201,36.340629,0.3864259719848633,0.0769655704498291
0,ctx,16,1,262144,65536,65536,0,2,datasets/silesia/x-ray,8474240,5942369,70.122737,0.42446398735046387,0.1271376609802246
0,ctx,16,1,262144,65536,65536,0,2,datasets/silesia/samba,21606400,5187143,24.007438,0.7885878086090088,0.1174306869506836
0,ctx,16,1,262144,65536,65536,0,2,datasets/silesia/sao,7251944,5297760,73.052963,0.37261033058166504,0.07532072067260742
0,ctx,16,1,262144,65536,65536,0,2,AVERAGE,17661548.333333332,5572963.833333333,31.55422,0.7889271179835001,0.1332253615061442
0,ctx,16,1,262144,65536,65536,0,3,datasets/silesia/ooffice,6152192,3064833,49.816927,0.43590831756591797,0.06426548957824707
0,ctx,16,1,262144,65536,65536,0,3,datasets/silesia/xml,5345280,652030,12.198238,0.24495673179626465,0.025888442993164062
0,ctx,16,1,262144,65536,65536,0,3,datasets/silesia/mr,9970564,3695473,37.063831,0.6789462566375732,0.09965324401855469
0,ctx,16,1,262144,65536,65536,0,3,datasets/silesia/nci,33553445,2819170,8.402028,1.2870521545410156,0.1040034294128418
0,ctx,16,1,262144,65536,65536,0,3,datasets/silesia/webster,41458703,12005892,28.958677,1.4596190452575684,0.38642144203186035
0,ctx,16,1,262144,65536,65536,0,3,datasets/silesia/reymont,6627202,1826330,27.558086,0.46567535400390625,0.06536173820495605
0,ctx,16,1,262144,65536,65536,0,3,datasets/silesia/dickens,10192446,3869485,37.964243,0.5044710636138916,0.12685918807983398
0,ctx,16,1,262144,65536,65536,0,3,datasets/silesia/mozilla,51220480,18910980,36.92074,3.9129340648651123,0.34920406341552734
0,ctx,16,1,262144,65536,65536,0,3,datasets/silesia/osdb,10085684,3665212,36.340738,0.4212329387664795,0.0814809799194336
0,ctx,16,1,262144,65536,65536,0,3,datasets/silesia/x-ray,8474240,5937419,70.064324,0.4715616703033447,0.13617801666259766
0,ctx,16,1,262144,65536,65536,0,3,datasets/silesia/samba,21606400,5188323,24.012899,0.9130101203918457,0.12179160118103027
0,ctx,16,1,262144,65536,65536,0,3,datasets/silesia/sao,7251944,5303905,73.137699,0.3776264190673828,0.08003067970275879
0,ctx,16,1,262144,65536,65536,0,3,AVERAGE,17661548.333333332,5578254.333333333,31.584175,0.9310828447341919,0.1367615262667338
0,ctx,16,1,262144,65536,262144,10,0,datasets/silesia/ooffice,6152192,3168939,51.509104,0.31017398834228516,0.0733633041381836
0,ctx,16,1,262144,65536,262144,10,0,datasets/silesia/xml,5345280,797383,14.917516,0.2267751693725586,0.029329776763916016
0,ctx,16,1,262144,65536,262144,10,0,datasets/silesia/mr,9970564,3731775,37.427923,0.43771862983703613,0.11246633529663086
0,ctx,16,1,262144,65536,262144,10,0,datasets/silesia/nci,33553445,3671880,10.943377,1.0861945152282715,0.12521815299987793
0,ctx,16,1,262144,65536,262144,10,0,datasets/silesia/webster,41458703,13130347,31.670906,1.3911607265472412,0.4111769199371338
0,ctx,16,1,262144,65536,262144,10,0,datasets/silesia/reymont,6627202,2102200,31.720777,0.3010597229003906,0.07021713256835938
0,ctx,16,1,262144,65536,262144,10,0,datasets/silesia/dickens,10192446,4190243,41.11126,0.4324779510498047,0.14050865173339844
0,ctx,16,1,262144,65536,262144,10,0,datasets/silesia/mozilla,51220480,19646587,38.356897,1.6264278888702393,0.3684406280517578
0,ctx,16,1,262144,65536,262144,10,0,datasets/silesia/osdb,10085684,3838887,38.062733,0.4102652072906494,0.08950471878051758
0,ctx,16,1,262144,65536,262144,10,0,datasets/silesia/x-ray,8474240,5988157,70.663057,0.45571041107177734,0.1509387493133545
0,ctx,16,1,262144,65536,262144,10,0,datasets/silesia/samba,21606400,5597464,25.906509,0.7202925682067871,0.13209319114685059
0,ctx,16,1,262144,65536,262144,10,0,datasets/silesia/sao,7251944,5418163,74.713249,0.36481285095214844,0.08617830276489258
0,ctx,16,1,262144,65536,262144,10,0,AVERAGE,17661548.333333332,5940168.75,33.633341,0.6469224691390991,0.1491196552912394
0,ctx,16,1,262144,65536,262144,10,1,datasets/silesia/ooffice,6152192,3125153,50.797391,0.3118901252746582,0.06734132766723633
0,ctx,16,1,262144,65536,262144,10,1,datasets/silesia/xml,5345280,754422,14.113798,0.23090887069702148,0.02790975570678711
0,ctx,16,1,262144,65536,262144,10,1,datasets/silesia/mr,9970564,3790893,38.020848,0.3978137969970703,0.103240966796875
0,ctx,16,1,262144,65536,262144,10,1,datasets/silesia/nci,33553445,3358410,10.009136,1.0440235137939453,0.11522436141967773
0,ctx,16,1,262144,65536,262144,10,1,datasets/silesia/webster,41458703,12828014,30.941667,1.408482313156128,0.4037048816680908
0,ctx,16,1,262144,65536,262144,10,1,datasets/silesia/reymont,6627202,2038569,30.760629,0.2743492126464844,0.06524300575256348
0,ctx,16,1,262144,65536,262144,10,1,datasets/silesia/dickens,10192446,4132541,40.545135,0.40935492515563965,0.130537748336792
0,ctx,16,1,262144,65536,262144,10,1,datasets/silesia/mozilla,51220480,19287773,37.656369,1.696084976196289,0.34990501403808594
0,ctx,16,1,262144,65536,262144,10,1,datasets/silesia/osdb,10085684,3796909,37.64652,0.3686099052429199,0.08453249931335449
0,ctx,16,1,262144,65536,262144,10,1,datasets/silesia/x-ray,8474240,5978209,70.545665,0.4325380325317383,0.13251852989196777
0,ctx,16,1,262144,65536,262144,10,1,datasets/silesia/samba,21606400,5445083,25.201251,0.7839245796203613,0.125260591506958
0,ctx,16,1,262144,65536,262144,10,1,datasets/silesia/sao,7251944,5387198,74.28626,0.3374786376953125,0.08180904388427734
0,ctx,16,1,262144,65536,262144,10,1,AVERAGE,17661548.333333332,5826931.166666667,32.992188,0.6412882407506307,0.1406023104985555
0,ctx,16,1,262144,65536,262144,10,2,datasets/silesia/ooffice,6152192,3132876,50.922923,0.28605127334594727,0.0647282600402832
0,ctx,16,1,262144,65536,262144,10,2,datasets/silesia/xml,5345280,738406,13.814169,0.22342205047607422,0.026049375534057617
0,ctx,16,1,262144,65536,262144,10,2,datasets/silesia/mr,9970564,3814449,38.257104,0.4086802005767822,0.10295605659484863
0,ctx,16,1,262144,65536,262144,10,2,datasets/silesia/nci,33553445,3246965,9.676994,1.0573327541351318,0.11354923248291016
0,ctx,16,1,262144,65536,262144,10,2,datasets/silesia/webster,41458703,12760139,30.77795,1.3710761070251465,0.378021240234375
0,ctx,16,1,262144,65536,262144,10,2,datasets/silesia/reymont,6627202,2045336,30.862738,0.28465890884399414,0.06409859657287598
0,ctx,16,1,262144,65536,262144,10,2,datasets/silesia/dickens,10192446,4119051,40.412782,0.41626501083374023,0.12967991828918457
0,ctx,16,1,262144,65536,262144,10,2,datasets/silesia/mozilla,51220480,19293390,37.667335,1.6805105209350586,0.33423328399658203
0,ctx,16,1,262144,65536,262144,10,2,datasets/silesia/osdb,10085684,3750828,37.189624,0.3950462341308594,0.08094310760498047
0,ctx,16,1,262144,65536,262144,10,2,datasets/silesia/x-ray,8474240,5989966,70.684404,0.41152381896972656,0.1326122283935547
0,ctx,16,1,262144,65536,262144,10,2,datasets/silesia/samba,21606400,5366063,24.835526,0.7277665138244629,0.12162160873413086
0,ctx,16,1,262144,65536,262144,10,2,datasets/silesia/sao,7251944,5426113,74.822875,0.35067152976989746,0.08000516891479492
0,ctx,16,1,262144,65536,262144,10,2,AVERAGE,17661548.333333332,5806965.166666667,32.87914,0.6344170769055685,0.1357081731160482
0,ctx,16,1,262144,65536,262144,10,3,datasets/silesia/ooffice,6152192,3119120,50.699328,0.2965428829193115,0.06763601303100586
0,ctx,16,1,262144,65536,262144,10,3,datasets/silesia/xml,5345280,737090,13.789549,0.2200913429260254,0.02523040771484375
0,ctx,16,1,262144,65536,262144,10,3,datasets/silesia/mr,9970564,3837082,38.484102,0.41461730003356934,0.10249829292297363
0,ctx,16,1,262144,65536,262144,10,3,datasets/silesia/nci,33553445,3248070,9.680288,1.0489768981933594,0.11696362495422363
0,ctx,16,1,262144,65536,262144,10,3,datasets/silesia/webster,41458703,12772727,30.808313,1.3906066417694092,0.3790450096130371
0,ctx,16,1,262144,65536,262144,10,3,datasets/silesia/reymont,6627202,2049745,30.929267,0.2955186367034912,0.06387186050415039
0,ctx,16,1,262144,65536,262144,10,3,datasets/silesia/dickens,10192446,4147639,40.693264,0.43399906158447266,0.12784767150878906
0,ctx,16,1,262144,65536,262144,10,3,datasets/silesia/mozilla,51220480,19234906,37.553155,1.7025256156921387,0.3390834331512451
0,ctx,16,1,262144,65536,262144,10,3,datasets/silesia/osdb,10085684,3748074,37.162318,0.3836700916290283,0.08425569534301758
0,ctx,16,1,262144,65536,262144,10,3,datasets/silesia/x-ray,8474240,5992000,70.708406,0.4647974967956543,0.12928318977355957
0,ctx,16,1,262144,65536,262144,10,3,datasets/silesia/samba,21606400,5359021,24.802933,0.708381175994873,0.12325477600097656
0,ctx,16,1,262144,65536,262144,10,3,datasets/silesia/sao,7251944,5423696,74.789546,0.3451378345489502,0.08379054069519043
0,ctx,16,1,262144,65536,262144,10,3,AVERAGE,17661548.333333332,5805764.166666667,32.87234,0.6420720815658569,0.13689670960108438
0,ctx,16,1,262144,65536,262144,1000,0,datasets/silesia/ooffice,6152192,3118217,50.68465,0.2944207191467285,0.07450556755065918
0,ctx,16,1,262144,65536,262144,1000,0,datasets/silesia/xml,5345280,691643,12.939322,0.22414469718933105,0.026933908462524414
0,ctx,16,1,262144,65536,262144,1000,0,datasets/silesia/mr,9970564,3657494,36.68292,0.42164087295532227,0.11576557159423828
0,ctx,16,1,262144,65536,262144,1000,0,datasets/silesia/nci,33553445,3200853,9.539566,1.0401837825775146,0.11963582038879395
0,ctx,16,1,262144,65536,262144,1000,0,datasets/silesia/webster,41458703,12241183,29.526208,1.4111554622650146,0.4055635929107666
0,ctx,16,1,262144,65536,262144,1000,0,datasets/silesia/reymont,6627202,1884299,28.432799,0.33840250968933105,0.07100820541381836
0,ctx,16,1,262144,65536,262144,1000,0,datasets/silesia/dickens,10192446,3874696,38.015369,0.4782421588897705,0.1384291648864746
0,ctx,16,1,262144,65536,262144,1000,0,datasets/silesia/mozilla,51220480,19331520,37.741778,1.6784427165985107,0.37296199798583984
0,ctx,16,1,262144,65536,262144,1000,0,datasets/silesia/osdb,10085684,3777572,37.454792,0.4599032402038574,0.09125876426696777
0,ctx,16,1,262144,65536,262144,1000,0,datasets/silesia/x-ray,8474240,5957829,70.305172,0.4415304660797119,0.1521453857421875
0,ctx,16,1,262144,65536,262144,1000,0,datasets/silesia/samba,21606400,5401879,25.001291,0.7373561859130859,0.1319735050201416
0,ctx,16,1,262144,65536,262144,1000,0,datasets/silesia/sao,7251944,5354783,73.839277,0.3423624038696289,0.08495950698852539
0,ctx,16,1,262144,65536,262144,1000,0,AVERAGE,17661548.333333332,5707664.0,32.316895,0.6556487679481506,0.14876174926757812
0,ctx,16,1,262144,65536,262144,1000,1,datasets/silesia/ooffice,6152192,3073057,49.950603,0.30559253692626953,0.0692129135131836
0,ctx,16,1,262144,65536,262144,1000,1,datasets/silesia/xml,5345280,658777,12.324462,0.23039627075195312,0.0249481201171875
0,ctx,16,1,262144,65536,262144,1000,1,datasets/silesia/mr,9970564,3677997,36.888555,0.4439098834991455,0.10126090049743652
0,ctx,16,1,262144,65536,262144,1000,1,datasets/silesia/nci,33553445,2958206,8.8164,1.0593419075012207,0.10732173919677734
0,ctx,16,1,262144,65536,262144,1000,1,datasets/silesia/webster,41458703,11999511,28.943286,1.460036277770996,0.3844318389892578
0,ctx,16,1,262144,65536,262144,1000,1,datasets/silesia/reymont,6627202,1831918,27.642405,0.3257579803466797,0.0643303394317627
0,ctx,16,1,262144,65536,262144,1000,1,datasets/silesia/dickens,10192446,3824245,37.520385,0.4937760829925537,0.13476061820983887
0,ctx,16,1,262144,65536,262144,1000,1,datasets/silesia/mozilla,51220480,18952579,37.001955,1.679527759552002,0.34946656227111816
0,ctx,16,1,262144,65536,262144,1000,1,datasets/silesia/osdb,10085684,3671919,36.407238,0.4171605110168457,0.08307170867919922
0,ctx,16,1,262144,65536,262144,1000,1,datasets/silesia/x-ray,8474240,5933126,70.013665,0.47018909454345703,0.137465238571167
0,ctx,16,1,262144,65536,262144,1000,1,datasets/silesia/samba,21606400,5266212,24.373389,0.7529854774475098,0.13153815269470215
0,ctx,16,1,262144,65536,262144,1000,1,datasets/silesia/sao,7251944,5296660,73.037795,0.3620622158050537,0.08072733879089355
0,ctx,16,1,262144,65536,262144,1000,1,AVERAGE,17661548.333333332,5595350.583333333,31.680974,0.6667279998461405,0.13904462258021036
0,ctx,16,1,262144,65536,262144,1000,2,datasets/silesia/ooffice,6152192,3076951,50.013897,0.3041040897369385,0.0658571720123291
0,ctx,16,1,262144,65536,262144,1000,2,datasets/silesia/xml,5345280,650462,12.168904,0.22254419326782227,0.023823261260986328
0,ctx,16,1,262144,65536,262144,1000,2,datasets/silesia/mr,9970564,3687339,36.982251,0.4532589912414551,0.10193204879760742
0,ctx,16,1,262144,65536,262144,1000,2,datasets/silesia/nci,33553445,2860824,8.526171,1.070183277130127,0.10609722137451172
0,ctx,16,1,262144,65536,262144,1000,2,datasets/silesia/webster,41458703,11946609,28.815684,1.3650801181793213,0.3811376094818115
0,ctx,16,1,262144,65536,262144,1000,2,datasets/silesia/reymont,6627202,1825459,27.544943,0.3697025775909424,0.06504607200622559
0,ctx,16,1,262144,65536,262144,1000,2,datasets/silesia/dickens,10192446,3820730,37.485899,0.4923229217529297,0.1271817684173584
0,ctx,16,1,262144,65536,262144,1000,2,datasets/silesia/mozilla,51220480,18952295,37.001401,1.6657664775848389,0.34583258628845215
0,ctx,16,1,262144,65536,262144,1000,2,datasets/silesia/osdb,10085684,3665201,36.340629,0.3970484733581543,0.08415341377258301
0,ctx,16,1,262144,65536,262144,1000,2,datasets/silesia/x-ray,8474240,5942369,70.122737,0.4267082214355469,0.132460355758667
0,ctx,16,1,262144,65536,262144,1000,2,datasets/silesia/samba,21606400,5188503,24.013732,0.7769362926483154,0.1192312240600586
0,ctx,16,1,262144,65536,262144,1000,2,datasets/silesia/sao,7251944,5297957,73.05568,0.36255574226379395,0.07763981819152832
0,ctx,16,1,262144,65536,262144,1000,2,AVERAGE,17661548.333333332,5576224.916666667,31.572684,0.6588509480158488,0.13586604595184326
0,ctx,16,1,262144,65536,262144,1000,3,datasets/silesia/ooffice,6152192,3065082,49.820974,0.326580286026001,0.06622910499572754
0,ctx,16,1,262144,65536,262144,1000,3,datasets/silesia/xml,5345280,652214,12.201681,0.24248623847961426,0.02395915985107422
0,ctx,16,1,262144,65536,262144,1000,3,datasets/silesia/mr,9970564,3696026,37.069377,0.47589111328125,0.10638189315795898
0,ctx,16,1,262144,65536,262144,1000,3,datasets/silesia/nci,33553445,2850030,8.494001,1.1026711463928223,0.10974478721618652
0,ctx,16,1,262144,65536,262144,1000,3,datasets/silesia/webster,41458703,12005914,28.95873,1.4377965927124023,0.3708047866821289
0,ctx,16,1,262144,65536,262144,1000,3,datasets/silesia/reymont,6627202,1830433,27.619997,0.41411876678466797,0.0666356086730957
0,ctx,16,1,262144,65536,262144,1000,3,datasets/silesia/dickens,10192446,3869568,37.965058,0.514923095703125,0.12627077102661133
0,ctx,16,1,262144,65536,262144,1000,3,datasets/silesia/mozilla,51220480,18910051,36.918926,1.7339634895324707,0.34717583656311035
0,ctx,16,1,262144,65536,262144,1000,3,datasets/silesia/osdb,10085684,3665212,36.340738,0.4041433334350586,0.08311772346496582
0,ctx,16,1,262144,65536,262144,1000,3,datasets/silesia/x-ray,8474240,5937419,70.064324,0.4679834842681885,0.13642072677612305
0,ctx,16,1,262144,65536,262144,1000,3,datasets/silesia/samba,21606400,5189649,24.019036,0.8090119361877441,0.12022662162780762
0,ctx,16,1,262144,65536,262144,1000,3,datasets/silesia/sao,7251944,5304168,73.141326,0.3791031837463379,0.07943058013916016
0,ctx,16,1,262144,65536,262144,1000,3,AVERAGE,17661548.333333332,5581313.833333333,31.601498,0.6923893888791403,0.1363664666811625
0,ctx,16,1,262144,65536,262144,0,0,datasets/silesia/ooffice,6152192,3118006,50.681221,0.3028731346130371,0.0796964168548584
0,ctx,16,1,262144,65536,262144,0,0,datasets/silesia/xml,5345280,691559,12.937751,0.2247464656829834,0.02644491195678711
0,ctx,16,1,262144,65536,262144,0,0,datasets/silesia/mr,9970564,3656872,36.676681,0.43606019020080566,0.11655759811401367
0,ctx,16,1,262144,65536,262144,0,0,datasets/silesia/nci,33553445,3186480,9.49673,1.1437628269195557,0.1186370849609375
0,ctx,16,1,262144,65536,262144,0,0,datasets/silesia/webster,41458703,12241154,29.526138,1.5016651153564453,0.40898847579956055
0,ctx,16,1,262144,65536,262144,0,0,datasets/silesia/reymont,6627202,1882374,28.403752,0.31722545623779297,0.07240104675292969
0,ctx,16,1,262144,65536,262144,0,0,datasets/silesia/dickens,10192446,3874632,38.014742,0.5347702503204346,0.1402435302734375
0,ctx,16,1,262144,65536,262144,0,0,datasets/silesia/mozilla,51220480,19328006,37.734918,1.7821719646453857,0.3806769847869873
0,ctx,16,1,262144,65536,262144,0,0,datasets/silesia/osdb,10085684,3777572,37.454792,0.4144563674926758,0.08821368217468262
0,ctx,16,1,262144,65536,262144,0,0,datasets/silesia/x-ray,8474240,5957829,70.305172,0.43811631202697754,0.14827775955200195
0,ctx,16,1,262144,65536,262144,0,0,datasets/silesia/samba,21606400,5400327,24.994108,0.7720458507537842,0.13996386528015137
0,ctx,16,1,262144,65536,262144,0,0,datasets/silesia/sao,7251944,5354783,73.839277,0.3770873546600342,0.08759474754333496
0,ctx,16,1,262144,65536,262144,0,0,AVERAGE,17661548.333333332,5705799.5,32.306338,0.687081774075826,0.15064134200414023
0,ctx,16,1,262144,65536,262144,0,1,datasets/silesia/ooffice,6152192,3072899,49.948035,0.3249237537384033,0.06909799575805664
0,ctx,16,1,262144,65536,262144,0,1,datasets/silesia/xml,5345280,658620,12.321525,0.23006725311279297,0.02652883529663086
0,ctx,16,1,262144,65536,262144,0,1,datasets/silesia/mr,9970564,3677680,36.885376,0.5274207592010498,0.10239720344543457
0,ctx,16,1,262144,65536,262144,0,1,datasets/silesia/nci,33553445,2936114,8.750559,1.0734694004058838,0.10372686386108398
0,ctx,16,1,262144,65536,262144,0,1,datasets/silesia/webster,41458703,11999494,28.943245,1.37833571434021,0.3845362663269043
0,ctx,16,1,262144,65536,262144,0,1,datasets/silesia/reymont,6627202,1829463,27.60536,0.3429114818572998,0.0634462833404541
0,ctx,16,1,262144,65536,262144,0,1,datasets/silesia/dickens,10192446,3824200,37.519944,0.46956682205200195,0.13059115409851074
0,ctx,16,1,262144,65536,262144,0,1,datasets/silesia/mozilla,51220480,18952509,37.001818,1.989032506942749,0.3349001407623291
0,ctx,16,1,262144,65536,262144,0,1,datasets/silesia/osdb,10085684,3671919,36.407238,0.45063233375549316,0.07671356201171875
0,ctx,16,1,262144,65536,262144,0,1,datasets/silesia/x-ray,8474240,5933126,70.013665,0.40705442428588867,0.12853407859802246
0,ctx,16,1,262144,65536,262144,0,1,datasets/silesia/samba,21606400,5264712,24.366447,0.7333483695983887,0.12062859535217285
0,ctx,16,1,262144,65536,262144,0,1,datasets/silesia/sao,7251944,5296662,73.037823,0.3390045166015625,0.07969045639038086
0,ctx,16,1,262144,65536,262144,0,1,AVERAGE,17661548.333333332,5593116.5,31.668325,0.6888139446576437,0.13506595293680826
0,ctx,16,1,262144,65536,262144,0,2,datasets/silesia/ooffice,6152192,3076741,50.010484,0.3716611862182617,0.06852149963378906
0,ctx,16,1,262144,65536,262144,0,2,datasets/silesia/xml,5345280,650269,12.165293,0.23524975776672363,0.024599552154541016
0,ctx,16,1,262144,65536,262144,0,2,datasets/silesia/mr,9970564,3683395,36.942695,0.5601727962493896,0.0995645523071289
0,ctx,16,1,262144,65536,262144,0,2,datasets/silesia/nci,33553445,2830819,8.436746,1.132491111755371,0.0986170768737793
0,ctx,16,1,262144,65536,262144,0,2,datasets/silesia/webster,41458703,11946593,28.815646,1.4493019580841064,0.36656808853149414
0,ctx,16,1,262144,65536,262144,0,2,datasets/silesia/reymont,6627202,1821596,27.486653,0.3728642463684082,0.06363391876220703
0,ctx,16,1,262144,65536,262144,0,2,datasets/silesia/dickens,10192446,3820635,37.484967,0.4632437229156494,0.12495899200439453
0,ctx,16,1,262144,65536,262144,0,2,datasets/silesia/mozilla,51220480,18953045,37.002865,2.8123209476470947,0.3348703384399414
0,ctx,16,1,262144,65536,262144,0,2,datasets/silesia/osdb,10085684,3665201,36.340629,0.4162933826446533,0.07977056503295898
0,ctx,16,1,262144,65536,262144,0,2,datasets/silesia/x-ray,8474240,5942369,70.122737,0.4333193302154541,0.1291370391845703
0,ctx,16,1,262144,65536,262144,0,2,datasets/silesia/samba,21606400,5187143,24.007438,0.7943484783172607,0.11811685562133789
0,ctx,16,1,262144,65536,262144,0,2,datasets/silesia/sao,7251944,5297760,73.052963,0.3473320007324219,0.07491850852966309
0,ctx,16,1,262144,65536,262144,0,2,AVERAGE,17661548.333333332,5572963.833333333,31.55422,0.7823832432428995,0.1319397489229838
0,ctx,16,1,262144,65536,262144,0,3,datasets/silesia/ooffice,6152192,3064833,49.816927,0.443695068359375,0.06836867332458496
0,ctx,16,1,262144,65536,262144,0,3,datasets/silesia/xml,5345280,652030,12.198238,0.237199068069458,0.02345585823059082
0,ctx,16,1,262144,65536,262144,0,3,datasets/silesia/mr,9970564,3695473,37.063831,0.6262447834014893,0.10328316688537598
0,ctx,16,1,262144,65536,262144,0,3,datasets/silesia/nci,33553445,2819170,8.402028,1.2654147148132324,0.10266852378845215
0,ctx,16,1,262144,65536,262144,0,3,datasets/silesia/webster,41458703,12005892,28.958677,1.4043121337890625,0.36707305908203125
0,ctx,16,1,262144,65536,262144,0,3,datasets/silesia/reymont,6627202,1826330,27.558086,0.4664950370788574,0.06335949897766113
0,ctx,16,1,262144,65536,262144,0,3,datasets/silesia/dickens,10192446,3869485,37.964243,0.5287506580352783,0.12664079666137695
0,ctx,16,1,262144,65536,262144,0,3,datasets/silesia/mozilla,51220480,18910980,36.92074,3.814568281173706,0.3347914218902588
0,ctx,16,1,262144,65536,262144,0,3,datasets/silesia/osdb,10085684,3665212,36.340738,0.39964818954467773,0.07815122604370117
0,ctx,16,1,262144,65536,262144,0,3,datasets/silesia/x-ray,8474240,5937419,70.064324,0.45462679862976074,0.1271665096282959
0,ctx,16,1,262144,65536,262144,0,3,datasets/silesia/samba,21606400,5188323,24.012899,0.8888826370239258,0.11412215232849121
0,ctx,16,1,262144,65536,262144,0,3,datasets/silesia/sao,7251944,5303905,73.137699,0.4002056121826172,0.07601308822631836
0,ctx,16,1,262144,65536,262144,0,3,AVERAGE,17661548.333333332,5578254.333333333,31.584175,0.91083691517512,0.13209116458892822
0,ctx,16,1,262144,262144,65536,10,0,datasets/silesia/ooffice,6152192,3157129,51.31714,0.29929637908935547,0.07560014724731445
0,ctx,16,1,262144,262144,65536,10,0,datasets/silesia/xml,5345280,775682,14.511532,0.23583388328552246,0.02788686752319336
0,ctx,16,1,262144,262144,65536,10,0,datasets/silesia/mr,9970564,3725281,37.362791,0.40541815757751465,0.10996174812316895
0,ctx,16,1,262144,262144,65536,10,0,datasets/silesia/nci,33553445,3642796,10.856697,1.0139515399932861,0.12699294090270996
0,ctx,16,1,262144,262144,65536,10,0,datasets/silesia/webster,41458703,13031572,31.432657,1.3655660152435303,0.40521955490112305
0,ctx,16,1,262144,262144,65536,10,0,datasets/silesia/reymont,6627202,2095772,31.623783,0.27515411376953125,0.06733441352844238
0,ctx,16,1,262144,262144,65536,10,0,datasets/silesia/dickens,10192446,4166697,40.880246,0.410869836807251,0.13115620613098145
0,ctx,16,1,262144,262144,65536,10,0,datasets/silesia/mozilla,51220480,19523221,38.116045,1.656257152557373,0.3920435905456543
0,ctx,16,1,262144,262144,65536,10,0,datasets/silesia/osdb,10085684,3838554,38.059432,0.4074556827545166,0.08554601669311523
0,ctx,16,1,262144,262144,65536,10,0,datasets/silesia/x-ray,8474240,6007807,70.894936,0.4797534942626953,0.15318918228149414
0,ctx,16,1,262144,262144,65536,10,0,datasets/silesia/samba,21606400,5526207,25.576713,0.7698538303375244,0.12813973426818848
0,ctx,16,1,262144,262144,65536,10,0,datasets/silesia/sao,7251944,5432316,74.908411,0.4206070899963379,0.0844731330871582
0,ctx,16,1,262144,262144,65536,10,0,AVERAGE,17661548.333333332,5910252.833333333,33.463956,0.6450014313062032,0.14896196126937866
0,ctx,16,1,262144,262144,65536,10,1,datasets/silesia/ooffice,6152192,3105981,50.485762,0.3040139675140381,0.06740641593933105
0,ctx,16,1,262144,262144,65536,10,1,datasets/silesia/xml,5345280,732831,13.709871,0.21485328674316406,0.025066375732421875
0,ctx,16,1,262144,262144,65536,10,1,datasets/silesia/mr,9970564,3787447,37.986286,0.38929009437561035,0.0998985767364502
0,ctx,16,1,262144,262144,65536,10,1,datasets/silesia/nci,33553445,3333624,9.935266,1.034219741821289,0.1121523380279541
0,ctx,16,1,262144,262144,65536,10,1,datasets/silesia/webster,41458703,12730882,30.707381,1.3912436962127686,0.38079118728637695
0,ctx,16,1,262144,262144,65536,10,1,datasets/silesia/reymont,6627202,2034251,30.695473,0.2764854431152344,0.06500577926635742
0,ctx,16,1,262144,262144,65536,10,1,datasets/silesia/dickens,10192446,4110797,40.331801,0.4329502582550049,0.12829136848449707
0,ctx,16,1,262144,262144,65536,10,1,datasets/silesia/mozilla,51220480,19098399,37.286646,1.6589033603668213,0.34110593795776367
0,ctx,16,1,262144,262144,65536,10,1,datasets/silesia/osdb,10085684,3800893,37.686021,0.3981599807739258,0.08193755149841309
0,ctx,16,1,262144,262144,65536,10,1,datasets/silesia/x-ray,8474240,5996239,70.758428,0.4253578186035156,0.13422560691833496
0,ctx,16,1,262144,262144,65536,10,1,datasets/silesia/samba,21606400,5385329,24.924694,0.7361633777618408,0.1210789680480957
0,ctx,16,1,262144,262144,65536,10,1,datasets/silesia/sao,7251944,5388812,74.308516,0.37602782249450684,0.07844877243041992
0,ctx,16,1,262144,262144,65536,10,1,AVERAGE,17661548.333333332,5792123.75,32.795107,0.6364724040031433,0.136284073193868
0,ctx,16,1,262144,262144,65536,10,2,datasets/silesia/ooffice,6152192,3111708,50.578851,0.30967187881469727,0.0690617561340332
0,ctx,16,1,262144,262144,65536,10,2,datasets/silesia/xml,5345280,716897,13.411776,0.21573114395141602,0.0246579647064209
0,ctx,16,1,262144,262144,65536,10,2,datasets/silesia/mr,9970564,3810895,38.221459,0.40697765350341797,0.10070514678955078
0,ctx,16,1,262144,262144,65536,10,2,datasets/silesia/nci,33553445,3220514,9.598162,1.0255038738250732,0.10802650451660156
0,ctx,16,1,262144,262144,65536,10,2,datasets/silesia/webster,41458703,12656758,30.528591,1.3464651107788086,0.3699517250061035
0,ctx,16,1,262144,262144,65536,10,2,datasets/silesia/reymont,6627202,2039271,30.771221,0.281247615814209,0.06559991836547852
0,ctx,16,1,262144,262144,65536,10,2,datasets/silesia/dickens,10192446,4095259,40.179354,0.42465662956237793,0.1269998550415039
0,ctx,16,1,262144,262144,65536,10,2,datasets/silesia/mozilla,51220480,19093778,37.277624,1.6462931632995605,0.32807159423828125
0,ctx,16,1,262144,262144,65536,10,2,datasets/silesia/osdb,10085684,3762889,37.30921,0.4079399108886719,0.08230400085449219
0,ctx,16,1,262144,262144,65536,10,2,datasets/silesia/x-ray,8474240,6012557,70.950988,0.4953451156616211,0.13441252708435059
0,ctx,16,1,262144,262144,65536,10,2,datasets/silesia/samba,21606400,5293223,24.498403,0.7162580490112305,0.11952018737792969
0,ctx,16,1,262144,262144,65536,10,2,datasets/silesia/sao,7251944,5435087,74.946621,0.3747823238372803,0.08079886436462402
0,ctx,16,1,262144,262144,65536,10,2,AVERAGE,17661548.333333332,5770736.333333333,32.674011,0.637572705745697,0.1341758370399475
0,ctx,16,1,262144,262144,65536,10,3,datasets/silesia/ooffice,6152192,3098417,50.362814,0.26630401611328125,0.06409454345703125
0,ctx,16,1,262144,262144,65536,10,3,datasets/silesia/xml,5345280,715545,13.386483,0.21831393241882324,0.02512359619140625
0,ctx,16,1,262144,262144,65536,10,3,datasets/silesia/mr,9970564,3837208,38.485366,0.37218499183654785,0.10433840751647949
0,ctx,16,1,262144,262144,65536,10,3,datasets/silesia/nci,33553445,3226033,9.61461,1.01503586769104,0.10789871215820312
0,ctx,16,1,262144,262144,65536,10,3,datasets/silesia/webster,41458703,12671835,30.564958,1.3752007484436035,0.36571621894836426
0,ctx,16,1,262144,262144,65536,10,3,datasets/silesia/reymont,6627202,2042662,30.822389,0.2863025665283203,0.06282520294189453
0,ctx,16,1,262144,262144,65536,10,3,datasets/silesia/dickens,10192446,4125215,40.473258,0.4403688907623291,0.12422728538513184
0,ctx,16,1,262144,262144,65536,10,3,datasets/silesia/mozilla,51220480,19038692,37.170077,1.657907485961914,0.32176709175109863
0,ctx,16,1,262144,262144,65536,10,3,datasets/silesia/osdb,10085684,3750929,37.190626,0.4255673885345459,0.07738924026489258
0,ctx,16,1,262144,262144,65536,10,3,datasets/silesia/x-ray,8474240,6020239,71.041639,0.489501953125,0.13160276412963867
0,ctx,16,1,262144,262144,65536,10,3,datasets/silesia/samba,21606400,5280837,24.441078,0.7279860973358154,0.11480164527893066
0,ctx,16,1,262144,262144,65536,10,3,datasets/silesia/sao,7251944,5430231,74.87966,0.37700986862182617,0.07753372192382812
0,ctx,16,1,262144,262144,65536,10,3,AVERAGE,17661548.333333332,5769820.25,32.668825,0.6376403172810873,0.13144320249557495
0,ctx,16,1,262144,262144,65536,1000,0,datasets/silesia/ooffice,6152192,3100045,50.389276,0.3564004898071289,0.0742802619934082
0,ctx,16,1,262144,262144,65536,1000,0,datasets/silesia/xml,5345280,658307,12.315669,0.24436330795288086,0.0256040096282959
0,ctx,16,1,262144,262144,65536,1000,0,datasets/silesia/mr,9970564,3654851,36.656412,0.46562743186950684,0.11556077003479004
0,ctx,16,1,262144,262144,65536,1000,0,datasets/silesia/nci,33553445,3088658,9.205189,1.0656704902648926,0.11312317848205566
0,ctx,16,1,262144,262144,65536,1000,0,datasets/silesia/webster,41458703,11987150,28.913471,1.425048589706421,0.3974311351776123
0,ctx,16,1,262144,262144,65536,1000,0,datasets/silesia/reymont,6627202,1853032,27.961001,0.35408854484558105,0.0702207088470459
0,ctx,16,1,262144,262144,65536,1000,0,datasets/silesia/dickens,10192446,3789820,37.182635,0.47177910804748535,0.13533401489257812
0,ctx,16,1,262144,262144,65536,1000,0,datasets/silesia/mozilla,51220480,19190477,37.466414,1.8044755458831787,0.3905181884765625
0,ctx,16,1,262144,262144,65536,1000,0,datasets/silesia/osdb,10085684,3749077,37.172263,0.39797306060791016,0.08452224731445312
0,ctx,16,1,262144,262144,65536,1000,0,datasets/silesia/x-ray,8474240,5963468,70.371715,0.4874687194824219,0.15424108505249023
0,ctx,16,1,262144,262144,65536,1000,0,datasets/silesia/samba,21606400,5304771,24.55185,0.7227680683135986,0.1280984878540039
0,ctx,16,1,262144,262144,65536,1000,0,datasets/silesia/sao,7251944,5358632,73.892352,0.3710610866546631,0.08568930625915527
0,ctx,16,1,262144,262144,65536,1000,0,AVERAGE,17661548.333333332,5641524.0,31.942409,0.6805603702863058,0.14788528283437094
0,ctx,16,1,262144,262144,65536,1000,1,datasets/silesia/ooffice,6152192,3047405,49.533646,0.3154745101928711,0.0681009292602539
0,ctx,16,1,262144,262144,65536,1000,1,datasets/silesia/xml,5345280,628021,11.749076,0.23201274871826172,0.02406001091003418
0,ctx,16,1,262144,262144,65536,1000,1,datasets/silesia/mr,9970564,3669801,36.806353,0.5001161098480225,0.1039736270904541
0,ctx,16,1,262144,262144,65536,1000,1,datasets/silesia/nci,33553445,2857058,8.514947,1.126497507095337,0.10388779640197754
0,ctx,16,1,262144,262144,65536,1000,1,datasets/silesia/webster,41458703,11759018,28.363208,1.6450955867767334,0.38338494300842285
0,ctx,16,1,262144,262144,65536,1000,1,datasets/silesia/reymont,6627202,1802335,27.196017,0.39940547943115234,0.06371927261352539
0,ctx,16,1,262144,262144,65536,1000,1,datasets/silesia/dickens,10192446,3742993,36.723207,0.5637204647064209,0.13486862182617188
0,ctx,16,1,262144,262144,65536,1000,1,datasets/silesia/mozilla,51220480,18731143,36.569636,1.7680401802062988,0.349761962890625
0,ctx,16,1,262144,262144,65536,1000,1,datasets/silesia/osdb,10085684,3658593,36.27511,0.42672085762023926,0.08322525024414062
0,ctx,16,1,262144,262144,65536,1000,1,datasets/silesia/x-ray,8474240,5922818,69.892026,0.46138763427734375,0.14127469062805176
0,ctx,16,1,262144,262144,65536,1000,1,datasets/silesia/samba,21606400,5179250,23.970907,0.8072860240936279,0.12383246421813965
0,ctx,16,1,262144,262144,65536,1000,1,datasets/silesia/sao,7251944,5279780,72.80503,0.3753232955932617,0.07899117469787598
0,ctx,16,1,262144,262144,65536,1000,1,AVERAGE,17661548.333333332,5523184.583333333,31.272369,0.7184233665466309,0.1382567286491394
0,ctx,16,1,262144,262144,65536,1000,2,datasets/silesia/ooffice,6152192,3049449,49.56687,0.33701539039611816,0.06862664222717285
0,ctx,16,1,262144,262144,65536,1000,2,datasets/silesia/xml,5345280,619280,11.585548,0.24392008781433105,0.02735137939453125
0,ctx,16,1,262144,262144,65536,1000,2,datasets/silesia/mr,9970564,3683481,36.943557,0.49243903160095215,0.11027669906616211
0,ctx,16,1,262144,262144,65536,1000,2,datasets/silesia/nci,33553445,2765171,8.241094,1.1941797733306885,0.10442161560058594
0,ctx,16,1,262144,262144,65536,1000,2,datasets/silesia/webster,41458703,11706854,28.237386,1.8548455238342285,0.37794017791748047
0,ctx,16,1,262144,262144,65536,1000,2,datasets/silesia/reymont,6627202,1793493,27.062597,0.46727681159973145,0.06528878211975098
0,ctx,16,1,262144,262144,65536,1000,2,datasets/silesia/dickens,10192446,3738756,36.681637,0.6317775249481201,0.1313340663909912
0,ctx,16,1,262144,262144,65536,1000,2,datasets/silesia/mozilla,51220480,18717396,36.542797,1.8370425701141357,0.34650492668151855
0,ctx,16,1,262144,262144,65536,1000,2,datasets/silesia/osdb,10085684,3648675,36.176773,0.4276454448699951,0.08111214637756348
0,ctx,16,1,262144,262144,65536,1000,2,datasets/silesia/x-ray,8474240,5931915,69.999375,0.48717665672302246,0.14241361618041992
0,ctx,16,1,262144,262144,65536,1000,2,datasets/silesia/samba,21606400,5094252,23.577514,0.8461260795593262,0.1239476203918457
0,ctx,16,1,262144,262144,65536,1000,2,datasets/silesia/sao,7251944,5284774,72.873894,0.4043769836425781,0.0816488265991211
0,ctx,16,1,262144,262144,65536,1000,2,AVERAGE,17661548.333333332,5502791.333333333,31.156902,0.7686518232027689,0.13840554157892862
0,ctx,16,1,262144,262144,65536,1000,3,datasets/silesia/ooffice,6152192,3036812,49.361463,0.353238582611084,0.06912684440612793
0,ctx,16,1,262144,262144,65536,1000,3,datasets/silesia/xml,5345280,621045,11.618568,0.27582645416259766,0.024646520614624023
0,ctx,16,1,262144,262144,65536,1000,3,datasets/silesia/mr,9970564,3693175,37.040783,0.6305875778198242,0.10286617279052734
0,ctx,16,1,262144,262144,65536,1000,3,datasets/silesia/nci,33553445,2756373,8.214873,1.121506690979004,0.09749341011047363
0,ctx,16,1,262144,262144,65536,1000,3,datasets/silesia/webster,41458703,11772821,28.396501,1.7981069087982178,0.37603211402893066
0,ctx,16,1,262144,262144,65536,1000,3,datasets/silesia/reymont,6627202,1799180,27.14841,0.5384981632232666,0.06255984306335449
0,ctx,16,1,262144,262144,65536,1000,3,datasets/silesia/dickens,10192446,3788368,37.168389,0.7244119644165039,0.12401151657104492
0,ctx,16,1,262144,262144,65536,1000,3,datasets/silesia/mozilla,51220480,18677885,36.465658,1.887394905090332,0.3347206115722656
0,ctx,16,1,262144,262144,65536,1000,3,datasets/silesia/osdb,10085684,3650225,36.192141,0.4592127799987793,0.0845789909362793
0,ctx,16,1,262144,262144,65536,1000,3,datasets/silesia/x-ray,8474240,5935239,70.038599,0.4509162902832031,0.13945698738098145
0,ctx,16,1,262144,262144,65536,1000,3,datasets/silesia/samba,21606400,5092115,23.567623,0.8754103183746338,0.11902046203613281
0,ctx,16,1,262144,262144,65536,1000,3,datasets/silesia/sao,7251944,5291097,72.961085,0.44092392921447754,0.08202600479125977
0,ctx,16,1,262144,262144,65536,1000,3,AVERAGE,17661548.333333332,5509527.916666667,31.195045,0.7963362137476603,0.1347116231918335
0,ctx,16,1,262144,262144,65536,0,0,datasets/silesia/ooffice,6152192,3099391,50.378646,0.3350989818572998,0.07826423645019531
0,ctx,16,1,262144,262144,65536,0,0,datasets/silesia/xml,5345280,657607,12.302573,0.25736331939697266,0.027010440826416016
0,ctx,16,1,262144,262144,65536,0,0,datasets/silesia/mr,9970564,3654285,36.650735,0.5001163482666016,0.1181952953338623
0,ctx,16,1,262144,262144,65536,0,0,datasets/silesia/nci,33553445,3069246,9.147335,1.1284024715423584,0.11805391311645508
0,ctx,16,1,262144,262144,65536,0,0,datasets/silesia/webster,41458703,11975211,28.884674,1.58640718460083,0.410306453704834
0,ctx,16,1,262144,262144,65536,0,0,datasets/silesia/reymont,6627202,1846835,27.867492,0.37848997116088867,0.07240462303161621
0,ctx,16,1,262144,262144,65536,0,0,datasets/silesia/dickens,10192446,3787032,37.155281,0.5545089244842529,0.14068245887756348
0,ctx,16,1,262144,262144,65536,0,0,datasets/silesia/mozilla,51220480,19186497,37.458643,1.7932062149047852,0.38647007942199707
0,ctx,16,1,262144,262144,65536,0,0,datasets/silesia/osdb,10085684,3749070,37.172194,0.39863038063049316,0.08920884132385254
0,ctx,16,1,262144,262144,65536,0,0,datasets/silesia/x-ray,8474240,5963468,70.371715,0.5018484592437744,0.16422247886657715
0,ctx,16,1,262144,262144,65536,0,0,datasets/silesia/samba,21606400,5302839,24.542909,0.8183858394622803,0.13269472122192383
0,ctx,16,1,262144,262144,65536,0,0,datasets/silesia/sao,7251944,5358629,73.892311,0.3970801830291748,0.08528971672058105
0,ctx,16,1,262144,262144,65536,0,0,AVERAGE,17661548.333333332,5637509.166666667,31.919677,0.7207948565483093,0.15190027157465616
0,ctx,16,1,262144,262144,65536,0,1,datasets/silesia/ooffice,6152192,3046895,49.525356,0.4366891384124756,0.07254338264465332
0,ctx,16,1,262144,262144,65536,0,1,datasets/silesia/xml,5345280,627144,11.732669,0.24090051651000977,0.02271580696105957
0,ctx,16,1,262144,262144,65536,0,1,datasets/silesia/mr,9970564,3672112,36.829531,0.6881682872772217,0.10266470909118652
0,ctx,16,1,262144,262144,65536,0,1,datasets/silesia/nci,33553445,2830803,8.436699,1.1570801734924316,0.1038360595703125
0,ctx,16,1,262144,262144,65536,0,1,datasets/silesia/webster,41458703,11746309,28.332553,1.902796745300293,0.40015125274658203
0,ctx,16,1,262144,262144,65536,0,1,datasets/silesia/reymont,6627202,1796115,27.102162,0.5460386276245117,0.06764864921569824
0,ctx,16,1,262144,262144,65536,0,1,datasets/silesia/dickens,10192446,3739836,36.692233,0.6584072113037109,0.13700437545776367
0,ctx,16,1,262144,262144,65536,0,1,datasets/silesia/mozilla,51220480,18731463,36.570261,2.91477632522583,0.3457636833190918
0,ctx,16,1,262144,262144,65536,0,1,datasets/silesia/osdb,10085684,3658393,36.273127,0.4456753730773926,0.08149862289428711
0,ctx,16,1,262144,262144,65536,0,1,datasets/silesia/x-ray,8474240,5922826,69.89212,0.45404601097106934,0.1437363624572754
0,ctx,16,1,262144,262144,65536,0,1,datasets/silesia/samba,21606400,5179419,23.971689,0.7844247817993164,0.12497067451477051
0,ctx,16,1,262144,262144,65536,0,1,datasets/silesia/sao,7251944,5279695,72.803858,0.3743610382080078,0.07850241661071777
0,ctx,16,1,262144,262144,65536,0,1,AVERAGE,17661548.333333332,5519250.833333333,31.250096,0.8836136857668558,0.14008633295694986
0,ctx,16,1,262144,262144,65536,0,2,datasets/silesia/ooffice,6152192,3048755,49.555589,0.5362892150878906,0.06990694999694824
0,ctx,16,1,262144,262144,65536,0,2,datasets/silesia/xml,5345280,618156,11.56452,0.25472569465637207,0.023189067840576172
0,ctx,16,1,262144,262144,65536,0,2,datasets/silesia/mr,9970564,3677094,36.879498,0.7759842872619629,0.10869336128234863
0,ctx,16,1,262144,262144,65536,0,2,datasets/silesia/nci,33553445,2731262,8.140035,1.4705278873443604,0.10393810272216797
0,ctx,16,1,262144,262144,65536,0,2,datasets/silesia/webster,41458703,11692516,28.202802,1.8629839420318604,0.3736000061035156
0,ctx,16,1,262144,262144,65536,0,2,datasets/silesia/reymont,6627202,1784233,26.92287,0.6747326850891113,0.0641930103302002
0,ctx,16,1,262144,262144,65536,0,2,datasets/silesia/dickens,10192446,3735484,36.649534,0.6753158569335938,0.1255638599395752
0,ctx,16,1,262144,262144,65536,0,2,datasets/silesia/mozilla,51220480,18719999,36.547879,4.313609838485718,0.3416304588317871
0,ctx,16,1,262144,262144,65536,0,2,datasets/silesia/osdb,10085684,3645791,36.148178,0.4651830196380615,0.07983016967773438
0,ctx,16,1,262144,262144,65536,0,2,datasets/silesia/x-ray,8474240,5931919,69.999422,0.46125364303588867,0.1359424591064453
0,ctx,16,1,262144,262144,65536,0,2,datasets/silesia/samba,21606400,5094063,23.576639,0.9682698249816895,0.11858773231506348
0,ctx,16,1,262144,262144,65536,0,2,datasets/silesia/sao,7251944,5284222,72.866282,0.4248487949371338,0.08088135719299316
0,ctx,16,1,262144,262144,65536,0,2,AVERAGE,17661548.333333332,5496957.833333333,31.123873,1.073643724123637,0.1354963779449463
0,ctx,16,1,262144,262144,65536,0,3,datasets/silesia/ooffice,6152192,3036146,49.350638,0.7432749271392822,0.06877017021179199
0,ctx,16,1,262144,262144,65536,0,3,datasets/silesia/xml,5345280,619780,11.594902,0.324143648147583,0.0243527889251709
0,ctx,16,1,262144,262144,65536,0,3,datasets/silesia/mr,9970564,3694702,37.056098,0.993194580078125,0.10807108879089355
0,ctx,16,1,262144,262144,65536,0,3,datasets/silesia/nci,33553445,2721482,8.110887,1.9230396747589111,0.10272669792175293
0,ctx,16,1,262144,262144,65536,0,3,datasets/silesia/webster,41458703,11759057,28.363302,2.12926983833313,0.37181591987609863
0,ctx,16,1,262144,262144,65536,0,3,datasets/silesia/reymont,6627202,1789308,26.999449,0.8363080024719238,0.06546282768249512
0,ctx,16,1,262144,262144,65536,0,3,datasets/silesia/dickens,10192446,3785376,37.139034,0.7763257026672363,0.1322331428527832
0,ctx,16,1,262144,262144,65536,0,3,datasets/silesia/mozilla,51220480,18680875,36.471495,5.904144048690796,0.3418467044830322
0,ctx,16,1,262144,262144,65536,0,3,datasets/silesia/osdb,10085684,3646014,36.150389,0.4881765842437744,0.08058667182922363
0,ctx,16,1,262144,262144,65536,0,3,datasets/silesia/x-ray,8474240,5935238,70.038588,0.4779672622680664,0.13898706436157227
0,ctx,16,1,262144,262144,65536,0,3,datasets/silesia/samba,21606400,5090366,23.559529,1.0944244861602783,0.12137150764465332
0,ctx,16,1,262144,262144,65536,0,3,datasets/silesia/sao,7251944,5289840,72.943751,0.4262094497680664,0.0790250301361084
0,ctx,16,1,262144,262144,65536,0,3,AVERAGE,17661548.333333332,5504015.333333333,31.163832,1.3430398503939311,0.136270801226298
0,ctx,16,1,262144,262144,262144,10,0,datasets/silesia/ooffice,6152192,3157129,51.31714,0.33016228675842285,0.07774567604064941
0,ctx,16,1,262144,262144,262144,10,0,datasets/silesia/xml,5345280,775682,14.511532,0.22356653213500977,0.028883695602416992
0,ctx,16,1,262144,262144,262144,10,0,datasets/silesia/mr,9970564,3725281,37.362791,0.44774317741394043,0.11689114570617676
0,ctx,16,1,262144,262144,262144,10,0,datasets/silesia/nci,33553445,3642796,10.856697,1.0554096698760986,0.12759041786193848
0,ctx,16,1,262144,262144,262144,10,0,datasets/silesia/webster,41458703,13031572,31.432657,1.4657340049743652,0.41222071647644043
0,ctx,16,1,262144,262144,262144,10,0,datasets/silesia/reymont,6627202,2095772,31.623783,0.31662869453430176,0.0710148811340332
0,ctx,16,1,262144,262144,262144,10,0,datasets/silesia/dickens,10192446,4166697,40.880246,0.44742560386657715,0.1358497142791748
0,ctx,16,1,262144,262144,262144,10,0,datasets/silesia/mozilla,51220480,19523221,38.116045,1.6952836513519287,0.3789937496185303
0,ctx,16,1,262144,262144,262144,10,0,datasets/silesia/osdb,10085684,3838554,38.059432,0.4492189884185791,0.09020161628723145
0,ctx,16,1,262144,262144,262144,10,0,datasets/silesia/x-ray,8474240,6007807,70.894936,0.4817490577697754,0.16116762161254883
0,ctx,16,1,262144,262144,262144,10,0,datasets/silesia/samba,21606400,5526207,25.576713,0.7883133888244629,0.13577866554260254
0,ctx,16,1,262144,262144,262144,10,0,datasets/silesia/sao,7251944,5432316,74.908411,0.39180660247802734,0.08748173713684082
0,ctx,16,1,262144,262144,262144,10,0,AVERAGE,17661548.333333332,5910252.833333333,33.463956,0.6744201382001241,0.151984969774882
0,ctx,16,1,262144,262144,262144,10,1,datasets/silesia/ooffice,6152192,3105981,50.485762,0.32718563079833984,0.06933045387268066
0,ctx,16,1,262144,262144,262144,10,1,datasets/silesia/xml,5345280,732831,13.709871,0.23224568367004395,0.02799391746520996
0,ctx,16,1,262144,262144,262144,10,1,datasets/silesia/mr,9970564,3787447,37.986286,0.40520548820495605,0.10535311698913574
0,ctx,16,1,262144,262144,262144,10,1,datasets/silesia/nci,33553445,3333624,9.935266,1.0384492874145508,0.11913418769836426
0,ctx,16,1,262144,262144,262144,10,1,datasets/silesia/webster,41458703,12730882,30.707381,1.4186286926269531,0.3922252655029297
0,ctx,16,1,262144,262144,262144,10,1,datasets/silesia/reymont,6627202,2034251,30.695473,0.29804158210754395,0.06372666358947754
0,ctx,16,1,262144,262144,262144,10,1,datasets/silesia/dickens,10192446,4110797,40.331801,0.438523530960083,0.12872576713562012
0,ctx,16,1,262144,262144,262144,10,1,datasets/silesia/mozilla,51220480,19098399,37.286646,1.7213585376739502,0.3458108901977539
0,ctx,16,1,262144,262144,262144,10,1,datasets/silesia/osdb,10085684,3800893,37.686021,0.38385772705078125,0.08257389068603516
0,ctx,16,1,262144,262144,262144,10,1,datasets/silesia/x-ray,8474240,5996239,70.758428,0.45365118980407715,0.14031481742858887
0,ctx,16,1,262144,262144,262144,10,1,datasets/silesia/samba,21606400,5385329,24.924694,0.7588653564453125,0.12366271018981934
0,ctx,16,1,262144,262144,262144,10,1,datasets/silesia/sao,7251944,5388812,74.308516,0.3557586669921875,0.07643294334411621
0,ctx,16,1,262144,262144,262144,10,1,AVERAGE,17661548.333333332,5792123.75,32.795107,0.6526476144790649,0.13960705200831094
0,ctx,16,1,262144,262144,262144,10,2,datasets/silesia/ooffice,6152192,3111708,50.578851,0.2988104820251465,0.06681180000305176
0,ctx,16,1,262144,262144,262144,10,2,datasets/silesia/xml,5345280,716897,13.411776,0.2368011474609375,0.02669382095336914
0,ctx,16,1,262144,262144,262144,10,2,datasets/silesia/mr,9970564,3810895,38.221459,0.41555142402648926,0.10541129112243652
0,ctx,16,1,262144,262144,262144,10,2,datasets/silesia/nci,33553445,3220514,9.598162,1.028850793838501,0.11327505111694336
0,ctx,16,1,262144,262144,262144,10,2,datasets/silesia/webster,41458703,12656758,30.528591,1.3502075672149658,0.3782012462615967
0,ctx,16,1,262144,262144,262144,10,2,datasets/silesia/reymont,6627202,2039271,30.771221,0.27326416969299316,0.06995344161987305
0,ctx,16,1,262144,262144,262144,10,2,datasets/silesia/dickens,10192446,4095259,40.179354,0.411670446395874,0.12834477424621582
0,ctx,16,1,262144,262144,262144,10,2,datasets/silesia/mozilla,51220480,19093778,37.277624,1.7020893096923828,0.33387064933776855
0,ctx,16,1,262144,262144,262144,10,2,datasets/silesia/osdb,10085684,3762889,37.30921,0.4172518253326416,0.0779426097869873
0,ctx,16,1,262144,262144,262144,10,2,datasets/silesia/x-ray,8474240,6012557,70.950988,0.4424924850463867,0.13411712646484375
0,ctx,16,1,262144,262144,262144,10,2,datasets/silesia/samba,21606400,5293223,24.498403,0.7500972747802734,0.12059712409973145
0,ctx,16,1,262144,262144,262144,10,2,datasets/silesia/sao,7251944,5435087,74.946621,0.3469412326812744,0.08016443252563477
0,ctx,16,1,262144,262144,262144,10,2,AVERAGE,17661548.333333332,5770736.333333333,32.674011,0.6395023465156555,0.136281947294871
0,ctx,16,1,262144,262144,262144,10,3,datasets/silesia/ooffice,6152192,3098417,50.362814,0.3011608123779297,0.06708955764770508
0,ctx,16,1,262144,262144,262144,10,3,datasets/silesia/xml,5345280,715545,13.386483,0.2307279109954834,0.026990652084350586
0,ctx,16,1,262144,262144,262144,10,3,datasets/silesia/mr,9970564,3837208,38.485366,0.43412208557128906,0.09877467155456543
0,ctx,16,1,262144,262144,262144,10,3,datasets/silesia/nci,33553445,3226033,9.61461,1.0465214252471924,0.11089015007019043
0,ctx,16,1,262144,262144,262144,10,3,datasets/silesia/webster,41458703,12671835,30.564958,1.4615132808685303,0.3754086494445801
0,ctx,16,1,262144,262144,262144,10,3,datasets/silesia/reymont,6627202,2042662,30.822389,0.30304694175720215,0.06434988975524902
0,ctx,16,1,262144,262144,262144,10,3,datasets/silesia/dickens,10192446,4125215,40.473258,0.48133325576782227,0.12381315231323242
0,ctx,16,1,262144,262144,262144,10,3,datasets/silesia/mozilla,51220480,19038692,37.170077,1.715561866760254,0.3348419666290283
0,ctx,16,1,262144,262144,262144,10,3,datasets/silesia/osdb,10085684,3750929,37.190626,0.40278148651123047,0.07848215103149414
0,ctx,16,1,262144,262144,262144,10,3,datasets/silesia/x-ray,8474240,6020239,71.041639,0.42467403411865234,0.13777971267700195
0,ctx,16,1,262144,262144,262144,10,3,datasets/silesia/samba,21606400,5280837,24.441078,0.7593381404876709,0.11379432678222656
0,ctx,16,1,262144,262144,262144,10,3,datasets/silesia/sao,7251944,5430231,74.87966,0.38009190559387207,0.0763251781463623
0,ctx,16,1,262144,262144,262144,10,3,AVERAGE,17661548.333333332,5769820.25,32.668825,0.6617394288380941,0.13404500484466553
0,ctx,16,1,262144,262144,262144,1000,0,datasets/silesia/ooffice,6152192,3100045,50.389276,0.3404383659362793,0.07994699478149414
0,ctx,16,1,262144,262144,262144,1000,0,datasets/silesia/xml,5345280,658307,12.315669,0.24323439598083496,0.025992870330810547
0,ctx,16,1,262144,262144,262144,1000,0,datasets/silesia/mr,9970564,3654851,36.656412,0.47173380851745605,0.11892962455749512
0,ctx,16,1,262144,262144,262144,1000,0,datasets/silesia/nci,33553445,3088658,9.205189,1.088202714920044,0.11486220359802246
0,ctx,16,1,262144,262144,262144,1000,0,datasets/silesia/webster,41458703,11987150,28.913471,1.4223966598510742,0.40546321868896484
0,ctx,16,1,262144,262144,262144,1000,0,datasets/silesia/reymont,6627202,1853032,27.961001,0.3402550220489502,0.07213783264160156
0,ctx,16,1,262144,262144,262144,1000,0,datasets/silesia/dickens,10192446,3789820,37.182635,0.48616504669189453,0.13833355903625488
0,ctx,16,1,262144,262144,262144,1000,0,datasets/silesia/mozilla,51220480,19190477,37.466414,1.6649196147918701,0.389507532119751
0,ctx,16,1,262144,262144,262144,1000,0,datasets/silesia/osdb,10085684,3749077,37.172263,0.4028339385986328,0.0873410701751709
0,ctx,16,1,262144,262144,262144,1000,0,datasets/silesia/x-ray,8474240,5963468,70.371715,0.4685647487640381,0.15205860137939453
0,ctx,16,1,262144,262144,262144,1000,0,datasets/silesia/samba,21606400,5304771,24.55185,0.8118276596069336,0.1311941146850586
0,ctx,16,1,262144,262144,262144,1000,0,datasets/silesia/sao,7251944,5358632,73.892352,0.3949868679046631,0.08461451530456543
0,ctx,16,1,262144,262144,262144,1000,0,AVERAGE,17661548.333333332,5641524.0,31.942409,0.6779632369677225,0.150031844774882
0,ctx,16,1,262144,262144,262144,1000,1,datasets/silesia/ooffice,6152192,3047405,49.533646,0.3316800594329834,0.0728600025177002
0,ctx,16,1,262144,262144,262144,1000,1,datasets/silesia/xml,5345280,628021,11.749076,0.22536969184875488,0.025356292724609375
0,ctx,16,1,262144,262144,262144,1000,1,datasets/silesia/mr,9970564,3669801,36.806353,0.5072588920593262,0.1034691333770752
0,ctx,16,1,262144,262144,262144,1000,1,datasets/silesia/nci,33553445,2857058,8.514947,1.0954647064208984,0.1060495376586914
0,ctx,16,1,262144,262144,262144,1000,1,datasets/silesia/webster,41458703,11759018,28.363208,1.6199440956115723,0.39081907272338867
0,ctx,16,1,262144,262144,262144,1000,1,datasets/silesia/reymont,6627202,1802335,27.196017,0.41483163833618164,0.06383633613586426
0,ctx,16,1,262144,262144,262144,1000,1,datasets/silesia/dickens,10192446,3742993,36.723207,0.5374059677124023,0.1324617862701416
0,ctx,16,1,262144,262144,262144,1000,1,datasets/silesia/mozilla,51220480,18731143,36.569636,1.685234546661377,0.35218358039855957
0,ctx,16,1,262144,262144,262144,1000,1,datasets/silesia/osdb,10085684,3658593,36.27511,0.46742844581604004,0.08318400382995605
0,ctx,16,1,262144,262144,262144,1000,1,datasets/silesia/x-ray,8474240,5922818,69.892026,0.44589877128601074,0.14112091064453125
0,ctx,16,1,262144,262144,262144,1000,1,datasets/silesia/samba,21606400,5179250,23.970907,0.8005845546722412,0.12755513191223145
0,ctx,16,1,262144,262144,262144,1000,1,datasets/silesia/sao,7251944,5279780,72.80503,0.39061665534973145,0.08200192451477051
0,ctx,16,1,262144,262144,262144,1000,1,AVERAGE,17661548.333333332,5523184.583333333,31.272369,0.7101431687672933,0.1400748093922933
0,ctx,16,1,262144,262144,262144,1000,2,datasets/silesia/ooffice,6152192,3049449,49.56687,0.36414504051208496,0.06902265548706055
0,ctx,16,1,262144,262144,262144,1000,2,datasets/silesia/xml,5345280,619280,11.585548,0.2506387233734131,0.025117874145507812
0,ctx,16,1,262144,262144,262144,1000,2,datasets/silesia/mr,9970564,3683481,36.943557,0.4950728416442871,0.09905672073364258
0,ctx,16,1,262144,262144,262144,1000,2,datasets/silesia/nci,33553445,2765171,8.241094,1.11263108253479,0.11010909080505371
0,ctx,16,1,262144,262144,262144,1000,2,datasets/silesia/webster,41458703,11706854,28.237386,1.6676037311553955,0.3684566020965576
0,ctx,16,1,262144,262144,262144,1000,2,datasets/silesia/reymont,6627202,1793493,27.062597,0.4580211639404297,0.0633840560913086
0,ctx,16,1,262144,262144,262144,1000,2,datasets/silesia/dickens,10192446,3738756,36.681637,0.6181402206420898,0.12724685668945312
0,ctx,16,1,262144,262144,262144,1000,2,datasets/silesia/mozilla,51220480,18717396,36.542797,1.8202075958251953,0.3372538089752197
0,ctx,16,1,262144,262144,262144,1000,2,datasets/silesia/osdb,10085684,3648675,36.176773,0.45673489570617676,0.07841730117797852
0,ctx,16,1,262144,262144,262144,1000,2,datasets/silesia/x-ray,8474240,5931915,69.999375,0.4826197624206543,0.14010024070739746
0,ctx,16,1,262144,262144,262144,1000,2,datasets/silesia/samba,21606400,5094252,23.577514,0.813450813293457,0.1206972599029541
0,ctx,16,1,262144,262144,262144,1000,2,datasets/silesia/sao,7251944,5284774,72.873894,0.408191442489624,0.07907366752624512
0,ctx,16,1,262144,262144,262144,1000,2,AVERAGE,17661548.333333332,5502791.333333333,31.156902,0.7456214427947998,0.1348280111948649
0,ctx,16,1,262144,262144,262144,1000,3,datasets/silesia/ooffice,6152192,3036812,49.361463,0.36524224281311035,0.06556558609008789
0,ctx,16,1,262144,262144,262144,1000,3,datasets/silesia/xml,5345280,621045,11.618568,0.2630763053894043,0.025301218032836914
0,ctx,16,1,262144,262144,262144,1000,3,datasets/silesia/mr,9970564,3693175,37.040783,0.6270291805267334,0.1031181812286377
0,ctx,16,1,262144,262144,262144,1000,3,datasets/silesia/nci,33553445,2756373,8.214873,1.142853021621704,0.0980370044708252
0,ctx,16,1,262144,262144,262144,1000,3,datasets/silesia/webster,41458703,11772821,28.396501,1.877565622329712,0.3698587417602539
0,ctx,16,1,262144,262144,262144,1000,3,datasets/silesia/reymont,6627202,1799180,27.14841,0.555962324142456,0.06401658058166504
0,ctx,16,1,262144,262144,262144,1000,3,datasets/silesia/dickens,10192446,3788368,37.168389,0.729877233505249,0.12696361541748047
0,ctx,16,1,262144,262144,262144,1000,3,datasets/silesia/mozilla,51220480,18677885,36.465658,1.9255220890045166,0.3431065082550049
0,ctx,16,1,262144,262144,262144,1000,3,datasets/silesia/osdb,10085684,3650225,36.192141,0.4644320011138916,0.08397507667541504
0,ctx,16,1,262144,262144,262144,1000,3,datasets/silesia/x-ray,8474240,5935239,70.038599,0.4675638675689697,0.1376051902770996
0,ctx,16,1,262144,262144,262144,1000,3,datasets/silesia/samba,21606400,5092115,23.567623,0.8945486545562744,0.11779522895812988
0,ctx,16,1,262144,262144,262144,1000,3,datasets/silesia/sao,7251944,5291097,72.961085,0.4374678134918213,0.07856988906860352
0,ctx,16,1,262144,262144,262144,1000,3,AVERAGE,17661548.333333332,5509527.916666667,31.195045,0.8125950296719869,0.13449273506800333
0,ctx,16,1,262144,262144,262144,0,0,datasets/silesia/ooffice,6152192,3099391,50.378646,0.349653959274292,0.07543706893920898
0,ctx,16,1,262144,262144,262144,0,0,datasets/silesia/xml,5345280,657607,12.302573,0.2254953384399414,0.025678157806396484
0,ctx,16,1,262144,262144,262144,0,0,datasets/silesia/mr,9970564,3654285,36.650735,0.4870731830596924,0.11930251121520996
0,ctx,16,1,262144,262144,262144,0,0,datasets/silesia/nci,33553445,3069246,9.147335,1.1140098571777344,0.11831283569335938
0,ctx,16,1,262144,262144,262144,0,0,datasets/silesia/webster,41458703,11975211,28.884674,1.606151819229126,0.40227580070495605
0,ctx,16,1,262144,262144,262144,0,0,datasets/silesia/reymont,6627202,1846835,27.867492,0.38692212104797363,0.0681312084197998
0,ctx,16,1,262144,262144,262144,0,0,datasets/silesia/dickens,10192446,3787032,37.155281,0.5599370002746582,0.1324326992034912
0,ctx,16,1,262144,262144,262144,0,0,datasets/silesia/mozilla,51220480,19186497,37.458643,1.8382813930511475,0.38471436500549316
0,ctx,16,1,262144,262144,262144,0,0,datasets/silesia/osdb,10085684,3749070,37.172194,0.3914642333984375,0.08732891082763672
0,ctx,16,1,262144,262144,262144,0,0,datasets/silesia/x-ray,8474240,5963468,70.371715,0.45180392265319824,0.1558692455291748
0,ctx,16,1,262144,262144,262144,0,0,datasets/silesia/samba,21606400,5302839,24.542909,0.7543659210205078,0.13702011108398438
0,ctx,16,1,262144,262144,262144,0,0,datasets/silesia/sao,7251944,5358629,73.892311,0.41487550735473633,0.0866086483001709
0,ctx,16,1,262144,262144,262144,0,0,AVERAGE,17661548.333333332,5637509.166666667,31.919677,0.7150028546651205,0.14942596356074014
0,ctx,16,1,262144,262144,262144,0,1,datasets/silesia/ooffice,6152192,3046895,49.525356,0.4301872253417969,0.06958222389221191
0,ctx,16,1,262144,262144,262144,0,1,datasets/silesia/xml,5345280,627144,11.732669,0.24159598350524902,0.024347782135009766
0,ctx,16,1,262144,262144,262144,0,1,datasets/silesia/mr,9970564,3672112,36.829531,0.7102758884429932,0.10045528411865234
0,ctx,16,1,262144,262144,262144,0,1,datasets/silesia/nci,33553445,2830803,8.436699,1.2048616409301758,0.11195731163024902
0,ctx,16,1,262144,262144,262144,0,1,datasets/silesia/webster,41458703,11746309,28.332553,1.7270095348358154,0.38655781745910645
0,ctx,16,1,262144,262144,262144,0,1,datasets/silesia/reymont,6627202,1796115,27.102162,0.5255327224731445,0.06823563575744629
0,ctx,16,1,262144,262144,262144,0,1,datasets/silesia/dickens,10192446,3739836,36.692233,0.5832624435424805,0.13007044792175293
0,ctx,16,1,262144,262144,262144,0,1,datasets/silesia/mozilla,51220480,18731463,36.570261,2.656594753265381,0.34919023513793945
0,ctx,16,1,262144,262144,262144,0,1,datasets/silesia/osdb,10085684,3658393,36.273127,0.453488826751709,0.08481979370117188
0,ctx,16,1,262144,262144,262144,0,1,datasets/silesia/x-ray,8474240,5922826,69.89212,0.4595935344696045,0.14142274856567383
0,ctx,16,1,262144,262144,262144,0,1,datasets/silesia/samba,21606400,5179419,23.971689,0.8289802074432373,0.127335786819458
0,ctx,16,1,262144,262144,262144,0,1,datasets/silesia/sao,7251944,5279695,72.803858,0.3870089054107666,0.08157491683959961
0,ctx,16,1,262144,262144,262144,0,1,AVERAGE,17661548.333333332,5519250.833333333,31.250096,0.8506993055343628,0.13962916533152261
0,ctx,16,1,262144,262144,262144,0,2,datasets/silesia/ooffice,6152192,3048755,49.555589,0.5424792766571045,0.06816530227661133
0,ctx,16,1,262144,262144,262144,0,2,datasets/silesia/xml,5345280,618156,11.56452,0.2598414421081543,0.02631354331970215
0,ctx,16,1,262144,262144,262144,0,2,datasets/silesia/mr,9970564,3677094,36.879498,0.7913141250610352,0.10120439529418945
0,ctx,16,1,262144,262144,262144,0,2,datasets/silesia/nci,33553445,2731262,8.140035,1.4629664421081543,0.09919333457946777
0,ctx,16,1,262144,262144,262144,0,2,datasets/silesia/webster,41458703,11692516,28.202802,1.8679862022399902,0.37148237228393555
0,ctx,16,1,262144,262144,262144,0,2,datasets/silesia/reymont,6627202,1784233,26.92287,0.6750552654266357,0.061542510986328125
0,ctx,16,1,262144,262144,262144,0,2,datasets/silesia/dickens,10192446,3735484,36.649534,0.7002103328704834,0.12774348258972168
0,ctx,16,1,262144,262144,262144,0,2,datasets/silesia/mozilla,51220480,18719999,36.547879,4.173370361328125,0.34078192710876465
0,ctx,16,1,262144,262144,262144,0,2,datasets/silesia/osdb,10085684,3645791,36.148178,0.4921588897705078,0.07822132110595703
0,ctx,16,1,262144,262144,262144,0,2,datasets/silesia/x-ray,8474240,5931919,69.999422,0.505382776260376,0.13720393180847168
0,ctx,16,1,262144,262144,262144,0,2,datasets/silesia/samba,21606400,5094063,23.576639,0.9742565155029297,0.11977481842041016
0,ctx,16,1,262144,262144,262144,0,2,datasets/silesia/sao,7251944,5284222,72.866282,0.4385871887207031,0.07648301124572754
0,ctx,16,1,262144,262144,262144,0,2,AVERAGE,17661548.333333332,5496957.833333333,31.123873,1.0736340681711833,0.13400916258494058
0,ctx,16,1,262144,262144,262144,0,3,datasets/silesia/ooffice,6152192,3036146,49.350638,0.7026808261871338,0.06728196144104004
0,ctx,16,1,262144,262144,262144,0,3,datasets/silesia/xml,5345280,619780,11.594902,0.3166182041168213,0.023592233657836914
0,ctx,16,1,262144,262144,262144,0,3,datasets/silesia/mr,9970564,3694702,37.056098,1.0177044868469238,0.1024014949798584
0,ctx,16,1,262144,262144,262144,0,3,datasets/silesia/nci,33553445,2721482,8.110887,1.9373161792755127,0.09700441360473633
0,ctx,16,1,262144,262144,262144,0,3,datasets/silesia/webster,41458703,11759057,28.363302,2.140305757522583,0.365936279296875
0,ctx,16,1,262144,262144,262144,0,3,datasets/silesia/reymont,6627202,1789308,26.999449,0.8228046894073486,0.0631706714630127
0,ctx,16,1,262144,262144,262144,0,3,datasets/silesia/dickens,10192446,3785376,37.139034,0.7768154144287109,0.12733840942382812
0,ctx,16,1,262144,262144,262144,0,3,datasets/silesia/mozilla,51220480,18680875,36.471495,5.8448896408081055,0.3361637592315674
0,ctx,16,1,262144,262144,262144,0,3,datasets/silesia/osdb,10085684,3646014,36.150389,0.5058023929595947,0.08212614059448242
0,ctx,16,1,262144,262144,262144,0,3,datasets/silesia/x-ray,8474240,5935238,70.038588,0.46366453170776367,0.14122772216796875
0,ctx,16,1,262144,262144,262144,0,3,datasets/silesia/samba,21606400,5090366,23.559529,1.0712940692901611,0.11962771415710449
0,ctx,16,1,262144,262144,262144,0,3,datasets/silesia/sao,7251944,5289840,72.943751,0.45543813705444336,0.07812023162841797
0,ctx,16,1,262144,262144,262144,0,3,AVERAGE,17661548.333333332,5504015.333333333,31.163832,1.3379445274670918,0.13366591930389404
0,ctx,16,1,1048576,65536,65536,10,0,datasets/silesia/ooffice,6152192,3154607,51.276147,0.21851825714111328,0.07513999938964844
0,ctx,16,1,1048576,65536,65536,10,0,datasets/silesia/xml,5345280,791507,14.807587,0.10361528396606445,0.02987813949584961
0,ctx,16,1,1048576,65536,65536,10,0,datasets/silesia/mr,9970564,3700847,37.11773,0.28885936737060547,0.11722326278686523
0,ctx,16,1,1048576,65536,65536,10,0,datasets/silesia/nci,33553445,3598753,10.725435,0.4050405025482178,0.1188971996307373
0,ctx,16,1,1048576,65536,65536,10,0,datasets/silesia/webster,41458703,12950796,31.237822,0.8726372718811035,0.410447359085083
0,ctx,16,1,1048576,65536,65536,10,0,datasets/silesia/reymont,6627202,2080447,31.392539,0.19690299034118652,0.0749061107635498
0,ctx,16,1,1048576,65536,65536,10,0,datasets/silesia/dickens,10192446,4146178,40.67893,0.33030152320861816,0.13797354698181152
0,ctx,16,1,1048576,65536,65536,10,0,datasets/silesia/mozilla,51220480,19701927,38.46494,0.971071720123291,0.38105297088623047
0,ctx,16,1,1048576,65536,65536,10,0,datasets/silesia/osdb,10085684,3703882,36.724153,0.283855676651001,0.09062051773071289
0,ctx,16,1,1048576,65536,65536,10,0,datasets/silesia/x-ray,8474240,5962721,70.3629,0.35932159423828125,0.16312026977539062
0,ctx,16,1,1048576,65536,65536,10,0,datasets/silesia/samba,21606400,5604724,25.94011,0.45596766471862793,0.13832855224609375
0,ctx,16,1,1048576,65536,65536,10,0,datasets/silesia/sao,7251944,5403012,74.504326,0.2993330955505371,0.09271383285522461
0,ctx,16,1,1048576,65536,65536,10,0,AVERAGE,17661548.333333332,5899950.083333333,33.405622,0.39878541231155396,0.15252514680226645
0,ctx,16,1,1048576,65536,65536,10,1,datasets/silesia/ooffice,6152192,3109885,50.549219,0.20338869094848633,0.0686039924621582
0,ctx,16,1,1048576,65536,65536,10,1,datasets/silesia/xml,5345280,752049,14.069403,0.1097412109375,0.028493165969848633
0,ctx,16,1,1048576,65536,65536,10,1,datasets/silesia/mr,9970564,3767678,37.788013,0.2755730152130127,0.1132967472076416
0,ctx,16,1,1048576,65536,65536,10,1,datasets/silesia/nci,33553445,3287614,9.798141,0.42475295066833496,0.10953021049499512
0,ctx,16,1,1048576,65536,65536,10,1,datasets/silesia/webster,41458703,12657827,30.53117,0.9071943759918213,0.3874387741088867
0,ctx,16,1,1048576,65536,65536,10,1,datasets/silesia/reymont,6627202,2020034,30.480948,0.1817951202392578,0.0655820369720459
0,ctx,16,1,1048576,65536,65536,10,1,datasets/silesia/dickens,10192446,4092142,40.148773,0.34136009216308594,0.12873315811157227
0,ctx,16,1,1048576,65536,65536,10,1,datasets/silesia/mozilla,51220480,19325091,37.729227,0.882986307144165,0.3452785015106201
0,ctx,16,1,1048576,65536,65536,10,1,datasets/silesia/osdb,10085684,3664681,36.335473,0.24082398414611816,0.08758759498596191
0,ctx,16,1,1048576,65536,65536,10,1,datasets/silesia/x-ray,8474240,5957237,70.298186,0.33749938011169434,0.14657139778137207
0,ctx,16,1,1048576,65536,65536,10,1,datasets/silesia/samba,21606400,5455564,25.249759,0.40973591804504395,0.1304483413696289
0,ctx,16,1,1048576,65536,65536,10,1,datasets/silesia/sao,7251944,5371381,74.068153,0.25237131118774414,0.08790731430053711
0,ctx,16,1,1048576,65536,65536,10,1,AVERAGE,17661548.333333332,5788431.916666667,32.774204,0.3806018630663554,0.1416226029396057
0,ctx,16,1,1048576,65536,65536,10,2,datasets/silesia/ooffice,6152192,3118329,50.686471,0.19742131233215332,0.06772208213806152
0,ctx,16,1,1048576,65536,65536,10,2,datasets/silesia/xml,5345280,738564,13.817125,0.11011219024658203,0.028884410858154297
0,ctx,16,1,1048576,65536,65536,10,2,datasets/silesia/mr,9970564,3793154,38.043525,0.27715373039245605,0.11564207077026367
0,ctx,16,1,1048576,65536,65536,10,2,datasets/silesia/nci,33553445,3176601,9.467287,0.41568756103515625,0.11587357521057129
0,ctx,16,1,1048576,65536,65536,10,2,datasets/silesia/webster,41458703,12593299,30.375526,0.8829567432403564,0.3934192657470703
0,ctx,16,1,1048576,65536,65536,10,2,datasets/silesia/reymont,6627202,2026910,30.584702,0.19173407554626465,0.06766438484191895
0,ctx,16,1,1048576,65536,65536,10,2,datasets/silesia/dickens,10192446,4079118,40.020992,0.3315858840942383,0.13013792037963867
0,ctx,16,1,1048576,65536,65536,10,2,datasets/silesia/mozilla,51220480,19333311,37.745275,0.8852593898773193,0.34479475021362305
0,ctx,16,1,1048576,65536,65536,10,2,datasets/silesia/osdb,10085684,3618331,35.875911,0.24212121963500977,0.08597135543823242
0,ctx,16,1,1048576,65536,65536,10,2,datasets/silesia/x-ray,8474240,5971198,70.462932,0.3405435085296631,0.14637970924377441
0,ctx,16,1,1048576,65536,65536,10,2,datasets/silesia/samba,21606400,5380579,24.902709,0.39057421684265137,0.12665700912475586
0,ctx,16,1,1048576,65536,65536,10,2,datasets/silesia/sao,7251944,5415635,74.67839,0.25702762603759766,0.08369278907775879
0,ctx,16,1,1048576,65536,65536,10,2,AVERAGE,17661548.333333332,5770419.083333333,32.672215,0.37684812148412067,0.14223661025365195
0,ctx,16,1,1048576,65536,65536,10,3,datasets/silesia/ooffice,6152192,3104418,50.460356,0.21255707740783691,0.06826639175415039
0,ctx,16,1,1048576,65536,65536,10,3,datasets/silesia/xml,5345280,737023,13.788295,0.10373353958129883,0.02836894989013672
0,ctx,16,1,1048576,65536,65536,10,3,datasets/silesia/mr,9970564,3819564,38.308405,0.28526806831359863,0.11337614059448242
0,ctx,16,1,1048576,65536,65536,10,3,datasets/silesia/nci,33553445,3178366,9.472547,0.3981795310974121,0.11442923545837402
0,ctx,16,1,1048576,65536,65536,10,3,datasets/silesia/webster,41458703,12614177,30.425884,0.8537092208862305,0.3908374309539795
0,ctx,16,1,1048576,65536,65536,10,3,datasets/silesia/reymont,6627202,2031416,30.652695,0.2111680507659912,0.06850504875183105
0,ctx,16,1,1048576,65536,65536,10,3,datasets/silesia/dickens,10192446,4110942,40.333223,0.30115222930908203,0.12730836868286133
0,ctx,16,1,1048576,65536,65536,10,3,datasets/silesia/mozilla,51220480,19274239,37.629946,0.9464700222015381,0.34188151359558105
0,ctx,16,1,1048576,65536,65536,10,3,datasets/silesia/osdb,10085684,3615460,35.847445,0.2521963119506836,0.08432602882385254
0,ctx,16,1,1048576,65536,65536,10,3,datasets/silesia/x-ray,8474240,5975277,70.511066,0.37396931648254395,0.14639878273010254
0,ctx,16,1,1048576,65536,65536,10,3,datasets/silesia/samba,21606400,5374437,24.874283,0.41080212593078613,0.1293468475341797
0,ctx,16,1,1048576,65536,65536,10,3,datasets/silesia/sao,7251944,5412930,74.641089,0.2513737678527832,0.09574413299560547
0,ctx,16,1,1048576,65536,65536,10,3,AVERAGE,17661548.333333332,5770687.416666667,32.673735,0.38338160514831543,0.14239907264709473
0,ctx,16,1,1048576,65536,65536,1000,0,datasets/silesia/ooffice,6152192,3099217,50.375817,0.23492026329040527,0.07980561256408691
0,ctx,16,1,1048576,65536,65536,1000,0,datasets/silesia/xml,5345280,677378,12.672451,0.1270756721496582,0.02929067611694336
0,ctx,16,1,1048576,65536,65536,1000,0,datasets/silesia/mr,9970564,3617098,36.277767,0.33475780487060547,0.1313169002532959
0,ctx,16,1,1048576,65536,65536,1000,0,datasets/silesia/nci,33553445,3095431,9.225375,0.3921797275543213,0.1215353012084961
0,ctx,16,1,1048576,65536,65536,1000,0,datasets/silesia/webster,41458703,11975204,28.884657,1.0542714595794678,0.4122641086578369
0,ctx,16,1,1048576,65536,65536,1000,0,datasets/silesia/reymont,6627202,1842688,27.804917,0.24862885475158691,0.07294058799743652
0,ctx,16,1,1048576,65536,65536,1000,0,datasets/silesia/dickens,10192446,3787834,37.16315,0.4010777473449707,0.1429293155670166
0,ctx,16,1,1048576,65536,65536,1000,0,datasets/silesia/mozilla,51220480,19355081,37.787777,1.0288732051849365,0.3879673480987549
0,ctx,16,1,1048576,65536,65536,1000,0,datasets/silesia/osdb,10085684,3638497,36.075858,0.28870630264282227,0.09069299697875977
0,ctx,16,1,1048576,65536,65536,1000,0,datasets/silesia/x-ray,8474240,5925280,69.921078,0.39786362648010254,0.1634056568145752
0,ctx,16,1,1048576,65536,65536,1000,0,datasets/silesia/samba,21606400,5382746,24.912739,0.42278122901916504,0.1387495994567871
0,ctx,16,1,1048576,65536,65536,1000,0,datasets/silesia/sao,7251944,5331894,73.523651,0.2789003849029541,0.09418463706970215
0,ctx,16,1,1048576,65536,65536,1000,0,AVERAGE,17661548.333333332,5644029.0,31.956592,0.4341696898142497,0.15542356173197427
0,ctx,16,1,1048576,65536,65536,1000,1,datasets/silesia/ooffice,6152192,3052696,49.619648,0.24542236328125,0.07222342491149902
0,ctx,16,1,1048576,65536,65536,1000,1,datasets/silesia/xml,5345280,648026,12.123331,0.14229321479797363,0.0286257266998291
0,ctx,16,1,1048576,65536,65536,1000,1,datasets/silesia/mr,9970564,3643385,36.541413,0.42778730392456055,0.11020088195800781
0,ctx,16,1,1048576,65536,65536,1000,1,datasets/silesia/nci,33553445,2865108,8.538938,0.4145936965942383,0.10831642150878906
0,ctx,16,1,1048576,65536,65536,1000,1,datasets/silesia/webster,41458703,11750971,28.343798,0.9854662418365479,0.4040372371673584
0,ctx,16,1,1048576,65536,65536,1000,1,datasets/silesia/reymont,6627202,1795309,27.09,0.350233793258667,0.07177281379699707
0,ctx,16,1,1048576,65536,65536,1000,1,datasets/silesia/dickens,10192446,3743449,36.72768,0.43373656272888184,0.13909649848937988
0,ctx,16,1,1048576,65536,65536,1000,1,datasets/silesia/mozilla,51220480,18951924,37.000676,0.9264767169952393,0.3527536392211914
0,ctx,16,1,1048576,65536,65536,1000,1,datasets/silesia/osdb,10085684,3534853,35.048223,0.2735769748687744,0.08329939842224121
0,ctx,16,1,1048576,65536,65536,1000,1,datasets/silesia/x-ray,8474240,5903501,69.664076,0.3424088954925537,0.1541457176208496
0,ctx,16,1,1048576,65536,65536,1000,1,datasets/silesia/samba,21606400,5253861,24.316226,0.45058536529541016,0.13052916526794434
0,ctx,16,1,1048576,65536,65536,1000,1,datasets/silesia/sao,7251944,5269860,72.668239,0.27054619789123535,0.08474159240722656
0,ctx,16,1,1048576,65536,65536,1000,1,AVERAGE,17661548.333333332,5534411.916666667,31.335938,0.43859394391377765,0.14497854312260947
0,ctx,16,1,1048576,65536,65536,1000,2,datasets/silesia/ooffice,6152192,3057250,49.69367,0.26474833488464355,0.06847858428955078
0,ctx,16,1,1048576,65536,65536,1000,2,datasets/silesia/xml,5345280,640613,11.984648,0.15177536010742188,0.024784088134765625
0,ctx,16,1,1048576,65536,65536,1000,2,datasets/silesia/mr,9970564,3653492,36.642782,0.44620442390441895,0.11025142669677734
0,ctx,16,1,1048576,65536,65536,1000,2,datasets/silesia/nci,33553445,2773224,8.265095,0.46451854705810547,0.0990610122680664
0,ctx,16,1,1048576,65536,65536,1000,2,datasets/silesia/webster,41458703,11706995,28.237726,1.0313389301300049,0.3795199394226074
0,ctx,16,1,1048576,65536,65536,1000,2,datasets/silesia/reymont,6627202,1788887,26.993096,0.3937380313873291,0.06483054161071777
0,ctx,16,1,1048576,65536,65536,1000,2,datasets/silesia/dickens,10192446,3743511,36.728289,0.4438033103942871,0.12553048133850098
0,ctx,16,1,1048576,65536,65536,1000,2,datasets/silesia/mozilla,51220480,18953074,37.002921,0.9963932037353516,0.3613746166229248
0,ctx,16,1,1048576,65536,65536,1000,2,datasets/silesia/osdb,10085684,3527678,34.977082,0.30811166763305664,0.08298468589782715
0,ctx,16,1,1048576,65536,65536,1000,2,datasets/silesia/x-ray,8474240,5913865,69.786376,0.38567352294921875,0.15182805061340332
0,ctx,16,1,1048576,65536,65536,1000,2,datasets/silesia/samba,21606400,5181612,23.981839,0.46899938583374023,0.1269521713256836
0,ctx,16,1,1048576,65536,65536,1000,2,datasets/silesia/sao,7251944,5273193,72.714199,0.3303871154785156,0.0865945816040039
0,ctx,16,1,1048576,65536,65536,1000,2,AVERAGE,17661548.333333332,5517782.833333333,31.241784,0.4738076527913411,0.14018251498540243
0,ctx,16,1,1048576,65536,65536,1000,3,datasets/silesia/ooffice,6152192,3045055,49.495448,0.29569363594055176,0.07166504859924316
0,ctx,16,1,1048576,65536,65536,1000,3,datasets/silesia/xml,5345280,642669,12.023112,0.19771122932434082,0.02688455581665039
0,ctx,16,1,1048576,65536,65536,1000,3,datasets/silesia/mr,9970564,3667640,36.784679,0.5601117610931396,0.11672854423522949
0,ctx,16,1,1048576,65536,65536,1000,3,datasets/silesia/nci,33553445,2763466,8.236013,0.5176563262939453,0.09830760955810547
0,ctx,16,1,1048576,65536,65536,1000,3,datasets/silesia/webster,41458703,11782466,28.419765,1.0207805633544922,0.37080883979797363
0,ctx,16,1,1048576,65536,65536,1000,3,datasets/silesia/reymont,6627202,1795362,27.090799,0.4949369430541992,0.06443190574645996
0,ctx,16,1,1048576,65536,65536,1000,3,datasets/silesia/dickens,10192446,3800038,37.282886,0.5167396068572998,0.1323862075805664
0,ctx,16,1,1048576,65536,65536,1000,3,datasets/silesia/mozilla,51220480,18911501,36.921757,1.176776647567749,0.3484821319580078
0,ctx,16,1,1048576,65536,65536,1000,3,datasets/silesia/osdb,10085684,3527837,34.978659,0.28937578201293945,0.07874798774719238
0,ctx,16,1,1048576,65536,65536,1000,3,datasets/silesia/x-ray,8474240,5910623,69.748119,0.38657069206237793,0.1489269733428955
0,ctx,16,1,1048576,65536,65536,1000,3,datasets/silesia/samba,21606400,5185087,23.997922,0.5722098350524902,0.12418317794799805
0,ctx,16,1,1048576,65536,65536,1000,3,datasets/silesia/sao,7251944,5279276,72.79808,0.33855104446411133,0.08346772193908691
0,ctx,16,1,1048576,65536,65536,1000,3,AVERAGE,17661548.333333332,5525918.333333333,31.287848,0.5305928389231364,0.1387517253557841
0,ctx,16,1,1048576,65536,65536,0,0,datasets/silesia/ooffice,6152192,3098805,50.36912,0.2482771873474121,0.07892417907714844
0,ctx,16,1,1048576,65536,65536,0,0,datasets/silesia/xml,5345280,677265,12.670337,0.12438535690307617,0.02678680419921875
0,ctx,16,1,1048576,65536,65536,0,0,datasets/silesia/mr,9970564,3616452,36.271288,0.3636322021484375,0.12357854843139648
0,ctx,16,1,1048576,65536,65536,0,0,datasets/silesia/nci,33553445,3079764,9.178682,0.42293310165405273,0.11627721786499023
0,ctx,16,1,1048576,65536,65536,0,0,datasets/silesia/webster,41458703,11975166,28.884565,0.9238717555999756,0.4071817398071289
0,ctx,16,1,1048576,65536,65536,0,0,datasets/silesia/reymont,6627202,1840107,27.765971,0.25811314582824707,0.07183837890625
0,ctx,16,1,1048576,65536,65536,0,0,datasets/silesia/dickens,10192446,3787745,37.162277,0.38361310958862305,0.13930964469909668
0,ctx,16,1,1048576,65536,65536,0,0,datasets/silesia/mozilla,51220480,19349536,37.776952,1.052147388458252,0.39283084869384766
0,ctx,16,1,1048576,65536,65536,0,0,datasets/silesia/osdb,10085684,3638497,36.075858,0.27973437309265137,0.09609818458557129
0,ctx,16,1,1048576,65536,65536,0,0,datasets/silesia/x-ray,8474240,5925280,69.921078,0.40514302253723145,0.16604042053222656
0,ctx,16,1,1048576,65536,65536,0,0,datasets/silesia/samba,21606400,5380999,24.904653,0.42749786376953125,0.14120721817016602
0,ctx,16,1,1048576,65536,65536,0,0,datasets/silesia/sao,7251944,5331892,73.523623,0.29976558685302734,0.09460330009460449
0,ctx,16,1,1048576,65536,65536,0,0,AVERAGE,17661548.333333332,5641792.333333333,31.943928,0.4324261744817098,0.15455637375513712
0,ctx,16,1,1048576,65536,65536,0,1,datasets/silesia/ooffice,6152192,3052465,49.615893,0.25522303581237793,0.07300972938537598
0,ctx,16,1,1048576,65536,65536,0,1,datasets/silesia/xml,5345280,647836,12.119777,0.14262652397155762,0.028813838958740234
0,ctx,16,1,1048576,65536,65536,0,1,datasets/silesia/mr,9970564,3642709,36.534633,0.5338034629821777,0.10988926887512207
0,ctx,16,1,1048576,65536,65536,0,1,datasets/silesia/nci,33553445,2841346,8.46812,0.5231819152832031,0.1109914779663086
0,ctx,16,1,1048576,65536,65536,0,1,datasets/silesia/webster,41458703,11750934,28.343709,1.0087649822235107,0.4010500907897949
0,ctx,16,1,1048576,65536,65536,0,1,datasets/silesia/reymont,6627202,1791919,27.038847,0.3837924003601074,0.06836414337158203
0,ctx,16,1,1048576,65536,65536,0,1,datasets/silesia/dickens,10192446,3743364,36.726847,0.4676990509033203,0.14325737953186035
0,ctx,16,1,1048576,65536,65536,0,1,datasets/silesia/mozilla,51220480,18949898,36.996721,1.5902364253997803,0.3526337146759033
0,ctx,16,1,1048576,65536,65536,0,1,datasets/silesia/osdb,10085684,3534853,35.048223,0.3043513298034668,0.0873100757598877
0,ctx,16,1,1048576,65536,65536,0,1,datasets/silesia/x-ray,8474240,5903501,69.664076,0.3952314853668213,0.14862275123596191
0,ctx,16,1,1048576,65536,65536,0,1,datasets/silesia/samba,21606400,5252133,24.308228,0.43955206871032715,0.13147306442260742
0,ctx,16,1,1048576,65536,65536,0,1,datasets/silesia/sao,7251944,5269786,72.667219,0.290513277053833,0.08581256866455078
0,ctx,16,1,1048576,65536,65536,0,1,AVERAGE,17661548.333333332,5531728.666666667,31.320746,0.5279146631558737,0.14510234196980795
0,ctx,16,1,1048576,65536,65536,0,2,datasets/silesia/ooffice,6152192,3056934,49.688534,0.25991296768188477,0.06985282897949219
0,ctx,16,1,1048576,65536,65536,0,2,datasets/silesia/xml,5345280,640382,11.980327,0.18239688873291016,0.027119874954223633
0,ctx,16,1,1048576,65536,65536,0,2,datasets/silesia/mr,9970564,3648828,36.596004,0.6121876239776611,0.10784339904785156
0,ctx,16,1,1048576,65536,65536,0,2,datasets/silesia/nci,33553445,2740789,8.168428,0.68800950050354,0.10009407997131348
0,ctx,16,1,1048576,65536,65536,0,2,datasets/silesia/webster,41458703,11706967,28.237659,0.9750261306762695,0.37526583671569824
0,ctx,16,1,1048576,65536,65536,0,2,datasets/silesia/reymont,6627202,1783891,26.91771,0.44443798065185547,0.07370853424072266
0,ctx,16,1,1048576,65536,65536,0,2,datasets/silesia/dickens,10192446,3743399,36.72719,0.48747730255126953,0.13455510139465332
0,ctx,16,1,1048576,65536,65536,0,2,datasets/silesia/mozilla,51220480,18951803,37.00044,2.4826695919036865,0.3594036102294922
0,ctx,16,1,1048576,65536,65536,0,2,datasets/silesia/osdb,10085684,3527678,34.977082,0.26462316513061523,0.07938218116760254
0,ctx,16,1,1048576,65536,65536,0,2,datasets/silesia/x-ray,8474240,5913865,69.786376,0.38909268379211426,0.14350485801696777
0,ctx,16,1,1048576,65536,65536,0,2,datasets/silesia/samba,21606400,5179967,23.974225,0.5513648986816406,0.12444567680358887
0,ctx,16,1,1048576,65536,65536,0,2,datasets/silesia/sao,7251944,5273009,72.711662,0.33370351791381836,0.08504533767700195
0,ctx,16,1,1048576,65536,65536,0,2,AVERAGE,17661548.333333332,5513959.333333333,31.220136,0.6392418543497721,0.1400184432665507
0,ctx,16,1,1048576,65536,65536,0,3,datasets/silesia/ooffice,6152192,3044639,49.488686,0.39513182640075684,0.0727987289428711
0,ctx,16,1,1048576,65536,65536,0,3,datasets/silesia/xml,5345280,642455,12.019108,0.2223374843597412,0.026289939880371094
0,ctx,16,1,1048576,65536,65536,0,3,datasets/silesia/mr,9970564,3666735,36.775603,0.7800369262695312,0.1104128360748291
0,ctx,16,1,1048576,65536,65536,0,3,datasets/silesia/nci,33553445,2729953,8.136133,0.9860384464263916,0.10325908660888672
0,ctx,16,1,1048576,65536,65536,0,3,datasets/silesia/webster,41458703,11782435,28.41969,1.0509822368621826,0.3764309883117676
0,ctx,16,1,1048576,65536,65536,0,3,datasets/silesia/reymont,6627202,1790208,27.013029,0.5471487045288086,0.06498384475708008
0,ctx,16,1,1048576,65536,65536,0,3,datasets/silesia/dickens,10192446,3799932,37.281846,0.5529837608337402,0.13133788108825684
0,ctx,16,1,1048576,65536,65536,0,3,datasets/silesia/mozilla,51220480,18910566,36.919931,3.6285650730133057,0.34561944007873535
0,ctx,16,1,1048576,65536,65536,0,3,datasets/silesia/osdb,10085684,3527837,34.978659,0.29738378524780273,0.08151006698608398
0,ctx,16,1,1048576,65536,65536,0,3,datasets/silesia/x-ray,8474240,5910623,69.748119,0.39263463020324707,0.14520883560180664
0,ctx,16,1,1048576,65536,65536,0,3,datasets/silesia/samba,21606400,5183526,23.990697,0.6806423664093018,0.11993694305419922
0,ctx,16,1,1048576,65536,65536,0,3,datasets/silesia/sao,7251944,5278912,72.793061,0.3448615074157715,0.08439755439758301
0,ctx,16,1,1048576,65536,65536,0,3,AVERAGE,17661548.333333332,5522318.416666667,31.267465,0.8232288956642151,0.13851551214853922
0,ctx,16,1,1048576,65536,262144,10,0,datasets/silesia/ooffice,6152192,3154607,51.276147,0.2236804962158203,0.07775354385375977
0,ctx,16,1,1048576,65536,262144,10,0,datasets/silesia/xml,5345280,791507,14.807587,0.11285758018493652,0.030976295471191406
0,ctx,16,1,1048576,65536,262144,10,0,datasets/silesia/mr,9970564,3700847,37.11773,0.32224249839782715,0.12734746932983398
0,ctx,16,1,1048576,65536,262144,10,0,datasets/silesia/nci,33553445,3598753,10.725435,0.39931511878967285,0.13008427619934082
0,ctx,16,1,1048576,65536,262144,10,0,datasets/silesia/webster,41458703,12950796,31.237822,0.851473331451416,0.4041717052459717
0,ctx,16,1,1048576,65536,262144,10,0,datasets/silesia/reymont,6627202,2080447,31.392539,0.20056962966918945,0.07553744316101074
0,ctx,16,1,1048576,65536,262144,10,0,datasets/silesia/dickens,10192446,4146178,40.67893,0.355482816696167,0.13843941688537598
0,ctx,16,1,1048576,65536,262144,10,0,datasets/silesia/mozilla,51220480,19701927,38.46494,0.9764482975006104,0.39183688163757324
0,ctx,16,1,1048576,65536,262144,10,0,datasets/silesia/osdb,10085684,3703882,36.724153,0.24761700630187988,0.09378385543823242
0,ctx,16,1,1048576,65536,262144,10,0,datasets/silesia/x-ray,8474240,5962721,70.3629,0.40905022621154785,0.16149568557739258
0,ctx,16,1,1048576,65536,262144,10,0,datasets/silesia/samba,21606400,5604724,25.94011,0.4304807186126709,0.14054346084594727
0,ctx,16,1,1048576,65536,262144,10,0,datasets/silesia/sao,7251944,5403012,74.504326,0.25630617141723633,0.08862853050231934
0,ctx,16,1,1048576,65536,262144,10,0,AVERAGE,17661548.333333332,5899950.083333333,33.405622,0.39879365762074787,0.15504988034566244
0,ctx,16,1,1048576,65536,262144,10,1,datasets/silesia/ooffice,6152192,3109885,50.549219,0.21416139602661133,0.07028961181640625
0,ctx,16,1,1048576,65536,262144,10,1,datasets/silesia/xml,5345280,752049,14.069403,0.13115549087524414,0.028897762298583984
0,ctx,16,1,1048576,65536,262144,10,1,datasets/silesia/mr,9970564,3767678,37.788013,0.2813284397125244,0.11552953720092773
0,ctx,16,1,1048576,65536,262144,10,1,datasets/silesia/nci,33553445,3287614,9.798141,0.37052106857299805,0.11759138107299805
0,ctx,16,1,1048576,65536,262144,10,1,datasets/silesia/webster,41458703,12657827,30.53117,0.8541834354400635,0.43467044830322266
0,ctx,16,1,1048576,65536,262144,10,1,datasets/silesia/reymont,6627202,2020034,30.480948,0.17363452911376953,0.07293820381164551
0,ctx,16,1,1048576,65536,262144,10,1,datasets/silesia/dickens,10192446,4092142,40.148773,0.3388667106628418,0.13714957237243652
0,ctx,16,1,1048576,65536,262144,10,1,datasets/silesia/mozilla,51220480,19325091,37.729227,0.9546477794647217,0.35304737091064453
0,ctx,16,1,1048576,65536,262144,10,1,datasets/silesia/osdb,10085684,3664681,36.335473,0.2871112823486328,0.09298872947692871
0,ctx,16,1,1048576,65536,262144,10,1,datasets/silesia/x-ray,8474240,5957237,70.298186,0.34404611587524414,0.14759445190429688
0,ctx,16,1,1048576,65536,262144,10,1,datasets/silesia/samba,21606400,5455564,25.249759,0.40384626388549805,0.133317232131958
0,ctx,16,1,1048576,65536,262144,10,1,datasets/silesia/sao,7251944,5371381,74.068153,0.2553236484527588,0.08912515640258789
0,ctx,16,1,1048576,65536,262144,10,1,AVERAGE,17661548.333333332,5788431.916666667,32.774204,0.3840688467025757,0.14942828814188638
0,ctx,16,1,1048576,65536,262144,10,2,datasets/silesia/ooffice,6152192,3118329,50.686471,0.21194744110107422,0.06781792640686035
0,ctx,16,1,1048576,65536,262144,10,2,datasets/silesia/xml,5345280,738564,13.817125,0.11916136741638184,0.0284578800201416
0,ctx,16,1,1048576,65536,262144,10,2,datasets/silesia/mr,9970564,3793154,38.043525,0.2847926616668701,0.11047935485839844
0,ctx,16,1,1048576,65536,262144,10,2,datasets/silesia/nci,33553445,3176601,9.467287,0.4090747833251953,0.11260509490966797
0,ctx,16,1,1048576,65536,262144,10,2,datasets/silesia/webster,41458703,12593299,30.375526,0.8665170669555664,0.3852710723876953
0,ctx,16,1,1048576,65536,262144,10,2,datasets/silesia/reymont,6627202,2026910,30.584702,0.17090368270874023,0.0697019100189209
0,ctx,16,1,1048576,65536,262144,10,2,datasets/silesia/dickens,10192446,4079118,40.020992,0.3262157440185547,0.1321091651916504
0,ctx,16,1,1048576,65536,262144,10,2,datasets/silesia/mozilla,51220480,19333311,37.745275,0.8953375816345215,0.34351515769958496
0,ctx,16,1,1048576,65536,262144,10,2,datasets/silesia/osdb,10085684,3618331,35.875911,0.2494218349456787,0.08508634567260742
0,ctx,16,1,1048576,65536,262144,10,2,datasets/silesia/x-ray,8474240,5971198,70.462932,0.3816187381744385,0.14480185508728027
0,ctx,16,1,1048576,65536,262144,10,2,datasets/silesia/samba,21606400,5380579,24.902709,0.40693140029907227,0.1279277801513672
0,ctx,16,1,1048576,65536,262144,10,2,datasets/silesia/sao,7251944,5415635,74.67839,0.2558717727661133,0.08585000038146973
0,ctx,16,1,1048576,65536,262144,10,2,AVERAGE,17661548.333333332,5770419.083333333,32.672215,0.3814828395843506,0.14113529523213705
0,ctx,16,1,1048576,65536,262144,10,3,datasets/silesia/ooffice,6152192,3104418,50.460356,0.2120497226715088,0.0697333812713623
0,ctx,16,1,1048576,65536,262144,10,3,datasets/silesia/xml,5345280,737023,13.788295,0.12498688697814941,0.027010202407836914
0,ctx,16,1,1048576,65536,262144,10,3,datasets/silesia/mr,9970564,3819564,38.308405,0.2676351070404053,0.11296796798706055
0,ctx,16,1,1048576,65536,262144,10,3,datasets/silesia/nci,33553445,3178366,9.472547,0.3963806629180908,0.11060070991516113
0,ctx,16,1,1048576,65536,262144,10,3,datasets/silesia/webster,41458703,12614177,30.425884,0.8177552223205566,0.37583208084106445
0,ctx,16,1,1048576,65536,262144,10,3,datasets/silesia/reymont,6627202,2031416,30.652695,0.1709904670715332,0.06655550003051758
0,ctx,16,1,1048576,65536,262144,10,3,datasets/silesia/dickens,10192446,4110942,40.333223,0.34332704544067383,0.13227367401123047
0,ctx,16,1,1048576,65536,262144,10,3,datasets/silesia/mozilla,51220480,19274239,37.629946,0.8504290580749512,0.34456372261047363
0,ctx,16,1,1048576,65536,262144,10,3,datasets/silesia/osdb,10085684,3615460,35.847445,0.2593843936920166,0.08863472938537598
0,ctx,16,1,1048576,65536,262144,10,3,datasets/silesia/x-ray,8474240,5975277,70.511066,0.3400242328643799,0.15469574928283691
0,ctx,16,1,1048576,65536,262144,10,3,datasets/silesia/samba,21606400,5374437,24.874283,0.40345120429992676,0.13334178924560547
0,ctx,16,1,1048576,65536,262144,10,3,datasets/silesia/sao,7251944,5412930,74.641089,0.2820098400115967,0.09235119819641113
0,ctx,16,1,1048576,65536,262144,10,3,AVERAGE,17661548.333333332,5770687.416666667,32.673735,0.37236865361531574,0.14238005876541138
0,ctx,16,1,1048576,65536,262144,1000,0,datasets/silesia/ooffice,6152192,3099217,50.375817,0.22839760780334473,0.08088397979736328
0,ctx,16,1,1048576,65536,262144,1000,0,datasets/silesia/xml,5345280,677378,12.672451,0.1248478889465332,0.03043389320373535
0,ctx,16,1,1048576,65536,262144,1000,0,datasets/silesia/mr,9970564,3617098,36.277767,0.34251999855041504,0.1304788589477539
0,ctx,16,1,1048576,65536,262144,1000,0,datasets/silesia/nci,33553445,3095431,9.225375,0.4275069236755371,0.1261584758758545
0,ctx,16,1,1048576,65536,262144,1000,0,datasets/silesia/webster,41458703,11975204,28.884657,1.04758882522583,0.40262770652770996
0,ctx,16,1,1048576,65536,262144,1000,0,datasets/silesia/reymont,6627202,1842688,27.804917,0.24349117279052734,0.07177877426147461
0,ctx,16,1,1048576,65536,262144,1000,0,datasets/silesia/dickens,10192446,3787834,37.16315,0.39353013038635254,0.13765239715576172
0,ctx,16,1,1048576,65536,262144,1000,0,datasets/silesia/mozilla,51220480,19355081,37.787777,0.9837393760681152,0.37578439712524414
0,ctx,16,1,1048576,65536,262144,1000,0,datasets/silesia/osdb,10085684,3638497,36.075858,0.2609860897064209,0.08820772171020508
0,ctx,16,1,1048576,65536,262144,1000,0,datasets/silesia/x-ray,8474240,5925280,69.921078,0.3724210262298584,0.15987062454223633
0,ctx,16,1,1048576,65536,262144,1000,0,datasets/silesia/samba,21606400,5382746,24.912739,0.4382059574127197,0.1329789161682129
0,ctx,16,1,1048576,65536,262144,1000,0,datasets/silesia/sao,7251944,5331894,73.523651,0.2761104106903076,0.09641385078430176
0,ctx,16,1,1048576,65536,262144,1000,0,AVERAGE,17661548.333333332,5644029.0,31.956592,0.4282787839571635,0.15277246634165445
0,ctx,16,1,1048576,65536,262144,1000,1,datasets/silesia/ooffice,6152192,3052696,49.619648,0.23270034790039062,0.06983017921447754
0,ctx,16,1,1048576,65536,262144,1000,1,datasets/silesia/xml,5345280,648026,12.123331,0.13547611236572266,0.02606034278869629
0,ctx,16,1,1048576,65536,262144,1000,1,datasets/silesia/mr,9970564,3643385,36.541413,0.4278719425201416,0.11000657081604004
0,ctx,16,1,1048576,65536,262144,1000,1,datasets/silesia/nci,33553445,2865108,8.538938,0.4155697822570801,0.10604333877563477
0,ctx,16,1,1048576,65536,262144,1000,1,datasets/silesia/webster,41458703,11750971,28.343798,0.885051965713501,0.3788421154022217
0,ctx,16,1,1048576,65536,262144,1000,1,datasets/silesia/reymont,6627202,1795309,27.09,0.3189513683319092,0.06977128982543945
0,ctx,16,1,1048576,65536,262144,1000,1,datasets/silesia/dickens,10192446,3743449,36.72768,0.4061620235443115,0.1348130702972412
0,ctx,16,1,1048576,65536,262144,1000,1,datasets/silesia/mozilla,51220480,18951924,37.000676,0.9599194526672363,0.34268879890441895
0,ctx,16,1,1048576,65536,262144,1000,1,datasets/silesia/osdb,10085684,3534853,35.048223,0.2788562774658203,0.084320068359375
0,ctx,16,1,1048576,65536,262144,1000,1,datasets/silesia/x-ray,8474240,5903501,69.664076,0.35378384590148926,0.1449871063232422
0,ctx,16,1,1048576,65536,262144,1000,1,datasets/silesia/samba,21606400,5253861,24.316226,0.39737462997436523,0.12919378280639648
0,ctx,16,1,1048576,65536,262144,1000,1,datasets/silesia/sao,7251944,5269860,72.668239,0.2758481502532959,0.08125162124633789
0,ctx,16,1,1048576,65536,262144,1000,1,AVERAGE,17661548.333333332,5534411.916666667,31.335938,0.42396382490793866,0.13981735706329346
0,ctx,16,1,1048576,65536,262144,1000,2,datasets/silesia/ooffice,6152192,3057250,49.69367,0.25765228271484375,0.07058596611022949
0,ctx,16,1,1048576,65536,262144,1000,2,datasets/silesia/xml,5345280,640613,11.984648,0.15383553504943848,0.024268150329589844
0,ctx,16,1,1048576,65536,262144,1000,2,datasets/silesia/mr,9970564,3653492,36.642782,0.45444822311401367,0.10593152046203613
0,ctx,16,1,1048576,65536,262144,1000,2,datasets/silesia/nci,33553445,2773224,8.265095,0.4422004222869873,0.10370898246765137
0,ctx,16,1,1048576,65536,262144,1000,2,datasets/silesia/webster,41458703,11706995,28.237726,0.9512221813201904,0.36483192443847656
0,ctx,16,1,1048576,65536,262144,1000,2,datasets/silesia/reymont,6627202,1788887,26.993096,0.38065123558044434,0.06614947319030762
0,ctx,16,1,1048576,65536,262144,1000,2,datasets/silesia/dickens,10192446,3743511,36.728289,0.4369697570800781,0.1268918514251709
0,ctx,16,1,1048576,65536,262144,1000,2,datasets/silesia/mozilla,51220480,18953074,37.002921,1.044424295425415,0.3412957191467285
0,ctx,16,1,1048576,65536,262144,1000,2,datasets/silesia/osdb,10085684,3527678,34.977082,0.27446436882019043,0.07829523086547852
0,ctx,16,1,1048576,65536,262144,1000,2,datasets/silesia/x-ray,8474240,5913865,69.786376,0.3713071346282959,0.13908123970031738
0,ctx,16,1,1048576,65536,262144,1000,2,datasets/silesia/samba,21606400,5181612,23.981839,0.4683234691619873,0.1212928295135498
0,ctx,16,1,1048576,65536,262144,1000,2,datasets/silesia/sao,7251944,5273193,72.714199,0.31455039978027344,0.07874441146850586
0,ctx,16,1,1048576,65536,262144,1000,2,AVERAGE,17661548.333333332,5517782.833333333,31.241784,0.4625041087468465,0.1350897749265035
0,ctx,16,1,1048576,65536,262144,1000,3,datasets/silesia/ooffice,6152192,3045055,49.495448,0.28252458572387695,0.07116174697875977
0,ctx,16,1,1048576,65536,262144,1000,3,datasets/silesia/xml,5345280,642669,12.023112,0.17449140548706055,0.02410721778869629
0,ctx,16,1,1048576,65536,262144,1000,3,datasets/silesia/mr,9970564,3667640,36.784679,0.5700671672821045,0.10920548439025879
0,ctx,16,1,1048576,65536,262144,1000,3,datasets/silesia/nci,33553445,2763466,8.236013,0.5364835262298584,0.10455060005187988
0,ctx,16,1,1048576,65536,262144,1000,3,datasets/silesia/webster,41458703,11782466,28.419765,1.053631067276001,0.3649439811706543
0,ctx,16,1,1048576,65536,262144,1000,3,datasets/silesia/reymont,6627202,1795362,27.090799,0.4846787452697754,0.06543946266174316
0,ctx,16,1,1048576,65536,262144,1000,3,datasets/silesia/dickens,10192446,3800038,37.282886,0.5120575428009033,0.1255941390991211
0,ctx,16,1,1048576,65536,262144,1000,3,datasets/silesia/mozilla,51220480,18911501,36.921757,1.2092459201812744,0.3414037227630615
0,ctx,16,1,1048576,65536,262144,1000,3,datasets/silesia/osdb,10085684,3527837,34.978659,0.2758779525756836,0.07961034774780273
0,ctx,16,1,1048576,65536,262144,1000,3,datasets/silesia/x-ray,8474240,5910623,69.748119,0.3858356475830078,0.14052867889404297
0,ctx,16,1,1048576,65536,262144,1000,3,datasets/silesia/samba,21606400,5185087,23.997922,0.5767710208892822,0.12664794921875
0,ctx,16,1,1048576,65536,262144,1000,3,datasets/silesia/sao,7251944,5279276,72.79808,0.3253800868988037,0.08532524108886719
0,ctx,16,1,1048576,65536,262144,1000,3,AVERAGE,17661548.333333332,5525918.333333333,31.287848,0.5322537223498026,0.13654321432113647
0,ctx,16,1,1048576,65536,262144,0,0,datasets/silesia/ooffice,6152192,3098805,50.36912,0.23740696907043457,0.07610845565795898
0,ctx,16,1,1048576,65536,262144,0,0,datasets/silesia/xml,5345280,677265,12.670337,0.12137866020202637,0.030828237533569336
0,ctx,16,1,1048576,65536,262144,0,0,datasets/silesia/mr,9970564,3616452,36.271288,0.34943175315856934,0.11608338356018066
0,ctx,16,1,1048576,65536,262144,0,0,datasets/silesia/nci,33553445,3079764,9.178682,0.4541151523590088,0.11842846870422363
0,ctx,16,1,1048576,65536,262144,0,0,datasets/silesia/webster,41458703,11975166,28.884565,0.9181039333343506,0.4006338119506836
0,ctx,16,1,1048576,65536,262144,0,0,datasets/silesia/reymont,6627202,1840107,27.765971,0.254788875579834,0.06885504722595215
0,ctx,16,1,1048576,65536,262144,0,0,datasets/silesia/dickens,10192446,3787745,37.162277,0.40621256828308105,0.13932538032531738
0,ctx,16,1,1048576,65536,262144,0,0,datasets/silesia/mozilla,51220480,19349536,37.776952,1.0271797180175781,0.3745543956756592
0,ctx,16,1,1048576,65536,262144,0,0,datasets/silesia/osdb,10085684,3638497,36.075858,0.2387077808380127,0.08705902099609375
0,ctx,16,1,1048576,65536,262144,0,0,datasets/silesia/x-ray,8474240,5925280,69.921078,0.35598063468933105,0.15494537353515625
0,ctx,16,1,1048576,65536,262144,0,0,datasets/silesia/samba,21606400,5380999,24.904653,0.4445791244506836,0.1370382308959961
0,ctx,16,1,1048576,65536,262144,0,0,datasets/silesia/sao,7251944,5331892,73.523623,0.2996408939361572,0.09222173690795898
0,ctx,16,1,1048576,65536,262144,0,0,AVERAGE,17661548.333333332,5641792.333333333,31.943928,0.4256271719932556,0.1496734619140625
0,ctx,16,1,1048576,65536,262144,0,1,datasets/silesia/ooffice,6152192,3052465,49.615893,0.2525770664215088,0.07387065887451172
0,ctx,16,1,1048576,65536,262144,0,1,datasets/silesia/xml,5345280,647836,12.119777,0.16092205047607422,0.026633024215698242
0,ctx,16,1,1048576,65536,262144,0,1,datasets/silesia/mr,9970564,3642709,36.534633,0.5355207920074463,0.11296653747558594
0,ctx,16,1,1048576,65536,262144,0,1,datasets/silesia/nci,33553445,2841346,8.46812,0.5371851921081543,0.11539888381958008
0,ctx,16,1,1048576,65536,262144,0,1,datasets/silesia/webster,41458703,11750934,28.343709,1.0214910507202148,0.41118550300598145
0,ctx,16,1,1048576,65536,262144,0,1,datasets/silesia/reymont,6627202,1791919,27.038847,0.3772110939025879,0.07173871994018555
0,ctx,16,1,1048576,65536,262144,0,1,datasets/silesia/dickens,10192446,3743364,36.726847,0.4497218132019043,0.14714837074279785
0,ctx,16,1,1048576,65536,262144,0,1,datasets/silesia/mozilla,51220480,18949898,36.996721,1.5800652503967285,0.3799288272857666
0,ctx,16,1,1048576,65536,262144,0,1,datasets/silesia/osdb,10085684,3534853,35.048223,0.2853128910064697,0.08400154113769531
0,ctx,16,1,1048576,65536,262144,0,1,datasets/silesia/x-ray,8474240,5903501,69.664076,0.4080846309661865,0.14851021766662598
0,ctx,16,1,1048576,65536,262144,0,1,datasets/silesia/samba,21606400,5252133,24.308228,0.4337427616119385,0.1323106288909912
0,ctx,16,1,1048576,65536,262144,0,1,datasets/silesia/sao,7251944,5269786,72.667219,0.27590298652648926,0.08741283416748047
0,ctx,16,1,1048576,65536,262144,0,1,AVERAGE,17661548.333333332,5531728.666666667,31.320746,0.526478131612142,0.14925881226857504
0,ctx,16,1,1048576,65536,262144,0,2,datasets/silesia/ooffice,6152192,3056934,49.688534,0.283034086227417,0.07301568984985352
0,ctx,16,1,1048576,65536,262144,0,2,datasets/silesia/xml,5345280,640382,11.980327,0.17843341827392578,0.027957916259765625
0,ctx,16,1,1048576,65536,262144,0,2,datasets/silesia/mr,9970564,3648828,36.596004,0.6103546619415283,0.11127090454101562
0,ctx,16,1,1048576,65536,262144,0,2,datasets/silesia/nci,33553445,2740789,8.168428,0.7047643661499023,0.10667085647583008
0,ctx,16,1,1048576,65536,262144,0,2,datasets/silesia/webster,41458703,11706967,28.237659,0.9753122329711914,0.3920176029205322
0,ctx,16,1,1048576,65536,262144,0,2,datasets/silesia/reymont,6627202,1783891,26.91771,0.47766876220703125,0.06928110122680664
0,ctx,16,1,1048576,65536,262144,0,2,datasets/silesia/dickens,10192446,3743399,36.72719,0.47587156295776367,0.1314074993133545
0,ctx,16,1,1048576,65536,262144,0,2,datasets/silesia/mozilla,51220480,18951803,37.00044,2.5186216831207275,0.35416650772094727
0,ctx,16,1,1048576,65536,262144,0,2,datasets/silesia/osdb,10085684,3527678,34.977082,0.30502867698669434,0.0841679573059082
0,ctx,16,1,1048576,65536,262144,0,2,datasets/silesia/x-ray,8474240,5913865,69.786376,0.3549478054046631,0.15006160736083984
0,ctx,16,1,1048576,65536,262144,0,2,datasets/silesia/samba,21606400,5179967,23.974225,0.5892634391784668,0.12522244453430176
0,ctx,16,1,1048576,65536,262144,0,2,datasets/silesia/sao,7251944,5273009,72.711662,0.3282153606414795,0.08694219589233398
0,ctx,16,1,1048576,65536,262144,0,2,AVERAGE,17661548.333333332,5513959.333333333,31.220136,0.6501263380050659,0.14268185695012411
0,ctx,16,1,1048576,65536,262144,0,3,datasets/silesia/ooffice,6152192,3044639,49.488686,0.4037466049194336,0.07243084907531738
0,ctx,16,1,1048576,65536,262144,0,3,datasets/silesia/xml,5345280,642455,12.019108,0.2134687900543213,0.02578449249267578
0,ctx,16,1,1048576,65536,262144,0,3,datasets/silesia/mr,9970564,3666735,36.775603,0.8757431507110596,0.11801385879516602
0,ctx,16,1,1048576,65536,262144,0,3,datasets/silesia/nci,33553445,2729953,8.136133,0.9904074668884277,0.11214804649353027
0,ctx,16,1,1048576,65536,262144,0,3,datasets/silesia/webster,41458703,11782435,28.41969,1.1367664337158203,0.37598633766174316
0,ctx,16,1,1048576,65536,262144,0,3,datasets/silesia/reymont,6627202,1790208,27.013029,0.5615577697753906,0.06651759147644043
0,ctx,16,1,1048576,65536,262144,0,3,datasets/silesia/dickens,10192446,3799932,37.281846,0.5800361633300781,0.13435649871826172
0,ctx,16,1,1048576,65536,262144,0,3,datasets/silesia/mozilla,51220480,18910566,36.919931,3.720247983932495,0.3465571403503418
0,ctx,16,1,1048576,65536,262144,0,3,datasets/silesia/osdb,10085684,3527837,34.978659,0.3045613765716553,0.08508419990539551
0,ctx,16,1,1048576,65536,262144,0,3,datasets/silesia/x-ray,8474240,5910623,69.748119,0.4035344123840332,0.1449575424194336
0,ctx,16,1,1048576,65536,262144,0,3,datasets/silesia/samba,21606400,5183526,23.990697,0.7353122234344482,0.13319683074951172
0,ctx,16,1,1048576,65536,262144,0,3,datasets/silesia/sao,7251944,5278912,72.793061,0.35097408294677734,0.08985209465026855
0,ctx,16,1,1048576,65536,262144,0,3,AVERAGE,17661548.333333332,5522318.416666667,31.267465,0.856363038221995,0.14207379023234049
0,ctx,16,1,1048576,65536,1048576,10,0,datasets/silesia/ooffice,6152192,3154607,51.276147,0.24405550956726074,0.08238506317138672
0,ctx,16,1,1048576,65536,1048576,10,0,datasets/silesia/xml,5345280,791507,14.807587,0.12330770492553711,0.029421329498291016
0,ctx,16,1,1048576,65536,1048576,10,0,datasets/silesia/mr,9970564,3700847,37.11773,0.32400941848754883,0.12458920478820801
0,ctx,16,1,1048576,65536,1048576,10,0,datasets/silesia/nci,33553445,3598753,10.725435,0.41173577308654785,0.12720346450805664
0,ctx,16,1,1048576,65536,1048576,10,0,datasets/silesia/webster,41458703,12950796,31.237822,0.9656074047088623,0.4418356418609619
0,ctx,16,1,1048576,65536,1048576,10,0,datasets/silesia/reymont,6627202,2080447,31.392539,0.2096550464630127,0.07386183738708496
0,ctx,16,1,1048576,65536,1048576,10,0,datasets/silesia/dickens,10192446,4146178,40.67893,0.3743138313293457,0.13822531700134277
0,ctx,16,1,1048576,65536,1048576,10,0,datasets/silesia/mozilla,51220480,19701927,38.46494,0.9862725734710693,0.4080021381378174
0,ctx,16,1,1048576,65536,1048576,10,0,datasets/silesia/osdb,10085684,3703882,36.724153,0.28560948371887207,0.0922243595123291
0,ctx,16,1,1048576,65536,1048576,10,0,datasets/silesia/x-ray,8474240,5962721,70.3629,0.3891744613647461,0.1720888614654541
0,ctx,16,1,1048576,65536,1048576,10,0,datasets/silesia/samba,21606400,5604724,25.94011,0.457655668258667,0.13899588584899902
0,ctx,16,1,1048576,65536,1048576,10,0,datasets/silesia/sao,7251944,5403012,74.504326,0.28319549560546875,0.09197402000427246
0,ctx,16,1,1048576,65536,1048576,10,0,AVERAGE,17661548.333333332,5899950.083333333,33.405622,0.4212160309155782,0.16006726026535034
0,ctx,16,1,1048576,65536,1048576,10,1,datasets/silesia/ooffice,6152192,3109885,50.549219,0.21044540405273438,0.07329010963439941
0,ctx,16,1,1048576,65536,1048576,10,1,datasets/silesia/xml,5345280,752049,14.069403,0.11702108383178711,0.027784347534179688
0,ctx,16,1,1048576,65536,1048576,10,1,datasets/silesia/mr,9970564,3767678,37.788013,0.2823176383972168,0.11498832702636719
0,ctx,16,1,1048576,65536,1048576,10,1,datasets/silesia/nci,33553445,3287614,9.798141,0.4038076400756836,0.11236095428466797
0,ctx,16,1,1048576,65536,1048576,10,1,datasets/silesia/webster,41458703,12657827,30.53117,0.958824872970581,0.3892524242401123
0,ctx,16,1,1048576,65536,1048576,10,1,datasets/silesia/reymont,6627202,2020034,30.480948,0.1776597499847412,0.0667717456817627
0,ctx,16,1,1048576,65536,1048576,10,1,datasets/silesia/dickens,10192446,4092142,40.148773,0.34064292907714844,0.13896775245666504
0,ctx,16,1,1048576,65536,1048576,10,1,datasets/silesia/mozilla,51220480,19325091,37.729227,0.9636576175689697,0.34697461128234863
0,ctx,16,1,1048576,65536,1048576,10,1,datasets/silesia/osdb,10085684,3664681,36.335473,0.26851725578308105,0.08914566040039062
0,ctx,16,1,1048576,65536,1048576,10,1,datasets/silesia/x-ray,8474240,5957237,70.298186,0.3672831058502197,0.14719319343566895
0,ctx,16,1,1048576,65536,1048576,10,1,datasets/silesia/samba,21606400,5455564,25.249759,0.4052281379699707,0.1333303451538086
0,ctx,16,1,1048576,65536,1048576,10,1,datasets/silesia/sao,7251944,5371381,74.068153,0.275393009185791,0.08483052253723145
0,ctx,16,1,1048576,65536,1048576,10,1,AVERAGE,17661548.333333332,5788431.916666667,32.774204,0.3975665370623271,0.14374083280563354
0,ctx,16,1,1048576,65536,1048576,10,2,datasets/silesia/ooffice,6152192,3118329,50.686471,0.20626401901245117,0.07060956954956055
0,ctx,16,1,1048576,65536,1048576,10,2,datasets/silesia/xml,5345280,738564,13.817125,0.09931325912475586,0.02657008171081543
0,ctx,16,1,1048576,65536,1048576,10,2,datasets/silesia/mr,9970564,3793154,38.043525,0.25874972343444824,0.11239957809448242
0,ctx,16,1,1048576,65536,1048576,10,2,datasets/silesia/nci,33553445,3176601,9.467287,0.410900354385376,0.11290788650512695
0,ctx,16,1,1048576,65536,1048576,10,2,datasets/silesia/webster,41458703,12593299,30.375526,0.911884069442749,0.3837118148803711
0,ctx,16,1,1048576,65536,1048576,10,2,datasets/silesia/reymont,6627202,2026910,30.584702,0.176375150680542,0.06487488746643066
0,ctx,16,1,1048576,65536,1048576,10,2,datasets/silesia/dickens,10192446,4079118,40.020992,0.3238377571105957,0.1380326747894287
0,ctx,16,1,1048576,65536,1048576,10,2,datasets/silesia/mozilla,51220480,19333311,37.745275,0.8504350185394287,0.33394479751586914
0,ctx,16,1,1048576,65536,1048576,10,2,datasets/silesia/osdb,10085684,3618331,35.875911,0.24248862266540527,0.08525872230529785
0,ctx,16,1,1048576,65536,1048576,10,2,datasets/silesia/x-ray,8474240,5971198,70.462932,0.3660142421722412,0.14090800285339355
0,ctx,16,1,1048576,65536,1048576,10,2,datasets/silesia/samba,21606400,5380579,24.902709,0.39249730110168457,0.12178564071655273
0,ctx,16,1,1048576,65536,1048576,10,2,datasets/silesia/sao,7251944,5415635,74.67839,0.2766458988189697,0.08817815780639648
0,ctx,16,1,1048576,65536,1048576,10,2,AVERAGE,17661548.333333332,5770419.083333333,32.672215,0.37628378470738727,0.13993181784947714
0,ctx,16,1,1048576,65536,1048576,10,3,datasets/silesia/ooffice,6152192,3104418,50.460356,0.1976792812347412,0.07282352447509766
0,ctx,16,1,1048576,65536,1048576,10,3,datasets/silesia/xml,5345280,737023,13.788295,0.11937308311462402,0.026912689208984375
0,ctx,16,1,1048576,65536,1048576,10,3,datasets/silesia/mr,9970564,3819564,38.308405,0.27544188499450684,0.11212921142578125
0,ctx,16,1,1048576,65536,1048576,10,3,datasets/silesia/nci,33553445,3178366,9.472547,0.42389750480651855,0.1096334457397461
0,ctx,16,1,1048576,65536,1048576,10,3,datasets/silesia/webster,41458703,12614177,30.425884,0.9245603084564209,0.3825521469116211
0,ctx,16,1,1048576,65536,1048576,10,3,datasets/silesia/reymont,6627202,2031416,30.652695,0.17867493629455566,0.06649184226989746
0,ctx,16,1,1048576,65536,1048576,10,3,datasets/silesia/dickens,10192446,4110942,40.333223,0.3405337333679199,0.13378667831420898
0,ctx,16,1,1048576,65536,1048576,10,3,datasets/silesia/mozilla,51220480,19274239,37.629946,0.9826123714447021,0.339993953704834
0,ctx,16,1,1048576,65536,1048576,10,3,datasets/silesia/osdb,10085684,3615460,35.847445,0.2685558795928955,0.08715987205505371
0,ctx,16,1,1048576,65536,1048576,10,3,datasets/silesia/x-ray,8474240,5975277,70.511066,0.3867831230163574,0.13941597938537598
0,ctx,16,1,1048576,65536,1048576,10,3,datasets/silesia/samba,21606400,5374437,24.874283,0.40460729598999023,0.12073016166687012
0,ctx,16,1,1048576,65536,1048576,10,3,datasets/silesia/sao,7251944,5412930,74.641089,0.248032808303833,0.08885407447814941
0,ctx,16,1,1048576,65536,1048576,10,3,AVERAGE,17661548.333333332,5770687.416666667,32.673735,0.3958960175514221,0.14004029830296835
0,ctx,16,1,1048576,65536,1048576,1000,0,datasets/silesia/ooffice,6152192,3099217,50.375817,0.22636032104492188,0.0770261287689209
0,ctx,16,1,1048576,65536,1048576,1000,0,datasets/silesia/xml,5345280,677378,12.672451,0.12256693840026855,0.029451608657836914
0,ctx,16,1,1048576,65536,1048576,1000,0,datasets/silesia/mr,9970564,3617098,36.277767,0.34699463844299316,0.11895036697387695
0,ctx,16,1,1048576,65536,1048576,1000,0,datasets/silesia/nci,33553445,3095431,9.225375,0.4442732334136963,0.11943268775939941
0,ctx,16,1,1048576,65536,1048576,1000,0,datasets/silesia/webster,41458703,11975204,28.884657,0.9717934131622314,0.4105515480041504
0,ctx,16,1,1048576,65536,1048576,1000,0,datasets/silesia/reymont,6627202,1842688,27.804917,0.27246522903442383,0.07547354698181152
0,ctx,16,1,1048576,65536,1048576,1000,0,datasets/silesia/dickens,10192446,3787834,37.16315,0.4321739673614502,0.14432692527770996
0,ctx,16,1,1048576,65536,1048576,1000,0,datasets/silesia/mozilla,51220480,19355081,37.787777,1.0075719356536865,0.3892333507537842
0,ctx,16,1,1048576,65536,1048576,1000,0,datasets/silesia/osdb,10085684,3638497,36.075858,0.28243255615234375,0.08747744560241699
0,ctx,16,1,1048576,65536,1048576,1000,0,datasets/silesia/x-ray,8474240,5925280,69.921078,0.38359570503234863,0.1609055995941162
0,ctx,16,1,1048576,65536,1048576,1000,0,datasets/silesia/samba,21606400,5382746,24.912739,0.4618992805480957,0.13472557067871094
0,ctx,16,1,1048576,65536,1048576,1000,0,datasets/silesia/sao,7251944,5331894,73.523651,0.27354931831359863,0.09298419952392578
0,ctx,16,1,1048576,65536,1048576,1000,0,AVERAGE,17661548.333333332,5644029.0,31.956592,0.4354730447133382,0.15337824821472168
0,ctx,16,1,1048576,65536,1048576,1000,1,datasets/silesia/ooffice,6152192,3052696,49.619648,0.23097681999206543,0.07050490379333496
0,ctx,16,1,1048576,65536,1048576,1000,1,datasets/silesia/xml,5345280,648026,12.123331,0.1368083953857422,0.02508544921875
0,ctx,16,1,1048576,65536,1048576,1000,1,datasets/silesia/mr,9970564,3643385,36.541413,0.40249156951904297,0.10821247100830078
0,ctx,16,1,1048576,65536,1048576,1000,1,datasets/silesia/nci,33553445,2865108,8.538938,0.4722425937652588,0.10913610458374023
0,ctx,16,1,1048576,65536,1048576,1000,1,datasets/silesia/webster,41458703,11750971,28.343798,0.9384417533874512,0.39249515533447266
0,ctx,16,1,1048576,65536,1048576,1000,1,datasets/silesia/reymont,6627202,1795309,27.09,0.3274424076080322,0.06956791877746582
0,ctx,16,1,1048576,65536,1048576,1000,1,datasets/silesia/dickens,10192446,3743449,36.72768,0.4058070182800293,0.13344597816467285
0,ctx,16,1,1048576,65536,1048576,1000,1,datasets/silesia/mozilla,51220480,18951924,37.000676,1.0413992404937744,0.35104870796203613
0,ctx,16,1,1048576,65536,1048576,1000,1,datasets/silesia/osdb,10085684,3534853,35.048223,0.28103089332580566,0.08823633193969727
0,ctx,16,1,1048576,65536,1048576,1000,1,datasets/silesia/x-ray,8474240,5903501,69.664076,0.3626220226287842,0.1575636863708496
0,ctx,16,1,1048576,65536,1048576,1000,1,datasets/silesia/samba,21606400,5253861,24.316226,0.41808629035949707,0.1272428035736084
0,ctx,16,1,1048576,65536,1048576,1000,1,datasets/silesia/sao,7251944,5269860,72.668239,0.2896461486816406,0.09204483032226562
0,ctx,16,1,1048576,65536,1048576,1000,1,AVERAGE,17661548.333333332,5534411.916666667,31.335938,0.442249596118927,0.14371536175409952
0,ctx,16,1,1048576,65536,1048576,1000,2,datasets/silesia/ooffice,6152192,3057250,49.69367,0.2774672508239746,0.0727853775024414
0,ctx,16,1,1048576,65536,1048576,1000,2,datasets/silesia/xml,5345280,640613,11.984648,0.15722322463989258,0.02514958381652832
0,ctx,16,1,1048576,65536,1048576,1000,2,datasets/silesia/mr,9970564,3653492,36.642782,0.43356752395629883,0.1080324649810791
0,ctx,16,1,1048576,65536,1048576,1000,2,datasets/silesia/nci,33553445,2773224,8.265095,0.4696063995361328,0.09971404075622559
0,ctx,16,1,1048576,65536,1048576,1000,2,datasets/silesia/webster,41458703,11706995,28.237726,0.9220998287200928,0.3664097785949707
0,ctx,16,1,1048576,65536,1048576,1000,2,datasets/silesia/reymont,6627202,1788887,26.993096,0.39354586601257324,0.06720590591430664
0,ctx,16,1,1048576,65536,1048576,1000,2,datasets/silesia/dickens,10192446,3743511,36.728289,0.4398789405822754,0.12858057022094727
0,ctx,16,1,1048576,65536,1048576,1000,2,datasets/silesia/mozilla,51220480,18953074,37.002921,1.0816526412963867,0.34714484214782715
0,ctx,16,1,1048576,65536,1048576,1000,2,datasets/silesia/osdb,10085684,3527678,34.977082,0.2778799533843994,0.08166193962097168
0,ctx,16,1,1048576,65536,1048576,1000,2,datasets/silesia/x-ray,8474240,5913865,69.786376,0.3638594150543213,0.14510202407836914
0,ctx,16,1,1048576,65536,1048576,1000,2,datasets/silesia/samba,21606400,5181612,23.981839,0.4978306293487549,0.12162661552429199
0,ctx,16,1,1048576,65536,1048576,1000,2,datasets/silesia/sao,7251944,5273193,72.714199,0.32627391815185547,0.08396077156066895
0,ctx,16,1,1048576,65536,1048576,1000,2,AVERAGE,17661548.333333332,5517782.833333333,31.241784,0.4700737992922465,0.13728115955988565
0,ctx,16,1,1048576,65536,1048576,1000,3,datasets/silesia/ooffice,6152192,3045055,49.495448,0.3118934631347656,0.07353544235229492
0,ctx,16,1,1048576,65536,1048576,1000,3,datasets/silesia/xml,5345280,642669,12.023112,0.1842045783996582,0.02670121192932129
0,ctx,16,1,1048576,65536,1048576,1000,3,datasets/silesia/mr,9970564,3667640,36.784679,0.5810110569000244,0.11360573768615723
0,ctx,16,1,1048576,65536,1048576,1000,3,datasets/silesia/nci,33553445,2763466,8.236013,0.538646936416626,0.10215258598327637
0,ctx,16,1,1048576,65536,1048576,1000,3,datasets/silesia/webster,41458703,11782466,28.419765,1.0755128860473633,0.38622117042541504
0,ctx,16,1,1048576,65536,1048576,1000,3,datasets/silesia/reymont,6627202,1795362,27.090799,0.5012619495391846,0.06850361824035645
0,ctx,16,1,1048576,65536,1048576,1000,3,datasets/silesia/dickens,10192446,3800038,37.282886,0.5582726001739502,0.14162755012512207
0,ctx,16,1,1048576,65536,1048576,1000,3,datasets/silesia/mozilla,51220480,18911501,36.921757,1.2566652297973633,0.3609473705291748
0,ctx,16,1,1048576,65536,1048576,1000,3,datasets/silesia/osdb,10085684,3527837,34.978659,0.3063929080963135,0.08127021789550781
0,ctx,16,1,1048576,65536,1048576,1000,3,datasets/silesia/x-ray,8474240,5910623,69.748119,0.39837050437927246,0.15304207801818848
0,ctx,16,1,1048576,65536,1048576,1000,3,datasets/silesia/samba,21606400,5185087,23.997922,0.5904819965362549,0.12023210525512695
0,ctx,16,1,1048576,65536,1048576,1000,3,datasets/silesia/sao,7251944,5279276,72.79808,0.3375072479248047,0.08633208274841309
0,ctx,16,1,1048576,65536,1048576,1000,3,AVERAGE,17661548.333333332,5525918.333333333,31.287848,0.5533517797787985,0.14284759759902954
0,ctx,16,1,1048576,65536,1048576,0,0,datasets/silesia/ooffice,6152192,3098805,50.36912,0.23866677284240723,0.08042716979980469
0,ctx,16,1,1048576,65536,1048576,0,0,datasets/silesia/xml,5345280,677265,12.670337,0.13535070419311523,0.028377294540405273
0,ctx,16,1,1048576,65536,1048576,0,0,datasets/silesia/mr,9970564,3616452,36.271288,0.38239145278930664,0.12294840812683105
0,ctx,16,1,1048576,65536,1048576,0,0,datasets/silesia/nci,33553445,3079764,9.178682,0.45281338691711426,0.12433218955993652
0,ctx,16,1,1048576,65536,1048576,0,0,datasets/silesia/webster,41458703,11975166,28.884565,1.0128905773162842,0.41952061653137207
0,ctx,16,1,1048576,65536,1048576,0,0,datasets/silesia/reymont,6627202,1840107,27.765971,0.2748587131500244,0.07423281669616699
0,ctx,16,1,1048576,65536,1048576,0,0,datasets/silesia/dickens,10192446,3787745,37.162277,0.3951096534729004,0.13895416259765625
0,ctx,16,1,1048576,65536,1048576,0,0,datasets/silesia/mozilla,51220480,19349536,37.776952,0.9649209976196289,0.38673901557922363
0,ctx,16,1,1048576,65536,1048576,0,0,datasets/silesia/osdb,10085684,3638497,36.075858,0.24480795860290527,0.08732223510742188
0,ctx,16,1,1048576,65536,1048576,0,0,datasets/silesia/x-ray,8474240,5925280,69.921078,0.3826777935028076,0.1615157127380371
0,ctx,16,1,1048576,65536,1048576,0,0,datasets/silesia/samba,21606400,5380999,24.904653,0.43149471282958984,0.1395876407623291
0,ctx,16,1,1048576,65536,1048576,0,0,datasets/silesia/sao,7251944,5331892,73.523623,0.33301830291748047,0.09391593933105469
0,ctx,16,1,1048576,65536,1048576,0,0,AVERAGE,17661548.333333332,5641792.333333333,31.943928,0.4374167521794637,0.15482276678085327
0,ctx,16,1,1048576,65536,1048576,0,1,datasets/silesia/ooffice,6152192,3052465,49.615893,0.24869060516357422,0.07936453819274902
0,ctx,16,1,1048576,65536,1048576,0,1,datasets/silesia/xml,5345280,647836,12.119777,0.16388559341430664,0.02812790870666504
0,ctx,16,1,1048576,65536,1048576,0,1,datasets/silesia/mr,9970564,3642709,36.534633,0.5931549072265625,0.11269545555114746
0,ctx,16,1,1048576,65536,1048576,0,1,datasets/silesia/nci,33553445,2841346,8.46812,0.6416699886322021,0.11332368850708008
0,ctx,16,1,1048576,65536,1048576,0,1,datasets/silesia/webster,41458703,11750934,28.343709,0.9519290924072266,0.4124011993408203
0,ctx,16,1,1048576,65536,1048576,0,1,datasets/silesia/reymont,6627202,1791919,27.038847,0.3890213966369629,0.0696415901184082
0,ctx,16,1,1048576,65536,1048576,0,1,datasets/silesia/dickens,10192446,3743364,36.726847,0.42571353912353516,0.13730573654174805
0,ctx,16,1,1048576,65536,1048576,0,1,datasets/silesia/mozilla,51220480,18949898,36.996721,1.6158947944641113,0.3730897903442383
0,ctx,16,1,1048576,65536,1048576,0,1,datasets/silesia/osdb,10085684,3534853,35.048223,0.30902862548828125,0.08565449714660645
0,ctx,16,1,1048576,65536,1048576,0,1,datasets/silesia/x-ray,8474240,5903501,69.664076,0.39160609245300293,0.1522965431213379
0,ctx,16,1,1048576,65536,1048576,0,1,datasets/silesia/samba,21606400,5252133,24.308228,0.45012903213500977,0.13965296745300293
0,ctx,16,1,1048576,65536,1048576,0,1,datasets/silesia/sao,7251944,5269786,72.667219,0.3086667060852051,0.09020161628723145
0,ctx,16,1,1048576,65536,1048576,0,1,AVERAGE,17661548.333333332,5531728.666666667,31.320746,0.5407825311024984,0.14947962760925293
0,ctx,16,1,1048576,65536,1048576,0,2,datasets/silesia/ooffice,6152192,3056934,49.688534,0.27758288383483887,0.07085132598876953
0,ctx,16,1,1048576,65536,1048576,0,2,datasets/silesia/xml,5345280,640382,11.980327,0.178206205368042,0.027619123458862305
0,ctx,16,1,1048576,65536,1048576,0,2,datasets/silesia/mr,9970564,3648828,36.596004,0.6627066135406494,0.11061811447143555
0,ctx,16,1,1048576,65536,1048576,0,2,datasets/silesia/nci,33553445,2740789,8.168428,0.7042965888977051,0.1063089370727539
0,ctx,16,1,1048576,65536,1048576,0,2,datasets/silesia/webster,41458703,11706967,28.237659,0.9858081340789795,0.38388729095458984
0,ctx,16,1,1048576,65536,1048576,0,2,datasets/silesia/reymont,6627202,1783891,26.91771,0.4470503330230713,0.0676121711730957
0,ctx,16,1,1048576,65536,1048576,0,2,datasets/silesia/dickens,10192446,3743399,36.72719,0.46124911308288574,0.1335136890411377
0,ctx,16,1,1048576,65536,1048576,0,2,datasets/silesia/mozilla,51220480,18951803,37.00044,2.4464006423950195,0.35976266860961914
0,ctx,16,1,1048576,65536,1048576,0,2,datasets/silesia/osdb,10085684,3527678,34.977082,0.28278064727783203,0.08674812316894531
0,ctx,16,1,1048576,65536,1048576,0,2,datasets/silesia/x-ray,8474240,5913865,69.786376,0.38527369499206543,0.15148544311523438
0,ctx,16,1,1048576,65536,1048576,0,2,datasets/silesia/samba,21606400,5179967,23.974225,0.589470386505127,0.12597250938415527
0,ctx,16,1,1048576,65536,1048576,0,2,datasets/silesia/sao,7251944,5273009,72.711662,0.3307168483734131,0.08580136299133301
0,ctx,16,1,1048576,65536,1048576,0,2,AVERAGE,17661548.333333332,5513959.333333333,31.220136,0.6459618409474691,0.14251506328582764
0,ctx,16,1,1048576,65536,1048576,0,3,datasets/silesia/ooffice,6152192,3044639,49.488686,0.4043703079223633,0.07346391677856445
0,ctx,16,1,1048576,65536,1048576,0,3,datasets/silesia/xml,5345280,642455,12.019108,0.21277737617492676,0.02698683738708496
0,ctx,16,1,1048576,65536,1048576,0,3,datasets/silesia/mr,9970564,3666735,36.775603,0.876239538192749,0.11764812469482422
0,ctx,16,1,1048576,65536,1048576,0,3,datasets/silesia/nci,33553445,2729953,8.136133,1.0159022808074951,0.11146712303161621
0,ctx,16,1,1048576,65536,1048576,0,3,datasets/silesia/webster,41458703,11782435,28.41969,1.2228140830993652,0.3746216297149658
0,ctx,16,1,1048576,65536,1048576,0,3,datasets/silesia/reymont,6627202,1790208,27.013029,0.5432882308959961,0.06886863708496094
0,ctx,16,1,1048576,65536,1048576,0,3,datasets/silesia/dickens,10192446,3799932,37.281846,0.5159645080566406,0.1269974708557129
0,ctx,16,1,1048576,65536,1048576,0,3,datasets/silesia/mozilla,51220480,18910566,36.919931,3.600318193435669,0.34177160263061523
0,ctx,16,1,1048576,65536,1048576,0,3,datasets/silesia/osdb,10085684,3527837,34.978659,0.3277873992919922,0.08756279945373535
0,ctx,16,1,1048576,65536,1048576,0,3,datasets/silesia/x-ray,8474240,5910623,69.748119,0.39468860626220703,0.15384221076965332
0,ctx,16,1,1048576,65536,1048576,0,3,datasets/silesia/samba,21606400,5183526,23.990697,0.7589619159698486,0.12901067733764648
0,ctx,16,1,1048576,65536,1048576,0,3,datasets/silesia/sao,7251944,5278912,72.793061,0.37563395500183105,0.08644700050354004
0,ctx,16,1,1048576,65536,1048576,0,3,AVERAGE,17661548.333333332,5522318.416666667,31.267465,0.8540621995925903,0.14155733585357666
0,ctx,16,1,1048576,262144,65536,10,0,datasets/silesia/ooffice,6152192,3122105,50.747847,0.2372760772705078,0.08400082588195801
0,ctx,16,1,1048576,262144,65536,10,0,datasets/silesia/xml,5345280,728808,13.634608,0.10443258285522461,0.02771472930908203
0,ctx,16,1,1048576,262144,65536,10,0,datasets/silesia/mr,9970564,3668608,36.794388,0.30963683128356934,0.12925410270690918
0,ctx,16,1,1048576,262144,65536,10,0,datasets/silesia/nci,33553445,3542278,10.557122,0.4156007766723633,0.13160014152526855
0,ctx,16,1,1048576,262144,65536,10,0,datasets/silesia/webster,41458703,12727175,30.69844,0.9626777172088623,0.4177262783050537
0,ctx,16,1,1048576,262144,65536,10,0,datasets/silesia/reymont,6627202,2063368,31.134829,0.19497966766357422,0.07445406913757324
0,ctx,16,1,1048576,262144,65536,10,0,datasets/silesia/dickens,10192446,4090440,40.132074,0.3453950881958008,0.14075255393981934
0,ctx,16,1,1048576,262144,65536,10,0,datasets/silesia/mozilla,51220480,19418024,37.910664,1.0125360488891602,0.4079875946044922
0,ctx,16,1,1048576,262144,65536,10,0,datasets/silesia/osdb,10085684,3701010,36.695677,0.2518014907836914,0.09346628189086914
0,ctx,16,1,1048576,262144,65536,10,0,datasets/silesia/x-ray,8474240,5920988,69.870431,0.41274142265319824,0.1811995506286621
0,ctx,16,1,1048576,262144,65536,10,0,datasets/silesia/samba,21606400,5439753,25.176582,0.4519507884979248,0.13664674758911133
0,ctx,16,1,1048576,262144,65536,10,0,datasets/silesia/sao,7251944,5421821,74.763691,0.27687764167785645,0.09839010238647461
0,ctx,16,1,1048576,262144,65536,10,0,AVERAGE,17661548.333333332,5820364.833333333,32.955009,0.4146588444709778,0.1602660814921061
0,ctx,16,1,1048576,262144,65536,10,1,datasets/silesia/ooffice,6152192,3066676,49.846884,0.22393584251403809,0.07631516456604004
0,ctx,16,1,1048576,262144,65536,10,1,datasets/silesia/xml,5345280,689450,12.898295,0.11834359169006348,0.029788494110107422
0,ctx,16,1,1048576,262144,65536,10,1,datasets/silesia/mr,9970564,3749602,37.606719,0.3089737892150879,0.12446713447570801
0,ctx,16,1,1048576,262144,65536,10,1,datasets/silesia/nci,33553445,3240399,9.657426,0.4506056308746338,0.12073206901550293
0,ctx,16,1,1048576,262144,65536,10,1,datasets/silesia/webster,41458703,12441387,30.009108,0.9632749557495117,0.39107775688171387
0,ctx,16,1,1048576,262144,65536,10,1,datasets/silesia/reymont,6627202,2007548,30.292543,0.17596173286437988,0.07029271125793457
0,ctx,16,1,1048576,262144,65536,10,1,datasets/silesia/dickens,10192446,4040268,39.639827,0.3342304229736328,0.13728570938110352
0,ctx,16,1,1048576,262144,65536,10,1,datasets/silesia/mozilla,51220480,18915631,36.92982,0.9424419403076172,0.35762906074523926
0,ctx,16,1,1048576,262144,65536,10,1,datasets/silesia/osdb,10085684,3666365,36.35217,0.28130650520324707,0.09232091903686523
0,ctx,16,1,1048576,262144,65536,10,1,datasets/silesia/x-ray,8474240,5936446,70.052842,0.39342522621154785,0.15921497344970703
0,ctx,16,1,1048576,262144,65536,10,1,datasets/silesia/samba,21606400,5313273,24.5912,0.4281303882598877,0.132340669631958
0,ctx,16,1,1048576,262144,65536,10,1,datasets/silesia/sao,7251944,5369490,74.042078,0.2777678966522217,0.0887441635131836
0,ctx,16,1,1048576,262144,65536,10,1,AVERAGE,17661548.333333332,5703044.583333333,32.29074,0.40819982687632245,0.14835073550542197
0,ctx,16,1,1048576,262144,65536,10,2,datasets/silesia/ooffice,6152192,3071734,49.929098,0.21037769317626953,0.06920003890991211
0,ctx,16,1,1048576,262144,65536,10,2,datasets/silesia/xml,5345280,675435,12.636101,0.10363125801086426,0.025247573852539062
0,ctx,16,1,1048576,262144,65536,10,2,datasets/silesia/mr,9970564,3774444,37.855873,0.2875220775604248,0.11794376373291016
0,ctx,16,1,1048576,262144,65536,10,2,datasets/silesia/nci,33553445,3125334,9.314495,0.39492225646972656,0.11565184593200684
0,ctx,16,1,1048576,262144,65536,10,2,datasets/silesia/webster,41458703,12367490,29.830866,0.8636960983276367,0.3852803707122803
0,ctx,16,1,1048576,262144,65536,10,2,datasets/silesia/reymont,6627202,2011814,30.356914,0.1876509189605713,0.07038664817810059
0,ctx,16,1,1048576,262144,65536,10,2,datasets/silesia/dickens,10192446,4023483,39.475147,0.34530019760131836,0.13404607772827148
0,ctx,16,1,1048576,262144,65536,10,2,datasets/silesia/mozilla,51220480,18903932,36.906979,0.9831943511962891,0.3446524143218994
0,ctx,16,1,1048576,262144,65536,10,2,datasets/silesia/osdb,10085684,3640239,36.09313,0.2496490478515625,0.0895223617553711
0,ctx,16,1,1048576,262144,65536,10,2,datasets/silesia/x-ray,8474240,5965604,70.396921,0.40706706047058105,0.1619715690612793
0,ctx,16,1,1048576,262144,65536,10,2,datasets/silesia/samba,21606400,5217187,24.146489,0.3726992607116699,0.12755990028381348
0,ctx,16,1,1048576,262144,65536,10,2,datasets/silesia/sao,7251944,5423687,74.789422,0.2676820755004883,0.09145450592041016
0,ctx,16,1,1048576,262144,65536,10,2,AVERAGE,17661548.333333332,5683365.25,32.179315,0.3894493579864502,0.14440975586573282
0,ctx,16,1,1048576,262144,65536,10,3,datasets/silesia/ooffice,6152192,3058654,49.716491,0.21740293502807617,0.07108640670776367
0,ctx,16,1,1048576,262144,65536,10,3,datasets/silesia/xml,5345280,673617,12.60209,0.11102056503295898,0.02524280548095703
0,ctx,16,1,1048576,262144,65536,10,3,datasets/silesia/mr,9970564,3811244,38.224959,0.286238431930542,0.11059403419494629
0,ctx,16,1,1048576,262144,65536,10,3,datasets/silesia/nci,33553445,3134856,9.342874,0.38560986518859863,0.11457157135009766
0,ctx,16,1,1048576,262144,65536,10,3,datasets/silesia/webster,41458703,12396720,29.90137,0.9016404151916504,0.38163137435913086
0,ctx,16,1,1048576,262144,65536,10,3,datasets/silesia/reymont,6627202,2014444,30.396599,0.18951177597045898,0.06685709953308105
0,ctx,16,1,1048576,262144,65536,10,3,datasets/silesia/dickens,10192446,4058890,39.822531,0.3280045986175537,0.13165044784545898
0,ctx,16,1,1048576,262144,65536,10,3,datasets/silesia/mozilla,51220480,18853466,36.808452,0.9317972660064697,0.34349584579467773
0,ctx,16,1,1048576,262144,65536,10,3,datasets/silesia/osdb,10085684,3616421,35.856973,0.24143385887145996,0.07870745658874512
0,ctx,16,1,1048576,262144,65536,10,3,datasets/silesia/x-ray,8474240,5985549,70.632281,0.40415143966674805,0.15285778045654297
0,ctx,16,1,1048576,262144,65536,10,3,datasets/silesia/samba,21606400,5202707,24.079472,0.38785648345947266,0.12575149536132812
0,ctx,16,1,1048576,262144,65536,10,3,datasets/silesia/sao,7251944,5417596,74.705431,0.24700212478637695,0.08731913566589355
0,ctx,16,1,1048576,262144,65536,10,3,AVERAGE,17661548.333333332,5685347.0,32.190536,0.3859724799791972,0.1408137877782186
0,ctx,16,1,1048576,262144,65536,1000,0,datasets/silesia/ooffice,6152192,3046915,49.525681,0.2725687026977539,0.07872176170349121
0,ctx,16,1,1048576,262144,65536,1000,0,datasets/silesia/xml,5345280,588301,11.00599,0.14664268493652344,0.024501562118530273
0,ctx,16,1,1048576,262144,65536,1000,0,datasets/silesia/mr,9970564,3568758,35.79294,0.4129488468170166,0.1255192756652832
0,ctx,16,1,1048576,262144,65536,1000,0,datasets/silesia/nci,33553445,2851335,8.49789,0.4832439422607422,0.11715316772460938
0,ctx,16,1,1048576,262144,65536,1000,0,datasets/silesia/webster,41458703,11332855,27.335286,1.1919939517974854,0.40667271614074707
0,ctx,16,1,1048576,262144,65536,1000,0,datasets/silesia/reymont,6627202,1756173,26.499464,0.3909757137298584,0.07167506217956543
0,ctx,16,1,1048576,262144,65536,1000,0,datasets/silesia/dickens,10192446,3559619,34.92409,0.5176517963409424,0.1374046802520752
0,ctx,16,1,1048576,262144,65536,1000,0,datasets/silesia/mozilla,51220480,19015263,37.124336,1.0926659107208252,0.401904821395874
0,ctx,16,1,1048576,262144,65536,1000,0,datasets/silesia/osdb,10085684,3555714,35.255061,0.2857935428619385,0.08873558044433594
0,ctx,16,1,1048576,262144,65536,1000,0,datasets/silesia/x-ray,8474240,5840175,68.9168,0.4520106315612793,0.17814254760742188
0,ctx,16,1,1048576,262144,65536,1000,0,datasets/silesia/samba,21606400,5150889,23.839645,0.5067956447601318,0.1323401927947998
0,ctx,16,1,1048576,262144,65536,1000,0,datasets/silesia/sao,7251944,5320107,73.361115,0.3361828327178955,0.09476637840270996
0,ctx,16,1,1048576,262144,65536,1000,0,AVERAGE,17661548.333333332,5465508.666666667,30.945807,0.5074561834335327,0.1547948122024536
0,ctx,16,1,1048576,262144,65536,1000,1,datasets/silesia/ooffice,6152192,2990272,48.604985,0.3450028896331787,0.07800722122192383
0,ctx,16,1,1048576,262144,65536,1000,1,datasets/silesia/xml,5345280,563367,10.539523,0.192976713180542,0.025311946868896484
0,ctx,16,1,1048576,262144,65536,1000,1,datasets/silesia/mr,9970564,3592938,36.035454,0.5453388690948486,0.11011219024658203
0,ctx,16,1,1048576,262144,65536,1000,1,datasets/silesia/nci,33553445,2647711,7.891026,0.5046672821044922,0.10573720932006836
0,ctx,16,1,1048576,262144,65536,1000,1,datasets/silesia/webster,41458703,11150331,26.895031,1.4335033893585205,0.38997602462768555
0,ctx,16,1,1048576,262144,65536,1000,1,datasets/silesia/reymont,6627202,1716010,25.893431,0.5298426151275635,0.06677508354187012
0,ctx,16,1,1048576,262144,65536,1000,1,datasets/silesia/dickens,10192446,3526507,34.599222,0.681605339050293,0.13385629653930664
0,ctx,16,1,1048576,262144,65536,1000,1,datasets/silesia/mozilla,51220480,18464404,36.04887,1.1467392444610596,0.37690258026123047
0,ctx,16,1,1048576,262144,65536,1000,1,datasets/silesia/osdb,10085684,3483221,34.536289,0.34470510482788086,0.08852362632751465
0,ctx,16,1,1048576,262144,65536,1000,1,datasets/silesia/x-ray,8474240,5802966,68.477716,0.4771580696105957,0.15947794914245605
0,ctx,16,1,1048576,262144,65536,1000,1,datasets/silesia/samba,21606400,5045033,23.349716,0.5743527412414551,0.12897205352783203
0,ctx,16,1,1048576,262144,65536,1000,1,datasets/silesia/sao,7251944,5222010,72.008416,0.3830146789550781,0.08495593070983887
0,ctx,16,1,1048576,262144,65536,1000,1,AVERAGE,17661548.333333332,5350397.5,30.294046,0.5965755780537924,0.14571734269460043
0,ctx,16,1,1048576,262144,65536,1000,2,datasets/silesia/ooffice,6152192,2992376,48.639184,0.38740086555480957,0.07505202293395996
0,ctx,16,1,1048576,262144,65536,1000,2,datasets/silesia/xml,5345280,555862,10.399118,0.2097935676574707,0.02459549903869629
0,ctx,16,1,1048576,262144,65536,1000,2,datasets/silesia/mr,9970564,3609567,36.202235,0.637152910232544,0.11956310272216797
0,ctx,16,1,1048576,262144,65536,1000,2,datasets/silesia/nci,33553445,2566998,7.650475,0.580435037612915,0.10122990608215332
0,ctx,16,1,1048576,262144,65536,1000,2,datasets/silesia/webster,41458703,11124123,26.831816,1.7136564254760742,0.37412166595458984
0,ctx,16,1,1048576,262144,65536,1000,2,datasets/silesia/reymont,6627202,1706630,25.751893,0.7065892219543457,0.07307910919189453
0,ctx,16,1,1048576,262144,65536,1000,2,datasets/silesia/dickens,10192446,3529552,34.629097,0.9624359607696533,0.1367788314819336
0,ctx,16,1,1048576,262144,65536,1000,2,datasets/silesia/mozilla,51220480,18438252,35.997812,1.3407931327819824,0.3730201721191406
0,ctx,16,1,1048576,262144,65536,1000,2,datasets/silesia/osdb,10085684,3471875,34.423793,0.4066023826599121,0.08867716789245605
0,ctx,16,1,1048576,262144,65536,1000,2,datasets/silesia/x-ray,8474240,5817040,68.643796,0.5654933452606201,0.15683937072753906
0,ctx,16,1,1048576,262144,65536,1000,2,datasets/silesia/samba,21606400,4964335,22.976225,0.74082350730896,0.12743377685546875
0,ctx,16,1,1048576,262144,65536,1000,2,datasets/silesia/sao,7251944,5231056,72.133155,0.551647424697876,0.08668828010559082
0,ctx,16,1,1048576,262144,65536,1000,2,AVERAGE,17661548.333333332,5333972.166666667,30.201045,0.7335686484972636,0.1447565754254659
0,ctx,16,1,1048576,262144,65536,1000,3,datasets/silesia/ooffice,6152192,2979474,48.42947,0.5505819320678711,0.07457995414733887
0,ctx,16,1,1048576,262144,65536,1000,3,datasets/silesia/xml,5345280,558180,10.442484,0.29448533058166504,0.02477550506591797
0,ctx,16,1,1048576,262144,65536,1000,3,datasets/silesia/mr,9970564,3636111,36.468459,0.9000749588012695,0.11970996856689453
0,ctx,16,1,1048576,262144,65536,1000,3,datasets/silesia/nci,33553445,2564934,7.644324,0.7793395519256592,0.10516977310180664
0,ctx,16,1,1048576,262144,65536,1000,3,datasets/silesia/webster,41458703,11227793,27.081872,2.365967273712158,0.40428709983825684
0,ctx,16,1,1048576,262144,65536,1000,3,datasets/silesia/reymont,6627202,1717247,25.912097,0.9369733333587646,0.06765246391296387
0,ctx,16,1,1048576,262144,65536,1000,3,datasets/silesia/dickens,10192446,3593427,35.255786,1.343646764755249,0.13330483436584473
0,ctx,16,1,1048576,262144,65536,1000,3,datasets/silesia/mozilla,51220480,18405425,35.933722,1.5137434005737305,0.34711408615112305
0,ctx,16,1,1048576,262144,65536,1000,3,datasets/silesia/osdb,10085684,3474827,34.453062,0.42909765243530273,0.08762788772583008
0,ctx,16,1,1048576,262144,65536,1000,3,datasets/silesia/x-ray,8474240,5838321,68.894922,0.5632386207580566,0.1582334041595459
0,ctx,16,1,1048576,262144,65536,1000,3,datasets/silesia/samba,21606400,4964114,22.975202,0.8653213977813721,0.12327003479003906
0,ctx,16,1,1048576,262144,65536,1000,3,datasets/silesia/sao,7251944,5238004,72.228964,0.5449328422546387,0.08459067344665527
0,ctx,16,1,1048576,262144,65536,1000,3,AVERAGE,17661548.333333332,5349821.416666667,30.290784,0.9239502549171448,0.14419297377268472
0,ctx,16,1,1048576,262144,65536,0,0,datasets/silesia/ooffice,6152192,3045357,49.500357,0.30600929260253906,0.08393979072570801
0,ctx,16,1,1048576,262144,65536,0,0,datasets/silesia/xml,5345280,586484,10.971998,0.16441559791564941,0.026761293411254883
0,ctx,16,1,1048576,262144,65536,0,0,datasets/silesia/mr,9970564,3567986,35.785197,0.5717513561248779,0.13120198249816895
0,ctx,16,1,1048576,262144,65536,0,0,datasets/silesia/nci,33553445,2823378,8.41457,0.5828907489776611,0.11435699462890625
0,ctx,16,1,1048576,262144,65536,0,0,datasets/silesia/webster,41458703,11300026,27.256101,1.6662578582763672,0.41356325149536133
0,ctx,16,1,1048576,262144,65536,0,0,datasets/silesia/reymont,6627202,1738088,26.226573,0.6005432605743408,0.07619118690490723
0,ctx,16,1,1048576,262144,65536,0,0,datasets/silesia/dickens,10192446,3548864,34.818571,0.8172183036804199,0.143601655960083
0,ctx,16,1,1048576,262144,65536,0,0,datasets/silesia/mozilla,51220480,19006178,37.106599,1.5070793628692627,0.43020057678222656
0,ctx,16,1,1048576,262144,65536,0,0,datasets/silesia/osdb,10085684,3555696,35.254882,0.3421969413757324,0.10060310363769531
0,ctx,16,1,1048576,262144,65536,0,0,datasets/silesia/x-ray,8474240,5840175,68.9168,0.491102933883667,0.18514394760131836
0,ctx,16,1,1048576,262144,65536,0,0,datasets/silesia/samba,21606400,5147353,23.823279,0.6334397792816162,0.14044475555419922
0,ctx,16,1,1048576,262144,65536,0,0,datasets/silesia/sao,7251944,5320044,73.360247,0.3482935428619385,0.09884428977966309
0,ctx,16,1,1048576,262144,65536,0,0,AVERAGE,17661548.333333332,5456635.75,30.895568,0.6692665815353394,0.16207106908162436
0,ctx,16,1,1048576,262144,65536,0,1,datasets/silesia/ooffice,6152192,2988535,48.576751,0.4238011837005615,0.07946991920471191
0,ctx,16,1,1048576,262144,65536,0,1,datasets/silesia/xml,5345280,561355,10.501882,0.2689523696899414,0.023424863815307617
0,ctx,16,1,1048576,262144,65536,0,1,datasets/silesia/mr,9970564,3592694,36.033007,1.4654865264892578,0.12010884284973145
0,ctx,16,1,1048576,262144,65536,0,1,datasets/silesia/nci,33553445,2612327,7.78557,1.1864721775054932,0.11274576187133789
0,ctx,16,1,1048576,262144,65536,0,1,datasets/silesia/webster,41458703,11117998,26.817042,2.1312673091888428,0.3993690013885498
0,ctx,16,1,1048576,262144,65536,0,1,datasets/silesia/reymont,6627202,1698706,25.632326,1.1332433223724365,0.0731353759765625
0,ctx,16,1,1048576,262144,65536,0,1,datasets/silesia/dickens,10192446,3515099,34.487296,1.0830140113830566,0.13802170753479004
0,ctx,16,1,1048576,262144,65536,0,1,datasets/silesia/mozilla,51220480,18460120,36.040506,3.2612669467926025,0.38663244247436523
0,ctx,16,1,1048576,262144,65536,0,1,datasets/silesia/osdb,10085684,3480928,34.513554,0.5434412956237793,0.09301424026489258
0,ctx,16,1,1048576,262144,65536,0,1,datasets/silesia/x-ray,8474240,5802979,68.477869,0.5357344150543213,0.16536831855773926
0,ctx,16,1,1048576,262144,65536,0,1,datasets/silesia/samba,21606400,5044595,23.347689,0.7776191234588623,0.13233685493469238
0,ctx,16,1,1048576,262144,65536,0,1,datasets/silesia/sao,7251944,5221277,71.998308,0.3945746421813965,0.0909883975982666
0,ctx,16,1,1048576,262144,65536,0,1,AVERAGE,17661548.333333332,5341384.416666667,30.243013,1.1004061102867126,0.15121797720591226
0,ctx,16,1,1048576,262144,65536,0,2,datasets/silesia/ooffice,6152192,2990227,48.604254,0.6428496837615967,0.07489967346191406
0,ctx,16,1,1048576,262144,65536,0,2,datasets/silesia/xml,5345280,553342,10.351974,0.3548905849456787,0.025643110275268555
0,ctx,16,1,1048576,262144,65536,0,2,datasets/silesia/mr,9970564,3597658,36.082793,1.5520679950714111,0.11370539665222168
0,ctx,16,1,1048576,262144,65536,0,2,datasets/silesia/nci,33553445,2524706,7.524432,1.6238675117492676,0.10360527038574219
0,ctx,16,1,1048576,262144,65536,0,2,datasets/silesia/webster,41458703,11089873,26.749204,2.3573708534240723,0.38132596015930176
0,ctx,16,1,1048576,262144,65536,0,2,datasets/silesia/reymont,6627202,1685819,25.43787,1.4276108741760254,0.06845927238464355
0,ctx,16,1,1048576,262144,65536,0,2,datasets/silesia/dickens,10192446,3518427,34.519947,1.0645160675048828,0.13193607330322266
0,ctx,16,1,1048576,262144,65536,0,2,datasets/silesia/mozilla,51220480,18436707,35.994795,5.422816276550293,0.36469388008117676
0,ctx,16,1,1048576,262144,65536,0,2,datasets/silesia/osdb,10085684,3463946,34.345177,0.5484902858734131,0.08225512504577637
0,ctx,16,1,1048576,262144,65536,0,2,datasets/silesia/x-ray,8474240,5817019,68.643548,0.4955155849456787,0.15833783149719238
0,ctx,16,1,1048576,262144,65536,0,2,datasets/silesia/samba,21606400,4963521,22.972457,1.5353765487670898,0.12694454193115234
0,ctx,16,1,1048576,262144,65536,0,2,datasets/silesia/sao,7251944,5229541,72.112264,0.7340030670166016,0.0906224250793457
0,ctx,16,1,1048576,262144,65536,0,2,AVERAGE,17661548.333333332,5322565.5,30.13646,1.4799479444821675,0.1435357133547465
0,ctx,16,1,1048576,262144,65536,0,3,datasets/silesia/ooffice,6152192,2977303,48.394182,1.207613468170166,0.07832789421081543
0,ctx,16,1,1048576,262144,65536,0,3,datasets/silesia/xml,5345280,555464,10.391673,0.4806497097015381,0.02374744415283203
0,ctx,16,1,1048576,262144,65536,0,3,datasets/silesia/mr,9970564,3635526,36.462591,2.244333267211914,0.11253595352172852
0,ctx,16,1,1048576,262144,65536,0,3,datasets/silesia/nci,33553445,2521291,7.514254,2.6312456130981445,0.09771919250488281
0,ctx,16,1,1048576,262144,65536,0,3,datasets/silesia/webster,41458703,11194928,27.002601,3.226379871368408,0.38737916946411133
0,ctx,16,1,1048576,262144,65536,0,3,datasets/silesia/reymont,6627202,1696220,25.594814,1.9000036716461182,0.06559419631958008
0,ctx,16,1,1048576,262144,65536,0,3,datasets/silesia/dickens,10192446,3583124,35.154702,1.649383783340454,0.13158583641052246
0,ctx,16,1,1048576,262144,65536,0,3,datasets/silesia/mozilla,51220480,18404026,35.930991,8.645044803619385,0.3544797897338867
0,ctx,16,1,1048576,262144,65536,0,3,datasets/silesia/osdb,10085684,3464434,34.350015,0.5576860904693604,0.08592033386230469
0,ctx,16,1,1048576,262144,65536,0,3,datasets/silesia/x-ray,8474240,5838342,68.895169,0.5405476093292236,0.15157127380371094
0,ctx,16,1,1048576,262144,65536,0,3,datasets/silesia/samba,21606400,4960574,22.958818,2.055884838104248,0.12362003326416016
0,ctx,16,1,1048576,262144,65536,0,3,datasets/silesia/sao,7251944,5234386,72.179074,0.749547004699707,0.08268213272094727
0,ctx,16,1,1048576,262144,65536,0,3,AVERAGE,17661548.333333332,5338801.5,30.228389,2.1573599775632224,0.14126360416412354
0,ctx,16,1,1048576,262144,262144,10,0,datasets/silesia/ooffice,6152192,3122105,50.747847,0.22852158546447754,0.08672022819519043
0,ctx,16,1,1048576,262144,262144,10,0,datasets/silesia/xml,5345280,728808,13.634608,0.10903549194335938,0.029431581497192383
0,ctx,16,1,1048576,262144,262144,10,0,datasets/silesia/mr,9970564,3668608,36.794388,0.34693002700805664,0.12421655654907227
0,ctx,16,1,1048576,262144,262144,10,0,datasets/silesia/nci,33553445,3542278,10.557122,0.43263769149780273,0.12122225761413574
0,ctx,16,1,1048576,262144,262144,10,0,datasets/silesia/webster,41458703,12727175,30.69844,0.9133520126342773,0.41879701614379883
0,ctx,16,1,1048576,262144,262144,10,0,datasets/silesia/reymont,6627202,2063368,31.134829,0.18854308128356934,0.07846355438232422
0,ctx,16,1,1048576,262144,262144,10,0,datasets/silesia/dickens,10192446,4090440,40.132074,0.3255491256713867,0.14183902740478516
0,ctx,16,1,1048576,262144,262144,10,0,datasets/silesia/mozilla,51220480,19418024,37.910664,0.9922943115234375,0.3956794738769531
0,ctx,16,1,1048576,262144,262144,10,0,datasets/silesia/osdb,10085684,3701010,36.695677,0.27805352210998535,0.09443330764770508
0,ctx,16,1,1048576,262144,262144,10,0,datasets/silesia/x-ray,8474240,5920988,69.870431,0.41800928115844727,0.1755688190460205
0,ctx,16,1,1048576,262144,262144,10,0,datasets/silesia/samba,21606400,5439753,25.176582,0.4119277000427246,0.13186383247375488
0,ctx,16,1,1048576,262144,262144,10,0,datasets/silesia/sao,7251944,5421821,74.763691,0.2897036075592041,0.09404659271240234
0,ctx,16,1,1048576,262144,262144,10,0,AVERAGE,17661548.333333332,5820364.833333333,32.955009,0.41121311982472736,0.15769018729527792
0,ctx,16,1,1048576,262144,262144,10,1,datasets/silesia/ooffice,6152192,3066676,49.846884,0.21311640739440918,0.07435727119445801
0,ctx,16,1,1048576,262144,262144,10,1,datasets/silesia/xml,5345280,689450,12.898295,0.09963750839233398,0.027825117111206055
0,ctx,16,1,1048576,262144,262144,10,1,datasets/silesia/mr,9970564,3749602,37.606719,0.28067755699157715,0.11518192291259766
0,ctx,16,1,1048576,262144,262144,10,1,datasets/silesia/nci,33553445,3240399,9.657426,0.4161801338195801,0.11748147010803223
0,ctx,16,1,1048576,262144,262144,10,1,datasets/silesia/webster,41458703,12441387,30.009108,0.9291348457336426,0.3961160182952881
0,ctx,16,1,1048576,262144,262144,10,1,datasets/silesia/reymont,6627202,2007548,30.292543,0.18259429931640625,0.07254981994628906
0,ctx,16,1,1048576,262144,262144,10,1,datasets/silesia/dickens,10192446,4040268,39.639827,0.32448911666870117,0.13631296157836914
0,ctx,16,1,1048576,262144,262144,10,1,datasets/silesia/mozilla,51220480,18915631,36.92982,0.8844742774963379,0.357511043548584
0,ctx,16,1,1048576,262144,262144,10,1,datasets/silesia/osdb,10085684,3666365,36.35217,0.2560689449310303,0.0903635025024414
0,ctx,16,1,1048576,262144,262144,10,1,datasets/silesia/x-ray,8474240,5936446,70.052842,0.39155054092407227,0.15723204612731934
0,ctx,16,1,1048576,262144,262144,10,1,datasets/silesia/samba,21606400,5313273,24.5912,0.4157536029815674,0.130662202835083
0,ctx,16,1,1048576,262144,262144,10,1,datasets/silesia/sao,7251944,5369490,74.042078,0.2768571376800537,0.08729243278503418
0,ctx,16,1,1048576,262144,262144,10,1,AVERAGE,17661548.333333332,5703044.583333333,32.29074,0.38921119769414264,0.14690715074539185
0,ctx,16,1,1048576,262144,262144,10,2,datasets/silesia/ooffice,6152192,3071734,49.929098,0.2053663730621338,0.06788301467895508
0,ctx,16,1,1048576,262144,262144,10,2,datasets/silesia/xml,5345280,675435,12.636101,0.1129920482635498,0.02692246437072754
0,ctx,16,1,1048576,262144,262144,10,2,datasets/silesia/mr,9970564,3774444,37.855873,0.26479101181030273,0.11003613471984863
0,ctx,16,1,1048576,262144,262144,10,2,datasets/silesia/nci,33553445,3125334,9.314495,0.39696788787841797,0.10846543312072754
0,ctx,16,1,1048576,262144,262144,10,2,datasets/silesia/webster,41458703,12367490,29.830866,0.9604060649871826,0.3850827217102051
0,ctx,16,1,1048576,262144,262144,10,2,datasets/silesia/reymont,6627202,2011814,30.356914,0.19139385223388672,0.06750321388244629
0,ctx,16,1,1048576,262144,262144,10,2,datasets/silesia/dickens,10192446,4023483,39.475147,0.3125343322753906,0.13120436668395996
0,ctx,16,1,1048576,262144,262144,10,2,datasets/silesia/mozilla,51220480,18903932,36.906979,0.9240787029266357,0.34450387954711914
0,ctx,16,1,1048576,262144,262144,10,2,datasets/silesia/osdb,10085684,3640239,36.09313,0.23221302032470703,0.08530449867248535
0,ctx,16,1,1048576,262144,262144,10,2,datasets/silesia/x-ray,8474240,5965604,70.396921,0.3500988483428955,0.16001272201538086
0,ctx,16,1,1048576,262144,262144,10,2,datasets/silesia/samba,21606400,5217187,24.146489,0.40070462226867676,0.12041044235229492
0,ctx,16,1,1048576,262144,262144,10,2,datasets/silesia/sao,7251944,5423687,74.789422,0.2748873233795166,0.09045696258544922
0,ctx,16,1,1048576,262144,262144,10,2,AVERAGE,17661548.333333332,5683365.25,32.179315,0.38553617397944134,0.14148215452829996
0,ctx,16,1,1048576,262144,262144,10,3,datasets/silesia/ooffice,6152192,3058654,49.716491,0.1969156265258789,0.07291531562805176
0,ctx,16,1,1048576,262144,262144,10,3,datasets/silesia/xml,5345280,673617,12.60209,0.1036672592163086,0.027279376983642578
0,ctx,16,1,1048576,262144,262144,10,3,datasets/silesia/mr,9970564,3811244,38.224959,0.29607081413269043,0.1125497817993164
0,ctx,16,1,1048576,262144,262144,10,3,datasets/silesia/nci,33553445,3134856,9.342874,0.410738468170166,0.11395764350891113
0,ctx,16,1,1048576,262144,262144,10,3,datasets/silesia/webster,41458703,12396720,29.90137,0.8578670024871826,0.3825416564941406
0,ctx,16,1,1048576,262144,262144,10,3,datasets/silesia/reymont,6627202,2014444,30.396599,0.17499637603759766,0.06464529037475586
0,ctx,16,1,1048576,262144,262144,10,3,datasets/silesia/dickens,10192446,4058890,39.822531,0.30811357498168945,0.13079524040222168
0,ctx,16,1,1048576,262144,262144,10,3,datasets/silesia/mozilla,51220480,18853466,36.808452,0.9189934730529785,0.34384918212890625
0,ctx,16,1,1048576,262144,262144,10,3,datasets/silesia/osdb,10085684,3616421,35.856973,0.25795841217041016,0.08278703689575195
0,ctx,16,1,1048576,262144,262144,10,3,datasets/silesia/x-ray,8474240,5985549,70.632281,0.3648948669433594,0.15520906448364258
0,ctx,16,1,1048576,262144,262144,10,3,datasets/silesia/samba,21606400,5202707,24.079472,0.39421796798706055,0.12359857559204102
0,ctx,16,1,1048576,262144,262144,10,3,datasets/silesia/sao,7251944,5417596,74.705431,0.27890491485595703,0.08968544006347656
0,ctx,16,1,1048576,262144,262144,10,3,AVERAGE,17661548.333333332,5685347.0,32.190536,0.38027822971343994,0.1416511336962382
0,ctx,16,1,1048576,262144,262144,1000,0,datasets/silesia/ooffice,6152192,3046915,49.525681,0.27173566818237305,0.07902383804321289
0,ctx,16,1,1048576,262144,262144,1000,0,datasets/silesia/xml,5345280,588301,11.00599,0.15058159828186035,0.02866840362548828
0,ctx,16,1,1048576,262144,262144,1000,0,datasets/silesia/mr,9970564,3568758,35.79294,0.4617273807525635,0.13482236862182617
0,ctx,16,1,1048576,262144,262144,1000,0,datasets/silesia/nci,33553445,2851335,8.49789,0.46851229667663574,0.12186598777770996
0,ctx,16,1,1048576,262144,262144,1000,0,datasets/silesia/webster,41458703,11332855,27.335286,1.197608232498169,0.40171122550964355
0,ctx,16,1,1048576,262144,262144,1000,0,datasets/silesia/reymont,6627202,1756173,26.499464,0.37027740478515625,0.06839537620544434
0,ctx,16,1,1048576,262144,262144,1000,0,datasets/silesia/dickens,10192446,3559619,34.92409,0.5526907444000244,0.14145660400390625
0,ctx,16,1,1048576,262144,262144,1000,0,datasets/silesia/mozilla,51220480,19015263,37.124336,1.0320544242858887,0.4088592529296875
0,ctx,16,1,1048576,262144,262144,1000,0,datasets/silesia/osdb,10085684,3555714,35.255061,0.2728695869445801,0.09035110473632812
0,ctx,16,1,1048576,262144,262144,1000,0,datasets/silesia/x-ray,8474240,5840175,68.9168,0.44207215309143066,0.1793074607849121
0,ctx,16,1,1048576,262144,262144,1000,0,datasets/silesia/samba,21606400,5150889,23.839645,0.5199296474456787,0.12844443321228027
0,ctx,16,1,1048576,262144,262144,1000,0,datasets/silesia/sao,7251944,5320107,73.361115,0.3261573314666748,0.09203529357910156
0,ctx,16,1,1048576,262144,262144,1000,0,AVERAGE,17661548.333333332,5465508.666666667,30.945807,0.5055180390675863,0.15624511241912842
0,ctx,16,1,1048576,262144,262144,1000,1,datasets/silesia/ooffice,6152192,2990272,48.604985,0.3243696689605713,0.07559561729431152
0,ctx,16,1,1048576,262144,262144,1000,1,datasets/silesia/xml,5345280,563367,10.539523,0.16861796379089355,0.023110151290893555
0,ctx,16,1,1048576,262144,262144,1000,1,datasets/silesia/mr,9970564,3592938,36.035454,0.5780141353607178,0.1105642318725586
0,ctx,16,1,1048576,262144,262144,1000,1,datasets/silesia/nci,33553445,2647711,7.891026,0.5030179023742676,0.10739755630493164
0,ctx,16,1,1048576,262144,262144,1000,1,datasets/silesia/webster,41458703,11150331,26.895031,1.390385389328003,0.3896751403808594
0,ctx,16,1,1048576,262144,262144,1000,1,datasets/silesia/reymont,6627202,1716010,25.893431,0.5026524066925049,0.06380939483642578
0,ctx,16,1,1048576,262144,262144,1000,1,datasets/silesia/dickens,10192446,3526507,34.599222,0.7436561584472656,0.1321427822113037
0,ctx,16,1,1048576,262144,262144,1000,1,datasets/silesia/mozilla,51220480,18464404,36.04887,1.1400389671325684,0.36216187477111816
0,ctx,16,1,1048576,262144,262144,1000,1,datasets/silesia/osdb,10085684,3483221,34.536289,0.32810211181640625,0.08513545989990234
0,ctx,16,1,1048576,262144,262144,1000,1,datasets/silesia/x-ray,8474240,5802966,68.477716,0.47900915145874023,0.15948176383972168
0,ctx,16,1,1048576,262144,262144,1000,1,datasets/silesia/samba,21606400,5045033,23.349716,0.5482649803161621,0.12812519073486328
0,ctx,16,1,1048576,262144,262144,1000,1,datasets/silesia/sao,7251944,5222010,72.008416,0.4000813961029053,0.08724212646484375
0,ctx,16,1,1048576,262144,262144,1000,1,AVERAGE,17661548.333333332,5350397.5,30.294046,0.5921841859817505,0.14370344082514444
0,ctx,16,1,1048576,262144,262144,1000,2,datasets/silesia/ooffice,6152192,2992376,48.639184,0.38451266288757324,0.07231259346008301
0,ctx,16,1,1048576,262144,262144,1000,2,datasets/silesia/xml,5345280,555862,10.399118,0.21502971649169922,0.025249719619750977
0,ctx,16,1,1048576,262144,262144,1000,2,datasets/silesia/mr,9970564,3609567,36.202235,0.6139309406280518,0.1080620288848877
0,ctx,16,1,1048576,262144,262144,1000,2,datasets/silesia/nci,33553445,2566998,7.650475,0.5322785377502441,0.09866809844970703
0,ctx,16,1,1048576,262144,262144,1000,2,datasets/silesia/webster,41458703,11124123,26.831816,1.747565746307373,0.3676893711090088
0,ctx,16,1,1048576,262144,262144,1000,2,datasets/silesia/reymont,6627202,1706630,25.751893,0.6505486965179443,0.06649565696716309
0,ctx,16,1,1048576,262144,262144,1000,2,datasets/silesia/dickens,10192446,3529552,34.629097,0.8356821537017822,0.1244497299194336
0,ctx,16,1,1048576,262144,262144,1000,2,datasets/silesia/mozilla,51220480,18438252,35.997812,1.2028436660766602,0.35634374618530273
0,ctx,16,1,1048576,262144,262144,1000,2,datasets/silesia/osdb,10085684,3471875,34.423793,0.39205217361450195,0.08684468269348145
0,ctx,16,1,1048576,262144,262144,1000,2,datasets/silesia/x-ray,8474240,5817040,68.643796,0.47731828689575195,0.1603386402130127
0,ctx,16,1,1048576,262144,262144,1000,2,datasets/silesia/samba,21606400,4964335,22.976225,0.6612129211425781,0.12047576904296875
0,ctx,16,1,1048576,262144,262144,1000,2,datasets/silesia/sao,7251944,5231056,72.133155,0.5161123275756836,0.09030032157897949
0,ctx,16,1,1048576,262144,262144,1000,2,AVERAGE,17661548.333333332,5333972.166666667,30.201045,0.6857573191324869,0.13976919651031494
0,ctx,16,1,1048576,262144,262144,1000,3,datasets/silesia/ooffice,6152192,2979474,48.42947,0.4837477207183838,0.0757293701171875
0,ctx,16,1,1048576,262144,262144,1000,3,datasets/silesia/xml,5345280,558180,10.442484,0.27768516540527344,0.021776437759399414
0,ctx,16,1,1048576,262144,262144,1000,3,datasets/silesia/mr,9970564,3636111,36.468459,0.8042101860046387,0.11801958084106445
0,ctx,16,1,1048576,262144,262144,1000,3,datasets/silesia/nci,33553445,2564934,7.644324,0.6659364700317383,0.09850478172302246
0,ctx,16,1,1048576,262144,262144,1000,3,datasets/silesia/webster,41458703,11227793,27.081872,2.2519681453704834,0.37188005447387695
0,ctx,16,1,1048576,262144,262144,1000,3,datasets/silesia/reymont,6627202,1717247,25.912097,0.9345424175262451,0.0660548210144043
0,ctx,16,1,1048576,262144,262144,1000,3,datasets/silesia/dickens,10192446,3593427,35.255786,1.3400685787200928,0.1344306468963623
0,ctx,16,1,1048576,262144,262144,1000,3,datasets/silesia/mozilla,51220480,18405425,35.933722,1.7486774921417236,0.374159574508667
0,ctx,16,1,1048576,262144,262144,1000,3,datasets/silesia/osdb,10085684,3474827,34.453062,0.45657849311828613,0.08144330978393555
0,ctx,16,1,1048576,262144,262144,1000,3,datasets/silesia/x-ray,8474240,5838321,68.894922,0.5552284717559814,0.16050171852111816
0,ctx,16,1,1048576,262144,262144,1000,3,datasets/silesia/samba,21606400,4964114,22.975202,0.8527829647064209,0.1224985122680664
0,ctx,16,1,1048576,262144,262144,1000,3,datasets/silesia/sao,7251944,5238004,72.228964,0.555534839630127,0.09096336364746094
0,ctx,16,1,1048576,262144,262144,1000,3,AVERAGE,17661548.333333332,5349821.416666667,30.290784,0.9105800787607828,0.14299684762954712
0,ctx,16,1,1048576,262144,262144,0,0,datasets/silesia/ooffice,6152192,3045357,49.500357,0.30322957038879395,0.08559393882751465
0,ctx,16,1,1048576,262144,262144,0,0,datasets/silesia/xml,5345280,586484,10.971998,0.18422675132751465,0.025434494018554688
0,ctx,16,1,1048576,262144,262144,0,0,datasets/silesia/mr,9970564,3567986,35.785197,0.5379130840301514,0.1295781135559082
0,ctx,16,1,1048576,262144,262144,0,0,datasets/silesia/nci,33553445,2823378,8.41457,0.5956916809082031,0.11906194686889648
0,ctx,16,1,1048576,262144,262144,0,0,datasets/silesia/webster,41458703,11300026,27.256101,1.570650577545166,0.4122285842895508
0,ctx,16,1,1048576,262144,262144,0,0,datasets/silesia/reymont,6627202,1738088,26.226573,0.5892493724822998,0.07635092735290527
0,ctx,16,1,1048576,262144,262144,0,0,datasets/silesia/dickens,10192446,3548864,34.818571,0.7790577411651611,0.14339590072631836
0,ctx,16,1,1048576,262144,262144,0,0,datasets/silesia/mozilla,51220480,19006178,37.106599,1.4136016368865967,0.4112887382507324
0,ctx,16,1,1048576,262144,262144,0,0,datasets/silesia/osdb,10085684,3555696,35.254882,0.300933837890625,0.09293842315673828
0,ctx,16,1,1048576,262144,262144,0,0,datasets/silesia/x-ray,8474240,5840175,68.9168,0.45418787002563477,0.17490577697753906
0,ctx,16,1,1048576,262144,262144,0,0,datasets/silesia/samba,21606400,5147353,23.823279,0.6395058631896973,0.14264607429504395
0,ctx,16,1,1048576,262144,262144,0,0,datasets/silesia/sao,7251944,5320044,73.360247,0.3474302291870117,0.10144853591918945
0,ctx,16,1,1048576,262144,262144,0,0,AVERAGE,17661548.333333332,5456635.75,30.895568,0.6429731845855713,0.1595726211865743
0,ctx,16,1,1048576,262144,262144,0,1,datasets/silesia/ooffice,6152192,2988535,48.576751,0.4840271472930908,0.07919120788574219
0,ctx,16,1,1048576,262144,262144,0,1,datasets/silesia/xml,5345280,561355,10.501882,0.275648832321167,0.024052858352661133
0,ctx,16,1,1048576,262144,262144,0,1,datasets/silesia/mr,9970564,3592694,36.033007,1.4472687244415283,0.11534786224365234
0,ctx,16,1,1048576,262144,262144,0,1,datasets/silesia/nci,33553445,2612327,7.78557,1.0233113765716553,0.11283493041992188
0,ctx,16,1,1048576,262144,262144,0,1,datasets/silesia/webster,41458703,11117998,26.817042,2.172670841217041,0.3971102237701416
0,ctx,16,1,1048576,262144,262144,0,1,datasets/silesia/reymont,6627202,1698706,25.632326,1.1003148555755615,0.07068562507629395
0,ctx,16,1,1048576,262144,262144,0,1,datasets/silesia/dickens,10192446,3515099,34.487296,0.9005329608917236,0.1374824047088623
0,ctx,16,1,1048576,262144,262144,0,1,datasets/silesia/mozilla,51220480,18460120,36.040506,3.1784489154815674,0.38854193687438965
0,ctx,16,1,1048576,262144,262144,0,1,datasets/silesia/osdb,10085684,3480928,34.513554,0.4722428321838379,0.09206700325012207
0,ctx,16,1,1048576,262144,262144,0,1,datasets/silesia/x-ray,8474240,5802979,68.477869,0.5098085403442383,0.1554412841796875
0,ctx,16,1,1048576,262144,262144,0,1,datasets/silesia/samba,21606400,5044595,23.347689,0.7487778663635254,0.13031482696533203
0,ctx,16,1,1048576,262144,262144,0,1,datasets/silesia/sao,7251944,5221277,71.998308,0.43622326850891113,0.08849906921386719
0,ctx,16,1,1048576,262144,262144,0,1,AVERAGE,17661548.333333332,5341384.416666667,30.243013,1.0624396800994873,0.1492974360783895
0,ctx,16,1,1048576,262144,262144,0,2,datasets/silesia/ooffice,6152192,2990227,48.604254,0.6962888240814209,0.07869124412536621
0,ctx,16,1,1048576,262144,262144,0,2,datasets/silesia/xml,5345280,553342,10.351974,0.3927743434906006,0.024941444396972656
0,ctx,16,1,1048576,262144,262144,0,2,datasets/silesia/mr,9970564,3597658,36.082793,1.6648683547973633,0.11414623260498047
0,ctx,16,1,1048576,262144,262144,0,2,datasets/silesia/nci,33553445,2524706,7.524432,1.6347925662994385,0.10331845283508301
0,ctx,16,1,1048576,262144,262144,0,2,datasets/silesia/webster,41458703,11089873,26.749204,2.492913007736206,0.36593008041381836
0,ctx,16,1,1048576,262144,262144,0,2,datasets/silesia/reymont,6627202,1685819,25.43787,1.4266278743743896,0.06815791130065918
0,ctx,16,1,1048576,262144,262144,0,2,datasets/silesia/dickens,10192446,3518427,34.519947,1.1883296966552734,0.1300053596496582
0,ctx,16,1,1048576,262144,262144,0,2,datasets/silesia/mozilla,51220480,18436707,35.994795,5.876513957977295,0.37659597396850586
0,ctx,16,1,1048576,262144,262144,0,2,datasets/silesia/osdb,10085684,3463946,34.345177,0.6362869739532471,0.09169816970825195
0,ctx,16,1,1048576,262144,262144,0,2,datasets/silesia/x-ray,8474240,5817019,68.643548,0.49216771125793457,0.1617276668548584
0,ctx,16,1,1048576,262144,262144,0,2,datasets/silesia/samba,21606400,4963521,22.972457,1.4782171249389648,0.12393307685852051
0,ctx,16,1,1048576,262144,262144,0,2,datasets/silesia/sao,7251944,5229541,72.112264,0.6945903301239014,0.09296321868896484
0,ctx,16,1,1048576,262144,262144,0,2,AVERAGE,17661548.333333332,5322565.5,30.13646,1.5561975638071697,0.14434240261713663
0,ctx,16,1,1048576,262144,262144,0,3,datasets/silesia/ooffice,6152192,2977303,48.394182,1.094897747039795,0.07465696334838867
0,ctx,16,1,1048576,262144,262144,0,3,datasets/silesia/xml,5345280,555464,10.391673,0.49303579330444336,0.025446414947509766
0,ctx,16,1,1048576,262144,262144,0,3,datasets/silesia/mr,9970564,3635526,36.462591,2.220228910446167,0.1158912181854248
0,ctx,16,1,1048576,262144,262144,0,3,datasets/silesia/nci,33553445,2521291,7.514254,2.5391032695770264,0.10808992385864258
0,ctx,16,1,1048576,262144,262144,0,3,datasets/silesia/webster,41458703,11194928,27.002601,3.315303325653076,0.3710019588470459
0,ctx,16,1,1048576,262144,262144,0,3,datasets/silesia/reymont,6627202,1696220,25.594814,1.9086122512817383,0.06680727005004883
0,ctx,16,1,1048576,262144,262144,0,3,datasets/silesia/dickens,10192446,3583124,35.154702,1.4631614685058594,0.1264357566833496
0,ctx,16,1,1048576,262144,262144,0,3,datasets/silesia/mozilla,51220480,18404026,35.930991,8.432133197784424,0.35833072662353516
0,ctx,16,1,1048576,262144,262144,0,3,datasets/silesia/osdb,10085684,3464434,34.350015,0.6098999977111816,0.08679533004760742
0,ctx,16,1,1048576,262144,262144,0,3,datasets/silesia/x-ray,8474240,5838342,68.895169,0.5546884536743164,0.15851807594299316
0,ctx,16,1,1048576,262144,262144,0,3,datasets/silesia/samba,21606400,4960574,22.958818,1.9593987464904785,0.12726759910583496
0,ctx,16,1,1048576,262144,262144,0,3,datasets/silesia/sao,7251944,5234386,72.179074,0.7646529674530029,0.08742380142211914
0,ctx,16,1,1048576,262144,262144,0,3,AVERAGE,17661548.333333332,5338801.5,30.228389,2.1129263440767923,0.14222208658854166
0,ctx,16,1,1048576,262144,1048576,10,0,datasets/silesia/ooffice,6152192,3122105,50.747847,0.2491588592529297,0.08238768577575684
0,ctx,16,1,1048576,262144,1048576,10,0,datasets/silesia/xml,5345280,728808,13.634608,0.12288713455200195,0.028658628463745117
0,ctx,16,1,1048576,262144,1048576,10,0,datasets/silesia/mr,9970564,3668608,36.794388,0.31553101539611816,0.12793684005737305
0,ctx,16,1,1048576,262144,1048576,10,0,datasets/silesia/nci,33553445,3542278,10.557122,0.4014580249786377,0.1282970905303955
0,ctx,16,1,1048576,262144,1048576,10,0,datasets/silesia/webster,41458703,12727175,30.69844,0.9329631328582764,0.4240107536315918
0,ctx,16,1,1048576,262144,1048576,10,0,datasets/silesia/reymont,6627202,2063368,31.134829,0.19565439224243164,0.07654571533203125
0,ctx,16,1,1048576,262144,1048576,10,0,datasets/silesia/dickens,10192446,4090440,40.132074,0.346102237701416,0.14509892463684082
0,ctx,16,1,1048576,262144,1048576,10,0,datasets/silesia/mozilla,51220480,19418024,37.910664,0.9870567321777344,0.39620113372802734
0,ctx,16,1,1048576,262144,1048576,10,0,datasets/silesia/osdb,10085684,3701010,36.695677,0.2866690158843994,0.0940711498260498
0,ctx,16,1,1048576,262144,1048576,10,0,datasets/silesia/x-ray,8474240,5920988,69.870431,0.43929147720336914,0.18326783180236816
0,ctx,16,1,1048576,262144,1048576,10,0,datasets/silesia/samba,21606400,5439753,25.176582,0.44776320457458496,0.14162445068359375
0,ctx,16,1,1048576,262144,1048576,10,0,datasets/silesia/sao,7251944,5421821,74.763691,0.2851412296295166,0.0978708267211914
0,ctx,16,1,1048576,262144,1048576,10,0,AVERAGE,17661548.333333332,5820364.833333333,32.955009,0.417473038037618,0.16049758593241373
0,ctx,16,1,1048576,262144,1048576,10,1,datasets/silesia/ooffice,6152192,3066676,49.846884,0.21849942207336426,0.07636499404907227
0,ctx,16,1,1048576,262144,1048576,10,1,datasets/silesia/xml,5345280,689450,12.898295,0.10152626037597656,0.025755882263183594
0,ctx,16,1,1048576,262144,1048576,10,1,datasets/silesia/mr,9970564,3749602,37.606719,0.2819952964782715,0.11642813682556152
0,ctx,16,1,1048576,262144,1048576,10,1,datasets/silesia/nci,33553445,3240399,9.657426,0.38947296142578125,0.11736941337585449
0,ctx,16,1,1048576,262144,1048576,10,1,datasets/silesia/webster,41458703,12441387,30.009108,0.9124364852905273,0.40169358253479004
0,ctx,16,1,1048576,262144,1048576,10,1,datasets/silesia/reymont,6627202,2007548,30.292543,0.2000255584716797,0.07089710235595703
0,ctx,16,1,1048576,262144,1048576,10,1,datasets/silesia/dickens,10192446,4040268,39.639827,0.376523494720459,0.13605976104736328
0,ctx,16,1,1048576,262144,1048576,10,1,datasets/silesia/mozilla,51220480,18915631,36.92982,0.9707248210906982,0.3665964603424072
0,ctx,16,1,1048576,262144,1048576,10,1,datasets/silesia/osdb,10085684,3666365,36.35217,0.28780436515808105,0.09251070022583008
0,ctx,16,1,1048576,262144,1048576,10,1,datasets/silesia/x-ray,8474240,5936446,70.052842,0.36664533615112305,0.16097474098205566
0,ctx,16,1,1048576,262144,1048576,10,1,datasets/silesia/samba,21606400,5313273,24.5912,0.4266839027404785,0.12849760055541992
0,ctx,16,1,1048576,262144,1048576,10,1,datasets/silesia/sao,7251944,5369490,74.042078,0.2737314701080322,0.08969235420227051
0,ctx,16,1,1048576,262144,1048576,10,1,AVERAGE,17661548.333333332,5703044.583333333,32.29074,0.40050578117370605,0.14857006072998047
0,ctx,16,1,1048576,262144,1048576,10,2,datasets/silesia/ooffice,6152192,3071734,49.929098,0.21933293342590332,0.0735940933227539
0,ctx,16,1,1048576,262144,1048576,10,2,datasets/silesia/xml,5345280,675435,12.636101,0.11164712905883789,0.026843547821044922
0,ctx,16,1,1048576,262144,1048576,10,2,datasets/silesia/mr,9970564,3774444,37.855873,0.2942016124725342,0.12572169303894043
0,ctx,16,1,1048576,262144,1048576,10,2,datasets/silesia/nci,33553445,3125334,9.314495,0.432614803314209,0.11895942687988281
0,ctx,16,1,1048576,262144,1048576,10,2,datasets/silesia/webster,41458703,12367490,29.830866,0.9448950290679932,0.4007596969604492
0,ctx,16,1,1048576,262144,1048576,10,2,datasets/silesia/reymont,6627202,2011814,30.356914,0.20742416381835938,0.07173967361450195
0,ctx,16,1,1048576,262144,1048576,10,2,datasets/silesia/dickens,10192446,4023483,39.475147,0.3455471992492676,0.13645553588867188
0,ctx,16,1,1048576,262144,1048576,10,2,datasets/silesia/mozilla,51220480,18903932,36.906979,0.9859514236450195,0.35782814025878906
0,ctx,16,1,1048576,262144,1048576,10,2,datasets/silesia/osdb,10085684,3640239,36.09313,0.2675461769104004,0.09185624122619629
0,ctx,16,1,1048576,262144,1048576,10,2,datasets/silesia/x-ray,8474240,5965604,70.396921,0.4046058654785156,0.16343927383422852
0,ctx,16,1,1048576,262144,1048576,10,2,datasets/silesia/samba,21606400,5217187,24.146489,0.40175390243530273,0.13051080703735352
0,ctx,16,1,1048576,262144,1048576,10,2,datasets/silesia/sao,7251944,5423687,74.789422,0.2957797050476074,0.09379148483276367
0,ctx,16,1,1048576,262144,1048576,10,2,AVERAGE,17661548.333333332,5683365.25,32.179315,0.40927499532699585,0.14929163455963135
0,ctx,16,1,1048576,262144,1048576,10,3,datasets/silesia/ooffice,6152192,3058654,49.716491,0.22722387313842773,0.07538580894470215
0,ctx,16,1,1048576,262144,1048576,10,3,datasets/silesia/xml,5345280,673617,12.60209,0.10854864120483398,0.02562999725341797
0,ctx,16,1,1048576,262144,1048576,10,3,datasets/silesia/mr,9970564,3811244,38.224959,0.27491307258605957,0.10927510261535645
0,ctx,16,1,1048576,262144,1048576,10,3,datasets/silesia/nci,33553445,3134856,9.342874,0.3846731185913086,0.10715198516845703
0,ctx,16,1,1048576,262144,1048576,10,3,datasets/silesia/webster,41458703,12396720,29.90137,0.9033877849578857,0.38202953338623047
0,ctx,16,1,1048576,262144,1048576,10,3,datasets/silesia/reymont,6627202,2014444,30.396599,0.1835339069366455,0.06779146194458008
0,ctx,16,1,1048576,262144,1048576,10,3,datasets/silesia/dickens,10192446,4058890,39.822531,0.30992579460144043,0.12796664237976074
0,ctx,16,1,1048576,262144,1048576,10,3,datasets/silesia/mozilla,51220480,18853466,36.808452,0.9328327178955078,0.3465702533721924
0,ctx,16,1,1048576,262144,1048576,10,3,datasets/silesia/osdb,10085684,3616421,35.856973,0.24632906913757324,0.08290481567382812
0,ctx,16,1,1048576,262144,1048576,10,3,datasets/silesia/x-ray,8474240,5985549,70.632281,0.3762831687927246,0.14752984046936035
0,ctx,16,1,1048576,262144,1048576,10,3,datasets/silesia/samba,21606400,5202707,24.079472,0.39674830436706543,0.11914420127868652
0,ctx,16,1,1048576,262144,1048576,10,3,datasets/silesia/sao,7251944,5417596,74.705431,0.2986903190612793,0.09137177467346191
0,ctx,16,1,1048576,262144,1048576,10,3,AVERAGE,17661548.333333332,5685347.0,32.190536,0.386924147605896,0.14022928476333618
0,ctx,16,1,1048576,262144,1048576,1000,0,datasets/silesia/ooffice,6152192,3046915,49.525681,0.2795066833496094,0.07884836196899414
0,ctx,16,1,1048576,262144,1048576,1000,0,datasets/silesia/xml,5345280,588301,11.00599,0.1403651237487793,0.025883197784423828
0,ctx,16,1,1048576,262144,1048576,1000,0,datasets/silesia/mr,9970564,3568758,35.79294,0.4254329204559326,0.12311053276062012
0,ctx,16,1,1048576,262144,1048576,1000,0,datasets/silesia/nci,33553445,2851335,8.49789,0.46760129928588867,0.11284542083740234
0,ctx,16,1,1048576,262144,1048576,1000,0,datasets/silesia/webster,41458703,11332855,27.335286,1.2166845798492432,0.3970663547515869
0,ctx,16,1,1048576,262144,1048576,1000,0,datasets/silesia/reymont,6627202,1756173,26.499464,0.36262011528015137,0.07459211349487305
0,ctx,16,1,1048576,262144,1048576,1000,0,datasets/silesia/dickens,10192446,3559619,34.92409,0.5794515609741211,0.13531184196472168
0,ctx,16,1,1048576,262144,1048576,1000,0,datasets/silesia/mozilla,51220480,19015263,37.124336,1.0270564556121826,0.3989124298095703
0,ctx,16,1,1048576,262144,1048576,1000,0,datasets/silesia/osdb,10085684,3555714,35.255061,0.2984006404876709,0.0908362865447998
0,ctx,16,1,1048576,262144,1048576,1000,0,datasets/silesia/x-ray,8474240,5840175,68.9168,0.4242687225341797,0.17400717735290527
0,ctx,16,1,1048576,262144,1048576,1000,0,datasets/silesia/samba,21606400,5150889,23.839645,0.48892712593078613,0.13029742240905762
0,ctx,16,1,1048576,262144,1048576,1000,0,datasets/silesia/sao,7251944,5320107,73.361115,0.33354640007019043,0.09282898902893066
0,ctx,16,1,1048576,262144,1048576,1000,0,AVERAGE,17661548.333333332,5465508.666666667,30.945807,0.5036551356315613,0.15287834405899048
0,ctx,16,1,1048576,262144,1048576,1000,1,datasets/silesia/ooffice,6152192,2990272,48.604985,0.3220372200012207,0.07297801971435547
0,ctx,16,1,1048576,262144,1048576,1000,1,datasets/silesia/xml,5345280,563367,10.539523,0.17634034156799316,0.024050474166870117
0,ctx,16,1,1048576,262144,1048576,1000,1,datasets/silesia/mr,9970564,3592938,36.035454,0.606600284576416,0.11390852928161621
0,ctx,16,1,1048576,262144,1048576,1000,1,datasets/silesia/nci,33553445,2647711,7.891026,0.511023998260498,0.10573196411132812
0,ctx,16,1,1048576,262144,1048576,1000,1,datasets/silesia/webster,41458703,11150331,26.895031,1.3802239894866943,0.37592482566833496
0,ctx,16,1,1048576,262144,1048576,1000,1,datasets/silesia/reymont,6627202,1716010,25.893431,0.5084140300750732,0.0677645206451416
0,ctx,16,1,1048576,262144,1048576,1000,1,datasets/silesia/dickens,10192446,3526507,34.599222,0.7560029029846191,0.13377666473388672
0,ctx,16,1,1048576,262144,1048576,1000,1,datasets/silesia/mozilla,51220480,18464404,36.04887,1.0465970039367676,0.3502964973449707
0,ctx,16,1,1048576,262144,1048576,1000,1,datasets/silesia/osdb,10085684,3483221,34.536289,0.3204176425933838,0.08520722389221191
0,ctx,16,1,1048576,262144,1048576,1000,1,datasets/silesia/x-ray,8474240,5802966,68.477716,0.46764397621154785,0.1543416976928711
0,ctx,16,1,1048576,262144,1048576,1000,1,datasets/silesia/samba,21606400,5045033,23.349716,0.5589649677276611,0.12952661514282227
0,ctx,16,1,1048576,262144,1048576,1000,1,datasets/silesia/sao,7251944,5222010,72.008416,0.3833332061767578,0.08655476570129395
0,ctx,16,1,1048576,262144,1048576,1000,1,AVERAGE,17661548.333333332,5350397.5,30.294046,0.5864666302998861,0.14167181650797525
0,ctx,16,1,1048576,262144,1048576,1000,2,datasets/silesia/ooffice,6152192,2992376,48.639184,0.36725282669067383,0.07474303245544434
0,ctx,16,1,1048576,262144,1048576,1000,2,datasets/silesia/xml,5345280,555862,10.399118,0.20865511894226074,0.023073434829711914
0,ctx,16,1,1048576,262144,1048576,1000,2,datasets/silesia/mr,9970564,3609567,36.202235,0.6158332824707031,0.11127209663391113
0,ctx,16,1,1048576,262144,1048576,1000,2,datasets/silesia/nci,33553445,2566998,7.650475,0.4991779327392578,0.10037970542907715
0,ctx,16,1,1048576,262144,1048576,1000,2,datasets/silesia/webster,41458703,11124123,26.831816,1.6652226448059082,0.37004804611206055
0,ctx,16,1,1048576,262144,1048576,1000,2,datasets/silesia/reymont,6627202,1706630,25.751893,0.6450066566467285,0.06454849243164062
0,ctx,16,1,1048576,262144,1048576,1000,2,datasets/silesia/dickens,10192446,3529552,34.629097,0.8351049423217773,0.12398433685302734
0,ctx,16,1,1048576,262144,1048576,1000,2,datasets/silesia/mozilla,51220480,18438252,35.997812,1.20562744140625,0.34719061851501465
0,ctx,16,1,1048576,262144,1048576,1000,2,datasets/silesia/osdb,10085684,3471875,34.423793,0.35578155517578125,0.08150053024291992
0,ctx,16,1,1048576,262144,1048576,1000,2,datasets/silesia/x-ray,8474240,5817040,68.643796,0.46593332290649414,0.15548372268676758
0,ctx,16,1,1048576,262144,1048576,1000,2,datasets/silesia/samba,21606400,4964335,22.976225,0.6193339824676514,0.11853861808776855
0,ctx,16,1,1048576,262144,1048576,1000,2,datasets/silesia/sao,7251944,5231056,72.133155,0.49326324462890625,0.08373379707336426
0,ctx,16,1,1048576,262144,1048576,1000,2,AVERAGE,17661548.333333332,5333972.166666667,30.201045,0.6646827459335327,0.137874702612559
0,ctx,16,1,1048576,262144,1048576,1000,3,datasets/silesia/ooffice,6152192,2979474,48.42947,0.44823479652404785,0.0706479549407959
0,ctx,16,1,1048576,262144,1048576,1000,3,datasets/silesia/xml,5345280,558180,10.442484,0.2716963291168213,0.023371458053588867
0,ctx,16,1,1048576,262144,1048576,1000,3,datasets/silesia/mr,9970564,3636111,36.468459,0.7674384117126465,0.11761140823364258
0,ctx,16,1,1048576,262144,1048576,1000,3,datasets/silesia/nci,33553445,2564934,7.644324,0.6382877826690674,0.09541630744934082
0,ctx,16,1,1048576,262144,1048576,1000,3,datasets/silesia/webster,41458703,11227793,27.081872,2.112117052078247,0.36698079109191895
0,ctx,16,1,1048576,262144,1048576,1000,3,datasets/silesia/reymont,6627202,1717247,25.912097,0.8812079429626465,0.06291365623474121
0,ctx,16,1,1048576,262144,1048576,1000,3,datasets/silesia/dickens,10192446,3593427,35.255786,1.0255670547485352,0.12274885177612305
0,ctx,16,1,1048576,262144,1048576,1000,3,datasets/silesia/mozilla,51220480,18405425,35.933722,1.5148289203643799,0.3421175479888916
0,ctx,16,1,1048576,262144,1048576,1000,3,datasets/silesia/osdb,10085684,3474827,34.453062,0.40422868728637695,0.08114099502563477
0,ctx,16,1,1048576,262144,1048576,1000,3,datasets/silesia/x-ray,8474240,5838321,68.894922,0.5472602844238281,0.1498868465423584
0,ctx,16,1,1048576,262144,1048576,1000,3,datasets/silesia/samba,21606400,4964114,22.975202,0.8137171268463135,0.11600422859191895
0,ctx,16,1,1048576,262144,1048576,1000,3,datasets/silesia/sao,7251944,5238004,72.228964,0.5482985973358154,0.08281970024108887
0,ctx,16,1,1048576,262144,1048576,1000,3,AVERAGE,17661548.333333332,5349821.416666667,30.290784,0.8310735821723938,0.13597164551417032
0,ctx,16,1,1048576,262144,1048576,0,0,datasets/silesia/ooffice,6152192,3045357,49.500357,0.29254627227783203,0.08094906806945801
0,ctx,16,1,1048576,262144,1048576,0,0,datasets/silesia/xml,5345280,586484,10.971998,0.16247844696044922,0.02721381187438965
0,ctx,16,1,1048576,262144,1048576,0,0,datasets/silesia/mr,9970564,3567986,35.785197,0.5717616081237793,0.12482762336730957
0,ctx,16,1,1048576,262144,1048576,0,0,datasets/silesia/nci,33553445,2823378,8.41457,0.5447878837585449,0.11211943626403809
0,ctx,16,1,1048576,262144,1048576,0,0,datasets/silesia/webster,41458703,11300026,27.256101,1.4659771919250488,0.40371155738830566
0,ctx,16,1,1048576,262144,1048576,0,0,datasets/silesia/reymont,6627202,1738088,26.226573,0.5305981636047363,0.06977558135986328
0,ctx,16,1,1048576,262144,1048576,0,0,datasets/silesia/dickens,10192446,3548864,34.818571,0.621166467666626,0.13738679885864258
0,ctx,16,1,1048576,262144,1048576,0,0,datasets/silesia/mozilla,51220480,19006178,37.106599,1.341200828552246,0.4021000862121582
0,ctx,16,1,1048576,262144,1048576,0,0,datasets/silesia/osdb,10085684,3555696,35.254882,0.27881383895874023,0.09033727645874023
0,ctx,16,1,1048576,262144,1048576,0,0,datasets/silesia/x-ray,8474240,5840175,68.9168,0.4360513687133789,0.1755659580230713
0,ctx,16,1,1048576,262144,1048576,0,0,datasets/silesia/samba,21606400,5147353,23.823279,0.5400497913360596,0.136244535446167
0,ctx,16,1,1048576,262144,1048576,0,0,datasets/silesia/sao,7251944,5320044,73.360247,0.31171703338623047,0.09816265106201172
0,ctx,16,1,1048576,262144,1048576,0,0,AVERAGE,17661548.333333332,5456635.75,30.895568,0.591429074605306,0.1548661986986796
0,ctx,16,1,1048576,262144,1048576,0,1,datasets/silesia/ooffice,6152192,2988535,48.576751,0.3849008083343506,0.07363557815551758
0,ctx,16,1,1048576,262144,1048576,0,1,datasets/silesia/xml,5345280,561355,10.501882,0.24363994598388672,0.02236318588256836
0,ctx,16,1,1048576,262144,1048576,0,1,datasets/silesia/mr,9970564,3592694,36.033007,1.3667423725128174,0.11239051818847656
0,ctx,16,1,1048576,262144,1048576,0,1,datasets/silesia/nci,33553445,2612327,7.78557,0.9142885208129883,0.10238051414489746
0,ctx,16,1,1048576,262144,1048576,0,1,datasets/silesia/webster,41458703,11117998,26.817042,1.8826708793640137,0.3808326721191406
0,ctx,16,1,1048576,262144,1048576,0,1,datasets/silesia/reymont,6627202,1698706,25.632326,0.989987850189209,0.06926655769348145
0,ctx,16,1,1048576,262144,1048576,0,1,datasets/silesia/dickens,10192446,3515099,34.487296,0.9731128215789795,0.12969040870666504
0,ctx,16,1,1048576,262144,1048576,0,1,datasets/silesia/mozilla,51220480,18460120,36.040506,2.8858745098114014,0.3528273105621338
0,ctx,16,1,1048576,262144,1048576,0,1,datasets/silesia/osdb,10085684,3480928,34.513554,0.38484692573547363,0.08430027961730957
0,ctx,16,1,1048576,262144,1048576,0,1,datasets/silesia/x-ray,8474240,5802979,68.477869,0.4769318103790283,0.15734362602233887
0,ctx,16,1,1048576,262144,1048576,0,1,datasets/silesia/samba,21606400,5044595,23.347689,0.7343215942382812,0.12588858604431152
0,ctx,16,1,1048576,262144,1048576,0,1,datasets/silesia/sao,7251944,5221277,71.998308,0.3968174457550049,0.08635306358337402
0,ctx,16,1,1048576,262144,1048576,0,1,AVERAGE,17661548.333333332,5341384.416666667,30.243013,0.9695112903912863,0.14143935839335123
0,ctx,16,1,1048576,262144,1048576,0,2,datasets/silesia/ooffice,6152192,2990227,48.604254,0.6285152435302734,0.07229161262512207
0,ctx,16,1,1048576,262144,1048576,0,2,datasets/silesia/xml,5345280,553342,10.351974,0.32004451751708984,0.02250051498413086
0,ctx,16,1,1048576,262144,1048576,0,2,datasets/silesia/mr,9970564,3597658,36.082793,1.5035581588745117,0.11192965507507324
0,ctx,16,1,1048576,262144,1048576,0,2,datasets/silesia/nci,33553445,2524706,7.524432,1.5726408958435059,0.09662365913391113
0,ctx,16,1,1048576,262144,1048576,0,2,datasets/silesia/webster,41458703,11089873,26.749204,2.383730888366699,0.3670694828033447
0,ctx,16,1,1048576,262144,1048576,0,2,datasets/silesia/reymont,6627202,1685819,25.43787,1.3237884044647217,0.0663304328918457
0,ctx,16,1,1048576,262144,1048576,0,2,datasets/silesia/dickens,10192446,3518427,34.519947,1.254779577255249,0.12432122230529785
0,ctx,16,1,1048576,262144,1048576,0,2,datasets/silesia/mozilla,51220480,18436707,35.994795,5.338383674621582,0.34857940673828125
0,ctx,16,1,1048576,262144,1048576,0,2,datasets/silesia/osdb,10085684,3463946,34.345177,0.4957852363586426,0.09080266952514648
0,ctx,16,1,1048576,262144,1048576,0,2,datasets/silesia/x-ray,8474240,5817019,68.643548,0.4874439239501953,0.1526927947998047
0,ctx,16,1,1048576,262144,1048576,0,2,datasets/silesia/samba,21606400,4963521,22.972457,1.4290351867675781,0.11732816696166992
0,ctx,16,1,1048576,262144,1048576,0,2,datasets/silesia/sao,7251944,5229541,72.112264,0.6664667129516602,0.08635663986206055
0,ctx,16,1,1048576,262144,1048576,0,2,AVERAGE,17661548.333333332,5322565.5,30.13646,1.4503477017084758,0.13806885480880737
0,ctx,16,1,1048576,262144,1048576,0,3,datasets/silesia/ooffice,6152192,2977303,48.394182,1.0685539245605469,0.07148385047912598
0,ctx,16,1,1048576,262144,1048576,0,3,datasets/silesia/xml,5345280,555464,10.391673,0.4654257297515869,0.02227950096130371
0,ctx,16,1,1048576,262144,1048576,0,3,datasets/silesia/mr,9970564,3635526,36.462591,2.1308481693267822,0.10921859741210938
0,ctx,16,1,1048576,262144,1048576,0,3,datasets/silesia/nci,33553445,2521291,7.514254,2.4805383682250977,0.09699869155883789
0,ctx,16,1,1048576,262144,1048576,0,3,datasets/silesia/webster,41458703,11194928,27.002601,3.1253037452697754,0.3580305576324463
0,ctx,16,1,1048576,262144,1048576,0,3,datasets/silesia/reymont,6627202,1696220,25.594814,1.829516887664795,0.06404447555541992
0,ctx,16,1,1048576,262144,1048576,0,3,datasets/silesia/dickens,10192446,3583124,35.154702,1.6251168251037598,0.12660717964172363
0,ctx,16,1,1048576,262144,1048576,0,3,datasets/silesia/mozilla,51220480,18404026,35.930991,8.245850801467896,0.35806703567504883
0,ctx,16,1,1048576,262144,1048576,0,3,datasets/silesia/osdb,10085684,3464434,34.350015,0.5920588970184326,0.08199477195739746
0,ctx,16,1,1048576,262144,1048576,0,3,datasets/silesia/x-ray,8474240,5838342,68.895169,0.5428664684295654,0.15947771072387695
0,ctx,16,1,1048576,262144,1048576,0,3,datasets/silesia/samba,21606400,4960574,22.958818,1.982304334640503,0.11714005470275879
0,ctx,16,1,1048576,262144,1048576,0,3,datasets/silesia/sao,7251944,5234386,72.179074,0.7238986492156982,0.08736085891723633
0,ctx,16,1,1048576,262144,1048576,0,3,AVERAGE,17661548.333333332,5338801.5,30.228389,2.0676902333895364,0.1377252737681071
0,ctx,16,1,1048576,1048576,65536,10,0,datasets/silesia/ooffice,6152192,3106174,50.488899,0.22962427139282227,0.08539009094238281
0,ctx,16,1,1048576,1048576,65536,10,0,datasets/silesia/xml,5345280,723887,13.542546,0.11687946319580078,0.029076099395751953
0,ctx,16,1,1048576,1048576,65536,10,0,datasets/silesia/mr,9970564,3655007,36.657976,0.31056761741638184,0.12499594688415527
0,ctx,16,1,1048576,1048576,65536,10,0,datasets/silesia/nci,33553445,3540747,10.552559,0.39551377296447754,0.1222524642944336
0,ctx,16,1,1048576,1048576,65536,10,0,datasets/silesia/webster,41458703,12693078,30.616197,0.931694746017456,0.40843963623046875
0,ctx,16,1,1048576,1048576,65536,10,0,datasets/silesia/reymont,6627202,2060575,31.092684,0.19675040245056152,0.07405376434326172
0,ctx,16,1,1048576,1048576,65536,10,0,datasets/silesia/dickens,10192446,4079345,40.023219,0.34917616844177246,0.14422917366027832
0,ctx,16,1,1048576,1048576,65536,10,0,datasets/silesia/mozilla,51220480,19360258,37.797885,1.034508228302002,0.40939903259277344
0,ctx,16,1,1048576,1048576,65536,10,0,datasets/silesia/osdb,10085684,3716669,36.850936,0.28943753242492676,0.09608316421508789
0,ctx,16,1,1048576,1048576,65536,10,0,datasets/silesia/x-ray,8474240,5898615,69.606419,0.44371461868286133,0.19286036491394043
0,ctx,16,1,1048576,1048576,65536,10,0,datasets/silesia/samba,21606400,5398342,24.984921,0.4500751495361328,0.13337326049804688
0,ctx,16,1,1048576,1048576,65536,10,0,datasets/silesia/sao,7251944,5430883,74.888651,0.2765979766845703,0.09648847579956055
0,ctx,16,1,1048576,1048576,65536,10,0,AVERAGE,17661548.333333332,5805298.333333333,32.869702,0.41871166229248047,0.15972012281417847
0,ctx,16,1,1048576,1048576,65536,10,1,datasets/silesia/ooffice,6152192,3044540,49.487077,0.20810914039611816,0.07361698150634766
0,ctx,16,1,1048576,1048576,65536,10,1,datasets/silesia/xml,5345280,685109,12.817083,0.10648632049560547,0.02582573890686035
0,ctx,16,1,1048576,1048576,65536,10,1,datasets/silesia/mr,9970564,3743662,37.547144,0.27161240577697754,0.11151814460754395
0,ctx,16,1,1048576,1048576,65536,10,1,datasets/silesia/nci,33553445,3239531,9.654839,0.40682005882263184,0.11757493019104004
0,ctx,16,1,1048576,1048576,65536,10,1,datasets/silesia/webster,41458703,12408945,29.930857,0.8667480945587158,0.3880629539489746
0,ctx,16,1,1048576,1048576,65536,10,1,datasets/silesia/reymont,6627202,2005833,30.266665,0.1823718547821045,0.06626725196838379
0,ctx,16,1,1048576,1048576,65536,10,1,datasets/silesia/dickens,10192446,4029994,39.539027,0.32377147674560547,0.1289210319519043
0,ctx,16,1,1048576,1048576,65536,10,1,datasets/silesia/mozilla,51220480,18747640,36.601844,0.9524128437042236,0.3604140281677246
0,ctx,16,1,1048576,1048576,65536,10,1,datasets/silesia/osdb,10085684,3676381,36.451479,0.2711789608001709,0.09392213821411133
0,ctx,16,1,1048576,1048576,65536,10,1,datasets/silesia/x-ray,8474240,5926664,69.93741,0.4079771041870117,0.16649556159973145
0,ctx,16,1,1048576,1048576,65536,10,1,datasets/silesia/samba,21606400,5272149,24.400867,0.39870619773864746,0.12786316871643066
0,ctx,16,1,1048576,1048576,65536,10,1,datasets/silesia/sao,7251944,5372851,74.088424,0.2830698490142822,0.09035205841064453
0,ctx,16,1,1048576,1048576,65536,10,1,AVERAGE,17661548.333333332,5679441.583333333,32.157099,0.38993869225184125,0.14590283234914145
0,ctx,16,1,1048576,1048576,65536,10,2,datasets/silesia/ooffice,6152192,3046094,49.512336,0.2042527198791504,0.06982707977294922
0,ctx,16,1,1048576,1048576,65536,10,2,datasets/silesia/xml,5345280,671229,12.557415,0.10731196403503418,0.02590155601501465
0,ctx,16,1,1048576,1048576,65536,10,2,datasets/silesia/mr,9970564,3767378,37.785004,0.27544474601745605,0.11608600616455078
0,ctx,16,1,1048576,1048576,65536,10,2,datasets/silesia/nci,33553445,3122350,9.305602,0.3981516361236572,0.10562515258789062
0,ctx,16,1,1048576,1048576,65536,10,2,datasets/silesia/webster,41458703,12333007,29.747691,0.8614277839660645,0.3710789680480957
0,ctx,16,1,1048576,1048576,65536,10,2,datasets/silesia/reymont,6627202,2009697,30.32497,0.18692755699157715,0.06504392623901367
0,ctx,16,1,1048576,1048576,65536,10,2,datasets/silesia/dickens,10192446,4012944,39.371746,0.31047749519348145,0.1237633228302002
0,ctx,16,1,1048576,1048576,65536,10,2,datasets/silesia/mozilla,51220480,18716410,36.540872,0.921907901763916,0.34967780113220215
0,ctx,16,1,1048576,1048576,65536,10,2,datasets/silesia/osdb,10085684,3681397,36.501213,0.24689674377441406,0.09272575378417969
0,ctx,16,1,1048576,1048576,65536,10,2,datasets/silesia/x-ray,8474240,5965057,70.390466,0.4056534767150879,0.16577625274658203
0,ctx,16,1,1048576,1048576,65536,10,2,datasets/silesia/samba,21606400,5170835,23.93196,0.39719676971435547,0.12331080436706543
0,ctx,16,1,1048576,1048576,65536,10,2,datasets/silesia/sao,7251944,5431534,74.897627,0.244856595993042,0.09163022041320801
0,ctx,16,1,1048576,1048576,65536,10,2,AVERAGE,17661548.333333332,5660661.0,32.050763,0.3800421158472697,0.14170390367507935
0,ctx,16,1,1048576,1048576,65536,10,3,datasets/silesia/ooffice,6152192,3032664,49.29404,0.21400833129882812,0.06886506080627441
0,ctx,16,1,1048576,1048576,65536,10,3,datasets/silesia/xml,5345280,669271,12.520785,0.10945320129394531,0.0253448486328125
0,ctx,16,1,1048576,1048576,65536,10,3,datasets/silesia/mr,9970564,3806821,38.180598,0.2692568302154541,0.10797119140625
0,ctx,16,1,1048576,1048576,65536,10,3,datasets/silesia/nci,33553445,3134030,9.340412,0.39179563522338867,0.10696530342102051
0,ctx,16,1,1048576,1048576,65536,10,3,datasets/silesia/webster,41458703,12361772,29.817074,0.8276693820953369,0.36492419242858887
0,ctx,16,1,1048576,1048576,65536,10,3,datasets/silesia/reymont,6627202,2011652,30.354469,0.2007617950439453,0.06494760513305664
0,ctx,16,1,1048576,1048576,65536,10,3,datasets/silesia/dickens,10192446,4048545,39.721035,0.3186607360839844,0.12917304039001465
0,ctx,16,1,1048576,1048576,65536,10,3,datasets/silesia/mozilla,51220480,18677869,36.465627,0.9106252193450928,0.33919334411621094
0,ctx,16,1,1048576,1048576,65536,10,3,datasets/silesia/osdb,10085684,3622886,35.921074,0.2598116397857666,0.08014869689941406
0,ctx,16,1,1048576,1048576,65536,10,3,datasets/silesia/x-ray,8474240,5994319,70.735771,0.37264251708984375,0.15221667289733887
0,ctx,16,1,1048576,1048576,65536,10,3,datasets/silesia/samba,21606400,5154293,23.855399,0.41115784645080566,0.12169456481933594
0,ctx,16,1,1048576,1048576,65536,10,3,datasets/silesia/sao,7251944,5423180,74.782431,0.25923728942871094,0.08538484573364258
0,ctx,16,1,1048576,1048576,65536,10,3,AVERAGE,17661548.333333332,5661441.833333333,32.055184,0.37875670194625854,0.13723578055699667
0,ctx,16,1,1048576,1048576,65536,1000,0,datasets/silesia/ooffice,6152192,3023014,49.137186,0.40823960304260254,0.08352804183959961
0,ctx,16,1,1048576,1048576,65536,1000,0,datasets/silesia/xml,5345280,580961,10.868673,0.1795825958251953,0.0234525203704834
0,ctx,16,1,1048576,1048576,65536,1000,0,datasets/silesia/mr,9970564,3553870,35.643621,0.7192573547363281,0.12697911262512207
0,ctx,16,1,1048576,1048576,65536,1000,0,datasets/silesia/nci,33553445,2760913,8.228404,0.7012898921966553,0.11106538772583008
0,ctx,16,1,1048576,1048576,65536,1000,0,datasets/silesia/webster,41458703,11166197,26.9333,3.422917604446411,0.4021012783050537
0,ctx,16,1,1048576,1048576,65536,1000,0,datasets/silesia/reymont,6627202,1733666,26.159848,0.6680502891540527,0.07031512260437012
0,ctx,16,1,1048576,1048576,65536,1000,0,datasets/silesia/dickens,10192446,3508989,34.427349,1.7217726707458496,0.13446617126464844
0,ctx,16,1,1048576,1048576,65536,1000,0,datasets/silesia/mozilla,51220480,18935813,36.969222,1.4806456565856934,0.42135119438171387
0,ctx,16,1,1048576,1048576,65536,1000,0,datasets/silesia/osdb,10085684,3523912,34.939742,0.49091529846191406,0.09438490867614746
0,ctx,16,1,1048576,1048576,65536,1000,0,datasets/silesia/x-ray,8474240,5814449,68.613221,0.5610504150390625,0.18604707717895508
0,ctx,16,1,1048576,1048576,65536,1000,0,datasets/silesia/samba,21606400,5092416,23.569017,0.9102480411529541,0.13458013534545898
0,ctx,16,1,1048576,1048576,65536,1000,0,datasets/silesia/sao,7251944,5323555,73.408661,0.5672016143798828,0.09836983680725098
0,ctx,16,1,1048576,1048576,65536,1000,0,AVERAGE,17661548.333333332,5418146.25,30.67764,0.9859309196472168,0.15722006559371948
0,ctx,16,1,1048576,1048576,65536,1000,1,datasets/silesia/ooffice,6152192,2960141,48.115225,0.5476222038269043,0.07950210571289062
0,ctx,16,1,1048576,1048576,65536,1000,1,datasets/silesia/xml,5345280,556835,10.417321,0.2564973831176758,0.022888898849487305
0,ctx,16,1,1048576,1048576,65536,1000,1,datasets/silesia/mr,9970564,3565527,35.760535,1.171264410018921,0.11605715751647949
0,ctx,16,1,1048576,1048576,65536,1000,1,datasets/silesia/nci,33553445,2566836,7.649992,0.9090616703033447,0.10143256187438965
0,ctx,16,1,1048576,1048576,65536,1000,1,datasets/silesia/webster,41458703,10995463,26.521483,5.243734359741211,0.3782846927642822
0,ctx,16,1,1048576,1048576,65536,1000,1,datasets/silesia/reymont,6627202,1693601,25.555295,0.9639079570770264,0.06495380401611328
0,ctx,16,1,1048576,1048576,65536,1000,1,datasets/silesia/dickens,10192446,3478893,34.132072,2.564166784286499,0.13149094581604004
0,ctx,16,1,1048576,1048576,65536,1000,1,datasets/silesia/mozilla,51220480,18279839,35.688535,1.9146606922149658,0.3650834560394287
0,ctx,16,1,1048576,1048576,65536,1000,1,datasets/silesia/osdb,10085684,3450894,34.215766,0.6115179061889648,0.08762717247009277
0,ctx,16,1,1048576,1048576,65536,1000,1,datasets/silesia/x-ray,8474240,5760632,67.978155,0.9139654636383057,0.16419601440429688
0,ctx,16,1,1048576,1048576,65536,1000,1,datasets/silesia/samba,21606400,4982421,23.059931,1.3160500526428223,0.1295759677886963
0,ctx,16,1,1048576,1048576,65536,1000,1,datasets/silesia/sao,7251944,5216669,71.934767,0.8625290393829346,0.08804821968078613
0,ctx,16,1,1048576,1048576,65536,1000,1,AVERAGE,17661548.333333332,5292312.583333333,29.965168,1.4395814935366313,0.14409508307774863
0,ctx,16,1,1048576,1048576,65536,1000,2,datasets/silesia/ooffice,6152192,2958883,48.094777,0.7063288688659668,0.07158637046813965
0,ctx,16,1,1048576,1048576,65536,1000,2,datasets/silesia/xml,5345280,549687,10.283596,0.32793521881103516,0.023932218551635742
0,ctx,16,1,1048576,1048576,65536,1000,2,datasets/silesia/mr,9970564,3590763,36.01364,1.400343418121338,0.11468839645385742
0,ctx,16,1,1048576,1048576,65536,1000,2,datasets/silesia/nci,33553445,2487493,7.413525,1.0280921459197998,0.0953514575958252
0,ctx,16,1,1048576,1048576,65536,1000,2,datasets/silesia/webster,41458703,10973165,26.4677,6.664364576339722,0.3654308319091797
0,ctx,16,1,1048576,1048576,65536,1000,2,datasets/silesia/reymont,6627202,1684882,25.423731,1.2550873756408691,0.06264877319335938
0,ctx,16,1,1048576,1048576,65536,1000,2,datasets/silesia/dickens,10192446,3481468,34.157336,3.3893752098083496,0.12640738487243652
0,ctx,16,1,1048576,1048576,65536,1000,2,datasets/silesia/mozilla,51220480,18220458,35.572603,2.216520309448242,0.3513004779815674
0,ctx,16,1,1048576,1048576,65536,1000,2,datasets/silesia/osdb,10085684,3439124,34.099066,0.7679409980773926,0.08508849143981934
0,ctx,16,1,1048576,1048576,65536,1000,2,datasets/silesia/x-ray,8474240,5774957,68.147197,0.9431736469268799,0.15860366821289062
0,ctx,16,1,1048576,1048576,65536,1000,2,datasets/silesia/samba,21606400,4901222,22.684121,1.5491867065429688,0.11876034736633301
0,ctx,16,1,1048576,1048576,65536,1000,2,datasets/silesia/sao,7251944,5231949,72.145469,1.1537859439849854,0.0853567123413086
0,ctx,16,1,1048576,1048576,65536,1000,2,AVERAGE,17661548.333333332,5274504.25,29.864337,1.7835112015406291,0.13826292753219604
0,ctx,16,1,1048576,1048576,65536,1000,3,datasets/silesia/ooffice,6152192,2945230,47.872856,0.9076201915740967,0.07571148872375488
0,ctx,16,1,1048576,1048576,65536,1000,3,datasets/silesia/xml,5345280,551927,10.325502,0.4361286163330078,0.023583173751831055
0,ctx,16,1,1048576,1048576,65536,1000,3,datasets/silesia/mr,9970564,3618104,36.287857,1.7264964580535889,0.1101691722869873
0,ctx,16,1,1048576,1048576,65536,1000,3,datasets/silesia/nci,33553445,2486134,7.409475,1.219935417175293,0.09565997123718262
0,ctx,16,1,1048576,1048576,65536,1000,3,datasets/silesia/webster,41458703,11075700,26.715018,8.293241024017334,0.358349084854126
0,ctx,16,1,1048576,1048576,65536,1000,3,datasets/silesia/reymont,6627202,1697739,25.617734,1.6431386470794678,0.06245923042297363
0,ctx,16,1,1048576,1048576,65536,1000,3,datasets/silesia/dickens,10192446,3543723,34.768131,4.2673022747039795,0.12119269371032715
0,ctx,16,1,1048576,1048576,65536,1000,3,datasets/silesia/mozilla,51220480,18191572,35.516208,2.654749631881714,0.35025858879089355
0,ctx,16,1,1048576,1048576,65536,1000,3,datasets/silesia/osdb,10085684,3447377,34.180894,0.9160642623901367,0.08387875556945801
0,ctx,16,1,1048576,1048576,65536,1000,3,datasets/silesia/x-ray,8474240,5809031,68.549286,1.1012790203094482,0.1542515754699707
0,ctx,16,1,1048576,1048576,65536,1000,3,datasets/silesia/samba,21606400,4902218,22.688731,1.889707326889038,0.11634635925292969
0,ctx,16,1,1048576,1048576,65536,1000,3,datasets/silesia/sao,7251944,5244904,72.324111,1.384922981262207,0.08445501327514648
0,ctx,16,1,1048576,1048576,65536,1000,3,AVERAGE,17661548.333333332,5292804.916666667,29.967955,2.203382154305776,0.13635959227879843
0,ctx,16,1,1048576,1048576,65536,0,0,datasets/silesia/ooffice,6152192,3020613,49.098159,0.5983104705810547,0.0832529067993164
0,ctx,16,1,1048576,1048576,65536,0,0,datasets/silesia/xml,5345280,575893,10.77386,0.26861023902893066,0.024693727493286133
0,ctx,16,1,1048576,1048576,65536,0,0,datasets/silesia/mr,9970564,3553475,35.639659,1.2326171398162842,0.1348717212677002
0,ctx,16,1,1048576,1048576,65536,0,0,datasets/silesia/nci,33553445,2724084,8.118642,1.7287445068359375,0.10999202728271484
0,ctx,16,1,1048576,1048576,65536,0,0,datasets/silesia/webster,41458703,11099577,26.77261,12.137016296386719,0.42118358612060547
0,ctx,16,1,1048576,1048576,65536,0,0,datasets/silesia/reymont,6627202,1701807,25.679118,3.0317916870117188,0.07232475280761719
0,ctx,16,1,1048576,1048576,65536,0,0,datasets/silesia/dickens,10192446,3484730,34.18934,4.322511196136475,0.14125776290893555
0,ctx,16,1,1048576,1048576,65536,0,0,datasets/silesia/mozilla,51220480,18924223,36.946594,2.6250550746917725,0.4244675636291504
0,ctx,16,1,1048576,1048576,65536,0,0,datasets/silesia/osdb,10085684,3523220,34.932881,0.5969126224517822,0.0944828987121582
0,ctx,16,1,1048576,1048576,65536,0,0,datasets/silesia/x-ray,8474240,5814457,68.613315,0.5628659725189209,0.19277358055114746
0,ctx,16,1,1048576,1048576,65536,0,0,datasets/silesia/samba,21606400,5087157,23.544677,1.4071202278137207,0.13671541213989258
0,ctx,16,1,1048576,1048576,65536,0,0,datasets/silesia/sao,7251944,5323000,73.401008,0.7748780250549316,0.09882020950317383
0,ctx,16,1,1048576,1048576,65536,0,0,AVERAGE,17661548.333333332,5402686.333333333,30.590106,2.4405361215273538,0.16123634576797485
0,ctx,16,1,1048576,1048576,65536,0,1,datasets/silesia/ooffice,6152192,2957202,48.067453,1.1927611827850342,0.0763540267944336
0,ctx,16,1,1048576,1048576,65536,0,1,datasets/silesia/xml,5345280,552447,10.33523,0.40903592109680176,0.022842884063720703
0,ctx,16,1,1048576,1048576,65536,0,1,datasets/silesia/mr,9970564,3568896,35.794324,4.588843822479248,0.11444377899169922
0,ctx,16,1,1048576,1048576,65536,0,1,datasets/silesia/nci,33553445,2523086,7.519603,4.311236619949341,0.10538315773010254
0,ctx,16,1,1048576,1048576,65536,0,1,datasets/silesia/webster,41458703,10930263,26.364218,18.10108256340027,0.3978078365325928
0,ctx,16,1,1048576,1048576,65536,0,1,datasets/silesia/reymont,6627202,1663727,25.104516,7.873800754547119,0.06987905502319336
0,ctx,16,1,1048576,1048576,65536,0,1,datasets/silesia/dickens,10192446,3453545,33.883378,6.991825342178345,0.13510894775390625
0,ctx,16,1,1048576,1048576,65536,0,1,datasets/silesia/mozilla,51220480,18274466,35.678045,7.283373594284058,0.3825252056121826
0,ctx,16,1,1048576,1048576,65536,0,1,datasets/silesia/osdb,10085684,3447623,34.183334,1.6651380062103271,0.0914607048034668
0,ctx,16,1,1048576,1048576,65536,0,1,datasets/silesia/x-ray,8474240,5761191,67.984751,1.031050443649292,0.17560458183288574
0,ctx,16,1,1048576,1048576,65536,0,1,datasets/silesia/samba,21606400,4984688,23.070424,2.4358673095703125,0.13437104225158691
0,ctx,16,1,1048576,1048576,65536,0,1,datasets/silesia/sao,7251944,5214279,71.90181,1.4827370643615723,0.09614992141723633
0,ctx,16,1,1048576,1048576,65536,0,1,AVERAGE,17661548.333333332,5277617.75,29.881965,4.78056271870931,0.15016092856725058
0,ctx,16,1,1048576,1048576,65536,0,2,datasets/silesia/ooffice,6152192,2955686,48.042811,1.9272124767303467,0.07773542404174805
0,ctx,16,1,1048576,1048576,65536,0,2,datasets/silesia/xml,5345280,544833,10.192787,0.6386160850524902,0.02358841896057129
0,ctx,16,1,1048576,1048576,65536,0,2,datasets/silesia/mr,9970564,3572850,35.833981,5.825833559036255,0.12061762809753418
0,ctx,16,1,1048576,1048576,65536,0,2,datasets/silesia/nci,33553445,2438850,7.268553,9.283934354782104,0.10418939590454102
0,ctx,16,1,1048576,1048576,65536,0,2,datasets/silesia/webster,41458703,10907049,26.308225,23.52239990234375,0.38135194778442383
0,ctx,16,1,1048576,1048576,65536,0,2,datasets/silesia/reymont,6627202,1649531,24.890308,9.28899097442627,0.06717514991760254
0,ctx,16,1,1048576,1048576,65536,0,2,datasets/silesia/dickens,10192446,3457167,33.918914,10.574544668197632,0.13287782669067383
0,ctx,16,1,1048576,1048576,65536,0,2,datasets/silesia/mozilla,51220480,18218963,35.569684,13.105483770370483,0.3671565055847168
0,ctx,16,1,1048576,1048576,65536,0,2,datasets/silesia/osdb,10085684,3424169,33.950786,1.9726991653442383,0.08101606369018555
0,ctx,16,1,1048576,1048576,65536,0,2,datasets/silesia/x-ray,8474240,5774086,68.136918,0.9609775543212891,0.159928560256958
0,ctx,16,1,1048576,1048576,65536,0,2,datasets/silesia/samba,21606400,4904632,22.699904,3.5153417587280273,0.12471508979797363
0,ctx,16,1,1048576,1048576,65536,0,2,datasets/silesia/sao,7251944,5229046,72.105438,2.3938772678375244,0.09286141395568848
0,ctx,16,1,1048576,1048576,65536,0,2,AVERAGE,17661548.333333332,5256405.166666667,29.761859,6.917492628097534,0.14443445205688477
0,ctx,16,1,1048576,1048576,65536,0,3,datasets/silesia/ooffice,6152192,2941618,47.814145,2.3471553325653076,0.07767915725708008
0,ctx,16,1,1048576,1048576,65536,0,3,datasets/silesia/xml,5345280,546888,10.231232,0.965890645980835,0.024117469787597656
0,ctx,16,1,1048576,1048576,65536,0,3,datasets/silesia/mr,9970564,3620743,36.314325,9.14915680885315,0.1152198314666748
0,ctx,16,1,1048576,1048576,65536,0,3,datasets/silesia/nci,33553445,2437144,7.263469,13.628154039382935,0.09540867805480957
0,ctx,16,1,1048576,1048576,65536,0,3,datasets/silesia/webster,41458703,11013393,26.564731,28.360358238220215,0.3688373565673828
0,ctx,16,1,1048576,1048576,65536,0,3,datasets/silesia/reymont,6627202,1661147,25.065586,10.848238706588745,0.06641530990600586
0,ctx,16,1,1048576,1048576,65536,0,3,datasets/silesia/dickens,10192446,3520831,34.543534,11.860961198806763,0.13121509552001953
0,ctx,16,1,1048576,1048576,65536,0,3,datasets/silesia/mozilla,51220480,18190754,35.514611,21.045247077941895,0.37436509132385254
0,ctx,16,1,1048576,1048576,65536,0,3,datasets/silesia/osdb,10085684,3424318,33.952263,3.0531296730041504,0.08815789222717285
0,ctx,16,1,1048576,1048576,65536,0,3,datasets/silesia/x-ray,8474240,5809018,68.549132,1.3184058666229248,0.16474127769470215
0,ctx,16,1,1048576,1048576,65536,0,3,datasets/silesia/samba,21606400,4898975,22.673722,6.2825398445129395,0.13033080101013184
0,ctx,16,1,1048576,1048576,65536,0,3,datasets/silesia/sao,7251944,5234096,72.175075,4.076517343521118,0.09352636337280273
0,ctx,16,1,1048576,1048576,65536,0,3,AVERAGE,17661548.333333332,5274910.416666667,29.866636,9.411312898000082,0.14416786034901938
0,ctx,16,1,1048576,1048576,262144,10,0,datasets/silesia/ooffice,6152192,3106174,50.488899,0.2623920440673828,0.09101009368896484
0,ctx,16,1,1048576,1048576,262144,10,0,datasets/silesia/xml,5345280,723887,13.542546,0.12435126304626465,0.0314180850982666
0,ctx,16,1,1048576,1048576,262144,10,0,datasets/silesia/mr,9970564,3655007,36.657976,0.3561525344848633,0.1317157745361328
0,ctx,16,1,1048576,1048576,262144,10,0,datasets/silesia/nci,33553445,3540747,10.552559,0.44057703018188477,0.12758874893188477
0,ctx,16,1,1048576,1048576,262144,10,0,datasets/silesia/webster,41458703,12693078,30.616197,1.0210535526275635,0.4207463264465332
0,ctx,16,1,1048576,1048576,262144,10,0,datasets/silesia/reymont,6627202,2060575,31.092684,0.19469094276428223,0.07413411140441895
0,ctx,16,1,1048576,1048576,262144,10,0,datasets/silesia/dickens,10192446,4079345,40.023219,0.3617877960205078,0.14088964462280273
0,ctx,16,1,1048576,1048576,262144,10,0,datasets/silesia/mozilla,51220480,19360258,37.797885,1.0166432857513428,0.41646814346313477
0,ctx,16,1,1048576,1048576,262144,10,0,datasets/silesia/osdb,10085684,3716669,36.850936,0.30511474609375,0.09814691543579102
0,ctx,16,1,1048576,1048576,262144,10,0,datasets/silesia/x-ray,8474240,5898615,69.606419,0.455233097076416,0.197310209274292
0,ctx,16,1,1048576,1048576,262144,10,0,datasets/silesia/samba,21606400,5398342,24.984921,0.45788145065307617,0.141679048538208
0,ctx,16,1,1048576,1048576,262144,10,0,datasets/silesia/sao,7251944,5430883,74.888651,0.30434608459472656,0.09724640846252441
0,ctx,16,1,1048576,1048576,262144,10,0,AVERAGE,17661548.333333332,5805298.333333333,32.869702,0.4416853189468384,0.1640294591585795
0,ctx,16,1,1048576,1048576,262144,10,1,datasets/silesia/ooffice,6152192,3044540,49.487077,0.22272062301635742,0.08199501037597656
0,ctx,16,1,1048576,1048576,262144,10,1,datasets/silesia/xml,5345280,685109,12.817083,0.1107177734375,0.026604413986206055
0,ctx,16,1,1048576,1048576,262144,10,1,datasets/silesia/mr,9970564,3743662,37.547144,0.288374662399292,0.12152361869812012
0,ctx,16,1,1048576,1048576,262144,10,1,datasets/silesia/nci,33553445,3239531,9.654839,0.4307551383972168,0.1193704605102539
0,ctx,16,1,1048576,1048576,262144,10,1,datasets/silesia/webster,41458703,12408945,29.930857,0.9479537010192871,0.40323662757873535
0,ctx,16,1,1048576,1048576,262144,10,1,datasets/silesia/reymont,6627202,2005833,30.266665,0.18509721755981445,0.07144975662231445
0,ctx,16,1,1048576,1048576,262144,10,1,datasets/silesia/dickens,10192446,4029994,39.539027,0.3323376178741455,0.13632655143737793
0,ctx,16,1,1048576,1048576,262144,10,1,datasets/silesia/mozilla,51220480,18747640,36.601844,0.994781494140625,0.36841869354248047
0,ctx,16,1,1048576,1048576,262144,10,1,datasets/silesia/osdb,10085684,3676381,36.451479,0.2834630012512207,0.09187626838684082
0,ctx,16,1,1048576,1048576,262144,10,1,datasets/silesia/x-ray,8474240,5926664,69.93741,0.40010595321655273,0.1712646484375
0,ctx,16,1,1048576,1048576,262144,10,1,datasets/silesia/samba,21606400,5272149,24.400867,0.4196438789367676,0.13129329681396484
0,ctx,16,1,1048576,1048576,262144,10,1,datasets/silesia/sao,7251944,5372851,74.088424,0.28670239448547363,0.09189629554748535
0,ctx,16,1,1048576,1048576,262144,10,1,AVERAGE,17661548.333333332,5679441.583333333,32.157099,0.40855445464452106,0.15127130349477133
0,ctx,16,1,1048576,1048576,262144,10,2,datasets/silesia/ooffice,6152192,3046094,49.512336,0.21537494659423828,0.07546067237854004
0,ctx,16,1,1048576,1048576,262144,10,2,datasets/silesia/xml,5345280,671229,12.557415,0.10490155220031738,0.025809288024902344
0,ctx,16,1,1048576,1048576,262144,10,2,datasets/silesia/mr,9970564,3767378,37.785004,0.2806706428527832,0.11974930763244629
0,ctx,16,1,1048576,1048576,262144,10,2,datasets/silesia/nci,33553445,3122350,9.305602,0.4333622455596924,0.11295008659362793
0,ctx,16,1,1048576,1048576,262144,10,2,datasets/silesia/webster,41458703,12333007,29.747691,0.9274821281433105,0.386122465133667
0,ctx,16,1,1048576,1048576,262144,10,2,datasets/silesia/reymont,6627202,2009697,30.32497,0.18727517127990723,0.06898188591003418
0,ctx,16,1,1048576,1048576,262144,10,2,datasets/silesia/dickens,10192446,4012944,39.371746,0.3368191719055176,0.13091754913330078
0,ctx,16,1,1048576,1048576,262144,10,2,datasets/silesia/mozilla,51220480,18716410,36.540872,0.9608964920043945,0.36016273498535156
0,ctx,16,1,1048576,1048576,262144,10,2,datasets/silesia/osdb,10085684,3681397,36.501213,0.2790043354034424,0.08949732780456543
0,ctx,16,1,1048576,1048576,262144,10,2,datasets/silesia/x-ray,8474240,5965057,70.390466,0.4275932312011719,0.16675758361816406
0,ctx,16,1,1048576,1048576,262144,10,2,datasets/silesia/samba,21606400,5170835,23.93196,0.41539549827575684,0.1275022029876709
0,ctx,16,1,1048576,1048576,262144,10,2,datasets/silesia/sao,7251944,5431534,74.897627,0.29282402992248535,0.09338569641113281
0,ctx,16,1,1048576,1048576,262144,10,2,AVERAGE,17661548.333333332,5660661.0,32.050763,0.40513328711191815,0.14644140005111694
0,ctx,16,1,1048576,1048576,262144,10,3,datasets/silesia/ooffice,6152192,3032664,49.29404,0.23176813125610352,0.0802304744720459
0,ctx,16,1,1048576,1048576,262144,10,3,datasets/silesia/xml,5345280,669271,12.520785,0.1183159351348877,0.025800704956054688
0,ctx,16,1,1048576,1048576,262144,10,3,datasets/silesia/mr,9970564,3806821,38.180598,0.28199291229248047,0.12003254890441895
0,ctx,16,1,1048576,1048576,262144,10,3,datasets/silesia/nci,33553445,3134030,9.340412,0.41323232650756836,0.11614036560058594
0,ctx,16,1,1048576,1048576,262144,10,3,datasets/silesia/webster,41458703,12361772,29.817074,0.8972041606903076,0.3842465877532959
0,ctx,16,1,1048576,1048576,262144,10,3,datasets/silesia/reymont,6627202,2011652,30.354469,0.19347715377807617,0.06689643859863281
0,ctx,16,1,1048576,1048576,262144,10,3,datasets/silesia/dickens,10192446,4048545,39.721035,0.3472733497619629,0.14352941513061523
0,ctx,16,1,1048576,1048576,262144,10,3,datasets/silesia/mozilla,51220480,18677869,36.465627,0.9481353759765625,0.37253761291503906
0,ctx,16,1,1048576,1048576,262144,10,3,datasets/silesia/osdb,10085684,3622886,35.921074,0.2760601043701172,0.09151172637939453
0,ctx,16,1,1048576,1048576,262144,10,3,datasets/silesia/x-ray,8474240,5994319,70.735771,0.4189603328704834,0.16797375679016113
0,ctx,16,1,1048576,1048576,262144,10,3,datasets/silesia/samba,21606400,5154293,23.855399,0.41667962074279785,0.12459874153137207
0,ctx,16,1,1048576,1048576,262144,10,3,datasets/silesia/sao,7251944,5423180,74.782431,0.27495431900024414,0.09133124351501465
0,ctx,16,1,1048576,1048576,262144,10,3,AVERAGE,17661548.333333332,5661441.833333333,32.055184,0.40150447686513263,0.1487358013788859
0,ctx,16,1,1048576,1048576,262144,1000,0,datasets/silesia/ooffice,6152192,3023014,49.137186,0.43639397621154785,0.0883641242980957
0,ctx,16,1,1048576,1048576,262144,1000,0,datasets/silesia/xml,5345280,580961,10.868673,0.20253419876098633,0.02610182762145996
0,ctx,16,1,1048576,1048576,262144,1000,0,datasets/silesia/mr,9970564,3553870,35.643621,0.7433290481567383,0.1331782341003418
0,ctx,16,1,1048576,1048576,262144,1000,0,datasets/silesia/nci,33553445,2760913,8.228404,0.7963926792144775,0.11714553833007812
0,ctx,16,1,1048576,1048576,262144,1000,0,datasets/silesia/webster,41458703,11166197,26.9333,3.7118468284606934,0.42743659019470215
0,ctx,16,1,1048576,1048576,262144,1000,0,datasets/silesia/reymont,6627202,1733666,26.159848,0.7004752159118652,0.07332158088684082
0,ctx,16,1,1048576,1048576,262144,1000,0,datasets/silesia/dickens,10192446,3508989,34.427349,1.867244005203247,0.1393117904663086
0,ctx,16,1,1048576,1048576,262144,1000,0,datasets/silesia/mozilla,51220480,18935813,36.969222,1.5564568042755127,0.4318819046020508
0,ctx,16,1,1048576,1048576,262144,1000,0,datasets/silesia/osdb,10085684,3523912,34.939742,0.5478148460388184,0.09785127639770508
0,ctx,16,1,1048576,1048576,262144,1000,0,datasets/silesia/x-ray,8474240,5814449,68.613221,0.5858817100524902,0.19876718521118164
0,ctx,16,1,1048576,1048576,262144,1000,0,datasets/silesia/samba,21606400,5092416,23.569017,1.0036396980285645,0.13965368270874023
0,ctx,16,1,1048576,1048576,262144,1000,0,datasets/silesia/sao,7251944,5323555,73.408661,0.8957779407501221,0.10222482681274414
0,ctx,16,1,1048576,1048576,262144,1000,0,AVERAGE,17661548.333333332,5418146.25,30.67764,1.0873155792554219,0.1646032134691874
0,ctx,16,1,1048576,1048576,262144,1000,1,datasets/silesia/ooffice,6152192,2960141,48.115225,1.0374019145965576,0.08246517181396484
0,ctx,16,1,1048576,1048576,262144,1000,1,datasets/silesia/xml,5345280,556835,10.417321,0.4541454315185547,0.02514481544494629
0,ctx,16,1,1048576,1048576,262144,1000,1,datasets/silesia/mr,9970564,3565527,35.760535,1.5207085609436035,0.11847591400146484
0,ctx,16,1,1048576,1048576,262144,1000,1,datasets/silesia/nci,33553445,2566836,7.649992,0.9143316745758057,0.10454964637756348
0,ctx,16,1,1048576,1048576,262144,1000,1,datasets/silesia/webster,41458703,10995463,26.521483,5.774272203445435,0.3971076011657715
0,ctx,16,1,1048576,1048576,262144,1000,1,datasets/silesia/reymont,6627202,1693601,25.555295,1.2104175090789795,0.06766891479492188
0,ctx,16,1,1048576,1048576,262144,1000,1,datasets/silesia/dickens,10192446,3478893,34.132072,3.2147107124328613,0.1378645896911621
0,ctx,16,1,1048576,1048576,262144,1000,1,datasets/silesia/mozilla,51220480,18279839,35.688535,2.011674642562866,0.3722541332244873
0,ctx,16,1,1048576,1048576,262144,1000,1,datasets/silesia/osdb,10085684,3450894,34.215766,0.6504995822906494,0.09593629837036133
0,ctx,16,1,1048576,1048576,262144,1000,1,datasets/silesia/x-ray,8474240,5760632,67.978155,0.9581482410430908,0.16553902626037598
0,ctx,16,1,1048576,1048576,262144,1000,1,datasets/silesia/samba,21606400,4982421,23.059931,1.4196341037750244,0.13432931900024414
0,ctx,16,1,1048576,1048576,262144,1000,1,datasets/silesia/sao,7251944,5216669,71.934767,0.9950072765350342,0.08527350425720215
0,ctx,16,1,1048576,1048576,262144,1000,1,AVERAGE,17661548.333333332,5292312.583333333,29.965168,1.6800793210665386,0.14888407786687216
0,ctx,16,1,1048576,1048576,262144,1000,2,datasets/silesia/ooffice,6152192,2958883,48.094777,0.7377645969390869,0.07350945472717285
0,ctx,16,1,1048576,1048576,262144,1000,2,datasets/silesia/xml,5345280,549687,10.283596,0.31794309616088867,0.026743412017822266
0,ctx,16,1,1048576,1048576,262144,1000,2,datasets/silesia/mr,9970564,3590763,36.01364,1.3926234245300293,0.12067794799804688
0,ctx,16,1,1048576,1048576,262144,1000,2,datasets/silesia/nci,33553445,2487493,7.413525,1.0906755924224854,0.09661269187927246
0,ctx,16,1,1048576,1048576,262144,1000,2,datasets/silesia/webster,41458703,10973165,26.4677,6.628010988235474,0.3713088035583496
0,ctx,16,1,1048576,1048576,262144,1000,2,datasets/silesia/reymont,6627202,1684882,25.423731,1.2123169898986816,0.06560158729553223
0,ctx,16,1,1048576,1048576,262144,1000,2,datasets/silesia/dickens,10192446,3481468,34.157336,3.3482613563537598,0.12729167938232422
0,ctx,16,1,1048576,1048576,262144,1000,2,datasets/silesia/mozilla,51220480,18220458,35.572603,2.111449956893921,0.34799623489379883
0,ctx,16,1,1048576,1048576,262144,1000,2,datasets/silesia/osdb,10085684,3439124,34.099066,0.6947798728942871,0.08229565620422363
0,ctx,16,1,1048576,1048576,262144,1000,2,datasets/silesia/x-ray,8474240,5774957,68.147197,0.9601731300354004,0.15860247611999512
0,ctx,16,1,1048576,1048576,262144,1000,2,datasets/silesia/samba,21606400,4901222,22.684121,1.7050049304962158,0.1179647445678711
0,ctx,16,1,1048576,1048576,262144,1000,2,datasets/silesia/sao,7251944,5231949,72.145469,1.4222033023834229,0.08945345878601074
0,ctx,16,1,1048576,1048576,262144,1000,2,AVERAGE,17661548.333333332,5274504.25,29.864337,1.8017672697703044,0.139838178952535
0,ctx,16,1,1048576,1048576,262144,1000,3,datasets/silesia/ooffice,6152192,2945230,47.872856,0.9405148029327393,0.07617664337158203
0,ctx,16,1,1048576,1048576,262144,1000,3,datasets/silesia/xml,5345280,551927,10.325502,0.4277780055999756,0.021356582641601562
0,ctx,16,1,1048576,1048576,262144,1000,3,datasets/silesia/mr,9970564,3618104,36.287857,1.7920432090759277,0.11855912208557129
0,ctx,16,1,1048576,1048576,262144,1000,3,datasets/silesia/nci,33553445,2486134,7.409475,1.201472282409668,0.09473061561584473
0,ctx,16,1,1048576,1048576,262144,1000,3,datasets/silesia/webster,41458703,11075700,26.715018,9.235979795455933,0.36924004554748535
0,ctx,16,1,1048576,1048576,262144,1000,3,datasets/silesia/reymont,6627202,1697739,25.617734,2.0229227542877197,0.06706452369689941
0,ctx,16,1,1048576,1048576,262144,1000,3,datasets/silesia/dickens,10192446,3543723,34.768131,5.531338691711426,0.12549567222595215
0,ctx,16,1,1048576,1048576,262144,1000,3,datasets/silesia/mozilla,51220480,18191572,35.516208,2.5863020420074463,0.35606908798217773
0,ctx,16,1,1048576,1048576,262144,1000,3,datasets/silesia/osdb,10085684,3447377,34.180894,0.9020271301269531,0.08987545967102051
0,ctx,16,1,1048576,1048576,262144,1000,3,datasets/silesia/x-ray,8474240,5809031,68.549286,1.097550868988037,0.15882015228271484
0,ctx,16,1,1048576,1048576,262144,1000,3,datasets/silesia/samba,21606400,4902218,22.688731,1.8393244743347168,0.11546063423156738
0,ctx,16,1,1048576,1048576,262144,1000,3,datasets/silesia/sao,7251944,5244904,72.324111,1.2537384033203125,0.08388042449951172
0,ctx,16,1,1048576,1048576,262144,1000,3,AVERAGE,17661548.333333332,5292804.916666667,29.967955,2.4025827050209045,0.1397274136543274
0,ctx,16,1,1048576,1048576,262144,0,0,datasets/silesia/ooffice,6152192,3020613,49.098159,0.5732362270355225,0.08663702011108398
0,ctx,16,1,1048576,1048576,262144,0,0,datasets/silesia/xml,5345280,575893,10.77386,0.2708580493927002,0.02603435516357422
0,ctx,16,1,1048576,1048576,262144,0,0,datasets/silesia/mr,9970564,3553475,35.639659,1.2097551822662354,0.13084053993225098
0,ctx,16,1,1048576,1048576,262144,0,0,datasets/silesia/nci,33553445,2724084,8.118642,1.6754045486450195,0.11399126052856445
0,ctx,16,1,1048576,1048576,262144,0,0,datasets/silesia/webster,41458703,11099577,26.77261,10.25866985321045,0.4033331871032715
0,ctx,16,1,1048576,1048576,262144,0,0,datasets/silesia/reymont,6627202,1701807,25.679118,2.4408206939697266,0.07422280311584473
0,ctx,16,1,1048576,1048576,262144,0,0,datasets/silesia/dickens,10192446,3484730,34.18934,3.5756967067718506,0.13312077522277832
0,ctx,16,1,1048576,1048576,262144,0,0,datasets/silesia/mozilla,51220480,18924223,36.946594,2.5402331352233887,0.4225490093231201
0,ctx,16,1,1048576,1048576,262144,0,0,datasets/silesia/osdb,10085684,3523220,34.932881,0.52591872215271,0.09693288803100586
0,ctx,16,1,1048576,1048576,262144,0,0,datasets/silesia/x-ray,8474240,5814457,68.613315,0.6220693588256836,0.19357776641845703
0,ctx,16,1,1048576,1048576,262144,0,0,datasets/silesia/samba,21606400,5087157,23.544677,1.3939077854156494,0.13425803184509277
0,ctx,16,1,1048576,1048576,262144,0,0,datasets/silesia/sao,7251944,5323000,73.401008,0.7734639644622803,0.09911370277404785
0,ctx,16,1,1048576,1048576,262144,0,0,AVERAGE,17661548.333333332,5402686.333333333,30.590106,2.155002852280935,0.15955094496409097
0,ctx,16,1,1048576,1048576,262144,0,1,datasets/silesia/ooffice,6152192,2957202,48.067453,1.1286375522613525,0.0781407356262207
0,ctx,16,1,1048576,1048576,262144,0,1,datasets/silesia/xml,5345280,552447,10.33523,0.39896440505981445,0.022721529006958008
0,ctx,16,1,1048576,1048576,262144,0,1,datasets/silesia/mr,9970564,3568896,35.794324,4.377565622329712,0.11081838607788086
0,ctx,16,1,1048576,1048576,262144,0,1,datasets/silesia/nci,33553445,2523086,7.519603,4.034096717834473,0.09926271438598633
0,ctx,16,1,1048576,1048576,262144,0,1,datasets/silesia/webster,41458703,10930263,26.364218,15.442228078842163,0.3800826072692871
0,ctx,16,1,1048576,1048576,262144,0,1,datasets/silesia/reymont,6627202,1663727,25.104516,4.877619743347168,0.06677389144897461
0,ctx,16,1,1048576,1048576,262144,0,1,datasets/silesia/dickens,10192446,3453545,33.883378,5.769070386886597,0.13470888137817383
0,ctx,16,1,1048576,1048576,262144,0,1,datasets/silesia/mozilla,51220480,18274466,35.678045,7.230404853820801,0.37479209899902344
0,ctx,16,1,1048576,1048576,262144,0,1,datasets/silesia/osdb,10085684,3447623,34.183334,1.4590158462524414,0.08688759803771973
0,ctx,16,1,1048576,1048576,262144,0,1,datasets/silesia/x-ray,8474240,5761191,67.984751,0.9338347911834717,0.1661524772644043
0,ctx,16,1,1048576,1048576,262144,0,1,datasets/silesia/samba,21606400,4984688,23.070424,2.275996446609497,0.1313929557800293
0,ctx,16,1,1048576,1048576,262144,0,1,datasets/silesia/sao,7251944,5214279,71.90181,1.4068713188171387,0.08916211128234863
0,ctx,16,1,1048576,1048576,262144,0,1,AVERAGE,17661548.333333332,5277617.75,29.881965,4.111192146937053,0.14507466554641724
0,ctx,16,1,1048576,1048576,262144,0,2,datasets/silesia/ooffice,6152192,2955686,48.042811,1.881016492843628,0.07469964027404785
0,ctx,16,1,1048576,1048576,262144,0,2,datasets/silesia/xml,5345280,544833,10.192787,0.5814342498779297,0.024531841278076172
0,ctx,16,1,1048576,1048576,262144,0,2,datasets/silesia/mr,9970564,3572850,35.833981,6.504362106323242,0.12595033645629883
0,ctx,16,1,1048576,1048576,262144,0,2,datasets/silesia/nci,33553445,2438850,7.268553,7.656121492385864,0.09623312950134277
0,ctx,16,1,1048576,1048576,262144,0,2,datasets/silesia/webster,41458703,10907049,26.308225,23.044435501098633,0.3705925941467285
0,ctx,16,1,1048576,1048576,262144,0,2,datasets/silesia/reymont,6627202,1649531,24.890308,9.60620665550232,0.06364655494689941
0,ctx,16,1,1048576,1048576,262144,0,2,datasets/silesia/dickens,10192446,3457167,33.918914,9.26690125465393,0.13187074661254883
0,ctx,16,1,1048576,1048576,262144,0,2,datasets/silesia/mozilla,51220480,18218963,35.569684,12.761523962020874,0.3622603416442871
0,ctx,16,1,1048576,1048576,262144,0,2,datasets/silesia/osdb,10085684,3424169,33.950786,2.2334320545196533,0.08550763130187988
0,ctx,16,1,1048576,1048576,262144,0,2,datasets/silesia/x-ray,8474240,5774086,68.136918,1.0043973922729492,0.15820622444152832
0,ctx,16,1,1048576,1048576,262144,0,2,datasets/silesia/samba,21606400,4904632,22.699904,3.9609389305114746,0.12566804885864258
0,ctx,16,1,1048576,1048576,262144,0,2,datasets/silesia/sao,7251944,5229046,72.105438,3.0504462718963623,0.08848357200622559
0,ctx,16,1,1048576,1048576,262144,0,2,AVERAGE,17661548.333333332,5256405.166666667,29.761859,6.795934696992238,0.14230422178904215
0,ctx,16,1,1048576,1048576,262144,0,3,datasets/silesia/ooffice,6152192,2941618,47.814145,3.0031449794769287,0.07839155197143555
0,ctx,16,1,1048576,1048576,262144,0,3,datasets/silesia/xml,5345280,546888,10.231232,0.8580296039581299,0.021987438201904297
0,ctx,16,1,1048576,1048576,262144,0,3,datasets/silesia/mr,9970564,3620743,36.314325,8.596912622451782,0.1179494857788086
0,ctx,16,1,1048576,1048576,262144,0,3,datasets/silesia/nci,33553445,2437144,7.263469,16.42399549484253,0.09988975524902344
0,ctx,16,1,1048576,1048576,262144,0,3,datasets/silesia/webster,41458703,11013393,26.564731,32.679356813430786,0.3778846263885498
0,ctx,16,1,1048576,1048576,262144,0,3,datasets/silesia/reymont,6627202,1661147,25.065586,12.083594560623169,0.06928491592407227
0,ctx,16,1,1048576,1048576,262144,0,3,datasets/silesia/dickens,10192446,3520831,34.543534,11.436392545700073,0.12693285942077637
0,ctx,16,1,1048576,1048576,262144,0,3,datasets/silesia/mozilla,51220480,18190754,35.514611,23.296300649642944,0.36527419090270996
0,ctx,16,1,1048576,1048576,262144,0,3,datasets/silesia/osdb,10085684,3424318,33.952263,3.730734348297119,0.09406304359436035
0,ctx,16,1,1048576,1048576,262144,0,3,datasets/silesia/x-ray,8474240,5809018,68.549132,1.866703987121582,0.19618892669677734
0,ctx,16,1,1048576,1048576,262144,0,3,datasets/silesia/samba,21606400,4898975,22.673722,5.063086748123169,0.12090730667114258
0,ctx,16,1,1048576,1048576,262144,0,3,datasets/silesia/sao,7251944,5234096,72.175075,2.589071035385132,0.08464288711547852
0,ctx,16,1,1048576,1048576,262144,0,3,AVERAGE,17661548.333333332,5274910.416666667,29.866636,10.135610282421112,0.14611641565958658
0,ctx,16,1,1048576,1048576,1048576,10,0,datasets/silesia/ooffice,6152192,3106174,50.488899,0.23234963417053223,0.08487415313720703
0,ctx,16,1,1048576,1048576,1048576,10,0,datasets/silesia/xml,5345280,723887,13.542546,0.11329030990600586,0.027411222457885742
0,ctx,16,1,1048576,1048576,1048576,10,0,datasets/silesia/mr,9970564,3655007,36.657976,0.3123009204864502,0.12422776222229004
0,ctx,16,1,1048576,1048576,1048576,10,0,datasets/silesia/nci,33553445,3540747,10.552559,0.39144349098205566,0.12138915061950684
0,ctx,16,1,1048576,1048576,1048576,10,0,datasets/silesia/webster,41458703,12693078,30.616197,0.9341897964477539,0.41634297370910645
0,ctx,16,1,1048576,1048576,1048576,10,0,datasets/silesia/reymont,6627202,2060575,31.092684,0.18185973167419434,0.07557153701782227
0,ctx,16,1,1048576,1048576,1048576,10,0,datasets/silesia/dickens,10192446,4079345,40.023219,0.36937403678894043,0.13934993743896484
0,ctx,16,1,1048576,1048576,1048576,10,0,datasets/silesia/mozilla,51220480,19360258,37.797885,1.0913071632385254,0.4087107181549072
0,ctx,16,1,1048576,1048576,1048576,10,0,datasets/silesia/osdb,10085684,3716669,36.850936,0.2568027973175049,0.09448432922363281
0,ctx,16,1,1048576,1048576,1048576,10,0,datasets/silesia/x-ray,8474240,5898615,69.606419,0.4486730098724365,0.18688511848449707
0,ctx,16,1,1048576,1048576,1048576,10,0,datasets/silesia/samba,21606400,5398342,24.984921,0.4286613464355469,0.1365041732788086
0,ctx,16,1,1048576,1048576,1048576,10,0,datasets/silesia/sao,7251944,5430883,74.888651,0.27678847312927246,0.09698963165283203
0,ctx,16,1,1048576,1048576,1048576,10,0,AVERAGE,17661548.333333332,5805298.333333333,32.869702,0.4197533925374349,0.15939505894978842
0,ctx,16,1,1048576,1048576,1048576,10,1,datasets/silesia/ooffice,6152192,3044540,49.487077,0.2151930332183838,0.07624411582946777
0,ctx,16,1,1048576,1048576,1048576,10,1,datasets/silesia/xml,5345280,685109,12.817083,0.09309267997741699,0.025595903396606445
0,ctx,16,1,1048576,1048576,1048576,10,1,datasets/silesia/mr,9970564,3743662,37.547144,0.28919100761413574,0.11296772956848145
0,ctx,16,1,1048576,1048576,1048576,10,1,datasets/silesia/nci,33553445,3239531,9.654839,0.4009523391723633,0.11527609825134277
0,ctx,16,1,1048576,1048576,1048576,10,1,datasets/silesia/webster,41458703,12408945,29.930857,0.9230368137359619,0.3977353572845459
0,ctx,16,1,1048576,1048576,1048576,10,1,datasets/silesia/reymont,6627202,2005833,30.266665,0.18811631202697754,0.07037830352783203
0,ctx,16,1,1048576,1048576,1048576,10,1,datasets/silesia/dickens,10192446,4029994,39.539027,0.34501194953918457,0.1297140121459961
0,ctx,16,1,1048576,1048576,1048576,10,1,datasets/silesia/mozilla,51220480,18747640,36.601844,0.9144690036773682,0.3682994842529297
0,ctx,16,1,1048576,1048576,1048576,10,1,datasets/silesia/osdb,10085684,3676381,36.451479,0.3227200508117676,0.09500718116760254
0,ctx,16,1,1048576,1048576,1048576,10,1,datasets/silesia/x-ray,8474240,5926664,69.93741,0.428375244140625,0.1672530174255371
0,ctx,16,1,1048576,1048576,1048576,10,1,datasets/silesia/samba,21606400,5272149,24.400867,0.4122192859649658,0.13315320014953613
0,ctx,16,1,1048576,1048576,1048576,10,1,datasets/silesia/sao,7251944,5372851,74.088424,0.25711488723754883,0.08550524711608887
0,ctx,16,1,1048576,1048576,1048576,10,1,AVERAGE,17661548.333333332,5679441.583333333,32.157099,0.3991243839263916,0.1480941375096639
0,ctx,16,1,1048576,1048576,1048576,10,2,datasets/silesia/ooffice,6152192,3046094,49.512336,0.2234020233154297,0.07576847076416016
0,ctx,16,1,1048576,1048576,1048576,10,2,datasets/silesia/xml,5345280,671229,12.557415,0.10607767105102539,0.025237321853637695
0,ctx,16,1,1048576,1048576,1048576,10,2,datasets/silesia/mr,9970564,3767378,37.785004,0.28267693519592285,0.11153864860534668
0,ctx,16,1,1048576,1048576,1048576,10,2,datasets/silesia/nci,33553445,3122350,9.305602,0.4024074077606201,0.10714340209960938
0,ctx,16,1,1048576,1048576,1048576,10,2,datasets/silesia/webster,41458703,12333007,29.747691,0.9203693866729736,0.3818392753601074
0,ctx,16,1,1048576,1048576,1048576,10,2,datasets/silesia/reymont,6627202,2009697,30.32497,0.18748903274536133,0.07103323936462402
0,ctx,16,1,1048576,1048576,1048576,10,2,datasets/silesia/dickens,10192446,4012944,39.371746,0.3272440433502197,0.12981057167053223
0,ctx,16,1,1048576,1048576,1048576,10,2,datasets/silesia/mozilla,51220480,18716410,36.540872,0.9412455558776855,0.3485748767852783
0,ctx,16,1,1048576,1048576,1048576,10,2,datasets/silesia/osdb,10085684,3681397,36.501213,0.2490079402923584,0.08913779258728027
0,ctx,16,1,1048576,1048576,1048576,10,2,datasets/silesia/x-ray,8474240,5965057,70.390466,0.4477078914642334,0.1626265048980713
0,ctx,16,1,1048576,1048576,1048576,10,2,datasets/silesia/samba,21606400,5170835,23.93196,0.3980414867401123,0.12327384948730469
0,ctx,16,1,1048576,1048576,1048576,10,2,datasets/silesia/sao,7251944,5431534,74.897627,0.2614603042602539,0.09042143821716309
0,ctx,16,1,1048576,1048576,1048576,10,2,AVERAGE,17661548.333333332,5660661.0,32.050763,0.3955941398938497,0.14303378264109293
0,ctx,16,1,1048576,1048576,1048576,10,3,datasets/silesia/ooffice,6152192,3032664,49.29404,0.21434974670410156,0.07402300834655762
0,ctx,16,1,1048576,1048576,1048576,10,3,datasets/silesia/xml,5345280,669271,12.520785,0.10057592391967773,0.026973962783813477
0,ctx,16,1,1048576,1048576,1048576,10,3,datasets/silesia/mr,9970564,3806821,38.180598,0.28614234924316406,0.11561942100524902
0,ctx,16,1,1048576,1048576,1048576,10,3,datasets/silesia/nci,33553445,3134030,9.340412,0.396533727645874,0.10892438888549805
0,ctx,16,1,1048576,1048576,1048576,10,3,datasets/silesia/webster,41458703,12361772,29.817074,0.8940930366516113,0.38904666900634766
0,ctx,16,1,1048576,1048576,1048576,10,3,datasets/silesia/reymont,6627202,2011652,30.354469,0.1931469440460205,0.06980133056640625
0,ctx,16,1,1048576,1048576,1048576,10,3,datasets/silesia/dickens,10192446,4048545,39.721035,0.3569519519805908,0.13724517822265625
0,ctx,16,1,1048576,1048576,1048576,10,3,datasets/silesia/mozilla,51220480,18677869,36.465627,0.9199233055114746,0.349315881729126
0,ctx,16,1,1048576,1048576,1048576,10,3,datasets/silesia/osdb,10085684,3622886,35.921074,0.27513837814331055,0.0838477611541748
0,ctx,16,1,1048576,1048576,1048576,10,3,datasets/silesia/x-ray,8474240,5994319,70.735771,0.4165458679199219,0.1573472023010254
0,ctx,16,1,1048576,1048576,1048576,10,3,datasets/silesia/samba,21606400,5154293,23.855399,0.4063079357147217,0.12096047401428223
0,ctx,16,1,1048576,1048576,1048576,10,3,datasets/silesia/sao,7251944,5423180,74.782431,0.25313472747802734,0.09165239334106445
0,ctx,16,1,1048576,1048576,1048576,10,3,AVERAGE,17661548.333333332,5661441.833333333,32.055184,0.3927369912465413,0.1437298059463501
0,ctx,16,1,1048576,1048576,1048576,1000,0,datasets/silesia/ooffice,6152192,3023014,49.137186,0.45725560188293457,0.08943748474121094
0,ctx,16,1,1048576,1048576,1048576,1000,0,datasets/silesia/xml,5345280,580961,10.868673,0.1860065460205078,0.024110794067382812
0,ctx,16,1,1048576,1048576,1048576,1000,0,datasets/silesia/mr,9970564,3553870,35.643621,0.761631965637207,0.13634419441223145
0,ctx,16,1,1048576,1048576,1048576,1000,0,datasets/silesia/nci,33553445,2760913,8.228404,0.7377405166625977,0.11375069618225098
0,ctx,16,1,1048576,1048576,1048576,1000,0,datasets/silesia/webster,41458703,11166197,26.9333,3.5754001140594482,0.4059889316558838
0,ctx,16,1,1048576,1048576,1048576,1000,0,datasets/silesia/reymont,6627202,1733666,26.159848,0.6963717937469482,0.07097053527832031
0,ctx,16,1,1048576,1048576,1048576,1000,0,datasets/silesia/dickens,10192446,3508989,34.427349,1.8879015445709229,0.14347243309020996
0,ctx,16,1,1048576,1048576,1048576,1000,0,datasets/silesia/mozilla,51220480,18935813,36.969222,1.4710619449615479,0.41606855392456055
0,ctx,16,1,1048576,1048576,1048576,1000,0,datasets/silesia/osdb,10085684,3523912,34.939742,0.4970054626464844,0.09098362922668457
0,ctx,16,1,1048576,1048576,1048576,1000,0,datasets/silesia/x-ray,8474240,5814449,68.613221,0.5796527862548828,0.1920173168182373
0,ctx,16,1,1048576,1048576,1048576,1000,0,datasets/silesia/samba,21606400,5092416,23.569017,0.9841094017028809,0.13540291786193848
0,ctx,16,1,1048576,1048576,1048576,1000,0,datasets/silesia/sao,7251944,5323555,73.408661,0.5924127101898193,0.09380388259887695
0,ctx,16,1,1048576,1048576,1048576,1000,0,AVERAGE,17661548.333333332,5418146.25,30.67764,1.0355458656946819,0.15936261415481567
0,ctx,16,1,1048576,1048576,1048576,1000,1,datasets/silesia/ooffice,6152192,2960141,48.115225,0.5633392333984375,0.07978248596191406
0,ctx,16,1,1048576,1048576,1048576,1000,1,datasets/silesia/xml,5345280,556835,10.417321,0.26867222785949707,0.023679256439208984
0,ctx,16,1,1048576,1048576,1048576,1000,1,datasets/silesia/mr,9970564,3565527,35.760535,1.2177834510803223,0.11343598365783691
0,ctx,16,1,1048576,1048576,1048576,1000,1,datasets/silesia/nci,33553445,2566836,7.649992,0.8846762180328369,0.10801005363464355
0,ctx,16,1,1048576,1048576,1048576,1000,1,datasets/silesia/webster,41458703,10995463,26.521483,5.519667625427246,0.3993501663208008
0,ctx,16,1,1048576,1048576,1048576,1000,1,datasets/silesia/reymont,6627202,1693601,25.555295,1.1010267734527588,0.06618571281433105
0,ctx,16,1,1048576,1048576,1048576,1000,1,datasets/silesia/dickens,10192446,3478893,34.132072,3.0601096153259277,0.13599181175231934
0,ctx,16,1,1048576,1048576,1048576,1000,1,datasets/silesia/mozilla,51220480,18279839,35.688535,1.94004225730896,0.3710029125213623
0,ctx,16,1,1048576,1048576,1048576,1000,1,datasets/silesia/osdb,10085684,3450894,34.215766,0.6437387466430664,0.09215188026428223
0,ctx,16,1,1048576,1048576,1048576,1000,1,datasets/silesia/x-ray,8474240,5760632,67.978155,0.9252350330352783,0.16429805755615234
0,ctx,16,1,1048576,1048576,1048576,1000,1,datasets/silesia/samba,21606400,4982421,23.059931,1.3911628723144531,0.12451291084289551
0,ctx,16,1,1048576,1048576,1048576,1000,1,datasets/silesia/sao,7251944,5216669,71.934767,1.0943655967712402,0.08669567108154297
0,ctx,16,1,1048576,1048576,1048576,1000,1,AVERAGE,17661548.333333332,5292312.583333333,29.965168,1.5508183042208354,0.1470914085706075
0,ctx,16,1,1048576,1048576,1048576,1000,2,datasets/silesia/ooffice,6152192,2958883,48.094777,0.7150931358337402,0.07284355163574219
0,ctx,16,1,1048576,1048576,1048576,1000,2,datasets/silesia/xml,5345280,549687,10.283596,0.33814501762390137,0.0232391357421875
0,ctx,16,1,1048576,1048576,1048576,1000,2,datasets/silesia/mr,9970564,3590763,36.01364,1.569727897644043,0.11317753791809082
0,ctx,16,1,1048576,1048576,1048576,1000,2,datasets/silesia/nci,33553445,2487493,7.413525,1.2446224689483643,0.10103797912597656
0,ctx,16,1,1048576,1048576,1048576,1000,2,datasets/silesia/webster,41458703,10973165,26.4677,7.248293876647949,0.3685271739959717
0,ctx,16,1,1048576,1048576,1048576,1000,2,datasets/silesia/reymont,6627202,1684882,25.423731,1.4170949459075928,0.06903839111328125
0,ctx,16,1,1048576,1048576,1048576,1000,2,datasets/silesia/dickens,10192446,3481468,34.157336,3.808372974395752,0.1282186508178711
0,ctx,16,1,1048576,1048576,1048576,1000,2,datasets/silesia/mozilla,51220480,18220458,35.572603,2.329869508743286,0.3566868305206299
0,ctx,16,1,1048576,1048576,1048576,1000,2,datasets/silesia/osdb,10085684,3439124,34.099066,0.8719141483306885,0.0850977897644043
0,ctx,16,1,1048576,1048576,1048576,1000,2,datasets/silesia/x-ray,8474240,5774957,68.147197,0.9732418060302734,0.1699085235595703
0,ctx,16,1,1048576,1048576,1048576,1000,2,datasets/silesia/samba,21606400,4901222,22.684121,1.9697511196136475,0.12346243858337402
0,ctx,16,1,1048576,1048576,1048576,1000,2,datasets/silesia/sao,7251944,5231949,72.145469,1.2396485805511475,0.09690594673156738
0,ctx,16,1,1048576,1048576,1048576,1000,2,AVERAGE,17661548.333333332,5274504.25,29.864337,1.9771479566891987,0.14234532912572226
0,ctx,16,1,1048576,1048576,1048576,1000,3,datasets/silesia/ooffice,6152192,2945230,47.872856,0.8607380390167236,0.0724189281463623
0,ctx,16,1,1048576,1048576,1048576,1000,3,datasets/silesia/xml,5345280,551927,10.325502,0.43593692779541016,0.02292346954345703
0,ctx,16,1,1048576,1048576,1048576,1000,3,datasets/silesia/mr,9970564,3618104,36.287857,1.7074110507965088,0.11408591270446777
0,ctx,16,1,1048576,1048576,1048576,1000,3,datasets/silesia/nci,33553445,2486134,7.409475,1.2355458736419678,0.09773039817810059
0,ctx,16,1,1048576,1048576,1048576,1000,3,datasets/silesia/webster,41458703,11075700,26.715018,8.613981246948242,0.36244964599609375
0,ctx,16,1,1048576,1048576,1048576,1000,3,datasets/silesia/reymont,6627202,1697739,25.617734,1.7658824920654297,0.06164979934692383
0,ctx,16,1,1048576,1048576,1048576,1000,3,datasets/silesia/dickens,10192446,3543723,34.768131,4.453094244003296,0.1226816177368164
0,ctx,16,1,1048576,1048576,1048576,1000,3,datasets/silesia/mozilla,51220480,18191572,35.516208,3.1659741401672363,0.38541269302368164
0,ctx,16,1,1048576,1048576,1048576,1000,3,datasets/silesia/osdb,10085684,3447377,34.180894,1.0151689052581787,0.09105539321899414
0,ctx,16,1,1048576,1048576,1048576,1000,3,datasets/silesia/x-ray,8474240,5809031,68.549286,1.08620285987854,0.1565542221069336
0,ctx,16,1,1048576,1048576,1048576,1000,3,datasets/silesia/samba,21606400,4902218,22.688731,1.9372715950012207,0.11842060089111328
0,ctx,16,1,1048576,1048576,1048576,1000,3,datasets/silesia/sao,7251944,5244904,72.324111,1.3368408679962158,0.08764410018920898
0,ctx,16,1,1048576,1048576,1048576,1000,3,AVERAGE,17661548.333333332,5292804.916666667,29.967955,2.3011706868807473,0.14108556509017944
0,ctx,16,1,1048576,1048576,1048576,0,0,datasets/silesia/ooffice,6152192,3020613,49.098159,0.7594916820526123,0.08707618713378906
0,ctx,16,1,1048576,1048576,1048576,0,0,datasets/silesia/xml,5345280,575893,10.77386,0.2702603340148926,0.024995803833007812
0,ctx,16,1,1048576,1048576,1048576,0,0,datasets/silesia/mr,9970564,3553475,35.639659,1.2540123462677002,0.12664127349853516
0,ctx,16,1,1048576,1048576,1048576,0,0,datasets/silesia/nci,33553445,2724084,8.118642,1.8260343074798584,0.11708855628967285
0,ctx,16,1,1048576,1048576,1048576,0,0,datasets/silesia/webster,41458703,11099577,26.77261,10.76506519317627,0.402329683303833
0,ctx,16,1,1048576,1048576,1048576,0,0,datasets/silesia/reymont,6627202,1701807,25.679118,2.3425240516662598,0.07075357437133789
0,ctx,16,1,1048576,1048576,1048576,0,0,datasets/silesia/dickens,10192446,3484730,34.18934,3.683727979660034,0.13681936264038086
0,ctx,16,1,1048576,1048576,1048576,0,0,datasets/silesia/mozilla,51220480,18924223,36.946594,2.5202221870422363,0.4395785331726074
0,ctx,16,1,1048576,1048576,1048576,0,0,datasets/silesia/osdb,10085684,3523220,34.932881,0.6098425388336182,0.09897136688232422
0,ctx,16,1,1048576,1048576,1048576,0,0,datasets/silesia/x-ray,8474240,5814457,68.613315,0.6463792324066162,0.1964247226715088
0,ctx,16,1,1048576,1048576,1048576,0,0,datasets/silesia/samba,21606400,5087157,23.544677,1.477306604385376,0.13289690017700195
0,ctx,16,1,1048576,1048576,1048576,0,0,datasets/silesia/sao,7251944,5323000,73.401008,1.0770683288574219,0.09842205047607422
0,ctx,16,1,1048576,1048576,1048576,0,0,AVERAGE,17661548.333333332,5402686.333333333,30.590106,2.2693278988202414,0.1609998345375061
0,ctx,16,1,1048576,1048576,1048576,0,1,datasets/silesia/ooffice,6152192,2957202,48.067453,1.5529320240020752,0.08393168449401855
0,ctx,16,1,1048576,1048576,1048576,0,1,datasets/silesia/xml,5345280,552447,10.33523,0.5487239360809326,0.026267528533935547
0,ctx,16,1,1048576,1048576,1048576,0,1,datasets/silesia/mr,9970564,3568896,35.794324,4.626638174057007,0.1136469841003418
0,ctx,16,1,1048576,1048576,1048576,0,1,datasets/silesia/nci,33553445,2523086,7.519603,4.485711574554443,0.11341643333435059
0,ctx,16,1,1048576,1048576,1048576,0,1,datasets/silesia/webster,41458703,10930263,26.364218,17.350470542907715,0.39400672912597656
0,ctx,16,1,1048576,1048576,1048576,0,1,datasets/silesia/reymont,6627202,1663727,25.104516,5.066878795623779,0.06693625450134277
0,ctx,16,1,1048576,1048576,1048576,0,1,datasets/silesia/dickens,10192446,3453545,33.883378,6.111724615097046,0.13116741180419922
0,ctx,16,1,1048576,1048576,1048576,0,1,datasets/silesia/mozilla,51220480,18274466,35.678045,6.6432881355285645,0.3747520446777344
0,ctx,16,1,1048576,1048576,1048576,0,1,datasets/silesia/osdb,10085684,3447623,34.183334,1.3557052612304688,0.08680009841918945
0,ctx,16,1,1048576,1048576,1048576,0,1,datasets/silesia/x-ray,8474240,5761191,67.984751,0.8839280605316162,0.1651773452758789
0,ctx,16,1,1048576,1048576,1048576,0,1,datasets/silesia/samba,21606400,4984688,23.070424,2.1413731575012207,0.12520599365234375
0,ctx,16,1,1048576,1048576,1048576,0,1,datasets/silesia/sao,7251944,5214279,71.90181,1.3178284168243408,0.0850520133972168
0,ctx,16,1,1048576,1048576,1048576,0,1,AVERAGE,17661548.333333332,5277617.75,29.881965,4.340433557828267,0.1471967101097107
0,ctx,16,1,1048576,1048576,1048576,0,2,datasets/silesia/ooffice,6152192,2955686,48.042811,1.5770454406738281,0.07716584205627441
0,ctx,16,1,1048576,1048576,1048576,0,2,datasets/silesia/xml,5345280,544833,10.192787,0.554567813873291,0.02325272560119629
0,ctx,16,1,1048576,1048576,1048576,0,2,datasets/silesia/mr,9970564,3572850,35.833981,5.041572570800781,0.10959649085998535
0,ctx,16,1,1048576,1048576,1048576,0,2,datasets/silesia/nci,33553445,2438850,7.268553,7.083594560623169,0.09607553482055664
0,ctx,16,1,1048576,1048576,1048576,0,2,datasets/silesia/webster,41458703,10907049,26.308225,21.256428480148315,0.370990514755249
0,ctx,16,1,1048576,1048576,1048576,0,2,datasets/silesia/reymont,6627202,1649531,24.890308,7.2780773639678955,0.06336331367492676
0,ctx,16,1,1048576,1048576,1048576,0,2,datasets/silesia/dickens,10192446,3457167,33.918914,9.034007787704468,0.12961506843566895
0,ctx,16,1,1048576,1048576,1048576,0,2,datasets/silesia/mozilla,51220480,18218963,35.569684,13.190776348114014,0.37450575828552246
0,ctx,16,1,1048576,1048576,1048576,0,2,datasets/silesia/osdb,10085684,3424169,33.950786,2.3430166244506836,0.08660745620727539
0,ctx,16,1,1048576,1048576,1048576,0,2,datasets/silesia/x-ray,8474240,5774086,68.136918,1.0670397281646729,0.17017912864685059
0,ctx,16,1,1048576,1048576,1048576,0,2,datasets/silesia/samba,21606400,4904632,22.699904,3.5033600330352783,0.12579059600830078
0,ctx,16,1,1048576,1048576,1048576,0,2,datasets/silesia/sao,7251944,5229046,72.105438,2.8451685905456543,0.09238672256469727
0,ctx,16,1,1048576,1048576,1048576,0,2,AVERAGE,17661548.333333332,5256405.166666667,29.761859,6.231221278508504,0.143294095993042
0,ctx,16,1,1048576,1048576,1048576,0,3,datasets/silesia/ooffice,6152192,2941618,47.814145,2.7113993167877197,0.07723164558410645
0,ctx,16,1,1048576,1048576,1048576,0,3,datasets/silesia/xml,5345280,546888,10.231232,0.9053909778594971,0.02546072006225586
0,ctx,16,1,1048576,1048576,1048576,0,3,datasets/silesia/mr,9970564,3620743,36.314325,8.88994312286377,0.12012505531311035
0,ctx,16,1,1048576,1048576,1048576,0,3,datasets/silesia/nci,33553445,2437144,7.263469,17.11802911758423,0.10211491584777832
0,ctx,16,1,1048576,1048576,1048576,0,3,datasets/silesia/webster,41458703,11013393,26.564731,32.375415086746216,0.3862931728363037
0,ctx,16,1,1048576,1048576,1048576,0,3,datasets/silesia/reymont,6627202,1661147,25.065586,12.790845394134521,0.06637787818908691
0,ctx,16,1,1048576,1048576,1048576,0,3,datasets/silesia/dickens,10192446,3520831,34.543534,12.518916606903076,0.12982606887817383
0,ctx,16,1,1048576,1048576,1048576,0,3,datasets/silesia/mozilla,51220480,18190754,35.514611,21.464470624923706,0.372638463973999
0,ctx,16,1,1048576,1048576,1048576,0,3,datasets/silesia/osdb,10085684,3424318,33.952263,2.8935132026672363,0.08811283111572266
0,ctx,16,1,1048576,1048576,1048576,0,3,datasets/silesia/x-ray,8474240,5809018,68.549132,1.3509323596954346,0.16952013969421387
0,ctx,16,1,1048576,1048576,1048576,0,3,datasets/silesia/samba,21606400,4898975,22.673722,5.7018351554870605,0.12392830848693848
0,ctx,16,1,1048576,1048576,1048576,0,3,datasets/silesia/sao,7251944,5234096,72.175075,3.238722085952759,0.09257197380065918
0,ctx,16,1,1048576,1048576,1048576,0,3,AVERAGE,17661548.333333332,5274910.416666667,29.866636,10.163284420967102,0.14618343114852905
0,turbo,16,1,65536,65536,65536,10,0,datasets/silesia/ooffice,6152192,3126570,50.820423,0.9961512088775635,0.285463809967041
0,turbo,16,1,65536,65536,65536,10,0,datasets/silesia/xml,5345280,828153,15.493164,0.7564127445220947,0.07479143142700195
0,turbo,16,1,65536,65536,65536,10,0,datasets/silesia/mr,9970564,3630672,36.413908,1.3756864070892334,0.31509995460510254
0,turbo,16,1,65536,65536,65536,10,0,datasets/silesia/nci,33553445,3734725,11.130675,4.580464601516724,0.3319077491760254
0,turbo,16,1,65536,65536,65536,10,0,datasets/silesia/webster,41458703,13592978,32.78679,6.138446569442749,1.1966991424560547
0,turbo,16,1,65536,65536,65536,10,0,datasets/silesia/reymont,6627202,2153077,32.488477,0.98968505859375,0.18699216842651367
0,turbo,16,1,65536,65536,65536,10,0,datasets/silesia/dickens,10192446,4302443,42.212075,1.4757516384124756,0.36432313919067383
0,turbo,16,1,65536,65536,65536,10,0,datasets/silesia/mozilla,51220480,18788909,36.682415,7.518578290939331,1.5394525527954102
0,turbo,16,1,65536,65536,65536,10,0,datasets/silesia/osdb,10085684,4214231,41.784286,1.4879388809204102,0.39717984199523926
0,turbo,16,1,65536,65536,65536,10,0,datasets/silesia/x-ray,8474240,5730552,67.623197,1.3582661151885986,0.5308465957641602
0,turbo,16,1,65536,65536,65536,10,0,datasets/silesia/samba,21606400,5637871,26.093523,3.039381980895996,0.4972195625305176
0,turbo,16,1,65536,65536,65536,10,0,datasets/silesia/sao,7251944,5386364,74.27476,1.2508203983306885,0.4369392395019531
0,turbo,16,1,65536,65536,65536,10,0,AVERAGE,17661548.333333332,5927212.083333333,33.55998,2.580631991227468,0.5130762656529745
0,turbo,16,1,65536,65536,65536,10,1,datasets/silesia/ooffice,6152192,3088360,50.199344,1.0164868831634521,0.285585880279541
0,turbo,16,1,65536,65536,65536,10,1,datasets/silesia/xml,5345280,786875,14.720931,0.7613599300384521,0.07309484481811523
0,turbo,16,1,65536,65536,65536,10,1,datasets/silesia/mr,9970564,3702122,37.130517,1.4312937259674072,0.32547783851623535
0,turbo,16,1,65536,65536,65536,10,1,datasets/silesia/nci,33553445,3455489,10.298463,4.647677183151245,0.3189399242401123
0,turbo,16,1,65536,65536,65536,10,1,datasets/silesia/webster,41458703,13347316,32.194244,6.061896800994873,1.143939733505249
0,turbo,16,1,65536,65536,65536,10,1,datasets/silesia/reymont,6627202,2095377,31.617823,0.999230146408081,0.1863079071044922
0,turbo,16,1,65536,65536,65536,10,1,datasets/silesia/dickens,10192446,4260436,41.799937,1.4331767559051514,0.3669729232788086
0,turbo,16,1,65536,65536,65536,10,1,datasets/silesia/mozilla,51220480,18514070,36.145835,7.132721900939941,1.514124870300293
0,turbo,16,1,65536,65536,65536,10,1,datasets/silesia/osdb,10085684,4181483,41.459588,1.4738881587982178,0.39065074920654297
0,turbo,16,1,65536,65536,65536,10,1,datasets/silesia/x-ray,8474240,5731393,67.633121,1.2749593257904053,0.5462131500244141
0,turbo,16,1,65536,65536,65536,10,1,datasets/silesia/samba,21606400,5505618,25.481422,3.005751132965088,0.4884915351867676
0,turbo,16,1,65536,65536,65536,10,1,datasets/silesia/sao,7251944,5378284,74.163342,1.2369282245635986,0.4356536865234375
0,turbo,16,1,65536,65536,65536,10,1,AVERAGE,17661548.333333332,5837235.25,33.05053,2.539614180723826,0.5062877535820007
0,turbo,16,1,65536,65536,65536,10,2,datasets/silesia/ooffice,6152192,3092981,50.274455,0.9161837100982666,0.2860226631164551
0,turbo,16,1,65536,65536,65536,10,2,datasets/silesia/xml,5345280,769296,14.392062,0.7853760719299316,0.07264876365661621
0,turbo,16,1,65536,65536,65536,10,2,datasets/silesia/mr,9970564,3708091,37.190384,1.39835524559021,0.3430769443511963
0,turbo,16,1,65536,65536,65536,10,2,datasets/silesia/nci,33553445,3339313,9.952221,4.465049743652344,0.32102465629577637
0,turbo,16,1,65536,65536,65536,10,2,datasets/silesia/webster,41458703,13271750,32.011976,5.757206201553345,1.2226250171661377
0,turbo,16,1,65536,65536,65536,10,2,datasets/silesia/reymont,6627202,2097913,31.65609,1.0031397342681885,0.195878267288208
0,turbo,16,1,65536,65536,65536,10,2,datasets/silesia/dickens,10192446,4243350,41.632303,1.5449836254119873,0.38401031494140625
0,turbo,16,1,65536,65536,65536,10,2,datasets/silesia/mozilla,51220480,18526545,36.17019,7.102101564407349,1.5366261005401611
0,turbo,16,1,65536,65536,65536,10,2,datasets/silesia/osdb,10085684,4135463,41.003297,1.4972772598266602,0.39337706565856934
0,turbo,16,1,65536,65536,65536,10,2,datasets/silesia/x-ray,8474240,5735680,67.68371,1.3506832122802734,0.539381742477417
0,turbo,16,1,65536,65536,65536,10,2,datasets/silesia/samba,21606400,5447118,25.210669,3.0527713298797607,0.5236520767211914
0,turbo,16,1,65536,65536,65536,10,2,datasets/silesia/sao,7251944,5412035,74.628748,1.1780343055725098,0.5202603340148926
0,turbo,16,1,65536,65536,65536,10,2,AVERAGE,17661548.333333332,5814961.25,32.924414,2.5042635003725686,0.5282153288523356
0,turbo,16,1,65536,65536,65536,10,3,datasets/silesia/ooffice,6152192,3082877,50.110221,0.9530386924743652,0.28574419021606445
0,turbo,16,1,65536,65536,65536,10,3,datasets/silesia/xml,5345280,768457,14.376366,0.8106288909912109,0.07386970520019531
0,turbo,16,1,65536,65536,65536,10,3,datasets/silesia/mr,9970564,3750961,37.620349,1.4382684230804443,0.3418614864349365
0,turbo,16,1,65536,65536,65536,10,3,datasets/silesia/nci,33553445,3348266,9.978904,4.775458574295044,0.3166506290435791
0,turbo,16,1,65536,65536,65536,10,3,datasets/silesia/webster,41458703,13268457,32.004033,6.4124157428741455,1.1650745868682861
0,turbo,16,1,65536,65536,65536,10,3,datasets/silesia/reymont,6627202,2106489,31.785496,0.9197945594787598,0.19590520858764648
0,turbo,16,1,65536,65536,65536,10,3,datasets/silesia/dickens,10192446,4265471,41.849336,1.4382915496826172,0.3712594509124756
0,turbo,16,1,65536,65536,65536,10,3,datasets/silesia/mozilla,51220480,18485356,36.089775,7.9369471073150635,1.5178663730621338
0,turbo,16,1,65536,65536,65536,10,3,datasets/silesia/osdb,10085684,4131900,40.96797,1.4549517631530762,0.39110445976257324
0,turbo,16,1,65536,65536,65536,10,3,datasets/silesia/x-ray,8474240,5738024,67.71137,1.3035495281219482,0.5338709354400635
0,turbo,16,1,65536,65536,65536,10,3,datasets/silesia/samba,21606400,5442275,25.188254,2.934734344482422,0.496063232421875
0,turbo,16,1,65536,65536,65536,10,3,datasets/silesia/sao,7251944,5407738,74.569495,1.0751707553863525,0.4937150478363037
0,turbo,16,1,65536,65536,65536,10,3,AVERAGE,17661548.333333332,5816355.916666667,32.93231,2.6211041609446206,0.5152487754821777
0,turbo,16,1,65536,65536,65536,1000,0,datasets/silesia/ooffice,6152192,3088864,50.207536,0.877155065536499,0.28284716606140137
0,turbo,16,1,65536,65536,65536,1000,0,datasets/silesia/xml,5345280,743192,13.903706,0.7429189682006836,0.06803059577941895
0,turbo,16,1,65536,65536,65536,1000,0,datasets/silesia/mr,9970564,3571936,35.824814,1.3430609703063965,0.30608034133911133
0,turbo,16,1,65536,65536,65536,1000,0,datasets/silesia/nci,33553445,3375465,10.059966,4.404686450958252,0.29858851432800293
0,turbo,16,1,65536,65536,65536,1000,0,datasets/silesia/webster,41458703,12908643,31.136148,5.994029998779297,1.102158546447754
0,turbo,16,1,65536,65536,65536,1000,0,datasets/silesia/reymont,6627202,1977097,29.833058,0.9545245170593262,0.1715233325958252
0,turbo,16,1,65536,65536,65536,1000,0,datasets/silesia/dickens,10192446,4068780,39.919564,1.3973705768585205,0.3406350612640381
0,turbo,16,1,65536,65536,65536,1000,0,datasets/silesia/mozilla,51220480,18586649,36.287534,7.957279205322266,1.5004010200500488
0,turbo,16,1,65536,65536,65536,1000,0,datasets/silesia/osdb,10085684,4163283,41.279134,1.4081354141235352,0.39560627937316895
0,turbo,16,1,65536,65536,65536,1000,0,datasets/silesia/x-ray,8474240,5716416,67.456385,1.3430991172790527,0.526869535446167
0,turbo,16,1,65536,65536,65536,1000,0,datasets/silesia/samba,21606400,5483804,25.380461,3.0072927474975586,0.48918914794921875
0,turbo,16,1,65536,65536,65536,1000,0,datasets/silesia/sao,7251944,5336381,73.585524,1.038170337677002,0.4266500473022461
0,turbo,16,1,65536,65536,65536,1000,0,AVERAGE,17661548.333333332,5751709.166666667,32.566279,2.5389769474665322,0.49238163232803345
0,turbo,16,1,65536,65536,65536,1000,1,datasets/silesia/ooffice,6152192,3044400,49.484802,0.8744611740112305,0.2765083312988281
0,turbo,16,1,65536,65536,65536,1000,1,datasets/silesia/xml,5345280,707710,13.239905,0.7394630908966064,0.06663751602172852
0,turbo,16,1,65536,65536,65536,1000,1,datasets/silesia/mr,9970564,3552580,35.630682,1.3392856121063232,0.31173181533813477
0,turbo,16,1,65536,65536,65536,1000,1,datasets/silesia/nci,33553445,3130293,9.329275,4.056658983230591,0.2809884548187256
0,turbo,16,1,65536,65536,65536,1000,1,datasets/silesia/webster,41458703,12686392,30.60007,5.108973741531372,1.0641629695892334
0,turbo,16,1,65536,65536,65536,1000,1,datasets/silesia/reymont,6627202,1924921,29.045757,0.8655362129211426,0.17591309547424316
0,turbo,16,1,65536,65536,65536,1000,1,datasets/silesia/dickens,10192446,4028561,39.524968,1.3046596050262451,0.34226393699645996
0,turbo,16,1,65536,65536,65536,1000,1,datasets/silesia/mozilla,51220480,18272450,35.674109,6.397526264190674,1.442962408065796
0,turbo,16,1,65536,65536,65536,1000,1,datasets/silesia/osdb,10085684,4067529,40.329729,1.335127830505371,0.3755495548248291
0,turbo,16,1,65536,65536,65536,1000,1,datasets/silesia/x-ray,8474240,5689802,67.142328,1.200153112411499,0.5150904655456543
0,turbo,16,1,65536,65536,65536,1000,1,datasets/silesia/samba,21606400,5360620,24.810334,2.6289114952087402,0.4611697196960449
0,turbo,16,1,65536,65536,65536,1000,1,datasets/silesia/sao,7251944,5304050,73.139699,0.9984478950500488,0.4178447723388672
0,turbo,16,1,65536,65536,65536,1000,1,AVERAGE,17661548.333333332,5647442.333333333,31.975919,2.237433751424154,0.4775685866673787
0,turbo,16,1,65536,65536,65536,1000,2,datasets/silesia/ooffice,6152192,3046540,49.519586,0.922877311706543,0.2847170829772949
0,turbo,16,1,65536,65536,65536,1000,2,datasets/silesia/xml,5345280,697877,13.055948,0.7318205833435059,0.06748342514038086
0,turbo,16,1,65536,65536,65536,1000,2,datasets/silesia/mr,9970564,3571227,35.817703,1.3154232501983643,0.3169822692871094
0,turbo,16,1,65536,65536,65536,1000,2,datasets/silesia/nci,33553445,3018935,8.997392,4.060137748718262,0.287778377532959
0,turbo,16,1,65536,65536,65536,1000,2,datasets/silesia/webster,41458703,12622552,30.446085,5.031197786331177,1.0783627033233643
0,turbo,16,1,65536,65536,65536,1000,2,datasets/silesia/reymont,6627202,1916178,28.913831,0.8654913902282715,0.16987180709838867
0,turbo,16,1,65536,65536,65536,1000,2,datasets/silesia/dickens,10192446,4019199,39.433115,1.3020501136779785,0.34407615661621094
0,turbo,16,1,65536,65536,65536,1000,2,datasets/silesia/mozilla,51220480,18277085,35.683158,6.721716642379761,1.4507637023925781
0,turbo,16,1,65536,65536,65536,1000,2,datasets/silesia/osdb,10085684,4060910,40.264101,1.3041880130767822,0.3781752586364746
0,turbo,16,1,65536,65536,65536,1000,2,datasets/silesia/x-ray,8474240,5701102,67.275673,1.2041287422180176,0.5146377086639404
0,turbo,16,1,65536,65536,65536,1000,2,datasets/silesia/samba,21606400,5303956,24.548078,2.6717870235443115,0.4683670997619629
0,turbo,16,1,65536,65536,65536,1000,2,datasets/silesia/sao,7251944,5300786,73.09469,1.0589838027954102,0.43589091300964355
0,turbo,16,1,65536,65536,65536,1000,2,AVERAGE,17661548.333333332,5628028.916666667,31.866,2.265816867351532,0.48309220870335895
0,turbo,16,1,65536,65536,65536,1000,3,datasets/silesia/ooffice,6152192,3038645,49.391258,0.8410451412200928,0.27318739891052246
0,turbo,16,1,65536,65536,65536,1000,3,datasets/silesia/xml,5345280,699543,13.087116,0.6859540939331055,0.06541728973388672
0,turbo,16,1,65536,65536,65536,1000,3,datasets/silesia/mr,9970564,3638348,36.490895,1.322328805923462,0.30739331245422363
0,turbo,16,1,65536,65536,65536,1000,3,datasets/silesia/nci,33553445,3019954,9.000429,4.011916160583496,0.28580284118652344
0,turbo,16,1,65536,65536,65536,1000,3,datasets/silesia/webster,41458703,12654770,30.523796,5.081433296203613,1.1016643047332764
0,turbo,16,1,65536,65536,65536,1000,3,datasets/silesia/reymont,6627202,1923821,29.029159,0.8768534660339355,0.17180800437927246
0,turbo,16,1,65536,65536,65536,1000,3,datasets/silesia/dickens,10192446,4058304,39.816782,1.3003435134887695,0.348254919052124
0,turbo,16,1,65536,65536,65536,1000,3,datasets/silesia/mozilla,51220480,18250481,35.631218,6.3223841190338135,1.4544038772583008
0,turbo,16,1,65536,65536,65536,1000,3,datasets/silesia/osdb,10085684,4060880,40.263804,1.3053014278411865,0.37363672256469727
0,turbo,16,1,65536,65536,65536,1000,3,datasets/silesia/x-ray,8474240,5707153,67.347078,1.1749694347381592,0.5145776271820068
0,turbo,16,1,65536,65536,65536,1000,3,datasets/silesia/samba,21606400,5305376,24.55465,2.6394286155700684,0.4647059440612793
0,turbo,16,1,65536,65536,65536,1000,3,datasets/silesia/sao,7251944,5309135,73.209818,1.0639324188232422,0.429018497467041
0,turbo,16,1,65536,65536,65536,1000,3,AVERAGE,17661548.333333332,5638867.5,31.927368,2.2188242077827454,0.4824892282485962
0,turbo,16,1,65536,65536,65536,0,0,datasets/silesia/ooffice,6152192,3088808,50.206626,0.8013741970062256,0.2741575241088867
0,turbo,16,1,65536,65536,65536,0,0,datasets/silesia/xml,5345280,743170,13.903294,0.6537501811981201,0.06322979927062988
0,turbo,16,1,65536,65536,65536,0,0,datasets/silesia/mr,9970564,3571322,35.818656,1.2698142528533936,0.29291868209838867
0,turbo,16,1,65536,65536,65536,0,0,datasets/silesia/nci,33553445,3364708,10.027906,3.841675281524658,0.29495882987976074
0,turbo,16,1,65536,65536,65536,0,0,datasets/silesia/webster,41458703,12908645,31.136153,5.107800483703613,1.0580799579620361
0,turbo,16,1,65536,65536,65536,0,0,datasets/silesia/reymont,6627202,1976534,29.824562,0.8859043121337891,0.16422009468078613
0,turbo,16,1,65536,65536,65536,0,0,datasets/silesia/dickens,10192446,4068782,39.919584,1.3051095008850098,0.32564687728881836
0,turbo,16,1,65536,65536,65536,0,0,datasets/silesia/mozilla,51220480,18590266,36.294595,6.222778558731079,1.466254472732544
0,turbo,16,1,65536,65536,65536,0,0,datasets/silesia/osdb,10085684,4163283,41.279134,1.3150084018707275,0.38289499282836914
0,turbo,16,1,65536,65536,65536,0,0,datasets/silesia/x-ray,8474240,5716416,67.456385,1.1930058002471924,0.5145983695983887
0,turbo,16,1,65536,65536,65536,0,0,datasets/silesia/samba,21606400,5482831,25.375958,2.6074342727661133,0.463787317276001
0,turbo,16,1,65536,65536,65536,0,0,datasets/silesia/sao,7251944,5336383,73.585552,0.9936084747314453,0.4155747890472412
0,turbo,16,1,65536,65536,65536,0,0,AVERAGE,17661548.333333332,5750929.0,32.561862,2.1831053098042807,0.47636014223098755
0,turbo,16,1,65536,65536,65536,0,1,datasets/silesia/ooffice,6152192,3044347,49.48394,0.847766637802124,0.27178192138671875
0,turbo,16,1,65536,65536,65536,0,1,datasets/silesia/xml,5345280,707618,13.238184,0.6974468231201172,0.0622410774230957
0,turbo,16,1,65536,65536,65536,0,1,datasets/silesia/mr,9970564,3550987,35.614705,1.2444789409637451,0.30537962913513184
0,turbo,16,1,65536,65536,65536,0,1,datasets/silesia/nci,33553445,3113160,9.278213,3.9020564556121826,0.28624773025512695
0,turbo,16,1,65536,65536,65536,0,1,datasets/silesia/webster,41458703,12686393,30.600072,4.997931241989136,1.0649991035461426
0,turbo,16,1,65536,65536,65536,0,1,datasets/silesia/reymont,6627202,1924087,29.033173,0.8778665065765381,0.16558432579040527
0,turbo,16,1,65536,65536,65536,0,1,datasets/silesia/dickens,10192446,4028569,39.525046,1.2766978740692139,0.3354675769805908
0,turbo,16,1,65536,65536,65536,0,1,datasets/silesia/mozilla,51220480,18279940,35.688732,6.188685417175293,1.451042890548706
0,turbo,16,1,65536,65536,65536,0,1,datasets/silesia/osdb,10085684,4067529,40.329729,1.321110486984253,0.3762931823730469
0,turbo,16,1,65536,65536,65536,0,1,datasets/silesia/x-ray,8474240,5689802,67.142328,1.136702060699463,0.5148723125457764
0,turbo,16,1,65536,65536,65536,0,1,datasets/silesia/samba,21606400,5359698,24.806067,2.5919008255004883,0.46593427658081055
0,turbo,16,1,65536,65536,65536,0,1,datasets/silesia/sao,7251944,5304048,73.139671,1.058483362197876,0.4334120750427246
0,turbo,16,1,65536,65536,65536,0,1,AVERAGE,17661548.333333332,5646348.166666667,31.969723,2.178427219390869,0.4777713418006897
0,turbo,16,1,65536,65536,65536,0,2,datasets/silesia/ooffice,6152192,3046455,49.518204,0.9066574573516846,0.27719712257385254
0,turbo,16,1,65536,65536,65536,0,2,datasets/silesia/xml,5345280,697818,13.054845,0.6761970520019531,0.06356096267700195
0,turbo,16,1,65536,65536,65536,0,2,datasets/silesia/mr,9970564,3567048,35.77579,1.2652394771575928,0.2989373207092285
0,turbo,16,1,65536,65536,65536,0,2,datasets/silesia/nci,33553445,2996924,8.931792,3.9396414756774902,0.2840144634246826
0,turbo,16,1,65536,65536,65536,0,2,datasets/silesia/webster,41458703,12622554,30.44609,4.947209358215332,1.0795788764953613
0,turbo,16,1,65536,65536,65536,0,2,datasets/silesia/reymont,6627202,1914890,28.894396,0.9031593799591064,0.16734075546264648
0,turbo,16,1,65536,65536,65536,0,2,datasets/silesia/dickens,10192446,4019189,39.433017,1.3252630233764648,0.3419525623321533
0,turbo,16,1,65536,65536,65536,0,2,datasets/silesia/mozilla,51220480,18283650,35.695976,6.335042953491211,1.4482393264770508
0,turbo,16,1,65536,65536,65536,0,2,datasets/silesia/osdb,10085684,4060910,40.264101,1.2912321090698242,0.37569308280944824
0,turbo,16,1,65536,65536,65536,0,2,datasets/silesia/x-ray,8474240,5701102,67.275673,1.1784794330596924,0.5217170715332031
0,turbo,16,1,65536,65536,65536,0,2,datasets/silesia/samba,21606400,5303048,24.543876,2.5927562713623047,0.4608922004699707
0,turbo,16,1,65536,65536,65536,0,2,datasets/silesia/sao,7251944,5300712,73.09367,1.025801181793213,0.42316198348999023
0,turbo,16,1,65536,65536,65536,0,2,AVERAGE,17661548.333333332,5626191.666666667,31.855597,2.1988899310429892,0.47852381070454914
0,turbo,16,1,65536,65536,65536,0,3,datasets/silesia/ooffice,6152192,3038527,49.38934,0.8656823635101318,0.2707188129425049
0,turbo,16,1,65536,65536,65536,0,3,datasets/silesia/xml,5345280,699479,13.085919,0.6915702819824219,0.06670784950256348
0,turbo,16,1,65536,65536,65536,0,3,datasets/silesia/mr,9970564,3637730,36.484696,1.2715263366699219,0.3186686038970947
0,turbo,16,1,65536,65536,65536,0,3,datasets/silesia/nci,33553445,2997963,8.934889,3.976457118988037,0.28299903869628906
0,turbo,16,1,65536,65536,65536,0,3,datasets/silesia/webster,41458703,12654769,30.523794,5.0973286628723145,1.0755839347839355
0,turbo,16,1,65536,65536,65536,0,3,datasets/silesia/reymont,6627202,1922391,29.007581,0.8720831871032715,0.1702113151550293
0,turbo,16,1,65536,65536,65536,0,3,datasets/silesia/dickens,10192446,4058301,39.816753,1.3030667304992676,0.3427715301513672
0,turbo,16,1,65536,65536,65536,0,3,datasets/silesia/mozilla,51220480,18257048,35.644039,6.585843801498413,1.4497900009155273
0,turbo,16,1,65536,65536,65536,0,3,datasets/silesia/osdb,10085684,4060880,40.263804,1.3129463195800781,0.3820221424102783
0,turbo,16,1,65536,65536,65536,0,3,datasets/silesia/x-ray,8474240,5707153,67.347078,1.109572172164917,0.5222265720367432
0,turbo,16,1,65536,65536,65536,0,3,datasets/silesia/samba,21606400,5304402,24.550143,2.6424007415771484,0.45932841300964355
0,turbo,16,1,65536,65536,65536,0,3,datasets/silesia/sao,7251944,5309065,73.208853,1.0545799732208252,0.4212911128997803
0,turbo,16,1,65536,65536,65536,0,3,AVERAGE,17661548.333333332,5637309.0,31.918544,2.2319214741388955,0.48019327720006305
0,turbo,16,1,262144,65536,65536,10,0,datasets/silesia/ooffice,6152192,3058581,49.715305,0.42487359046936035,0.2646138668060303
0,turbo,16,1,262144,65536,65536,10,0,datasets/silesia/xml,5345280,773829,14.476866,0.26754021644592285,0.06968140602111816
0,turbo,16,1,262144,65536,65536,10,0,datasets/silesia/mr,9970564,3560228,35.707388,0.5051522254943848,0.2994065284729004
0,turbo,16,1,262144,65536,65536,10,0,datasets/silesia/nci,33553445,3459715,10.311057,1.094491958618164,0.2903754711151123
0,turbo,16,1,262144,65536,65536,10,0,datasets/silesia/webster,41458703,13043871,31.462323,1.7251386642456055,1.046701431274414
0,turbo,16,1,262144,65536,65536,10,0,datasets/silesia/reymont,6627202,2085756,31.472649,0.3370990753173828,0.17323732376098633
0,turbo,16,1,262144,65536,65536,10,0,datasets/silesia/dickens,10192446,4170526,40.917813,0.6366519927978516,0.33566880226135254
0,turbo,16,1,262144,65536,65536,10,0,datasets/silesia/mozilla,51220480,18346981,35.819619,2.1653270721435547,1.4271233081817627
0,turbo,16,1,262144,65536,65536,10,0,datasets/silesia/osdb,10085684,3726784,36.951227,0.535700798034668,0.3269319534301758
0,turbo,16,1,262144,65536,65536,10,0,datasets/silesia/x-ray,8474240,5696935,67.226501,0.7999944686889648,0.5011992454528809
0,turbo,16,1,262144,65536,65536,10,0,datasets/silesia/samba,21606400,5319425,24.619673,0.9247801303863525,0.4671621322631836
0,turbo,16,1,262144,65536,65536,10,0,datasets/silesia/sao,7251944,5323056,73.40178,0.6791868209838867,0.4724447727203369
0,turbo,16,1,262144,65536,65536,10,0,AVERAGE,17661548.333333332,5713807.25,32.351678,0.8413280844688416,0.4728788534800212
0,turbo,16,1,262144,65536,65536,10,1,datasets/silesia/ooffice,6152192,3014817,49.003949,0.41782474517822266,0.2671823501586914
0,turbo,16,1,262144,65536,65536,10,1,datasets/silesia/xml,5345280,733956,13.730918,0.2675166130065918,0.06779146194458008
0,turbo,16,1,262144,65536,65536,10,1,datasets/silesia/mr,9970564,3644954,36.55715,0.5759842395782471,0.31120944023132324
0,turbo,16,1,262144,65536,65536,10,1,datasets/silesia/nci,33553445,3187541,9.499892,1.1264121532440186,0.2814323902130127
0,turbo,16,1,262144,65536,65536,10,1,datasets/silesia/webster,41458703,12797719,30.868595,1.7550041675567627,1.0419538021087646
0,turbo,16,1,262144,65536,65536,10,1,datasets/silesia/reymont,6627202,2029468,30.623301,0.36794042587280273,0.17456364631652832
0,turbo,16,1,262144,65536,65536,10,1,datasets/silesia/dickens,10192446,4128795,40.508382,0.597916841506958,0.33713269233703613
0,turbo,16,1,262144,65536,65536,10,1,datasets/silesia/mozilla,51220480,18025793,35.19255,2.3525912761688232,1.4183297157287598
0,turbo,16,1,262144,65536,65536,10,1,datasets/silesia/osdb,10085684,3706178,36.746918,0.5895893573760986,0.32350683212280273
0,turbo,16,1,262144,65536,65536,10,1,datasets/silesia/x-ray,8474240,5703813,67.307664,0.8206870555877686,0.5140669345855713
0,turbo,16,1,262144,65536,65536,10,1,datasets/silesia/samba,21606400,5187398,24.008618,0.8469443321228027,0.46936464309692383
0,turbo,16,1,262144,65536,65536,10,1,datasets/silesia/sao,7251944,5321066,73.374339,0.6639120578765869,0.4675307273864746
0,turbo,16,1,262144,65536,65536,10,1,AVERAGE,17661548.333333332,5623458.166666667,31.84012,0.8651936054229736,0.4728387196858724
0,turbo,16,1,262144,65536,65536,10,2,datasets/silesia/ooffice,6152192,3017615,49.049428,0.46624302864074707,0.2640070915222168
0,turbo,16,1,262144,65536,65536,10,2,datasets/silesia/xml,5345280,715341,13.382667,0.257904052734375,0.06473803520202637
0,turbo,16,1,262144,65536,65536,10,2,datasets/silesia/mr,9970564,3650030,36.608059,0.6088676452636719,0.31824231147766113
0,turbo,16,1,262144,65536,65536,10,2,datasets/silesia/nci,33553445,3073114,9.158863,1.056405782699585,0.27942490577697754
0,turbo,16,1,262144,65536,65536,10,2,datasets/silesia/webster,41458703,12692616,30.615082,1.8199491500854492,1.0637767314910889
0,turbo,16,1,262144,65536,65536,10,2,datasets/silesia/reymont,6627202,2027166,30.588565,0.38962292671203613,0.17922592163085938
0,turbo,16,1,262144,65536,65536,10,2,datasets/silesia/dickens,10192446,4101784,40.243372,0.6074197292327881,0.3429739475250244
0,turbo,16,1,262144,65536,65536,10,2,datasets/silesia/mozilla,51220480,18025709,35.192386,2.452272891998291,1.428797960281372
0,turbo,16,1,262144,65536,65536,10,2,datasets/silesia/osdb,10085684,3652232,36.212041,0.5708615779876709,0.32810401916503906
0,turbo,16,1,262144,65536,65536,10,2,datasets/silesia/x-ray,8474240,5708556,67.363634,0.7726290225982666,0.5102598667144775
0,turbo,16,1,262144,65536,65536,10,2,datasets/silesia/samba,21606400,5117484,23.685038,0.9611995220184326,0.4702913761138916
0,turbo,16,1,262144,65536,65536,10,2,datasets/silesia/sao,7251944,5362455,73.945069,0.606459379196167,0.48180580139160156
0,turbo,16,1,262144,65536,65536,10,2,AVERAGE,17661548.333333332,5595341.833333333,31.680925,0.88081955909729,0.4776373306910197
0,turbo,16,1,262144,65536,65536,10,3,datasets/silesia/ooffice,6152192,3007296,48.881699,0.4451313018798828,0.263927698135376
0,turbo,16,1,262144,65536,65536,10,3,datasets/silesia/xml,5345280,714799,13.372527,0.26897430419921875,0.06559944152832031
0,turbo,16,1,262144,65536,65536,10,3,datasets/silesia/mr,9970564,3699209,37.101301,0.5416643619537354,0.31385326385498047
0,turbo,16,1,262144,65536,65536,10,3,datasets/silesia/nci,33553445,3084665,9.193288,1.077836036682129,0.2763500213623047
0,turbo,16,1,262144,65536,65536,10,3,datasets/silesia/webster,41458703,12710667,30.658622,1.7744567394256592,1.0552353858947754
0,turbo,16,1,262144,65536,65536,10,3,datasets/silesia/reymont,6627202,2035734,30.71785,0.38027238845825195,0.17640972137451172
0,turbo,16,1,262144,65536,65536,10,3,datasets/silesia/dickens,10192446,4133418,40.55374,0.6154689788818359,0.34279823303222656
0,turbo,16,1,262144,65536,65536,10,3,datasets/silesia/mozilla,51220480,17987974,35.118714,2.320183515548706,1.4185655117034912
0,turbo,16,1,262144,65536,65536,10,3,datasets/silesia/osdb,10085684,3645935,36.149606,0.5658800601959229,0.33283376693725586
0,turbo,16,1,262144,65536,65536,10,3,datasets/silesia/x-ray,8474240,5713884,67.426507,0.7851657867431641,0.504779577255249
0,turbo,16,1,262144,65536,65536,10,3,datasets/silesia/samba,21606400,5113229,23.665345,0.9616060256958008,0.46393728256225586
0,turbo,16,1,262144,65536,65536,10,3,datasets/silesia/sao,7251944,5356194,73.858734,0.6539628505706787,0.48502492904663086
0,turbo,16,1,262144,65536,65536,10,3,AVERAGE,17661548.333333332,5600250.333333333,31.708717,0.8658835291862488,0.4749429027239482
0,turbo,16,1,262144,65536,65536,1000,0,datasets/silesia/ooffice,6152192,3010024,48.926041,0.436382532119751,0.27562928199768066
0,turbo,16,1,262144,65536,65536,1000,0,datasets/silesia/xml,5345280,669402,12.523235,0.2633326053619385,0.06099963188171387
0,turbo,16,1,262144,65536,65536,1000,0,datasets/silesia/mr,9970564,3480179,34.904535,0.6423244476318359,0.2924489974975586
0,turbo,16,1,262144,65536,65536,1000,0,datasets/silesia/nci,33553445,3027647,9.023357,1.0624167919158936,0.2583446502685547
0,turbo,16,1,262144,65536,65536,1000,0,datasets/silesia/webster,41458703,12124025,29.243619,1.709723711013794,0.9614312648773193
0,turbo,16,1,262144,65536,65536,1000,0,datasets/silesia/reymont,6627202,1857552,28.029204,0.38187217712402344,0.15111565589904785
0,turbo,16,1,262144,65536,65536,1000,0,datasets/silesia/dickens,10192446,3829933,37.576191,0.6017799377441406,0.29987478256225586
0,turbo,16,1,262144,65536,65536,1000,0,datasets/silesia/mozilla,51220480,18104870,35.346935,2.401272773742676,1.4000577926635742
0,turbo,16,1,262144,65536,65536,1000,0,datasets/silesia/osdb,10085684,3664195,36.330654,0.5987663269042969,0.31790590286254883
0,turbo,16,1,262144,65536,65536,1000,0,datasets/silesia/x-ray,8474240,5673528,66.950287,0.7614545822143555,0.4998610019683838
0,turbo,16,1,262144,65536,65536,1000,0,datasets/silesia/samba,21606400,5119523,23.694475,0.8917965888977051,0.45464038848876953
0,turbo,16,1,262144,65536,65536,1000,0,datasets/silesia/sao,7251944,5250729,72.404434,0.6894195079803467,0.4621877670288086
0,turbo,16,1,262144,65536,65536,1000,0,AVERAGE,17661548.333333332,5484300.583333333,31.052207,0.8700451652208964,0.452874759833018
0,turbo,16,1,262144,65536,65536,1000,1,datasets/silesia/ooffice,6152192,2960626,48.123108,0.4446382522583008,0.2553114891052246
0,turbo,16,1,262144,65536,65536,1000,1,datasets/silesia/xml,5345280,638219,11.939861,0.25551652908325195,0.056874752044677734
0,turbo,16,1,262144,65536,65536,1000,1,datasets/silesia/mr,9970564,3458422,34.686323,0.6149406433105469,0.2904517650604248
0,turbo,16,1,262144,65536,65536,1000,1,datasets/silesia/nci,33553445,2812476,8.382078,1.0899834632873535,0.24574780464172363
0,turbo,16,1,262144,65536,65536,1000,1,datasets/silesia/webster,41458703,11924895,28.763309,1.6952345371246338,0.9663910865783691
0,turbo,16,1,262144,65536,65536,1000,1,datasets/silesia/reymont,6627202,1810208,27.314816,0.3864445686340332,0.1534562110900879
0,turbo,16,1,262144,65536,65536,1000,1,datasets/silesia/dickens,10192446,3794387,37.227443,0.6325478553771973,0.31111717224121094
0,turbo,16,1,262144,65536,65536,1000,1,datasets/silesia/mozilla,51220480,17728999,34.613106,2.3441812992095947,1.385091781616211
0,turbo,16,1,262144,65536,65536,1000,1,datasets/silesia/osdb,10085684,3572250,35.419016,0.5535545349121094,0.322127103805542
0,turbo,16,1,262144,65536,65536,1000,1,datasets/silesia/x-ray,8474240,5634199,66.486186,0.7398953437805176,0.49071621894836426
0,turbo,16,1,262144,65536,65536,1000,1,datasets/silesia/samba,21606400,5000685,23.144462,0.981926441192627,0.47153568267822266
0,turbo,16,1,262144,65536,65536,1000,1,datasets/silesia/sao,7251944,5213259,71.887745,0.6612391471862793,0.47425174713134766
0,turbo,16,1,262144,65536,65536,1000,1,AVERAGE,17661548.333333332,5379052.083333333,30.456288,0.8666752179463705,0.4519227345784505
0,turbo,16,1,262144,65536,65536,1000,2,datasets/silesia/ooffice,6152192,2960247,48.116948,0.5069999694824219,0.26570868492126465
0,turbo,16,1,262144,65536,65536,1000,2,datasets/silesia/xml,5345280,628386,11.755904,0.25764036178588867,0.05720686912536621
0,turbo,16,1,262144,65536,65536,1000,2,datasets/silesia/mr,9970564,3480937,34.912137,0.6384680271148682,0.29540371894836426
0,turbo,16,1,262144,65536,65536,1000,2,datasets/silesia/nci,33553445,2716319,8.0955,1.1169538497924805,0.25112056732177734
0,turbo,16,1,262144,65536,65536,1000,2,datasets/silesia/webster,41458703,11844182,28.568626,1.7053112983703613,0.9923303127288818
0,turbo,16,1,262144,65536,65536,1000,2,datasets/silesia/reymont,6627202,1797497,27.123015,0.4084208011627197,0.15547823905944824
0,turbo,16,1,262144,65536,65536,1000,2,datasets/silesia/dickens,10192446,3779945,37.08575,0.5979235172271729,0.3203117847442627
0,turbo,16,1,262144,65536,65536,1000,2,datasets/silesia/mozilla,51220480,17718543,34.592692,2.4314160346984863,1.3936374187469482
0,turbo,16,1,262144,65536,65536,1000,2,datasets/silesia/osdb,10085684,3562474,35.322086,0.6044590473175049,0.3139762878417969
0,turbo,16,1,262144,65536,65536,1000,2,datasets/silesia/x-ray,8474240,5650410,66.677484,0.7197287082672119,0.5015499591827393
0,turbo,16,1,262144,65536,65536,1000,2,datasets/silesia/samba,21606400,4934686,22.839001,1.0169906616210938,0.45372509956359863
0,turbo,16,1,262144,65536,65536,1000,2,datasets/silesia/sao,7251944,5207446,71.807587,0.661505937576294,0.47223806381225586
0,turbo,16,1,262144,65536,65536,1000,2,AVERAGE,17661548.333333332,5356756.0,30.330048,0.8888181845347086,0.45605725049972534
0,turbo,16,1,262144,65536,65536,1000,3,datasets/silesia/ooffice,6152192,2952412,47.989595,0.48914122581481934,0.2581031322479248
0,turbo,16,1,262144,65536,65536,1000,3,datasets/silesia/xml,5345280,630965,11.804152,0.25902318954467773,0.058684349060058594
0,turbo,16,1,262144,65536,65536,1000,3,datasets/silesia/mr,9970564,3565889,35.764165,0.6556334495544434,0.3026692867279053
0,turbo,16,1,262144,65536,65536,1000,3,datasets/silesia/nci,33553445,2717734,8.099717,1.1648545265197754,0.25661420822143555
0,turbo,16,1,262144,65536,65536,1000,3,datasets/silesia/webster,41458703,11914048,28.737146,1.7241215705871582,0.9896178245544434
0,turbo,16,1,262144,65536,65536,1000,3,datasets/silesia/reymont,6627202,1808692,27.29194,0.4454669952392578,0.15936970710754395
0,turbo,16,1,262144,65536,65536,1000,3,datasets/silesia/dickens,10192446,3835467,37.630486,0.6317229270935059,0.31372904777526855
0,turbo,16,1,262144,65536,65536,1000,3,datasets/silesia/mozilla,51220480,17699520,34.555553,2.5299267768859863,1.3992102146148682
0,turbo,16,1,262144,65536,65536,1000,3,datasets/silesia/osdb,10085684,3563271,35.329989,0.5739810466766357,0.3241615295410156
0,turbo,16,1,262144,65536,65536,1000,3,datasets/silesia/x-ray,8474240,5664567,66.844543,0.7371387481689453,0.5112783908843994
0,turbo,16,1,262144,65536,65536,1000,3,datasets/silesia/samba,21606400,4939732,22.862356,0.9789829254150391,0.45476555824279785
0,turbo,16,1,262144,65536,65536,1000,3,datasets/silesia/sao,7251944,5218114,71.954692,0.6831231117248535,0.4745776653289795
0,turbo,16,1,262144,65536,65536,1000,3,AVERAGE,17661548.333333332,5375867.583333333,30.438258,0.9060930411020914,0.45856507619222003
0,turbo,16,1,262144,65536,65536,0,0,datasets/silesia/ooffice,6152192,3009839,48.923034,0.45963215827941895,0.2577321529388428
0,turbo,16,1,262144,65536,65536,0,0,datasets/silesia/xml,5345280,669299,12.521309,0.2722337245941162,0.05753469467163086
0,turbo,16,1,262144,65536,65536,0,0,datasets/silesia/mr,9970564,3479359,34.896311,0.6329712867736816,0.28923535346984863
0,turbo,16,1,262144,65536,65536,0,0,datasets/silesia/nci,33553445,3013973,8.982604,1.1012239456176758,0.25441765785217285
0,turbo,16,1,262144,65536,65536,0,0,datasets/silesia/webster,41458703,12124001,29.243561,1.7533271312713623,0.9544155597686768
0,turbo,16,1,262144,65536,65536,0,0,datasets/silesia/reymont,6627202,1855326,27.995616,0.39017701148986816,0.15395188331604004
0,turbo,16,1,262144,65536,65536,0,0,datasets/silesia/dickens,10192446,3829857,37.575446,0.6844034194946289,0.29819202423095703
0,turbo,16,1,262144,65536,65536,0,0,datasets/silesia/mozilla,51220480,18108550,35.35412,2.277465343475342,1.3903334140777588
0,turbo,16,1,262144,65536,65536,0,0,datasets/silesia/osdb,10085684,3664195,36.330654,0.5222799777984619,0.3291795253753662
0,turbo,16,1,262144,65536,65536,0,0,datasets/silesia/x-ray,8474240,5673528,66.950287,0.7445406913757324,0.4909391403198242
0,turbo,16,1,262144,65536,65536,0,0,datasets/silesia/samba,21606400,5118096,23.68787,0.9764978885650635,0.44480443000793457
0,turbo,16,1,262144,65536,65536,0,0,datasets/silesia/sao,7251944,5250729,72.404434,0.6604077816009521,0.46395134925842285
0,turbo,16,1,262144,65536,65536,0,0,AVERAGE,17661548.333333332,5483062.666666667,31.045198,0.8729300300280253,0.4487239321072896
0,turbo,16,1,262144,65536,65536,0,1,datasets/silesia/ooffice,6152192,2960567,48.122149,0.4794323444366455,0.2638976573944092
0,turbo,16,1,262144,65536,65536,0,1,datasets/silesia/xml,5345280,638076,11.937186,0.26165127754211426,0.05765271186828613
0,turbo,16,1,262144,65536,65536,0,1,datasets/silesia/mr,9970564,3453802,34.639986,0.6804141998291016,0.2914161682128906
0,turbo,16,1,262144,65536,65536,0,1,datasets/silesia/nci,33553445,2791303,8.318976,1.150787591934204,0.24989676475524902
0,turbo,16,1,262144,65536,65536,0,1,datasets/silesia/webster,41458703,11924882,28.763278,1.8067798614501953,0.9697065353393555
0,turbo,16,1,262144,65536,65536,0,1,datasets/silesia/reymont,6627202,1807166,27.268914,0.42464280128479004,0.15128016471862793
0,turbo,16,1,262144,65536,65536,0,1,datasets/silesia/dickens,10192446,3794322,37.226805,0.6481301784515381,0.3125588893890381
0,turbo,16,1,262144,65536,65536,0,1,datasets/silesia/mozilla,51220480,17737612,34.629921,2.7477314472198486,1.3867688179016113
0,turbo,16,1,262144,65536,65536,0,1,datasets/silesia/osdb,10085684,3572250,35.419016,0.6110701560974121,0.3195016384124756
0,turbo,16,1,262144,65536,65536,0,1,datasets/silesia/x-ray,8474240,5634199,66.486186,0.7073397636413574,0.49332523345947266
0,turbo,16,1,262144,65536,65536,0,1,datasets/silesia/samba,21606400,4999269,23.137908,0.9819388389587402,0.450258731842041
0,turbo,16,1,262144,65536,65536,0,1,datasets/silesia/sao,7251944,5213230,71.887345,0.6745767593383789,0.45883607864379883
0,turbo,16,1,262144,65536,65536,0,1,AVERAGE,17661548.333333332,5377223.166666667,30.445933,0.9312079350153605,0.4504249493281047
0,turbo,16,1,262144,65536,65536,0,2,datasets/silesia/ooffice,6152192,2960114,48.114786,0.4624145030975342,0.26304173469543457
0,turbo,16,1,262144,65536,65536,0,2,datasets/silesia/xml,5345280,628181,11.752069,0.2617959976196289,0.05857062339782715
0,turbo,16,1,262144,65536,65536,0,2,datasets/silesia/mr,9970564,3469741,34.799847,0.7281198501586914,0.2881143093109131
0,turbo,16,1,262144,65536,65536,0,2,datasets/silesia/nci,33553445,2687141,8.00854,1.159299373626709,0.24633526802062988
0,turbo,16,1,262144,65536,65536,0,2,datasets/silesia/webster,41458703,11844159,28.568571,1.867114782333374,0.9876151084899902
0,turbo,16,1,262144,65536,65536,0,2,datasets/silesia/reymont,6627202,1793118,27.056939,0.42172837257385254,0.15721869468688965
0,turbo,16,1,262144,65536,65536,0,2,datasets/silesia/dickens,10192446,3779828,37.084602,0.6192617416381836,0.31944870948791504
0,turbo,16,1,262144,65536,65536,0,2,datasets/silesia/mozilla,51220480,17726144,34.607532,3.509523391723633,1.386526107788086
0,turbo,16,1,262144,65536,65536,0,2,datasets/silesia/osdb,10085684,3562474,35.322086,0.6077992916107178,0.32061100006103516
0,turbo,16,1,262144,65536,65536,0,2,datasets/silesia/x-ray,8474240,5650410,66.677484,0.8070499897003174,0.4980807304382324
0,turbo,16,1,262144,65536,65536,0,2,datasets/silesia/samba,21606400,4933362,22.832874,0.9384756088256836,0.4495353698730469
0,turbo,16,1,262144,65536,65536,0,2,datasets/silesia/sao,7251944,5207180,71.803919,0.6995749473571777,0.4676949977874756
0,turbo,16,1,262144,65536,65536,0,2,AVERAGE,17661548.333333332,5353487.666666667,30.311542,1.0068464875221252,0.453566054503123
0,turbo,16,1,262144,65536,65536,0,3,datasets/silesia/ooffice,6152192,2952242,47.986831,0.4942917823791504,0.25939059257507324
0,turbo,16,1,262144,65536,65536,0,3,datasets/silesia/xml,5345280,630764,11.800392,0.2580866813659668,0.05730390548706055
0,turbo,16,1,262144,65536,65536,0,3,datasets/silesia/mr,9970564,3562920,35.734388,0.7932345867156982,0.29601430892944336
0,turbo,16,1,262144,65536,65536,0,3,datasets/silesia/nci,33553445,2687702,8.010212,1.289482593536377,0.24934649467468262
0,turbo,16,1,262144,65536,65536,0,3,datasets/silesia/webster,41458703,11914021,28.737081,1.8253648281097412,0.9877145290374756
0,turbo,16,1,262144,65536,65536,0,3,datasets/silesia/reymont,6627202,1804060,27.222046,0.45003199577331543,0.15742921829223633
0,turbo,16,1,262144,65536,65536,0,3,datasets/silesia/dickens,10192446,3835359,37.629427,0.6748461723327637,0.314042329788208
0,turbo,16,1,262144,65536,65536,0,3,datasets/silesia/mozilla,51220480,17707117,34.570385,4.344591856002808,1.387211799621582
0,turbo,16,1,262144,65536,65536,0,3,datasets/silesia/osdb,10085684,3563271,35.329989,0.507171630859375,0.3203582763671875
0,turbo,16,1,262144,65536,65536,0,3,datasets/silesia/x-ray,8474240,5664567,66.844543,0.7445330619812012,0.5029098987579346
0,turbo,16,1,262144,65536,65536,0,3,datasets/silesia/samba,21606400,4938455,22.856445,1.1691997051239014,0.4504680633544922
0,turbo,16,1,262144,65536,65536,0,3,datasets/silesia/sao,7251944,5217746,71.949618,0.6861188411712646,0.46747922897338867
0,turbo,16,1,262144,65536,65536,0,3,AVERAGE,17661548.333333332,5373185.333333333,30.423071,1.1030794779459636,0.4541390538215637
0,turbo,16,1,262144,65536,262144,10,0,datasets/silesia/ooffice,6152192,3058581,49.715305,0.45989036560058594,0.26578521728515625
0,turbo,16,1,262144,65536,262144,10,0,datasets/silesia/xml,5345280,773829,14.476866,0.2593255043029785,0.06572270393371582
0,turbo,16,1,262144,65536,262144,10,0,datasets/silesia/mr,9970564,3560228,35.707388,0.5716454982757568,0.297135591506958
0,turbo,16,1,262144,65536,262144,10,0,datasets/silesia/nci,33553445,3459715,10.311057,1.0848381519317627,0.2906348705291748
0,turbo,16,1,262144,65536,262144,10,0,datasets/silesia/webster,41458703,13043871,31.462323,1.779505968093872,1.0377602577209473
0,turbo,16,1,262144,65536,262144,10,0,datasets/silesia/reymont,6627202,2085756,31.472649,0.3355238437652588,0.18010711669921875
0,turbo,16,1,262144,65536,262144,10,0,datasets/silesia/dickens,10192446,4170526,40.917813,0.5962371826171875,0.33495092391967773
0,turbo,16,1,262144,65536,262144,10,0,datasets/silesia/mozilla,51220480,18346981,35.819619,2.4071481227874756,1.4215092658996582
0,turbo,16,1,262144,65536,262144,10,0,datasets/silesia/osdb,10085684,3726784,36.951227,0.5232598781585693,0.32841014862060547
0,turbo,16,1,262144,65536,262144,10,0,datasets/silesia/x-ray,8474240,5696935,67.226501,0.8186905384063721,0.5021283626556396
0,turbo,16,1,262144,65536,262144,10,0,datasets/silesia/samba,21606400,5319425,24.619673,0.8473634719848633,0.4658079147338867
0,turbo,16,1,262144,65536,262144,10,0,datasets/silesia/sao,7251944,5323056,73.40178,0.6390049457550049,0.47004246711730957
0,turbo,16,1,262144,65536,262144,10,0,AVERAGE,17661548.333333332,5713807.25,32.351678,0.8602027893066406,0.47166623671849567
0,turbo,16,1,262144,65536,262144,10,1,datasets/silesia/ooffice,6152192,3014817,49.003949,0.46477413177490234,0.2646653652191162
0,turbo,16,1,262144,65536,262144,10,1,datasets/silesia/xml,5345280,733956,13.730918,0.26207518577575684,0.06593942642211914
0,turbo,16,1,262144,65536,262144,10,1,datasets/silesia/mr,9970564,3644954,36.55715,0.5885500907897949,0.3082997798919678
0,turbo,16,1,262144,65536,262144,10,1,datasets/silesia/nci,33553445,3187541,9.499892,1.0864605903625488,0.28647613525390625
0,turbo,16,1,262144,65536,262144,10,1,datasets/silesia/webster,41458703,12797719,30.868595,1.7888381481170654,1.0384035110473633
0,turbo,16,1,262144,65536,262144,10,1,datasets/silesia/reymont,6627202,2029468,30.623301,0.3742334842681885,0.17063617706298828
0,turbo,16,1,262144,65536,262144,10,1,datasets/silesia/dickens,10192446,4128795,40.508382,0.5953898429870605,0.33866405487060547
0,turbo,16,1,262144,65536,262144,10,1,datasets/silesia/mozilla,51220480,18025793,35.19255,2.265869617462158,1.416919231414795
0,turbo,16,1,262144,65536,262144,10,1,datasets/silesia/osdb,10085684,3706178,36.746918,0.5778560638427734,0.32364487648010254
0,turbo,16,1,262144,65536,262144,10,1,datasets/silesia/x-ray,8474240,5703813,67.307664,0.7216432094573975,0.503873348236084
0,turbo,16,1,262144,65536,262144,10,1,datasets/silesia/samba,21606400,5187398,24.008618,0.9496381282806396,0.4664311408996582
0,turbo,16,1,262144,65536,262144,10,1,datasets/silesia/sao,7251944,5321066,73.374339,0.6558711528778076,0.4922349452972412
0,turbo,16,1,262144,65536,262144,10,1,AVERAGE,17661548.333333332,5623458.166666667,31.84012,0.8609333038330078,0.4730156660079956
0,turbo,16,1,262144,65536,262144,10,2,datasets/silesia/ooffice,6152192,3017615,49.049428,0.47034692764282227,0.2713170051574707
0,turbo,16,1,262144,65536,262144,10,2,datasets/silesia/xml,5345280,715341,13.382667,0.24939632415771484,0.06755828857421875
0,turbo,16,1,262144,65536,262144,10,2,datasets/silesia/mr,9970564,3650030,36.608059,0.613670825958252,0.3230254650115967
0,turbo,16,1,262144,65536,262144,10,2,datasets/silesia/nci,33553445,3073114,9.158863,1.1160616874694824,0.2829592227935791
0,turbo,16,1,262144,65536,262144,10,2,datasets/silesia/webster,41458703,12692616,30.615082,1.86519455909729,1.064563274383545
0,turbo,16,1,262144,65536,262144,10,2,datasets/silesia/reymont,6627202,2027166,30.588565,0.3786933422088623,0.1811504364013672
0,turbo,16,1,262144,65536,262144,10,2,datasets/silesia/dickens,10192446,4101784,40.243372,0.6006391048431396,0.3508279323577881
0,turbo,16,1,262144,65536,262144,10,2,datasets/silesia/mozilla,51220480,18025709,35.192386,2.609053373336792,1.4342613220214844
0,turbo,16,1,262144,65536,262144,10,2,datasets/silesia/osdb,10085684,3652232,36.212041,0.5769693851470947,0.33058714866638184
0,turbo,16,1,262144,65536,262144,10,2,datasets/silesia/x-ray,8474240,5708556,67.363634,0.8053464889526367,0.5035116672515869
0,turbo,16,1,262144,65536,262144,10,2,datasets/silesia/samba,21606400,5117484,23.685038,0.8852550983428955,0.46466970443725586
0,turbo,16,1,262144,65536,262144,10,2,datasets/silesia/sao,7251944,5362455,73.945069,0.6977779865264893,0.48750734329223633
0,turbo,16,1,262144,65536,262144,10,2,AVERAGE,17661548.333333332,5595341.833333333,31.680925,0.9057004253069559,0.48016156752904254
0,turbo,16,1,262144,65536,262144,10,3,datasets/silesia/ooffice,6152192,3007296,48.881699,0.44151973724365234,0.2714424133300781
0,turbo,16,1,262144,65536,262144,10,3,datasets/silesia/xml,5345280,714799,13.372527,0.2647104263305664,0.06813693046569824
0,turbo,16,1,262144,65536,262144,10,3,datasets/silesia/mr,9970564,3699209,37.101301,0.5782945156097412,0.31971120834350586
0,turbo,16,1,262144,65536,262144,10,3,datasets/silesia/nci,33553445,3084665,9.193288,1.141629934310913,0.2816030979156494
0,turbo,16,1,262144,65536,262144,10,3,datasets/silesia/webster,41458703,12710667,30.658622,1.7360975742340088,1.0597138404846191
0,turbo,16,1,262144,65536,262144,10,3,datasets/silesia/reymont,6627202,2035734,30.71785,0.3800013065338135,0.17619752883911133
0,turbo,16,1,262144,65536,262144,10,3,datasets/silesia/dickens,10192446,4133418,40.55374,0.5992367267608643,0.35141777992248535
0,turbo,16,1,262144,65536,262144,10,3,datasets/silesia/mozilla,51220480,17987974,35.118714,2.430570602416992,1.4280376434326172
0,turbo,16,1,262144,65536,262144,10,3,datasets/silesia/osdb,10085684,3645935,36.149606,0.5998845100402832,0.35202503204345703
0,turbo,16,1,262144,65536,262144,10,3,datasets/silesia/x-ray,8474240,5713884,67.426507,0.7457752227783203,0.507957935333252
0,turbo,16,1,262144,65536,262144,10,3,datasets/silesia/samba,21606400,5113229,23.665345,0.9669163227081299,0.46736645698547363
0,turbo,16,1,262144,65536,262144,10,3,datasets/silesia/sao,7251944,5356194,73.858734,0.655228853225708,0.4902007579803467
0,turbo,16,1,262144,65536,262144,10,3,AVERAGE,17661548.333333332,5600250.333333333,31.708717,0.8783221443494161,0.4811508854230245
0,turbo,16,1,262144,65536,262144,1000,0,datasets/silesia/ooffice,6152192,3010024,48.926041,0.46158909797668457,0.2661867141723633
0,turbo,16,1,262144,65536,262144,1000,0,datasets/silesia/xml,5345280,669402,12.523235,0.2608022689819336,0.05795478820800781
0,turbo,16,1,262144,65536,262144,1000,0,datasets/silesia/mr,9970564,3480179,34.904535,0.5930962562561035,0.28969359397888184
0,turbo,16,1,262144,65536,262144,1000,0,datasets/silesia/nci,33553445,3027647,9.023357,1.0552682876586914,0.2648437023162842
0,turbo,16,1,262144,65536,262144,1000,0,datasets/silesia/webster,41458703,12124025,29.243619,1.664147138595581,0.9578945636749268
0,turbo,16,1,262144,65536,262144,1000,0,datasets/silesia/reymont,6627202,1857552,28.029204,0.3916053771972656,0.15317988395690918
0,turbo,16,1,262144,65536,262144,1000,0,datasets/silesia/dickens,10192446,3829933,37.576191,0.5669374465942383,0.2984964847564697
0,turbo,16,1,262144,65536,262144,1000,0,datasets/silesia/mozilla,51220480,18104870,35.346935,2.4999659061431885,1.3907279968261719
0,turbo,16,1,262144,65536,262144,1000,0,datasets/silesia/osdb,10085684,3664195,36.330654,0.6013011932373047,0.32322263717651367
0,turbo,16,1,262144,65536,262144,1000,0,datasets/silesia/x-ray,8474240,5673528,66.950287,0.7379071712493896,0.4943809509277344
0,turbo,16,1,262144,65536,262144,1000,0,datasets/silesia/samba,21606400,5119523,23.694475,0.9435024261474609,0.45798254013061523
0,turbo,16,1,262144,65536,262144,1000,0,datasets/silesia/sao,7251944,5250729,72.404434,0.6743972301483154,0.45921874046325684
0,turbo,16,1,262144,65536,262144,1000,0,AVERAGE,17661548.333333332,5484300.583333333,31.052207,0.8708766500155131,0.4511485497156779
0,turbo,16,1,262144,65536,262144,1000,1,datasets/silesia/ooffice,6152192,2960626,48.123108,0.4536778926849365,0.2651538848876953
0,turbo,16,1,262144,65536,262144,1000,1,datasets/silesia/xml,5345280,638219,11.939861,0.2384967803955078,0.05926036834716797
0,turbo,16,1,262144,65536,262144,1000,1,datasets/silesia/mr,9970564,3458422,34.686323,0.6260650157928467,0.2898879051208496
0,turbo,16,1,262144,65536,262144,1000,1,datasets/silesia/nci,33553445,2812476,8.382078,1.0930650234222412,0.2493298053741455
0,turbo,16,1,262144,65536,262144,1000,1,datasets/silesia/webster,41458703,11924895,28.763309,1.80338454246521,0.9632925987243652
0,turbo,16,1,262144,65536,262144,1000,1,datasets/silesia/reymont,6627202,1810208,27.314816,0.4008493423461914,0.15587782859802246
0,turbo,16,1,262144,65536,262144,1000,1,datasets/silesia/dickens,10192446,3794387,37.227443,0.5823166370391846,0.31239986419677734
0,turbo,16,1,262144,65536,262144,1000,1,datasets/silesia/mozilla,51220480,17728999,34.613106,2.3525569438934326,1.3927459716796875
0,turbo,16,1,262144,65536,262144,1000,1,datasets/silesia/osdb,10085684,3572250,35.419016,0.5698044300079346,0.3287997245788574
0,turbo,16,1,262144,65536,262144,1000,1,datasets/silesia/x-ray,8474240,5634199,66.486186,0.7806098461151123,0.4977099895477295
0,turbo,16,1,262144,65536,262144,1000,1,datasets/silesia/samba,21606400,5000685,23.144462,0.9194839000701904,0.450620174407959
0,turbo,16,1,262144,65536,262144,1000,1,datasets/silesia/sao,7251944,5213259,71.887745,0.6256003379821777,0.46827030181884766
0,turbo,16,1,262144,65536,262144,1000,1,AVERAGE,17661548.333333332,5379052.083333333,30.456288,0.8704925576845804,0.4527790347735087
0,turbo,16,1,262144,65536,262144,1000,2,datasets/silesia/ooffice,6152192,2960247,48.116948,0.4403808116912842,0.26409173011779785
0,turbo,16,1,262144,65536,262144,1000,2,datasets/silesia/xml,5345280,628386,11.755904,0.25927090644836426,0.05762648582458496
0,turbo,16,1,262144,65536,262144,1000,2,datasets/silesia/mr,9970564,3480937,34.912137,0.6335325241088867,0.2951071262359619
0,turbo,16,1,262144,65536,262144,1000,2,datasets/silesia/nci,33553445,2716319,8.0955,1.1013786792755127,0.2541496753692627
0,turbo,16,1,262144,65536,262144,1000,2,datasets/silesia/webster,41458703,11844182,28.568626,1.798231601715088,0.989781379699707
0,turbo,16,1,262144,65536,262144,1000,2,datasets/silesia/reymont,6627202,1797497,27.123015,0.3983933925628662,0.1579437255859375
0,turbo,16,1,262144,65536,262144,1000,2,datasets/silesia/dickens,10192446,3779945,37.08575,0.6474354267120361,0.3174769878387451
0,turbo,16,1,262144,65536,262144,1000,2,datasets/silesia/mozilla,51220480,17718543,34.592692,2.396252155303955,1.424452543258667
0,turbo,16,1,262144,65536,262144,1000,2,datasets/silesia/osdb,10085684,3562474,35.322086,0.5542759895324707,0.3176562786102295
0,turbo,16,1,262144,65536,262144,1000,2,datasets/silesia/x-ray,8474240,5650410,66.677484,0.7358644008636475,0.5130424499511719
0,turbo,16,1,262144,65536,262144,1000,2,datasets/silesia/samba,21606400,4934686,22.839001,0.9430887699127197,0.45269155502319336
0,turbo,16,1,262144,65536,262144,1000,2,datasets/silesia/sao,7251944,5207446,71.807587,0.6934313774108887,0.47147440910339355
0,turbo,16,1,262144,65536,262144,1000,2,AVERAGE,17661548.333333332,5356756.0,30.330048,0.8834613362948099,0.4596245288848877
0,turbo,16,1,262144,65536,262144,1000,3,datasets/silesia/ooffice,6152192,2952412,47.989595,0.4835343360900879,0.26760387420654297
0,turbo,16,1,262144,65536,262144,1000,3,datasets/silesia/xml,5345280,630965,11.804152,0.2689080238342285,0.057790517807006836
0,turbo,16,1,262144,65536,262144,1000,3,datasets/silesia/mr,9970564,3565889,35.764165,0.6880407333374023,0.2988605499267578
0,turbo,16,1,262144,65536,262144,1000,3,datasets/silesia/nci,33553445,2717734,8.099717,1.114377498626709,0.24993538856506348
0,turbo,16,1,262144,65536,262144,1000,3,datasets/silesia/webster,41458703,11914048,28.737146,1.9601333141326904,0.9861161708831787
0,turbo,16,1,262144,65536,262144,1000,3,datasets/silesia/reymont,6627202,1808692,27.29194,0.439866304397583,0.1582179069519043
0,turbo,16,1,262144,65536,262144,1000,3,datasets/silesia/dickens,10192446,3835467,37.630486,0.6771829128265381,0.3178901672363281
0,turbo,16,1,262144,65536,262144,1000,3,datasets/silesia/mozilla,51220480,17699520,34.555553,2.5102128982543945,1.3942105770111084
0,turbo,16,1,262144,65536,262144,1000,3,datasets/silesia/osdb,10085684,3563271,35.329989,0.5628318786621094,0.31681203842163086
0,turbo,16,1,262144,65536,262144,1000,3,datasets/silesia/x-ray,8474240,5664567,66.844543,0.7850475311279297,0.5002744197845459
0,turbo,16,1,262144,65536,262144,1000,3,datasets/silesia/samba,21606400,4939732,22.862356,0.9553890228271484,0.4514155387878418
0,turbo,16,1,262144,65536,262144,1000,3,datasets/silesia/sao,7251944,5218114,71.954692,0.6742279529571533,0.47008466720581055
0,turbo,16,1,262144,65536,262144,1000,3,AVERAGE,17661548.333333332,5375867.583333333,30.438258,0.9266460339228312,0.4557676513989766
0,turbo,16,1,262144,65536,262144,0,0,datasets/silesia/ooffice,6152192,3009839,48.923034,0.4143662452697754,0.2607853412628174
0,turbo,16,1,262144,65536,262144,0,0,datasets/silesia/xml,5345280,669299,12.521309,0.24646568298339844,0.060571908950805664
0,turbo,16,1,262144,65536,262144,0,0,datasets/silesia/mr,9970564,3479359,34.896311,0.5661196708679199,0.2861804962158203
0,turbo,16,1,262144,65536,262144,0,0,datasets/silesia/nci,33553445,3013973,8.982604,1.0919771194458008,0.2548985481262207
0,turbo,16,1,262144,65536,262144,0,0,datasets/silesia/webster,41458703,12124001,29.243561,1.723343849182129,0.9586977958679199
0,turbo,16,1,262144,65536,262144,0,0,datasets/silesia/reymont,6627202,1855326,27.995616,0.36801719665527344,0.15012574195861816
0,turbo,16,1,262144,65536,262144,0,0,datasets/silesia/dickens,10192446,3829857,37.575446,0.5820884704589844,0.30326032638549805
0,turbo,16,1,262144,65536,262144,0,0,datasets/silesia/mozilla,51220480,18108550,35.35412,2.386715888977051,1.3998222351074219
0,turbo,16,1,262144,65536,262144,0,0,datasets/silesia/osdb,10085684,3664195,36.330654,0.5482878684997559,0.32656383514404297
0,turbo,16,1,262144,65536,262144,0,0,datasets/silesia/x-ray,8474240,5673528,66.950287,0.8151266574859619,0.4979555606842041
0,turbo,16,1,262144,65536,262144,0,0,datasets/silesia/samba,21606400,5118096,23.68787,0.9594206809997559,0.44756150245666504
0,turbo,16,1,262144,65536,262144,0,0,datasets/silesia/sao,7251944,5250729,72.404434,0.667914628982544,0.4631192684173584
0,turbo,16,1,262144,65536,262144,0,0,AVERAGE,17661548.333333332,5483062.666666667,31.045198,0.8641536633173624,0.4507952133814494
0,turbo,16,1,262144,65536,262144,0,1,datasets/silesia/ooffice,6152192,2960567,48.122149,0.4192519187927246,0.2627451419830322
0,turbo,16,1,262144,65536,262144,0,1,datasets/silesia/xml,5345280,638076,11.937186,0.23681020736694336,0.05800962448120117
0,turbo,16,1,262144,65536,262144,0,1,datasets/silesia/mr,9970564,3453802,34.639986,0.6291911602020264,0.29201245307922363
0,turbo,16,1,262144,65536,262144,0,1,datasets/silesia/nci,33553445,2791303,8.318976,1.1413631439208984,0.24805712699890137
0,turbo,16,1,262144,65536,262144,0,1,datasets/silesia/webster,41458703,11924882,28.763278,1.6817474365234375,0.9989550113677979
0,turbo,16,1,262144,65536,262144,0,1,datasets/silesia/reymont,6627202,1807166,27.268914,0.4046170711517334,0.15295624732971191
0,turbo,16,1,262144,65536,262144,0,1,datasets/silesia/dickens,10192446,3794322,37.226805,0.6003432273864746,0.3064539432525635
0,turbo,16,1,262144,65536,262144,0,1,datasets/silesia/mozilla,51220480,17737612,34.629921,2.688481330871582,1.3898158073425293
0,turbo,16,1,262144,65536,262144,0,1,datasets/silesia/osdb,10085684,3572250,35.419016,0.5558195114135742,0.32561254501342773
0,turbo,16,1,262144,65536,262144,0,1,datasets/silesia/x-ray,8474240,5634199,66.486186,0.7575557231903076,0.4953029155731201
0,turbo,16,1,262144,65536,262144,0,1,datasets/silesia/samba,21606400,4999269,23.137908,0.9260215759277344,0.44828009605407715
0,turbo,16,1,262144,65536,262144,0,1,datasets/silesia/sao,7251944,5213230,71.887345,0.6154861450195312,0.4619631767272949
0,turbo,16,1,262144,65536,262144,0,1,AVERAGE,17661548.333333332,5377223.166666667,30.445933,0.8880573709805807,0.4533470074335734
0,turbo,16,1,262144,65536,262144,0,2,datasets/silesia/ooffice,6152192,2960114,48.114786,0.4817996025085449,0.26366758346557617
0,turbo,16,1,262144,65536,262144,0,2,datasets/silesia/xml,5345280,628181,11.752069,0.26171016693115234,0.057590484619140625
0,turbo,16,1,262144,65536,262144,0,2,datasets/silesia/mr,9970564,3469741,34.799847,0.6529598236083984,0.2921442985534668
0,turbo,16,1,262144,65536,262144,0,2,datasets/silesia/nci,33553445,2687141,8.00854,1.1673221588134766,0.24567151069641113
0,turbo,16,1,262144,65536,262144,0,2,datasets/silesia/webster,41458703,11844159,28.568571,1.7104179859161377,0.9909143447875977
0,turbo,16,1,262144,65536,262144,0,2,datasets/silesia/reymont,6627202,1793118,27.056939,0.4132111072540283,0.1593310832977295
0,turbo,16,1,262144,65536,262144,0,2,datasets/silesia/dickens,10192446,3779828,37.084602,0.6380858421325684,0.31860971450805664
0,turbo,16,1,262144,65536,262144,0,2,datasets/silesia/mozilla,51220480,17726144,34.607532,3.6633682250976562,1.3987410068511963
0,turbo,16,1,262144,65536,262144,0,2,datasets/silesia/osdb,10085684,3562474,35.322086,0.6238901615142822,0.320636510848999
0,turbo,16,1,262144,65536,262144,0,2,datasets/silesia/x-ray,8474240,5650410,66.677484,0.7212188243865967,0.4979679584503174
0,turbo,16,1,262144,65536,262144,0,2,datasets/silesia/samba,21606400,4933362,22.832874,0.9354867935180664,0.45151710510253906
0,turbo,16,1,262144,65536,262144,0,2,datasets/silesia/sao,7251944,5207180,71.803919,0.6705358028411865,0.4709334373474121
0,turbo,16,1,262144,65536,262144,0,2,AVERAGE,17661548.333333332,5353487.666666667,30.311542,0.9950005412101746,0.45564375321070355
0,turbo,16,1,262144,65536,262144,0,3,datasets/silesia/ooffice,6152192,2952242,47.986831,0.47559595108032227,0.2632777690887451
0,turbo,16,1,262144,65536,262144,0,3,datasets/silesia/xml,5345280,630764,11.800392,0.26035284996032715,0.05993008613586426
0,turbo,16,1,262144,65536,262144,0,3,datasets/silesia/mr,9970564,3562920,35.734388,0.7595858573913574,0.298905611038208
0,turbo,16,1,262144,65536,262144,0,3,datasets/silesia/nci,33553445,2687702,8.010212,1.318483829498291,0.2518479824066162
0,turbo,16,1,262144,65536,262144,0,3,datasets/silesia/webster,41458703,11914021,28.737081,1.8723766803741455,0.9937617778778076
0,turbo,16,1,262144,65536,262144,0,3,datasets/silesia/reymont,6627202,1804060,27.222046,0.4903452396392822,0.1563880443572998
0,turbo,16,1,262144,65536,262144,0,3,datasets/silesia/dickens,10192446,3835359,37.629427,0.658466100692749,0.31909632682800293
0,turbo,16,1,262144,65536,262144,0,3,datasets/silesia/mozilla,51220480,17707117,34.570385,4.404637336730957,1.3966975212097168
0,turbo,16,1,262144,65536,262144,0,3,datasets/silesia/osdb,10085684,3563271,35.329989,0.5793814659118652,0.31847620010375977
0,turbo,16,1,262144,65536,262144,0,3,datasets/silesia/x-ray,8474240,5664567,66.844543,0.7198152542114258,0.5050747394561768
0,turbo,16,1,262144,65536,262144,0,3,datasets/silesia/samba,21606400,4938455,22.856445,1.1490554809570312,0.45409059524536133
0,turbo,16,1,262144,65536,262144,0,3,datasets/silesia/sao,7251944,5217746,71.949618,0.6672101020812988,0.47322654724121094
0,turbo,16,1,262144,65536,262144,0,3,AVERAGE,17661548.333333332,5373185.333333333,30.423071,1.1129421790440877,0.4575644334157308
0,turbo,16,1,262144,262144,65536,10,0,datasets/silesia/ooffice,6152192,3044109,49.480071,0.44031262397766113,0.26502251625061035
0,turbo,16,1,262144,262144,65536,10,0,datasets/silesia/xml,5345280,751621,14.061396,0.2548494338989258,0.06473565101623535
0,turbo,16,1,262144,262144,65536,10,0,datasets/silesia/mr,9970564,3546057,35.56526,0.5765492916107178,0.29540276527404785
0,turbo,16,1,262144,262144,65536,10,0,datasets/silesia/nci,33553445,3426390,10.211738,1.0950241088867188,0.29212260246276855
0,turbo,16,1,262144,262144,65536,10,0,datasets/silesia/webster,41458703,12913702,31.14835,1.8804216384887695,1.019819974899292
0,turbo,16,1,262144,262144,65536,10,0,datasets/silesia/reymont,6627202,2075617,31.319658,0.35747766494750977,0.17523193359375
0,turbo,16,1,262144,262144,65536,10,0,datasets/silesia/dickens,10192446,4139824,40.61659,0.6294898986816406,0.3256714344024658
0,turbo,16,1,262144,262144,65536,10,0,datasets/silesia/mozilla,51220480,18204637,35.541715,2.3160946369171143,1.4103267192840576
0,turbo,16,1,262144,262144,65536,10,0,datasets/silesia/osdb,10085684,3723084,36.914541,0.614356279373169,0.3314058780670166
0,turbo,16,1,262144,262144,65536,10,0,datasets/silesia/x-ray,8474240,5696925,67.226383,0.7285988330841064,0.49321842193603516
0,turbo,16,1,262144,262144,65536,10,0,datasets/silesia/samba,21606400,5250267,24.299592,0.9572131633758545,0.45993876457214355
0,turbo,16,1,262144,262144,65536,10,0,datasets/silesia/sao,7251944,5320434,73.365624,0.6746270656585693,0.4675018787384033
0,turbo,16,1,262144,262144,65536,10,0,AVERAGE,17661548.333333332,5674388.916666667,32.128491,0.8770845532417297,0.46669987837473553
0,turbo,16,1,262144,262144,65536,10,1,datasets/silesia/ooffice,6152192,2994607,48.675448,0.43737125396728516,0.2649104595184326
0,turbo,16,1,262144,262144,65536,10,1,datasets/silesia/xml,5345280,711940,13.31904,0.2571067810058594,0.06375288963317871
0,turbo,16,1,262144,262144,65536,10,1,datasets/silesia/mr,9970564,3638918,36.496611,0.5639452934265137,0.300555944442749
0,turbo,16,1,262144,262144,65536,10,1,datasets/silesia/nci,33553445,3160959,9.420669,1.080186367034912,0.2746744155883789
0,turbo,16,1,262144,262144,65536,10,1,datasets/silesia/webster,41458703,12669868,30.560213,1.831566333770752,1.0230655670166016
0,turbo,16,1,262144,262144,65536,10,1,datasets/silesia/reymont,6627202,2021084,30.496792,0.334125280380249,0.17241144180297852
0,turbo,16,1,262144,262144,65536,10,1,datasets/silesia/dickens,10192446,4099750,40.223416,0.6273014545440674,0.3379249572753906
0,turbo,16,1,262144,262144,65536,10,1,datasets/silesia/mozilla,51220480,17837920,34.825757,2.4834535121917725,1.396108627319336
0,turbo,16,1,262144,262144,65536,10,1,datasets/silesia/osdb,10085684,3709969,36.784506,0.5422792434692383,0.32638025283813477
0,turbo,16,1,262144,262144,65536,10,1,datasets/silesia/x-ray,8474240,5718463,67.480541,0.8056180477142334,0.4977607727050781
0,turbo,16,1,262144,262144,65536,10,1,datasets/silesia/samba,21606400,5121195,23.702213,0.9754166603088379,0.4586021900177002
0,turbo,16,1,262144,262144,65536,10,1,datasets/silesia/sao,7251944,5315078,73.291768,0.6502666473388672,0.467299222946167
0,turbo,16,1,262144,262144,65536,10,1,AVERAGE,17661548.333333332,5583312.583333333,31.612815,0.8823864062627157,0.4652872284253438
0,turbo,16,1,262144,262144,65536,10,2,datasets/silesia/ooffice,6152192,2995405,48.688419,0.4451308250427246,0.2666637897491455
0,turbo,16,1,262144,262144,65536,10,2,datasets/silesia/xml,5345280,693820,12.98005,0.2559363842010498,0.06192922592163086
0,turbo,16,1,262144,262144,65536,10,2,datasets/silesia/mr,9970564,3644965,36.55726,0.6084799766540527,0.3190312385559082
0,turbo,16,1,262144,262144,65536,10,2,datasets/silesia/nci,33553445,3045992,9.078031,1.0759704113006592,0.2784311771392822
0,turbo,16,1,262144,262144,65536,10,2,datasets/silesia/webster,41458703,12561269,30.298268,1.8182563781738281,1.0441081523895264
0,turbo,16,1,262144,262144,65536,10,2,datasets/silesia/reymont,6627202,2018388,30.456111,0.3629167079925537,0.17911124229431152
0,turbo,16,1,262144,262144,65536,10,2,datasets/silesia/dickens,10192446,4071206,39.943366,0.5781722068786621,0.34357571601867676
0,turbo,16,1,262144,262144,65536,10,2,datasets/silesia/mozilla,51220480,17826998,34.804434,2.412799596786499,1.4013121128082275
0,turbo,16,1,262144,262144,65536,10,2,datasets/silesia/osdb,10085684,3666649,36.354986,0.5091054439544678,0.3290901184082031
0,turbo,16,1,262144,262144,65536,10,2,datasets/silesia/x-ray,8474240,5725971,67.569139,0.7506299018859863,0.5029964447021484
0,turbo,16,1,262144,262144,65536,10,2,datasets/silesia/samba,21606400,5043998,23.344926,0.8571269512176514,0.46140265464782715
0,turbo,16,1,262144,262144,65536,10,2,datasets/silesia/sao,7251944,5364075,73.967408,0.6348569393157959,0.4866065979003906
0,turbo,16,1,262144,262144,65536,10,2,AVERAGE,17661548.333333332,5554894.666666667,31.451912,0.8591151436169943,0.4728548725446065
0,turbo,16,1,262144,262144,65536,10,3,datasets/silesia/ooffice,6152192,2985173,48.522104,0.4480409622192383,0.26294732093811035
0,turbo,16,1,262144,262144,65536,10,3,datasets/silesia/xml,5345280,693346,12.971182,0.2513580322265625,0.061104536056518555
0,turbo,16,1,262144,262144,65536,10,3,datasets/silesia/mr,9970564,3695577,37.064874,0.601198673248291,0.3180274963378906
0,turbo,16,1,262144,262144,65536,10,3,datasets/silesia/nci,33553445,3060785,9.122118,1.055131196975708,0.27777719497680664
0,turbo,16,1,262144,262144,65536,10,3,datasets/silesia/webster,41458703,12585798,30.357433,1.827662706375122,1.0361084938049316
0,turbo,16,1,262144,262144,65536,10,3,datasets/silesia/reymont,6627202,2026092,30.572359,0.3780806064605713,0.1813511848449707
0,turbo,16,1,262144,262144,65536,10,3,datasets/silesia/dickens,10192446,4105266,40.277535,0.5978720188140869,0.33814454078674316
0,turbo,16,1,262144,262144,65536,10,3,datasets/silesia/mozilla,51220480,17793494,34.739022,2.3549232482910156,1.4072625637054443
0,turbo,16,1,262144,262144,65536,10,3,datasets/silesia/osdb,10085684,3648718,36.177199,0.5546252727508545,0.33609628677368164
0,turbo,16,1,262144,262144,65536,10,3,datasets/silesia/x-ray,8474240,5730958,67.627988,0.8321945667266846,0.5072822570800781
0,turbo,16,1,262144,262144,65536,10,3,datasets/silesia/samba,21606400,5036045,23.308117,0.8785107135772705,0.46494054794311523
0,turbo,16,1,262144,262144,65536,10,3,datasets/silesia/sao,7251944,5354906,73.840973,0.6471130847930908,0.4784882068634033
0,turbo,16,1,262144,262144,65536,10,3,AVERAGE,17661548.333333332,5559679.833333333,31.479006,0.8688925902048746,0.4724608858426412
0,turbo,16,1,262144,262144,65536,1000,0,datasets/silesia/ooffice,6152192,2984941,48.518333,0.49953341484069824,0.2527933120727539
0,turbo,16,1,262144,262144,65536,1000,0,datasets/silesia/xml,5345280,631530,11.814723,0.25397706031799316,0.05563950538635254
0,turbo,16,1,262144,262144,65536,1000,0,datasets/silesia/mr,9970564,3456163,34.663666,0.5728580951690674,0.2733621597290039
0,turbo,16,1,262144,262144,65536,1000,0,datasets/silesia/nci,33553445,2901427,8.647181,1.0684001445770264,0.24010729789733887
0,turbo,16,1,262144,262144,65536,1000,0,datasets/silesia/webster,41458703,11753341,28.349514,1.7442314624786377,0.9037313461303711
0,turbo,16,1,262144,262144,65536,1000,0,datasets/silesia/reymont,6627202,1805646,27.245978,0.37639927864074707,0.14267921447753906
0,turbo,16,1,262144,262144,65536,1000,0,datasets/silesia/dickens,10192446,3696823,36.270224,0.618250846862793,0.28620004653930664
0,turbo,16,1,262144,262144,65536,1000,0,datasets/silesia/mozilla,51220480,17927538,35.000722,2.432767629623413,1.362504005432129
0,turbo,16,1,262144,262144,65536,1000,0,datasets/silesia/osdb,10085684,3629465,35.986305,0.567596435546875,0.31626200675964355
0,turbo,16,1,262144,262144,65536,1000,0,datasets/silesia/x-ray,8474240,5656839,66.753349,0.7169914245605469,0.47900843620300293
0,turbo,16,1,262144,262144,65536,1000,0,datasets/silesia/samba,21606400,5013638,23.204412,0.8991570472717285,0.43738460540771484
0,turbo,16,1,262144,262144,65536,1000,0,datasets/silesia/sao,7251944,5229762,72.115311,0.6730639934539795,0.45587921142578125
0,turbo,16,1,262144,262144,65536,1000,0,AVERAGE,17661548.333333332,5390592.75,30.521632,0.8686022361119589,0.4337959289550781
0,turbo,16,1,262144,262144,65536,1000,1,datasets/silesia/ooffice,6152192,2929954,47.624554,0.48909521102905273,0.24962520599365234
0,turbo,16,1,262144,262144,65536,1000,1,datasets/silesia/xml,5345280,604016,11.299988,0.2595348358154297,0.05388164520263672
0,turbo,16,1,262144,262144,65536,1000,1,datasets/silesia/mr,9970564,3439955,34.501107,0.6632063388824463,0.2948157787322998
0,turbo,16,1,262144,262144,65536,1000,1,datasets/silesia/nci,33553445,2704981,8.061709,1.1448333263397217,0.23686814308166504
0,turbo,16,1,262144,262144,65536,1000,1,datasets/silesia/webster,41458703,11580852,27.933464,1.7151594161987305,0.9203536510467529
0,turbo,16,1,262144,262144,65536,1000,1,datasets/silesia/reymont,6627202,1763134,26.604501,0.4108400344848633,0.14488673210144043
0,turbo,16,1,262144,262144,65536,1000,1,datasets/silesia/dickens,10192446,3668598,35.993303,0.6800124645233154,0.2871897220611572
0,turbo,16,1,262144,262144,65536,1000,1,datasets/silesia/mozilla,51220480,17494430,34.155147,2.2386457920074463,1.3457393646240234
0,turbo,16,1,262144,262144,65536,1000,1,datasets/silesia/osdb,10085684,3554114,35.239196,0.5310273170471191,0.3246757984161377
0,turbo,16,1,262144,262144,65536,1000,1,datasets/silesia/x-ray,8474240,5604572,66.136574,0.7182271480560303,0.4837164878845215
0,turbo,16,1,262144,262144,65536,1000,1,datasets/silesia/samba,21606400,4898167,22.669982,0.8748531341552734,0.43314123153686523
0,turbo,16,1,262144,262144,65536,1000,1,datasets/silesia/sao,7251944,5175603,71.368491,0.6424779891967773,0.4561893939971924
0,turbo,16,1,262144,262144,65536,1000,1,AVERAGE,17661548.333333332,5284864.666666667,29.922998,0.8639927506446838,0.4359235962231954
0,turbo,16,1,262144,262144,65536,1000,2,datasets/silesia/ooffice,6152192,2927066,47.577611,0.45261144638061523,0.25645971298217773
0,turbo,16,1,262144,262144,65536,1000,2,datasets/silesia/xml,5345280,594009,11.112776,0.2575533390045166,0.05370974540710449
0,turbo,16,1,262144,262144,65536,1000,2,datasets/silesia/mr,9970564,3467776,34.780139,0.6400692462921143,0.2901778221130371
0,turbo,16,1,262144,262144,65536,1000,2,datasets/silesia/nci,33553445,2618776,7.80479,1.1326875686645508,0.23933625221252441
0,turbo,16,1,262144,262144,65536,1000,2,datasets/silesia/webster,41458703,11509921,27.762376,1.7501494884490967,0.9416637420654297
0,turbo,16,1,262144,262144,65536,1000,2,datasets/silesia/reymont,6627202,1749731,26.402258,0.5012407302856445,0.15321922302246094
0,turbo,16,1,262144,262144,65536,1000,2,datasets/silesia/dickens,10192446,3657110,35.880592,0.6862993240356445,0.3031046390533447
0,turbo,16,1,262144,262144,65536,1000,2,datasets/silesia/mozilla,51220480,17468239,34.104013,2.4412944316864014,1.359034776687622
0,turbo,16,1,262144,262144,65536,1000,2,datasets/silesia/osdb,10085684,3542777,35.12679,0.5505266189575195,0.3149220943450928
0,turbo,16,1,262144,262144,65536,1000,2,datasets/silesia/x-ray,8474240,5624373,66.370235,0.7525289058685303,0.4860537052154541
0,turbo,16,1,262144,262144,65536,1000,2,datasets/silesia/samba,21606400,4830581,22.357177,0.9323675632476807,0.4381270408630371
0,turbo,16,1,262144,262144,65536,1000,2,datasets/silesia/sao,7251944,5173290,71.336596,0.6902074813842773,0.46111083030700684
0,turbo,16,1,262144,262144,65536,1000,2,AVERAGE,17661548.333333332,5263637.416666667,29.802808,0.898961345354716,0.441409965356191
0,turbo,16,1,262144,262144,65536,1000,3,datasets/silesia/ooffice,6152192,2919340,47.45203,0.5042922496795654,0.25513362884521484
0,turbo,16,1,262144,262144,65536,1000,3,datasets/silesia/xml,5345280,597014,11.168994,0.2762777805328369,0.05355477333068848
0,turbo,16,1,262144,262144,65536,1000,3,datasets/silesia/mr,9970564,3550866,35.613492,0.7038536071777344,0.29445958137512207
0,turbo,16,1,262144,262144,65536,1000,3,datasets/silesia/nci,33553445,2623272,7.81819,1.1195225715637207,0.24035358428955078
0,turbo,16,1,262144,262144,65536,1000,3,datasets/silesia/webster,41458703,11600107,27.979908,1.9377751350402832,0.9486050605773926
0,turbo,16,1,262144,262144,65536,1000,3,datasets/silesia/reymont,6627202,1762961,26.60189,0.5657949447631836,0.15191102027893066
0,turbo,16,1,262144,262144,65536,1000,3,datasets/silesia/dickens,10192446,3718240,36.48035,0.7409160137176514,0.3064842224121094
0,turbo,16,1,262144,262144,65536,1000,3,datasets/silesia/mozilla,51220480,17454866,34.077904,2.51668119430542,1.359281301498413
0,turbo,16,1,262144,262144,65536,1000,3,datasets/silesia/osdb,10085684,3545319,35.151994,0.6224658489227295,0.3144409656524658
0,turbo,16,1,262144,262144,65536,1000,3,datasets/silesia/x-ray,8474240,5651867,66.694677,0.7772030830383301,0.4902055263519287
0,turbo,16,1,262144,262144,65536,1000,3,datasets/silesia/samba,21606400,4834288,22.374334,0.9903225898742676,0.4376180171966553
0,turbo,16,1,262144,262144,65536,1000,3,datasets/silesia/sao,7251944,5183848,71.482185,0.7457318305969238,0.46996116638183594
0,turbo,16,1,262144,262144,65536,1000,3,AVERAGE,17661548.333333332,5286832.333333333,29.934138,0.9584030707677206,0.4435007373491923
0,turbo,16,1,262144,262144,65536,0,0,datasets/silesia/ooffice,6152192,2984152,48.505508,0.46330904960632324,0.2557358741760254
0,turbo,16,1,262144,262144,65536,0,0,datasets/silesia/xml,5345280,630644,11.798147,0.2625904083251953,0.053558349609375
0,turbo,16,1,262144,262144,65536,0,0,datasets/silesia/mr,9970564,3455432,34.656334,0.6323075294494629,0.2792837619781494
0,turbo,16,1,262144,262144,65536,0,0,datasets/silesia/nci,33553445,2881087,8.586561,1.1261239051818848,0.2421276569366455
0,turbo,16,1,262144,262144,65536,0,0,datasets/silesia/webster,41458703,11738218,28.313037,1.6933436393737793,0.9097707271575928
0,turbo,16,1,262144,262144,65536,0,0,datasets/silesia/reymont,6627202,1796148,27.10266,0.39141249656677246,0.14481115341186523
0,turbo,16,1,262144,262144,65536,0,0,datasets/silesia/dickens,10192446,3692289,36.22574,0.6550436019897461,0.2828989028930664
0,turbo,16,1,262144,262144,65536,0,0,datasets/silesia/mozilla,51220480,17931407,35.008276,2.495544910430908,1.3678033351898193
0,turbo,16,1,262144,262144,65536,0,0,datasets/silesia/osdb,10085684,3629464,35.986295,0.6032416820526123,0.32167816162109375
0,turbo,16,1,262144,262144,65536,0,0,datasets/silesia/x-ray,8474240,5656839,66.753349,0.7390937805175781,0.4861588478088379
0,turbo,16,1,262144,262144,65536,0,0,datasets/silesia/samba,21606400,5011453,23.194299,0.8556978702545166,0.4383578300476074
0,turbo,16,1,262144,262144,65536,0,0,datasets/silesia/sao,7251944,5229749,72.115132,0.7066724300384521,0.45615386962890625
0,turbo,16,1,262144,262144,65536,0,0,AVERAGE,17661548.333333332,5386406.833333333,30.497931,0.8853651086489359,0.43652820587158203
0,turbo,16,1,262144,262144,65536,0,1,datasets/silesia/ooffice,6152192,2929154,47.61155,0.49037957191467285,0.25885558128356934
0,turbo,16,1,262144,262144,65536,0,1,datasets/silesia/xml,5345280,602966,11.280345,0.24758458137512207,0.05524730682373047
0,turbo,16,1,262144,262144,65536,0,1,datasets/silesia/mr,9970564,3433567,34.437039,0.7833850383758545,0.2890799045562744
0,turbo,16,1,262144,262144,65536,0,1,datasets/silesia/nci,33553445,2678034,7.981398,1.2169744968414307,0.2334892749786377
0,turbo,16,1,262144,262144,65536,0,1,datasets/silesia/webster,41458703,11564599,27.894261,1.8128619194030762,0.9244694709777832
0,turbo,16,1,262144,262144,65536,0,1,datasets/silesia/reymont,6627202,1753304,26.456173,0.5774381160736084,0.14736223220825195
0,turbo,16,1,262144,262144,65536,0,1,datasets/silesia/dickens,10192446,3663776,35.945994,0.6788241863250732,0.2864956855773926
0,turbo,16,1,262144,262144,65536,0,1,datasets/silesia/mozilla,51220480,17502473,34.170849,3.2507381439208984,1.3517341613769531
0,turbo,16,1,262144,262144,65536,0,1,datasets/silesia/osdb,10085684,3553155,35.229688,0.532001256942749,0.31291985511779785
0,turbo,16,1,262144,262144,65536,0,1,datasets/silesia/x-ray,8474240,5604565,66.136491,0.7234327793121338,0.4775094985961914
0,turbo,16,1,262144,262144,65536,0,1,datasets/silesia/samba,21606400,4897654,22.667608,0.918370246887207,0.4317023754119873
0,turbo,16,1,262144,262144,65536,0,1,datasets/silesia/sao,7251944,5175359,71.365126,0.673370361328125,0.4604027271270752
0,turbo,16,1,262144,262144,65536,0,1,AVERAGE,17661548.333333332,5279883.833333333,29.894796,0.9921133915583292,0.4357723395029704
0,turbo,16,1,262144,262144,65536,0,2,datasets/silesia/ooffice,6152192,2926054,47.561162,0.5391397476196289,0.254364013671875
0,turbo,16,1,262144,262144,65536,0,2,datasets/silesia/xml,5345280,592652,11.087389,0.2739601135253906,0.05609130859375
0,turbo,16,1,262144,262144,65536,0,2,datasets/silesia/mr,9970564,3449334,34.595174,0.8727927207946777,0.2848658561706543
0,turbo,16,1,262144,262144,65536,0,2,datasets/silesia/nci,33553445,2584472,7.702553,1.4100775718688965,0.23529982566833496
0,turbo,16,1,262144,262144,65536,0,2,datasets/silesia/webster,41458703,11492523,27.720411,1.9469454288482666,0.956517219543457
0,turbo,16,1,262144,262144,65536,0,2,datasets/silesia/reymont,6627202,1737727,26.221126,0.7157719135284424,0.1474287509918213
0,turbo,16,1,262144,262144,65536,0,2,datasets/silesia/dickens,10192446,3652234,35.832753,0.7315177917480469,0.3056492805480957
0,turbo,16,1,262144,262144,65536,0,2,datasets/silesia/mozilla,51220480,17475480,34.11815,4.7148964405059814,1.368626356124878
0,turbo,16,1,262144,262144,65536,0,2,datasets/silesia/osdb,10085684,3537485,35.074319,0.5857267379760742,0.3170337677001953
0,turbo,16,1,262144,262144,65536,0,2,datasets/silesia/x-ray,8474240,5624361,66.370093,0.7927124500274658,0.4836699962615967
0,turbo,16,1,262144,262144,65536,0,2,datasets/silesia/samba,21606400,4830146,22.355163,1.0794775485992432,0.44007301330566406
0,turbo,16,1,262144,262144,65536,0,2,datasets/silesia/sao,7251944,5172172,71.32118,0.7339882850646973,0.4661881923675537
0,turbo,16,1,262144,262144,65536,0,2,AVERAGE,17661548.333333332,5256220.0,29.760811,1.1997505625089009,0.4429839650789897
0,turbo,16,1,262144,262144,65536,0,3,datasets/silesia/ooffice,6152192,2918399,47.436735,0.7276322841644287,0.25162172317504883
0,turbo,16,1,262144,262144,65536,0,3,datasets/silesia/xml,5345280,595493,11.140539,0.31990504264831543,0.05576968193054199
0,turbo,16,1,262144,262144,65536,0,3,datasets/silesia/mr,9970564,3547292,35.577646,1.0535430908203125,0.29906511306762695
0,turbo,16,1,262144,262144,65536,0,3,datasets/silesia/nci,33553445,2587638,7.711989,1.8700594902038574,0.23874497413635254
0,turbo,16,1,262144,262144,65536,0,3,datasets/silesia/webster,41458703,11583468,27.939774,2.173826217651367,0.952378511428833
0,turbo,16,1,262144,262144,65536,0,3,datasets/silesia/reymont,6627202,1750354,26.411659,0.8260345458984375,0.1502077579498291
0,turbo,16,1,262144,262144,65536,0,3,datasets/silesia/dickens,10192446,3713751,36.436308,0.8350822925567627,0.3034944534301758
0,turbo,16,1,262144,262144,65536,0,3,datasets/silesia/mozilla,51220480,17462122,34.09207,6.013714551925659,1.3652431964874268
0,turbo,16,1,262144,262144,65536,0,3,datasets/silesia/osdb,10085684,3538916,35.088508,0.5911576747894287,0.31829142570495605
0,turbo,16,1,262144,262144,65536,0,3,datasets/silesia/x-ray,8474240,5651865,66.694653,0.7282848358154297,0.4884192943572998
0,turbo,16,1,262144,262144,65536,0,3,datasets/silesia/samba,21606400,4832089,22.364156,1.2245662212371826,0.4376235008239746
0,turbo,16,1,262144,262144,65536,0,3,datasets/silesia/sao,7251944,5181526,71.450166,0.7528481483459473,0.46605920791625977
0,turbo,16,1,262144,262144,65536,0,3,AVERAGE,17661548.333333332,5280242.75,29.896828,1.426387866338094,0.4439099033673604
0,turbo,16,1,262144,262144,262144,10,0,datasets/silesia/ooffice,6152192,3044109,49.480071,0.42769908905029297,0.26894164085388184
0,turbo,16,1,262144,262144,262144,10,0,datasets/silesia/xml,5345280,751621,14.061396,0.2683756351470947,0.0667870044708252
0,turbo,16,1,262144,262144,262144,10,0,datasets/silesia/mr,9970564,3546057,35.56526,0.5510299205780029,0.2937157154083252
0,turbo,16,1,262144,262144,262144,10,0,datasets/silesia/nci,33553445,3426390,10.211738,1.0954515933990479,0.291363000869751
0,turbo,16,1,262144,262144,262144,10,0,datasets/silesia/webster,41458703,12913702,31.14835,1.7785561084747314,1.0192887783050537
0,turbo,16,1,262144,262144,262144,10,0,datasets/silesia/reymont,6627202,2075617,31.319658,0.3619401454925537,0.16811633110046387
0,turbo,16,1,262144,262144,262144,10,0,datasets/silesia/dickens,10192446,4139824,40.61659,0.6311194896697998,0.33202600479125977
0,turbo,16,1,262144,262144,262144,10,0,datasets/silesia/mozilla,51220480,18204637,35.541715,2.435518503189087,1.402801752090454
0,turbo,16,1,262144,262144,262144,10,0,datasets/silesia/osdb,10085684,3723084,36.914541,0.5360062122344971,0.3278694152832031
0,turbo,16,1,262144,262144,262144,10,0,datasets/silesia/x-ray,8474240,5696925,67.226383,0.7531795501708984,0.4855339527130127
0,turbo,16,1,262144,262144,262144,10,0,datasets/silesia/samba,21606400,5250267,24.299592,0.8990993499755859,0.4616532325744629
0,turbo,16,1,262144,262144,262144,10,0,datasets/silesia/sao,7251944,5320434,73.365624,0.6623616218566895,0.47197699546813965
0,turbo,16,1,262144,262144,262144,10,0,AVERAGE,17661548.333333332,5674388.916666667,32.128491,0.8666947682698568,0.46583948532740277
0,turbo,16,1,262144,262144,262144,10,1,datasets/silesia/ooffice,6152192,2994607,48.675448,0.4630749225616455,0.2634596824645996
0,turbo,16,1,262144,262144,262144,10,1,datasets/silesia/xml,5345280,711940,13.31904,0.25255846977233887,0.06198549270629883
0,turbo,16,1,262144,262144,262144,10,1,datasets/silesia/mr,9970564,3638918,36.496611,0.5886621475219727,0.31060147285461426
0,turbo,16,1,262144,262144,262144,10,1,datasets/silesia/nci,33553445,3160959,9.420669,1.1009984016418457,0.27916622161865234
0,turbo,16,1,262144,262144,262144,10,1,datasets/silesia/webster,41458703,12669868,30.560213,1.660691738128662,1.017301082611084
0,turbo,16,1,262144,262144,262144,10,1,datasets/silesia/reymont,6627202,2021084,30.496792,0.3548765182495117,0.17288923263549805
0,turbo,16,1,262144,262144,262144,10,1,datasets/silesia/dickens,10192446,4099750,40.223416,0.5999526977539062,0.331744909286499
0,turbo,16,1,262144,262144,262144,10,1,datasets/silesia/mozilla,51220480,17837920,34.825757,2.433917760848999,1.3996200561523438
0,turbo,16,1,262144,262144,262144,10,1,datasets/silesia/osdb,10085684,3709969,36.784506,0.572577714920044,0.3281373977661133
0,turbo,16,1,262144,262144,262144,10,1,datasets/silesia/x-ray,8474240,5718463,67.480541,0.766859769821167,0.5024542808532715
0,turbo,16,1,262144,262144,262144,10,1,datasets/silesia/samba,21606400,5121195,23.702213,0.91878342628479,0.46103620529174805
0,turbo,16,1,262144,262144,262144,10,1,datasets/silesia/sao,7251944,5315078,73.291768,0.6152188777923584,0.4699702262878418
0,turbo,16,1,262144,262144,262144,10,1,AVERAGE,17661548.333333332,5583312.583333333,31.612815,0.8606810371081034,0.4665305217107137
0,turbo,16,1,262144,262144,262144,10,2,datasets/silesia/ooffice,6152192,2995405,48.688419,0.4700655937194824,0.26412129402160645
0,turbo,16,1,262144,262144,262144,10,2,datasets/silesia/xml,5345280,693820,12.98005,0.25882458686828613,0.06212115287780762
0,turbo,16,1,262144,262144,262144,10,2,datasets/silesia/mr,9970564,3644965,36.55726,0.5686538219451904,0.311737060546875
0,turbo,16,1,262144,262144,262144,10,2,datasets/silesia/nci,33553445,3045992,9.078031,1.075190782546997,0.2760655879974365
0,turbo,16,1,262144,262144,262144,10,2,datasets/silesia/webster,41458703,12561269,30.298268,1.661128044128418,1.0407085418701172
0,turbo,16,1,262144,262144,262144,10,2,datasets/silesia/reymont,6627202,2018388,30.456111,0.3518400192260742,0.1741929054260254
0,turbo,16,1,262144,262144,262144,10,2,datasets/silesia/dickens,10192446,4071206,39.943366,0.5827670097351074,0.3507847785949707
0,turbo,16,1,262144,262144,262144,10,2,datasets/silesia/mozilla,51220480,17826998,34.804434,2.2100229263305664,1.403719186782837
0,turbo,16,1,262144,262144,262144,10,2,datasets/silesia/osdb,10085684,3666649,36.354986,0.546205997467041,0.3217911720275879
0,turbo,16,1,262144,262144,262144,10,2,datasets/silesia/x-ray,8474240,5725971,67.569139,0.815263032913208,0.5039761066436768
0,turbo,16,1,262144,262144,262144,10,2,datasets/silesia/samba,21606400,5043998,23.344926,0.973956823348999,0.462160587310791
0,turbo,16,1,262144,262144,262144,10,2,datasets/silesia/sao,7251944,5364075,73.967408,0.6389756202697754,0.48537397384643555
0,turbo,16,1,262144,262144,262144,10,2,AVERAGE,17661548.333333332,5554894.666666667,31.451912,0.8460745215415955,0.4713960289955139
0,turbo,16,1,262144,262144,262144,10,3,datasets/silesia/ooffice,6152192,2985173,48.522104,0.4442410469055176,0.2576904296875
0,turbo,16,1,262144,262144,262144,10,3,datasets/silesia/xml,5345280,693346,12.971182,0.2519259452819824,0.061827898025512695
0,turbo,16,1,262144,262144,262144,10,3,datasets/silesia/mr,9970564,3695577,37.064874,0.5894489288330078,0.3199319839477539
0,turbo,16,1,262144,262144,262144,10,3,datasets/silesia/nci,33553445,3060785,9.122118,1.1215088367462158,0.27579379081726074
0,turbo,16,1,262144,262144,262144,10,3,datasets/silesia/webster,41458703,12585798,30.357433,1.8271310329437256,1.0367846488952637
0,turbo,16,1,262144,262144,262144,10,3,datasets/silesia/reymont,6627202,2026092,30.572359,0.3644869327545166,0.17279863357543945
0,turbo,16,1,262144,262144,262144,10,3,datasets/silesia/dickens,10192446,4105266,40.277535,0.6196660995483398,0.33210325241088867
0,turbo,16,1,262144,262144,262144,10,3,datasets/silesia/mozilla,51220480,17793494,34.739022,2.347261428833008,1.3976061344146729
0,turbo,16,1,262144,262144,262144,10,3,datasets/silesia/osdb,10085684,3648718,36.177199,0.5550441741943359,0.3256263732910156
0,turbo,16,1,262144,262144,262144,10,3,datasets/silesia/x-ray,8474240,5730958,67.627988,0.8000407218933105,0.5073070526123047
0,turbo,16,1,262144,262144,262144,10,3,datasets/silesia/samba,21606400,5036045,23.308117,0.9560225009918213,0.46391797065734863
0,turbo,16,1,262144,262144,262144,10,3,datasets/silesia/sao,7251944,5354906,73.840973,0.6839919090270996,0.47925305366516113
0,turbo,16,1,262144,262144,262144,10,3,AVERAGE,17661548.333333332,5559679.833333333,31.479006,0.8800641298294067,0.4692201018333435
0,turbo,16,1,262144,262144,262144,1000,0,datasets/silesia/ooffice,6152192,2984941,48.518333,0.4488065242767334,0.255587100982666
0,turbo,16,1,262144,262144,262144,1000,0,datasets/silesia/xml,5345280,631530,11.814723,0.25942468643188477,0.05751848220825195
0,turbo,16,1,262144,262144,262144,1000,0,datasets/silesia/mr,9970564,3456163,34.663666,0.6108474731445312,0.2739236354827881
0,turbo,16,1,262144,262144,262144,1000,0,datasets/silesia/nci,33553445,2901427,8.647181,1.0945379734039307,0.23783373832702637
0,turbo,16,1,262144,262144,262144,1000,0,datasets/silesia/webster,41458703,11753341,28.349514,1.6941189765930176,0.9118123054504395
0,turbo,16,1,262144,262144,262144,1000,0,datasets/silesia/reymont,6627202,1805646,27.245978,0.3542046546936035,0.14386343955993652
0,turbo,16,1,262144,262144,262144,1000,0,datasets/silesia/dickens,10192446,3696823,36.270224,0.6678404808044434,0.29115748405456543
0,turbo,16,1,262144,262144,262144,1000,0,datasets/silesia/mozilla,51220480,17927538,35.000722,2.3448526859283447,1.3668596744537354
0,turbo,16,1,262144,262144,262144,1000,0,datasets/silesia/osdb,10085684,3629465,35.986305,0.568314790725708,0.3142228126525879
0,turbo,16,1,262144,262144,262144,1000,0,datasets/silesia/x-ray,8474240,5656839,66.753349,0.7194879055023193,0.4816935062408447
0,turbo,16,1,262144,262144,262144,1000,0,datasets/silesia/samba,21606400,5013638,23.204412,0.8769011497497559,0.43567371368408203
0,turbo,16,1,262144,262144,262144,1000,0,datasets/silesia/sao,7251944,5229762,72.115311,0.6631038188934326,0.4517180919647217
0,turbo,16,1,262144,262144,262144,1000,0,AVERAGE,17661548.333333332,5390592.75,30.521632,0.8585367600123087,0.43515533208847046
0,turbo,16,1,262144,262144,262144,1000,1,datasets/silesia/ooffice,6152192,2929954,47.624554,0.442396879196167,0.25371599197387695
0,turbo,16,1,262144,262144,262144,1000,1,datasets/silesia/xml,5345280,604016,11.299988,0.2522408962249756,0.053763628005981445
0,turbo,16,1,262144,262144,262144,1000,1,datasets/silesia/mr,9970564,3439955,34.501107,0.6656363010406494,0.28477025032043457
0,turbo,16,1,262144,262144,262144,1000,1,datasets/silesia/nci,33553445,2704981,8.061709,1.1058366298675537,0.23151040077209473
0,turbo,16,1,262144,262144,262144,1000,1,datasets/silesia/webster,41458703,11580852,27.933464,1.8116180896759033,0.9178166389465332
0,turbo,16,1,262144,262144,262144,1000,1,datasets/silesia/reymont,6627202,1763134,26.604501,0.46656012535095215,0.1508467197418213
0,turbo,16,1,262144,262144,262144,1000,1,datasets/silesia/dickens,10192446,3668598,35.993303,0.6439146995544434,0.29343104362487793
0,turbo,16,1,262144,262144,262144,1000,1,datasets/silesia/mozilla,51220480,17494430,34.155147,2.3130412101745605,1.3513884544372559
0,turbo,16,1,262144,262144,262144,1000,1,datasets/silesia/osdb,10085684,3554114,35.239196,0.5410811901092529,0.31795167922973633
0,turbo,16,1,262144,262144,262144,1000,1,datasets/silesia/x-ray,8474240,5604572,66.136574,0.7225871086120605,0.47756123542785645
0,turbo,16,1,262144,262144,262144,1000,1,datasets/silesia/samba,21606400,4898167,22.669982,0.867661714553833,0.45096755027770996
0,turbo,16,1,262144,262144,262144,1000,1,datasets/silesia/sao,7251944,5175603,71.368491,0.6290283203125,0.4590909481048584
0,turbo,16,1,262144,262144,262144,1000,1,AVERAGE,17661548.333333332,5284864.666666667,29.922998,0.8718002637227377,0.4369012117385864
0,turbo,16,1,262144,262144,262144,1000,2,datasets/silesia/ooffice,6152192,2927066,47.577611,0.5006756782531738,0.2559325695037842
0,turbo,16,1,262144,262144,262144,1000,2,datasets/silesia/xml,5345280,594009,11.112776,0.2595500946044922,0.054285287857055664
0,turbo,16,1,262144,262144,262144,1000,2,datasets/silesia/mr,9970564,3467776,34.780139,0.6231040954589844,0.29091668128967285
0,turbo,16,1,262144,262144,262144,1000,2,datasets/silesia/nci,33553445,2618776,7.80479,1.1955692768096924,0.23900866508483887
0,turbo,16,1,262144,262144,262144,1000,2,datasets/silesia/webster,41458703,11509921,27.762376,1.8737094402313232,0.9441623687744141
0,turbo,16,1,262144,262144,262144,1000,2,datasets/silesia/reymont,6627202,1749731,26.402258,0.48989176750183105,0.14863109588623047
0,turbo,16,1,262144,262144,262144,1000,2,datasets/silesia/dickens,10192446,3657110,35.880592,0.6893329620361328,0.3085310459136963
0,turbo,16,1,262144,262144,262144,1000,2,datasets/silesia/mozilla,51220480,17468239,34.104013,2.3404104709625244,1.3632099628448486
0,turbo,16,1,262144,262144,262144,1000,2,datasets/silesia/osdb,10085684,3542777,35.12679,0.5859415531158447,0.3086404800415039
0,turbo,16,1,262144,262144,262144,1000,2,datasets/silesia/x-ray,8474240,5624373,66.370235,0.7692584991455078,0.48567771911621094
0,turbo,16,1,262144,262144,262144,1000,2,datasets/silesia/samba,21606400,4830581,22.357177,0.9234421253204346,0.4355599880218506
0,turbo,16,1,262144,262144,262144,1000,2,datasets/silesia/sao,7251944,5173290,71.336596,0.6688385009765625,0.4640331268310547
0,turbo,16,1,262144,262144,262144,1000,2,AVERAGE,17661548.333333332,5263637.416666667,29.802808,0.9099770387013754,0.44154908259709674
0,turbo,16,1,262144,262144,262144,1000,3,datasets/silesia/ooffice,6152192,2919340,47.45203,0.5355148315429688,0.24962973594665527
0,turbo,16,1,262144,262144,262144,1000,3,datasets/silesia/xml,5345280,597014,11.168994,0.2750585079193115,0.05331110954284668
0,turbo,16,1,262144,262144,262144,1000,3,datasets/silesia/mr,9970564,3550866,35.613492,0.7630748748779297,0.29578256607055664
0,turbo,16,1,262144,262144,262144,1000,3,datasets/silesia/nci,33553445,2623272,7.81819,1.156383991241455,0.24286937713623047
0,turbo,16,1,262144,262144,262144,1000,3,datasets/silesia/webster,41458703,11600107,27.979908,1.9184136390686035,0.9482107162475586
0,turbo,16,1,262144,262144,262144,1000,3,datasets/silesia/reymont,6627202,1762961,26.60189,0.5611824989318848,0.14678287506103516
0,turbo,16,1,262144,262144,262144,1000,3,datasets/silesia/dickens,10192446,3718240,36.48035,0.7594943046569824,0.3026108741760254
0,turbo,16,1,262144,262144,262144,1000,3,datasets/silesia/mozilla,51220480,17454866,34.077904,2.539135456085205,1.3584296703338623
0,turbo,16,1,262144,262144,262144,1000,3,datasets/silesia/osdb,10085684,3545319,35.151994,0.5953812599182129,0.3187086582183838
0,turbo,16,1,262144,262144,262144,1000,3,datasets/silesia/x-ray,8474240,5651867,66.694677,0.7672653198242188,0.48775172233581543
0,turbo,16,1,262144,262144,262144,1000,3,datasets/silesia/samba,21606400,4834288,22.374334,0.9525611400604248,0.43286776542663574
0,turbo,16,1,262144,262144,262144,1000,3,datasets/silesia/sao,7251944,5183848,71.482185,0.7324051856994629,0.4847879409790039
0,turbo,16,1,262144,262144,262144,1000,3,AVERAGE,17661548.333333332,5286832.333333333,29.934138,0.9629892508188883,0.4434785842895508
0,turbo,16,1,262144,262144,262144,0,0,datasets/silesia/ooffice,6152192,2984152,48.505508,0.4805305004119873,0.2676429748535156
0,turbo,16,1,262144,262144,262144,0,0,datasets/silesia/xml,5345280,630644,11.798147,0.25158095359802246,0.056023359298706055
0,turbo,16,1,262144,262144,262144,0,0,datasets/silesia/mr,9970564,3455432,34.656334,0.6602964401245117,0.2891550064086914
0,turbo,16,1,262144,262144,262144,0,0,datasets/silesia/nci,33553445,2881087,8.586561,1.1216716766357422,0.24518513679504395
0,turbo,16,1,262144,262144,262144,0,0,datasets/silesia/webster,41458703,11738218,28.313037,1.8886923789978027,0.9433102607727051
0,turbo,16,1,262144,262144,262144,0,0,datasets/silesia/reymont,6627202,1796148,27.10266,0.427046537399292,0.1496732234954834
0,turbo,16,1,262144,262144,262144,0,0,datasets/silesia/dickens,10192446,3692289,36.22574,0.6638534069061279,0.29627084732055664
0,turbo,16,1,262144,262144,262144,0,0,datasets/silesia/mozilla,51220480,17931407,35.008276,2.6895766258239746,1.4119873046875
0,turbo,16,1,262144,262144,262144,0,0,datasets/silesia/osdb,10085684,3629464,35.986295,0.5359845161437988,0.32805705070495605
0,turbo,16,1,262144,262144,262144,0,0,datasets/silesia/x-ray,8474240,5656839,66.753349,0.7749121189117432,0.4945394992828369
0,turbo,16,1,262144,262144,262144,0,0,datasets/silesia/samba,21606400,5011453,23.194299,0.9072809219360352,0.43424177169799805
0,turbo,16,1,262144,262144,262144,0,0,datasets/silesia/sao,7251944,5229749,72.115132,0.6827287673950195,0.4673900604248047
0,turbo,16,1,262144,262144,262144,0,0,AVERAGE,17661548.333333332,5386406.833333333,30.497931,0.9236795703570048,0.44862304131189984
0,turbo,16,1,262144,262144,262144,0,1,datasets/silesia/ooffice,6152192,2929154,47.61155,0.4959852695465088,0.2598288059234619
0,turbo,16,1,262144,262144,262144,0,1,datasets/silesia/xml,5345280,602966,11.280345,0.2666187286376953,0.054483652114868164
0,turbo,16,1,262144,262144,262144,0,1,datasets/silesia/mr,9970564,3433567,34.437039,0.8113586902618408,0.2890481948852539
0,turbo,16,1,262144,262144,262144,0,1,datasets/silesia/nci,33553445,2678034,7.981398,1.2751262187957764,0.23591065406799316
0,turbo,16,1,262144,262144,262144,0,1,datasets/silesia/webster,41458703,11564599,27.894261,1.8291594982147217,0.9305741786956787
0,turbo,16,1,262144,262144,262144,0,1,datasets/silesia/reymont,6627202,1753304,26.456173,0.5964093208312988,0.14940595626831055
0,turbo,16,1,262144,262144,262144,0,1,datasets/silesia/dickens,10192446,3663776,35.945994,0.7360155582427979,0.2938113212585449
0,turbo,16,1,262144,262144,262144,0,1,datasets/silesia/mozilla,51220480,17502473,34.170849,3.3621721267700195,1.3756506443023682
0,turbo,16,1,262144,262144,262144,0,1,datasets/silesia/osdb,10085684,3553155,35.229688,0.5674235820770264,0.3174760341644287
0,turbo,16,1,262144,262144,262144,0,1,datasets/silesia/x-ray,8474240,5604565,66.136491,0.7104246616363525,0.4918787479400635
0,turbo,16,1,262144,262144,262144,0,1,datasets/silesia/samba,21606400,4897654,22.667608,0.995572566986084,0.4436039924621582
0,turbo,16,1,262144,262144,262144,0,1,datasets/silesia/sao,7251944,5175359,71.365126,0.6985368728637695,0.4631025791168213
0,turbo,16,1,262144,262144,262144,0,1,AVERAGE,17661548.333333332,5279883.833333333,29.894796,1.0287335912386577,0.4420645634333293
0,turbo,16,1,262144,262144,262144,0,2,datasets/silesia/ooffice,6152192,2926054,47.561162,0.5955548286437988,0.2580680847167969
0,turbo,16,1,262144,262144,262144,0,2,datasets/silesia/xml,5345280,592652,11.087389,0.2706875801086426,0.05885028839111328
0,turbo,16,1,262144,262144,262144,0,2,datasets/silesia/mr,9970564,3449334,34.595174,0.8419234752655029,0.29351091384887695
0,turbo,16,1,262144,262144,262144,0,2,datasets/silesia/nci,33553445,2584472,7.702553,1.4983136653900146,0.23707342147827148
0,turbo,16,1,262144,262144,262144,0,2,datasets/silesia/webster,41458703,11492523,27.720411,1.9417331218719482,0.9558346271514893
0,turbo,16,1,262144,262144,262144,0,2,datasets/silesia/reymont,6627202,1737727,26.221126,0.6768736839294434,0.15694928169250488
0,turbo,16,1,262144,262144,262144,0,2,datasets/silesia/dickens,10192446,3652234,35.832753,0.813056230545044,0.30652594566345215
0,turbo,16,1,262144,262144,262144,0,2,datasets/silesia/mozilla,51220480,17475480,34.11815,4.794427156448364,1.3803353309631348
0,turbo,16,1,262144,262144,262144,0,2,datasets/silesia/osdb,10085684,3537485,35.074319,0.6051251888275146,0.3185877799987793
0,turbo,16,1,262144,262144,262144,0,2,datasets/silesia/x-ray,8474240,5624361,66.370093,0.7741622924804688,0.49803996086120605
0,turbo,16,1,262144,262144,262144,0,2,datasets/silesia/samba,21606400,4830146,22.355163,1.087510347366333,0.44069361686706543
0,turbo,16,1,262144,262144,262144,0,2,datasets/silesia/sao,7251944,5172172,71.32118,0.7259671688079834,0.4751908779144287
0,turbo,16,1,262144,262144,262144,0,2,AVERAGE,17661548.333333332,5256220.0,29.760811,1.2187778949737549,0.44830501079559326
0,turbo,16,1,262144,262144,262144,0,3,datasets/silesia/ooffice,6152192,2918399,47.436735,0.7508633136749268,0.2570490837097168
0,turbo,16,1,262144,262144,262144,0,3,datasets/silesia/xml,5345280,595493,11.140539,0.3030738830566406,0.05579781532287598
0,turbo,16,1,262144,262144,262144,0,3,datasets/silesia/mr,9970564,3547292,35.577646,1.0495264530181885,0.3020820617675781
0,turbo,16,1,262144,262144,262144,0,3,datasets/silesia/nci,33553445,2587638,7.711989,1.9283874034881592,0.23804831504821777
0,turbo,16,1,262144,262144,262144,0,3,datasets/silesia/webster,41458703,11583468,27.939774,2.3143370151519775,0.9666762351989746
0,turbo,16,1,262144,262144,262144,0,3,datasets/silesia/reymont,6627202,1750354,26.411659,0.8544833660125732,0.1528489589691162
0,turbo,16,1,262144,262144,262144,0,3,datasets/silesia/dickens,10192446,3713751,36.436308,0.8267953395843506,0.30953335762023926
0,turbo,16,1,262144,262144,262144,0,3,datasets/silesia/mozilla,51220480,17462122,34.09207,6.099751949310303,1.377953290939331
0,turbo,16,1,262144,262144,262144,0,3,datasets/silesia/osdb,10085684,3538916,35.088508,0.6586546897888184,0.32605409622192383
0,turbo,16,1,262144,262144,262144,0,3,datasets/silesia/x-ray,8474240,5651865,66.694653,0.7400360107421875,0.4966444969177246
0,turbo,16,1,262144,262144,262144,0,3,datasets/silesia/samba,21606400,4832089,22.364156,1.2241559028625488,0.4488871097564697
0,turbo,16,1,262144,262144,262144,0,3,datasets/silesia/sao,7251944,5181526,71.450166,0.7883155345916748,0.4731259346008301
0,turbo,16,1,262144,262144,262144,0,3,AVERAGE,17661548.333333332,5280242.75,29.896828,1.4615317384401958,0.4503917296727498
0,turbo,16,1,1048576,65536,65536,10,0,datasets/silesia/ooffice,6152192,3032871,49.297405,0.37007808685302734,0.2764122486114502
0,turbo,16,1,1048576,65536,65536,10,0,datasets/silesia/xml,5345280,757828,14.177517,0.14557480812072754,0.06792187690734863
0,turbo,16,1,1048576,65536,65536,10,0,datasets/silesia/mr,9970564,3534792,35.452277,0.44814348220825195,0.30738043785095215
0,turbo,16,1,1048576,65536,65536,10,0,datasets/silesia/nci,33553445,3374698,10.05768,0.5434982776641846,0.28954195976257324
0,turbo,16,1,1048576,65536,65536,10,0,datasets/silesia/webster,41458703,12888678,31.087991,1.3996803760528564,1.0359306335449219
0,turbo,16,1,1048576,65536,65536,10,0,datasets/silesia/reymont,6627202,2066282,31.178799,0.25977373123168945,0.17164278030395508
0,turbo,16,1,1048576,65536,65536,10,0,datasets/silesia/dickens,10192446,4134633,40.56566,0.47330379486083984,0.33725976943969727
0,turbo,16,1,1048576,65536,65536,10,0,datasets/silesia/mozilla,51220480,18199008,35.530725,1.9222335815429688,1.4329659938812256
0,turbo,16,1,1048576,65536,65536,10,0,datasets/silesia/osdb,10085684,3595716,35.651682,0.452678918838501,0.3286125659942627
0,turbo,16,1,1048576,65536,65536,10,0,datasets/silesia/x-ray,8474240,5679283,67.018199,0.6690208911895752,0.5170683860778809
0,turbo,16,1,1048576,65536,65536,10,0,datasets/silesia/samba,21606400,5234645,24.227289,0.686939001083374,0.4733245372772217
0,turbo,16,1,1048576,65536,65536,10,0,datasets/silesia/sao,7251944,5302650,73.120394,0.5750167369842529,0.48920583724975586
0,turbo,16,1,1048576,65536,65536,10,0,AVERAGE,17661548.333333332,5650090.333333333,31.990912,0.6621618072191874,0.47727225224177044
0,turbo,16,1,1048576,65536,65536,10,1,datasets/silesia/ooffice,6152192,2988523,48.576556,0.35704541206359863,0.2711803913116455
0,turbo,16,1,1048576,65536,65536,10,1,datasets/silesia/xml,5345280,718066,13.433646,0.13182997703552246,0.06327152252197266
0,turbo,16,1,1048576,65536,65536,10,1,datasets/silesia/mr,9970564,3620873,36.315629,0.43337130546569824,0.3147578239440918
0,turbo,16,1,1048576,65536,65536,10,1,datasets/silesia/nci,33553445,3104178,9.251443,0.5093734264373779,0.27812767028808594
0,turbo,16,1,1048576,65536,65536,10,1,datasets/silesia/webster,41458703,12640311,30.488921,1.3781077861785889,1.0256893634796143
0,turbo,16,1,1048576,65536,65536,10,1,datasets/silesia/reymont,6627202,2009743,30.325664,0.2644033432006836,0.17565250396728516
0,turbo,16,1,1048576,65536,65536,10,1,datasets/silesia/dickens,10192446,4092295,40.150274,0.49251580238342285,0.342393159866333
0,turbo,16,1,1048576,65536,65536,10,1,datasets/silesia/mozilla,51220480,17866772,34.882086,1.9810035228729248,1.432206630706787
0,turbo,16,1,1048576,65536,65536,10,1,datasets/silesia/osdb,10085684,3578304,35.479041,0.4550435543060303,0.32012033462524414
0,turbo,16,1,1048576,65536,65536,10,1,datasets/silesia/x-ray,8474240,5687935,67.120296,0.6418163776397705,0.5187594890594482
0,turbo,16,1,1048576,65536,65536,10,1,datasets/silesia/samba,21606400,5101778,23.612346,0.6486871242523193,0.46340274810791016
0,turbo,16,1,1048576,65536,65536,10,1,datasets/silesia/sao,7251944,5302389,73.116795,0.5801801681518555,0.49546027183532715
0,turbo,16,1,1048576,65536,65536,10,1,AVERAGE,17661548.333333332,5559263.916666667,31.476651,0.6561148166656494,0.4750851591428121
0,turbo,16,1,1048576,65536,65536,10,2,datasets/silesia/ooffice,6152192,2990620,48.610642,0.35607171058654785,0.26813483238220215
0,turbo,16,1,1048576,65536,65536,10,2,datasets/silesia/xml,5345280,698935,13.075742,0.1442575454711914,0.06480908393859863
0,turbo,16,1,1048576,65536,65536,10,2,datasets/silesia/mr,9970564,3626228,36.369337,0.46146202087402344,0.32499146461486816
0,turbo,16,1,1048576,65536,65536,10,2,datasets/silesia/nci,33553445,2990984,8.914089,0.5020294189453125,0.28188419342041016
0,turbo,16,1,1048576,65536,65536,10,2,datasets/silesia/webster,41458703,12522351,30.204396,1.4399793148040771,1.058990240097046
0,turbo,16,1,1048576,65536,65536,10,2,datasets/silesia/reymont,6627202,2005285,30.258396,0.29082298278808594,0.18395352363586426
0,turbo,16,1,1048576,65536,65536,10,2,datasets/silesia/dickens,10192446,4062042,39.853456,0.5022690296173096,0.35419344902038574
0,turbo,16,1,1048576,65536,65536,10,2,datasets/silesia/mozilla,51220480,17862153,34.873068,2.000382661819458,1.450197696685791
0,turbo,16,1,1048576,65536,65536,10,2,datasets/silesia/osdb,10085684,3521277,34.913616,0.46905946731567383,0.33582448959350586
0,turbo,16,1,1048576,65536,65536,10,2,datasets/silesia/x-ray,8474240,5692689,67.176396,0.6678729057312012,0.5273890495300293
0,turbo,16,1,1048576,65536,65536,10,2,datasets/silesia/samba,21606400,5028096,23.271327,0.6634080410003662,0.4752197265625
0,turbo,16,1,1048576,65536,65536,10,2,datasets/silesia/sao,7251944,5346039,73.718702,0.5806994438171387,0.5080015659332275
0,turbo,16,1,1048576,65536,65536,10,2,AVERAGE,17661548.333333332,5528891.583333333,31.304682,0.6731928785641988,0.4861324429512024
0,turbo,16,1,1048576,65536,65536,10,3,datasets/silesia/ooffice,6152192,2980223,48.441645,0.3888719081878662,0.28144168853759766
0,turbo,16,1,1048576,65536,65536,10,3,datasets/silesia/xml,5345280,698537,13.068296,0.14649081230163574,0.06704235076904297
0,turbo,16,1,1048576,65536,65536,10,3,datasets/silesia/mr,9970564,3676902,36.877573,0.4392578601837158,0.33024096488952637
0,turbo,16,1,1048576,65536,65536,10,3,datasets/silesia/nci,33553445,3002474,8.948333,0.5206458568572998,0.27544569969177246
0,turbo,16,1,1048576,65536,65536,10,3,datasets/silesia/webster,41458703,12546350,30.262283,1.3588380813598633,1.0520527362823486
0,turbo,16,1,1048576,65536,65536,10,3,datasets/silesia/reymont,6627202,2013963,30.389341,0.26920437812805176,0.18184828758239746
0,turbo,16,1,1048576,65536,65536,10,3,datasets/silesia/dickens,10192446,4096158,40.188175,0.4900660514831543,0.3463163375854492
0,turbo,16,1,1048576,65536,65536,10,3,datasets/silesia/mozilla,51220480,17825605,34.801714,1.9614248275756836,1.433593988418579
0,turbo,16,1,1048576,65536,65536,10,3,datasets/silesia/osdb,10085684,3514130,34.842753,0.43291640281677246,0.3322622776031494
0,turbo,16,1,1048576,65536,65536,10,3,datasets/silesia/x-ray,8474240,5698515,67.245145,0.656064510345459,0.5201447010040283
0,turbo,16,1,1048576,65536,65536,10,3,datasets/silesia/samba,21606400,5024132,23.252981,0.6685373783111572,0.4713413715362549
0,turbo,16,1,1048576,65536,65536,10,3,datasets/silesia/sao,7251944,5339880,73.633773,0.5814518928527832,0.5036230087280273
0,turbo,16,1,1048576,65536,65536,10,3,AVERAGE,17661548.333333332,5534739.083333333,31.337791,0.6594808300336202,0.48294611771901447
0,turbo,16,1,1048576,65536,65536,1000,0,datasets/silesia/ooffice,6152192,2982242,48.474462,0.3820774555206299,0.26741504669189453
0,turbo,16,1,1048576,65536,65536,1000,0,datasets/silesia/xml,5345280,648709,12.136109,0.14451932907104492,0.05845046043395996
0,turbo,16,1,1048576,65536,65536,1000,0,datasets/silesia/mr,9970564,3451037,34.612255,0.4639096260070801,0.2883439064025879
0,turbo,16,1,1048576,65536,65536,1000,0,datasets/silesia/nci,33553445,2928855,8.728925,0.49057674407958984,0.25051164627075195
0,turbo,16,1,1048576,65536,65536,1000,0,datasets/silesia/webster,41458703,11910134,28.727705,1.359447956085205,0.9415576457977295
0,turbo,16,1,1048576,65536,65536,1000,0,datasets/silesia/reymont,6627202,1826021,27.553423,0.30452680587768555,0.15341949462890625
0,turbo,16,1,1048576,65536,65536,1000,0,datasets/silesia/dickens,10192446,3767893,36.967505,0.5071313381195068,0.30452442169189453
0,turbo,16,1,1048576,65536,65536,1000,0,datasets/silesia/mozilla,51220480,17947243,35.039193,1.9529242515563965,1.4118995666503906
0,turbo,16,1,1048576,65536,65536,1000,0,datasets/silesia/osdb,10085684,3530308,35.003159,0.4410686492919922,0.32190465927124023
0,turbo,16,1,1048576,65536,65536,1000,0,datasets/silesia/x-ray,8474240,5654446,66.72511,0.6531763076782227,0.5065224170684814
0,turbo,16,1,1048576,65536,65536,1000,0,datasets/silesia/samba,21606400,5022168,23.243891,0.6800785064697266,0.4580254554748535
0,turbo,16,1,1048576,65536,65536,1000,0,datasets/silesia/sao,7251944,5225392,72.055052,0.6021778583526611,0.4835484027862549
0,turbo,16,1,1048576,65536,65536,1000,0,AVERAGE,17661548.333333332,5407870.666666667,30.61946,0.6651345690091451,0.4538435935974121
0,turbo,16,1,1048576,65536,65536,1000,1,datasets/silesia/ooffice,6152192,2931929,47.656656,0.4017653465270996,0.2642347812652588
0,turbo,16,1,1048576,65536,65536,1000,1,datasets/silesia/xml,5345280,618403,11.569141,0.1580672264099121,0.05601978302001953
0,turbo,16,1,1048576,65536,65536,1000,1,datasets/silesia/mr,9970564,3425902,34.360163,0.5492429733276367,0.30031847953796387
0,turbo,16,1,1048576,65536,65536,1000,1,datasets/silesia/nci,33553445,2719916,8.10622,0.5207548141479492,0.2501556873321533
0,turbo,16,1,1048576,65536,65536,1000,1,datasets/silesia/webster,41458703,11715913,28.259237,1.4118459224700928,0.9538464546203613
0,turbo,16,1,1048576,65536,65536,1000,1,datasets/silesia/reymont,6627202,1779035,26.844436,0.38547492027282715,0.15395212173461914
0,turbo,16,1,1048576,65536,65536,1000,1,datasets/silesia/dickens,10192446,3732971,36.624879,0.5732762813568115,0.30694580078125
0,turbo,16,1,1048576,65536,65536,1000,1,datasets/silesia/mozilla,51220480,17555723,34.274812,1.917008876800537,1.38507080078125
0,turbo,16,1,1048576,65536,65536,1000,1,datasets/silesia/osdb,10085684,3439239,34.100206,0.4446423053741455,0.30562424659729004
0,turbo,16,1,1048576,65536,65536,1000,1,datasets/silesia/x-ray,8474240,5611805,66.221927,0.6787786483764648,0.5199313163757324
0,turbo,16,1,1048576,65536,65536,1000,1,datasets/silesia/samba,21606400,4903898,22.696507,0.675236701965332,0.44980525970458984
0,turbo,16,1,1048576,65536,65536,1000,1,datasets/silesia/sao,7251944,5186645,71.520754,0.6013317108154297,0.48369407653808594
0,turbo,16,1,1048576,65536,65536,1000,1,AVERAGE,17661548.333333332,5301781.583333333,30.018781,0.6931188106536865,0.45246656735738117
0,turbo,16,1,1048576,65536,65536,1000,2,datasets/silesia/ooffice,6152192,2930807,47.638419,0.41350817680358887,0.2715592384338379
0,turbo,16,1,1048576,65536,65536,1000,2,datasets/silesia/xml,5345280,608296,11.380059,0.16971540451049805,0.06089282035827637
0,turbo,16,1,1048576,65536,65536,1000,2,datasets/silesia/mr,9970564,3449132,34.593148,0.5762193202972412,0.3052103519439697
0,turbo,16,1,1048576,65536,65536,1000,2,datasets/silesia/nci,33553445,2626785,7.82866,0.545088529586792,0.24380064010620117
0,turbo,16,1,1048576,65536,65536,1000,2,datasets/silesia/webster,41458703,11625466,28.041075,1.4035744667053223,0.9690389633178711
0,turbo,16,1,1048576,65536,65536,1000,2,datasets/silesia/reymont,6627202,1764823,26.629987,0.4595937728881836,0.1538834571838379
0,turbo,16,1,1048576,65536,65536,1000,2,datasets/silesia/dickens,10192446,3715991,36.458285,0.5939931869506836,0.3188028335571289
0,turbo,16,1,1048576,65536,65536,1000,2,datasets/silesia/mozilla,51220480,17540390,34.244876,1.9713764190673828,1.378136157989502
0,turbo,16,1,1048576,65536,65536,1000,2,datasets/silesia/osdb,10085684,3428373,33.992469,0.44007182121276855,0.31514978408813477
0,turbo,16,1,1048576,65536,65536,1000,2,datasets/silesia/x-ray,8474240,5629226,66.427503,0.6711809635162354,0.5098869800567627
0,turbo,16,1,1048576,65536,65536,1000,2,datasets/silesia/samba,21606400,4834725,22.376356,0.6728823184967041,0.4501638412475586
0,turbo,16,1,1048576,65536,65536,1000,2,datasets/silesia/sao,7251944,5180879,71.441244,0.6212496757507324,0.47636866569519043
0,turbo,16,1,1048576,65536,65536,1000,2,AVERAGE,17661548.333333332,5277907.75,29.883607,0.7115378379821777,0.45440781116485596
0,turbo,16,1,1048576,65536,65536,1000,3,datasets/silesia/ooffice,6152192,2922930,47.510383,0.4376711845397949,0.26230525970458984
0,turbo,16,1,1048576,65536,65536,1000,3,datasets/silesia/xml,5345280,611015,11.430926,0.222761869430542,0.05767989158630371
0,turbo,16,1,1048576,65536,65536,1000,3,datasets/silesia/mr,9970564,3538829,35.492767,0.6864304542541504,0.3027966022491455
0,turbo,16,1,1048576,65536,65536,1000,3,datasets/silesia/nci,33553445,2627983,7.83223,0.5972442626953125,0.2441086769104004
0,turbo,16,1,1048576,65536,65536,1000,3,datasets/silesia/webster,41458703,11704480,28.23166,1.4912314414978027,0.9807727336883545
0,turbo,16,1,1048576,65536,65536,1000,3,datasets/silesia/reymont,6627202,1776748,26.809927,0.551363468170166,0.1554410457611084
0,turbo,16,1,1048576,65536,65536,1000,3,datasets/silesia/dickens,10192446,3775547,37.0426,0.6781458854675293,0.31499195098876953
0,turbo,16,1,1048576,65536,65536,1000,3,datasets/silesia/mozilla,51220480,17522607,34.210158,2.096743583679199,1.376619577407837
0,turbo,16,1,1048576,65536,65536,1000,3,datasets/silesia/osdb,10085684,3429431,34.002959,0.4862196445465088,0.3110029697418213
0,turbo,16,1,1048576,65536,65536,1000,3,datasets/silesia/x-ray,8474240,5645096,66.614776,0.6874942779541016,0.5091719627380371
0,turbo,16,1,1048576,65536,65536,1000,3,datasets/silesia/samba,21606400,4841037,22.40557,0.7261836528778076,0.4512441158294678
0,turbo,16,1,1048576,65536,65536,1000,3,datasets/silesia/sao,7251944,5191821,71.592128,0.6318492889404297,0.48151636123657227
0,turbo,16,1,1048576,65536,65536,1000,3,AVERAGE,17661548.333333332,5298960.333333333,30.002807,0.7744449178377787,0.45397092898686725
0,turbo,16,1,1048576,65536,65536,0,0,datasets/silesia/ooffice,6152192,2981975,48.470123,0.38592052459716797,0.25993800163269043
0,turbo,16,1,1048576,65536,65536,0,0,datasets/silesia/xml,5345280,648597,12.134014,0.14600515365600586,0.058473825454711914
0,turbo,16,1,1048576,65536,65536,0,0,datasets/silesia/mr,9970564,3449984,34.601694,0.48981571197509766,0.2861490249633789
0,turbo,16,1,1048576,65536,65536,0,0,datasets/silesia/nci,33553445,2914538,8.686256,0.5267758369445801,0.25211453437805176
0,turbo,16,1,1048576,65536,65536,0,0,datasets/silesia/webster,41458703,11910097,28.727616,1.3813011646270752,0.9383888244628906
0,turbo,16,1,1048576,65536,65536,0,0,datasets/silesia/reymont,6627202,1823303,27.51241,0.3074803352355957,0.1502077579498291
0,turbo,16,1,1048576,65536,65536,0,0,datasets/silesia/dickens,10192446,3767805,36.966642,0.48973822593688965,0.3004744052886963
0,turbo,16,1,1048576,65536,65536,0,0,datasets/silesia/mozilla,51220480,17951023,35.046573,1.9740338325500488,1.3939814567565918
0,turbo,16,1,1048576,65536,65536,0,0,datasets/silesia/osdb,10085684,3530308,35.003159,0.45287084579467773,0.3101508617401123
0,turbo,16,1,1048576,65536,65536,0,0,datasets/silesia/x-ray,8474240,5654446,66.72511,0.6506621837615967,0.5124068260192871
0,turbo,16,1,1048576,65536,65536,0,0,datasets/silesia/samba,21606400,5020597,23.23662,0.6918303966522217,0.4476594924926758
0,turbo,16,1,1048576,65536,65536,0,0,datasets/silesia/sao,7251944,5225391,72.055038,0.5610654354095459,0.4795053005218506
0,turbo,16,1,1048576,65536,65536,0,0,AVERAGE,17661548.333333332,5406505.333333333,30.611729,0.6714583039283752,0.4491208593050639
0,turbo,16,1,1048576,65536,65536,0,1,datasets/silesia/ooffice,6152192,2931773,47.654121,0.38968443870544434,0.2583003044128418
0,turbo,16,1,1048576,65536,65536,0,1,datasets/silesia/xml,5345280,618216,11.565643,0.17813920974731445,0.05641674995422363
0,turbo,16,1,1048576,65536,65536,0,1,datasets/silesia/mr,9970564,3420354,34.304519,0.6687886714935303,0.29892539978027344
0,turbo,16,1,1048576,65536,65536,0,1,datasets/silesia/nci,33553445,2697973,8.040823,0.609044075012207,0.2432548999786377
0,turbo,16,1,1048576,65536,65536,0,1,datasets/silesia/webster,41458703,11715869,28.259131,1.3937506675720215,0.9554769992828369
0,turbo,16,1,1048576,65536,65536,0,1,datasets/silesia/reymont,6627202,1775410,26.789737,0.43106818199157715,0.15085458755493164
0,turbo,16,1,1048576,65536,65536,0,1,datasets/silesia/dickens,10192446,3732870,36.623888,0.5515813827514648,0.3063185214996338
0,turbo,16,1,1048576,65536,65536,0,1,datasets/silesia/mozilla,51220480,17564592,34.292127,2.228700876235962,1.378777027130127
0,turbo,16,1,1048576,65536,65536,0,1,datasets/silesia/osdb,10085684,3439239,34.100206,0.44400572776794434,0.31542491912841797
0,turbo,16,1,1048576,65536,65536,0,1,datasets/silesia/x-ray,8474240,5611805,66.221927,0.6964550018310547,0.5183439254760742
0,turbo,16,1,1048576,65536,65536,0,1,datasets/silesia/samba,21606400,4902277,22.689004,0.6969408988952637,0.4708437919616699
0,turbo,16,1,1048576,65536,65536,0,1,datasets/silesia/sao,7251944,5186615,71.52034,0.6216259002685547,0.49687671661376953
0,turbo,16,1,1048576,65536,65536,0,1,AVERAGE,17661548.333333332,5299749.416666667,30.007275,0.7424820860226949,0.4541511535644531
0,turbo,16,1,1048576,65536,65536,0,2,datasets/silesia/ooffice,6152192,2930591,47.634908,0.4370296001434326,0.2745325565338135
0,turbo,16,1,1048576,65536,65536,0,2,datasets/silesia/xml,5345280,608085,11.376111,0.20151519775390625,0.06017875671386719
0,turbo,16,1,1048576,65536,65536,0,2,datasets/silesia/mr,9970564,3435961,34.46105,0.7444617748260498,0.3122432231903076
0,turbo,16,1,1048576,65536,65536,0,2,datasets/silesia/nci,33553445,2596384,7.738055,0.7955811023712158,0.2483372688293457
0,turbo,16,1,1048576,65536,65536,0,2,datasets/silesia/webster,41458703,11625425,28.040976,1.5125243663787842,1.0183792114257812
0,turbo,16,1,1048576,65536,65536,0,2,datasets/silesia/reymont,6627202,1759731,26.553152,0.5186891555786133,0.16517853736877441
0,turbo,16,1,1048576,65536,65536,0,2,datasets/silesia/dickens,10192446,3715852,36.456921,0.5927982330322266,0.313309907913208
0,turbo,16,1,1048576,65536,65536,0,2,datasets/silesia/mozilla,51220480,17548150,34.260026,3.077751636505127,1.3915724754333496
0,turbo,16,1,1048576,65536,65536,0,2,datasets/silesia/osdb,10085684,3428373,33.992469,0.43857812881469727,0.31038522720336914
0,turbo,16,1,1048576,65536,65536,0,2,datasets/silesia/x-ray,8474240,5629226,66.427503,0.6750550270080566,0.511145830154419
0,turbo,16,1,1048576,65536,65536,0,2,datasets/silesia/samba,21606400,4833252,22.369539,0.6995048522949219,0.4565904140472412
0,turbo,16,1,1048576,65536,65536,0,2,datasets/silesia/sao,7251944,5180492,71.435907,0.6245522499084473,0.4761674404144287
0,turbo,16,1,1048576,65536,65536,0,2,AVERAGE,17661548.333333332,5274293.5,29.863143,0.8598367770512899,0.46150173743565875
0,turbo,16,1,1048576,65536,65536,0,3,datasets/silesia/ooffice,6152192,2922671,47.506173,0.4602541923522949,0.26163315773010254
0,turbo,16,1,1048576,65536,65536,0,3,datasets/silesia/xml,5345280,610766,11.426268,0.23268461227416992,0.05908036231994629
0,turbo,16,1,1048576,65536,65536,0,3,datasets/silesia/mr,9970564,3534980,35.454163,0.9290726184844971,0.30403971672058105
0,turbo,16,1,1048576,65536,65536,0,3,datasets/silesia/nci,33553445,2596700,7.738997,1.0505752563476562,0.26314663887023926
0,turbo,16,1,1048576,65536,65536,0,3,datasets/silesia/webster,41458703,11704448,28.231583,1.6157526969909668,1.049877643585205
0,turbo,16,1,1048576,65536,65536,0,3,datasets/silesia/reymont,6627202,1771371,26.728791,0.6847827434539795,0.16072821617126465
0,turbo,16,1,1048576,65536,65536,0,3,datasets/silesia/dickens,10192446,3775424,37.041393,0.7548236846923828,0.32954955101013184
0,turbo,16,1,1048576,65536,65536,0,3,datasets/silesia/mozilla,51220480,17530454,34.225478,4.113293409347534,1.453561782836914
0,turbo,16,1,1048576,65536,65536,0,3,datasets/silesia/osdb,10085684,3429431,34.002959,0.5028426647186279,0.3221251964569092
0,turbo,16,1,1048576,65536,65536,0,3,datasets/silesia/x-ray,8474240,5645096,66.614776,0.7266817092895508,0.5476140975952148
0,turbo,16,1,1048576,65536,65536,0,3,datasets/silesia/samba,21606400,4839619,22.399007,0.8008079528808594,0.46422648429870605
0,turbo,16,1,1048576,65536,65536,0,3,datasets/silesia/sao,7251944,5191281,71.584681,0.6606683731079102,0.49678468704223633
0,turbo,16,1,1048576,65536,65536,0,3,AVERAGE,17661548.333333332,5296020.083333333,29.98616,1.0443533261617024,0.4760306278864543
0,turbo,16,1,1048576,65536,262144,10,0,datasets/silesia/ooffice,6152192,3032871,49.297405,0.3912348747253418,0.30544519424438477
0,turbo,16,1,1048576,65536,262144,10,0,datasets/silesia/xml,5345280,757828,14.177517,0.14807963371276855,0.06984066963195801
0,turbo,16,1,1048576,65536,262144,10,0,datasets/silesia/mr,9970564,3534792,35.452277,0.47901225090026855,0.32106709480285645
0,turbo,16,1,1048576,65536,262144,10,0,datasets/silesia/nci,33553445,3374698,10.05768,0.5564436912536621,0.3166217803955078
0,turbo,16,1,1048576,65536,262144,10,0,datasets/silesia/webster,41458703,12888678,31.087991,1.4309663772583008,1.0518834590911865
0,turbo,16,1,1048576,65536,262144,10,0,datasets/silesia/reymont,6627202,2066282,31.178799,0.2853505611419678,0.18540000915527344
0,turbo,16,1,1048576,65536,262144,10,0,datasets/silesia/dickens,10192446,4134633,40.56566,0.5330514907836914,0.3418467044830322
0,turbo,16,1,1048576,65536,262144,10,0,datasets/silesia/mozilla,51220480,18199008,35.530725,1.981673240661621,1.4490141868591309
0,turbo,16,1,1048576,65536,262144,10,0,datasets/silesia/osdb,10085684,3595716,35.651682,0.46593332290649414,0.32320618629455566
0,turbo,16,1,1048576,65536,262144,10,0,datasets/silesia/x-ray,8474240,5679283,67.018199,0.681631326675415,0.5309646129608154
0,turbo,16,1,1048576,65536,262144,10,0,datasets/silesia/samba,21606400,5234645,24.227289,0.6776587963104248,0.47647666931152344
0,turbo,16,1,1048576,65536,262144,10,0,datasets/silesia/sao,7251944,5302650,73.120394,0.5933151245117188,0.49027132987976074
0,turbo,16,1,1048576,65536,262144,10,0,AVERAGE,17661548.333333332,5650090.333333333,31.990912,0.6853625575701395,0.4885031580924988
0,turbo,16,1,1048576,65536,262144,10,1,datasets/silesia/ooffice,6152192,2988523,48.576556,0.3509101867675781,0.2747209072113037
0,turbo,16,1,1048576,65536,262144,10,1,datasets/silesia/xml,5345280,718066,13.433646,0.14560508728027344,0.06682252883911133
0,turbo,16,1,1048576,65536,262144,10,1,datasets/silesia/mr,9970564,3620873,36.315629,0.44617509841918945,0.32120227813720703
0,turbo,16,1,1048576,65536,262144,10,1,datasets/silesia/nci,33553445,3104178,9.251443,0.4767138957977295,0.27837681770324707
0,turbo,16,1,1048576,65536,262144,10,1,datasets/silesia/webster,41458703,12640311,30.488921,1.389195203781128,1.0431742668151855
0,turbo,16,1,1048576,65536,262144,10,1,datasets/silesia/reymont,6627202,2009743,30.325664,0.26245617866516113,0.1844170093536377
0,turbo,16,1,1048576,65536,262144,10,1,datasets/silesia/dickens,10192446,4092295,40.150274,0.5000147819519043,0.3468587398529053
0,turbo,16,1,1048576,65536,262144,10,1,datasets/silesia/mozilla,51220480,17866772,34.882086,1.949436902999878,1.4439787864685059
0,turbo,16,1,1048576,65536,262144,10,1,datasets/silesia/osdb,10085684,3578304,35.479041,0.48001909255981445,0.32606959342956543
0,turbo,16,1,1048576,65536,262144,10,1,datasets/silesia/x-ray,8474240,5687935,67.120296,0.6751861572265625,0.5292456150054932
0,turbo,16,1,1048576,65536,262144,10,1,datasets/silesia/samba,21606400,5101778,23.612346,0.7059271335601807,0.480177640914917
0,turbo,16,1,1048576,65536,262144,10,1,datasets/silesia/sao,7251944,5302389,73.116795,0.5813827514648438,0.4986903667449951
0,turbo,16,1,1048576,65536,262144,10,1,AVERAGE,17661548.333333332,5559263.916666667,31.476651,0.6635852058728536,0.48281121253967285
0,turbo,16,1,1048576,65536,262144,10,2,datasets/silesia/ooffice,6152192,2990620,48.610642,0.3672599792480469,0.29925107955932617
0,turbo,16,1,1048576,65536,262144,10,2,datasets/silesia/xml,5345280,698935,13.075742,0.14027953147888184,0.0704648494720459
0,turbo,16,1,1048576,65536,262144,10,2,datasets/silesia/mr,9970564,3626228,36.369337,0.4372403621673584,0.335587739944458
0,turbo,16,1,1048576,65536,262144,10,2,datasets/silesia/nci,33553445,2990984,8.914089,0.4929509162902832,0.28467798233032227
0,turbo,16,1,1048576,65536,262144,10,2,datasets/silesia/webster,41458703,12522351,30.204396,1.421532154083252,1.0766983032226562
0,turbo,16,1,1048576,65536,262144,10,2,datasets/silesia/reymont,6627202,2005285,30.258396,0.26952505111694336,0.18367981910705566
0,turbo,16,1,1048576,65536,262144,10,2,datasets/silesia/dickens,10192446,4062042,39.853456,0.4883270263671875,0.35463905334472656
0,turbo,16,1,1048576,65536,262144,10,2,datasets/silesia/mozilla,51220480,17862153,34.873068,1.9877796173095703,1.503427267074585
0,turbo,16,1,1048576,65536,262144,10,2,datasets/silesia/osdb,10085684,3521277,34.913616,0.49422717094421387,0.34072089195251465
0,turbo,16,1,1048576,65536,262144,10,2,datasets/silesia/x-ray,8474240,5692689,67.176396,0.6997897624969482,0.5304844379425049
0,turbo,16,1,1048576,65536,262144,10,2,datasets/silesia/samba,21606400,5028096,23.271327,0.6570298671722412,0.49753332138061523
0,turbo,16,1,1048576,65536,262144,10,2,datasets/silesia/sao,7251944,5346039,73.718702,0.6072463989257812,0.5008080005645752
0,turbo,16,1,1048576,65536,262144,10,2,AVERAGE,17661548.333333332,5528891.583333333,31.304682,0.671932319800059,0.49816439549128216
0,turbo,16,1,1048576,65536,262144,10,3,datasets/silesia/ooffice,6152192,2980223,48.441645,0.3740541934967041,0.2818746566772461
0,turbo,16,1,1048576,65536,262144,10,3,datasets/silesia/xml,5345280,698537,13.068296,0.15619277954101562,0.06699562072753906
0,turbo,16,1,1048576,65536,262144,10,3,datasets/silesia/mr,9970564,3676902,36.877573,0.4767634868621826,0.3419818878173828
0,turbo,16,1,1048576,65536,262144,10,3,datasets/silesia/nci,33553445,3002474,8.948333,0.5514063835144043,0.2878444194793701
0,turbo,16,1,1048576,65536,262144,10,3,datasets/silesia/webster,41458703,12546350,30.262283,1.4597678184509277,1.0826447010040283
0,turbo,16,1,1048576,65536,262144,10,3,datasets/silesia/reymont,6627202,2013963,30.389341,0.31018829345703125,0.18716120719909668
0,turbo,16,1,1048576,65536,262144,10,3,datasets/silesia/dickens,10192446,4096158,40.188175,0.5163848400115967,0.3515002727508545
0,turbo,16,1,1048576,65536,262144,10,3,datasets/silesia/mozilla,51220480,17825605,34.801714,1.9960136413574219,1.4510035514831543
0,turbo,16,1,1048576,65536,262144,10,3,datasets/silesia/osdb,10085684,3514130,34.842753,0.5043778419494629,0.32844996452331543
0,turbo,16,1,1048576,65536,262144,10,3,datasets/silesia/x-ray,8474240,5698515,67.245145,0.7439405918121338,0.5421621799468994
0,turbo,16,1,1048576,65536,262144,10,3,datasets/silesia/samba,21606400,5024132,23.252981,0.6711905002593994,0.46460628509521484
0,turbo,16,1,1048576,65536,262144,10,3,datasets/silesia/sao,7251944,5339880,73.633773,0.5642900466918945,0.4973456859588623
0,turbo,16,1,1048576,65536,262144,10,3,AVERAGE,17661548.333333332,5534739.083333333,31.337791,0.6937142014503479,0.490297536055247
0,turbo,16,1,1048576,65536,262144,1000,0,datasets/silesia/ooffice,6152192,2982242,48.474462,0.3779571056365967,0.26569128036499023
0,turbo,16,1,1048576,65536,262144,1000,0,datasets/silesia/xml,5345280,648709,12.136109,0.14295721054077148,0.057233333587646484
0,turbo,16,1,1048576,65536,262144,1000,0,datasets/silesia/mr,9970564,3451037,34.612255,0.45712900161743164,0.28757190704345703
0,turbo,16,1,1048576,65536,262144,1000,0,datasets/silesia/nci,33553445,2928855,8.728925,0.5110452175140381,0.2511746883392334
0,turbo,16,1,1048576,65536,262144,1000,0,datasets/silesia/webster,41458703,11910134,28.727705,1.3479695320129395,0.9418246746063232
0,turbo,16,1,1048576,65536,262144,1000,0,datasets/silesia/reymont,6627202,1826021,27.553423,0.3023660182952881,0.1504521369934082
0,turbo,16,1,1048576,65536,262144,1000,0,datasets/silesia/dickens,10192446,3767893,36.967505,0.5148303508758545,0.30577754974365234
0,turbo,16,1,1048576,65536,262144,1000,0,datasets/silesia/mozilla,51220480,17947243,35.039193,2.0205769538879395,1.3895890712738037
0,turbo,16,1,1048576,65536,262144,1000,0,datasets/silesia/osdb,10085684,3530308,35.003159,0.44949817657470703,0.3157768249511719
0,turbo,16,1,1048576,65536,262144,1000,0,datasets/silesia/x-ray,8474240,5654446,66.72511,0.6689853668212891,0.5068838596343994
0,turbo,16,1,1048576,65536,262144,1000,0,datasets/silesia/samba,21606400,5022168,23.243891,0.6441752910614014,0.4518876075744629
0,turbo,16,1,1048576,65536,262144,1000,0,datasets/silesia/sao,7251944,5225392,72.055052,0.5644669532775879,0.47423315048217773
0,turbo,16,1,1048576,65536,262144,1000,0,AVERAGE,17661548.333333332,5407870.666666667,30.61946,0.6668297648429871,0.44984134038289386
0,turbo,16,1,1048576,65536,262144,1000,1,datasets/silesia/ooffice,6152192,2931929,47.656656,0.38942575454711914,0.26256513595581055
0,turbo,16,1,1048576,65536,262144,1000,1,datasets/silesia/xml,5345280,618403,11.569141,0.16138696670532227,0.057120323181152344
0,turbo,16,1,1048576,65536,262144,1000,1,datasets/silesia/mr,9970564,3425902,34.360163,0.5624680519104004,0.2989060878753662
0,turbo,16,1,1048576,65536,262144,1000,1,datasets/silesia/nci,33553445,2719916,8.10622,0.5261721611022949,0.24114179611206055
0,turbo,16,1,1048576,65536,262144,1000,1,datasets/silesia/webster,41458703,11715913,28.259237,1.357602596282959,0.9479014873504639
0,turbo,16,1,1048576,65536,262144,1000,1,datasets/silesia/reymont,6627202,1779035,26.844436,0.39192986488342285,0.15213775634765625
0,turbo,16,1,1048576,65536,262144,1000,1,datasets/silesia/dickens,10192446,3732971,36.624879,0.5469911098480225,0.3101346492767334
0,turbo,16,1,1048576,65536,262144,1000,1,datasets/silesia/mozilla,51220480,17555723,34.274812,1.9514527320861816,1.3750693798065186
0,turbo,16,1,1048576,65536,262144,1000,1,datasets/silesia/osdb,10085684,3439239,34.100206,0.45465087890625,0.31162309646606445
0,turbo,16,1,1048576,65536,262144,1000,1,datasets/silesia/x-ray,8474240,5611805,66.221927,0.6488029956817627,0.5085983276367188
0,turbo,16,1,1048576,65536,262144,1000,1,datasets/silesia/samba,21606400,4903898,22.696507,0.6446807384490967,0.44587111473083496
0,turbo,16,1,1048576,65536,262144,1000,1,datasets/silesia/sao,7251944,5186645,71.520754,0.6018011569976807,0.48160719871520996
0,turbo,16,1,1048576,65536,262144,1000,1,AVERAGE,17661548.333333332,5301781.583333333,30.018781,0.6864470839500427,0.4493896961212158
0,turbo,16,1,1048576,65536,262144,1000,2,datasets/silesia/ooffice,6152192,2930807,47.638419,0.4151937961578369,0.2647287845611572
0,turbo,16,1,1048576,65536,262144,1000,2,datasets/silesia/xml,5345280,608296,11.380059,0.17845749855041504,0.05555272102355957
0,turbo,16,1,1048576,65536,262144,1000,2,datasets/silesia/mr,9970564,3449132,34.593148,0.5837051868438721,0.2993617057800293
0,turbo,16,1,1048576,65536,262144,1000,2,datasets/silesia/nci,33553445,2626785,7.82866,0.5751433372497559,0.2446606159210205
0,turbo,16,1,1048576,65536,262144,1000,2,datasets/silesia/webster,41458703,11625466,28.041075,1.3937056064605713,0.9784538745880127
0,turbo,16,1,1048576,65536,262144,1000,2,datasets/silesia/reymont,6627202,1764823,26.629987,0.45466017723083496,0.16254401206970215
0,turbo,16,1,1048576,65536,262144,1000,2,datasets/silesia/dickens,10192446,3715991,36.458285,0.6259074211120605,0.3200845718383789
0,turbo,16,1,1048576,65536,262144,1000,2,datasets/silesia/mozilla,51220480,17540390,34.244876,1.9667108058929443,1.3807332515716553
0,turbo,16,1,1048576,65536,262144,1000,2,datasets/silesia/osdb,10085684,3428373,33.992469,0.4610743522644043,0.309185266494751
0,turbo,16,1,1048576,65536,262144,1000,2,datasets/silesia/x-ray,8474240,5629226,66.427503,0.6627981662750244,0.5094931125640869
0,turbo,16,1,1048576,65536,262144,1000,2,datasets/silesia/samba,21606400,4834725,22.376356,0.691676139831543,0.447493314743042
0,turbo,16,1,1048576,65536,262144,1000,2,datasets/silesia/sao,7251944,5180879,71.441244,0.6176488399505615,0.475935697555542
0,turbo,16,1,1048576,65536,262144,1000,2,AVERAGE,17661548.333333332,5277907.75,29.883607,0.718890110651652,0.45401891072591144
0,turbo,16,1,1048576,65536,262144,1000,3,datasets/silesia/ooffice,6152192,2922930,47.510383,0.43270373344421387,0.258439302444458
0,turbo,16,1,1048576,65536,262144,1000,3,datasets/silesia/xml,5345280,611015,11.430926,0.20957422256469727,0.059281349182128906
0,turbo,16,1,1048576,65536,262144,1000,3,datasets/silesia/mr,9970564,3538829,35.492767,0.7270641326904297,0.3038065433502197
0,turbo,16,1,1048576,65536,262144,1000,3,datasets/silesia/nci,33553445,2627983,7.83223,0.5998752117156982,0.2427208423614502
0,turbo,16,1,1048576,65536,262144,1000,3,datasets/silesia/webster,41458703,11704480,28.23166,1.5008301734924316,0.9704887866973877
0,turbo,16,1,1048576,65536,262144,1000,3,datasets/silesia/reymont,6627202,1776748,26.809927,0.5541584491729736,0.1533207893371582
0,turbo,16,1,1048576,65536,262144,1000,3,datasets/silesia/dickens,10192446,3775547,37.0426,0.6974654197692871,0.3126685619354248
0,turbo,16,1,1048576,65536,262144,1000,3,datasets/silesia/mozilla,51220480,17522607,34.210158,2.0762062072753906,1.3792650699615479
0,turbo,16,1,1048576,65536,262144,1000,3,datasets/silesia/osdb,10085684,3429431,34.002959,0.4843754768371582,0.30960845947265625
0,turbo,16,1,1048576,65536,262144,1000,3,datasets/silesia/x-ray,8474240,5645096,66.614776,0.6753203868865967,0.5108993053436279
0,turbo,16,1,1048576,65536,262144,1000,3,datasets/silesia/samba,21606400,4841037,22.40557,0.7243025302886963,0.45388245582580566
0,turbo,16,1,1048576,65536,262144,1000,3,datasets/silesia/sao,7251944,5191821,71.592128,0.6348023414611816,0.4714815616607666
0,turbo,16,1,1048576,65536,262144,1000,3,AVERAGE,17661548.333333332,5298960.333333333,30.002807,0.7763898571332296,0.4521552522977193
0,turbo,16,1,1048576,65536,262144,0,0,datasets/silesia/ooffice,6152192,2981975,48.470123,0.37743449211120605,0.26587462425231934
0,turbo,16,1,1048576,65536,262144,0,0,datasets/silesia/xml,5345280,648597,12.134014,0.14277052879333496,0.0585637092590332
0,turbo,16,1,1048576,65536,262144,0,0,datasets/silesia/mr,9970564,3449984,34.601694,0.5047342777252197,0.2886369228363037
0,turbo,16,1,1048576,65536,262144,0,0,datasets/silesia/nci,33553445,2914538,8.686256,0.5196390151977539,0.24329876899719238
0,turbo,16,1,1048576,65536,262144,0,0,datasets/silesia/webster,41458703,11910097,28.727616,1.3778529167175293,0.9361989498138428
0,turbo,16,1,1048576,65536,262144,0,0,datasets/silesia/reymont,6627202,1823303,27.51241,0.3056373596191406,0.14951300621032715
0,turbo,16,1,1048576,65536,262144,0,0,datasets/silesia/dickens,10192446,3767805,36.966642,0.5080938339233398,0.2971811294555664
0,turbo,16,1,1048576,65536,262144,0,0,datasets/silesia/mozilla,51220480,17951023,35.046573,1.9909329414367676,1.3874294757843018
0,turbo,16,1,1048576,65536,262144,0,0,datasets/silesia/osdb,10085684,3530308,35.003159,0.4541919231414795,0.31330204010009766
0,turbo,16,1,1048576,65536,262144,0,0,datasets/silesia/x-ray,8474240,5654446,66.72511,0.6645174026489258,0.5079343318939209
0,turbo,16,1,1048576,65536,262144,0,0,datasets/silesia/samba,21606400,5020597,23.23662,0.6925859451293945,0.44727611541748047
0,turbo,16,1,1048576,65536,262144,0,0,datasets/silesia/sao,7251944,5225391,72.055038,0.5932168960571289,0.47075414657592773
0,turbo,16,1,1048576,65536,262144,0,0,AVERAGE,17661548.333333332,5406505.333333333,30.611729,0.6776339610417684,0.44716360171635944
0,turbo,16,1,1048576,65536,262144,0,1,datasets/silesia/ooffice,6152192,2931773,47.654121,0.39718079566955566,0.2604994773864746
0,turbo,16,1,1048576,65536,262144,0,1,datasets/silesia/xml,5345280,618216,11.565643,0.1730639934539795,0.05472087860107422
0,turbo,16,1,1048576,65536,262144,0,1,datasets/silesia/mr,9970564,3420354,34.304519,0.6711339950561523,0.2908439636230469
0,turbo,16,1,1048576,65536,262144,0,1,datasets/silesia/nci,33553445,2697973,8.040823,0.6416923999786377,0.23842096328735352
0,turbo,16,1,1048576,65536,262144,0,1,datasets/silesia/webster,41458703,11715869,28.259131,1.3565151691436768,0.9523892402648926
0,turbo,16,1,1048576,65536,262144,0,1,datasets/silesia/reymont,6627202,1775410,26.789737,0.4285905361175537,0.15081095695495605
0,turbo,16,1,1048576,65536,262144,0,1,datasets/silesia/dickens,10192446,3732870,36.623888,0.5528225898742676,0.3062276840209961
0,turbo,16,1,1048576,65536,262144,0,1,datasets/silesia/mozilla,51220480,17564592,34.292127,2.217740774154663,1.3714110851287842
0,turbo,16,1,1048576,65536,262144,0,1,datasets/silesia/osdb,10085684,3439239,34.100206,0.477480411529541,0.3066885471343994
0,turbo,16,1,1048576,65536,262144,0,1,datasets/silesia/x-ray,8474240,5611805,66.221927,0.6625478267669678,0.5010123252868652
0,turbo,16,1,1048576,65536,262144,0,1,datasets/silesia/samba,21606400,4902277,22.689004,0.6684665679931641,0.44519877433776855
0,turbo,16,1,1048576,65536,262144,0,1,datasets/silesia/sao,7251944,5186615,71.52034,0.5802347660064697,0.4750204086303711
0,turbo,16,1,1048576,65536,262144,0,1,AVERAGE,17661548.333333332,5299749.416666667,30.007275,0.7356224854787191,0.44610369205474854
0,turbo,16,1,1048576,65536,262144,0,2,datasets/silesia/ooffice,6152192,2930591,47.634908,0.4186718463897705,0.2632758617401123
0,turbo,16,1,1048576,65536,262144,0,2,datasets/silesia/xml,5345280,608085,11.376111,0.2004554271697998,0.05743074417114258
0,turbo,16,1,1048576,65536,262144,0,2,datasets/silesia/mr,9970564,3435961,34.46105,0.7425038814544678,0.2984769344329834
0,turbo,16,1,1048576,65536,262144,0,2,datasets/silesia/nci,33553445,2596384,7.738055,0.7495803833007812,0.23995661735534668
0,turbo,16,1,1048576,65536,262144,0,2,datasets/silesia/webster,41458703,11625425,28.040976,1.4143216609954834,0.9708514213562012
0,turbo,16,1,1048576,65536,262144,0,2,datasets/silesia/reymont,6627202,1759731,26.553152,0.5086734294891357,0.16170191764831543
0,turbo,16,1,1048576,65536,262144,0,2,datasets/silesia/dickens,10192446,3715852,36.456921,0.6235759258270264,0.32096266746520996
0,turbo,16,1,1048576,65536,262144,0,2,datasets/silesia/mozilla,51220480,17548150,34.260026,2.9093806743621826,1.3834290504455566
0,turbo,16,1,1048576,65536,262144,0,2,datasets/silesia/osdb,10085684,3428373,33.992469,0.4745807647705078,0.31221532821655273
0,turbo,16,1,1048576,65536,262144,0,2,datasets/silesia/x-ray,8474240,5629226,66.427503,0.6794915199279785,0.510199785232544
0,turbo,16,1,1048576,65536,262144,0,2,datasets/silesia/samba,21606400,4833252,22.369539,0.7108283042907715,0.4478285312652588
0,turbo,16,1,1048576,65536,262144,0,2,datasets/silesia/sao,7251944,5180492,71.435907,0.6224064826965332,0.4779222011566162
0,turbo,16,1,1048576,65536,262144,0,2,AVERAGE,17661548.333333332,5274293.5,29.863143,0.8378725250562032,0.45368758837382
0,turbo,16,1,1048576,65536,262144,0,3,datasets/silesia/ooffice,6152192,2922671,47.506173,0.45290660858154297,0.2649960517883301
0,turbo,16,1,1048576,65536,262144,0,3,datasets/silesia/xml,5345280,610766,11.426268,0.22903037071228027,0.058690786361694336
0,turbo,16,1,1048576,65536,262144,0,3,datasets/silesia/mr,9970564,3534980,35.454163,0.9244539737701416,0.3033101558685303
0,turbo,16,1,1048576,65536,262144,0,3,datasets/silesia/nci,33553445,2596700,7.738997,1.008941650390625,0.24185776710510254
0,turbo,16,1,1048576,65536,262144,0,3,datasets/silesia/webster,41458703,11704448,28.231583,1.4935615062713623,0.9714717864990234
0,turbo,16,1,1048576,65536,262144,0,3,datasets/silesia/reymont,6627202,1771371,26.728791,0.6213276386260986,0.15878701210021973
0,turbo,16,1,1048576,65536,262144,0,3,datasets/silesia/dickens,10192446,3775424,37.041393,0.664445161819458,0.3190646171569824
0,turbo,16,1,1048576,65536,262144,0,3,datasets/silesia/mozilla,51220480,17530454,34.225478,3.880814552307129,1.3800208568572998
0,turbo,16,1,1048576,65536,262144,0,3,datasets/silesia/osdb,10085684,3429431,34.002959,0.4923069477081299,0.31091785430908203
0,turbo,16,1,1048576,65536,262144,0,3,datasets/silesia/x-ray,8474240,5645096,66.614776,0.6669270992279053,0.5115087032318115
0,turbo,16,1,1048576,65536,262144,0,3,datasets/silesia/samba,21606400,4839619,22.399007,0.7682912349700928,0.45577335357666016
0,turbo,16,1,1048576,65536,262144,0,3,datasets/silesia/sao,7251944,5191281,71.584681,0.6333389282226562,0.48560166358947754
0,turbo,16,1,1048576,65536,262144,0,3,AVERAGE,17661548.333333332,5296020.083333333,29.98616,0.9863621393839518,0.45516671737035114
0,turbo,16,1,1048576,65536,1048576,10,0,datasets/silesia/ooffice,6152192,3032871,49.297405,0.38499951362609863,0.27263569831848145
0,turbo,16,1,1048576,65536,1048576,10,0,datasets/silesia/xml,5345280,757828,14.177517,0.15428423881530762,0.06734299659729004
0,turbo,16,1,1048576,65536,1048576,10,0,datasets/silesia/mr,9970564,3534792,35.452277,0.4573676586151123,0.3037564754486084
0,turbo,16,1,1048576,65536,1048576,10,0,datasets/silesia/nci,33553445,3374698,10.05768,0.5710299015045166,0.2849135398864746
0,turbo,16,1,1048576,65536,1048576,10,0,datasets/silesia/webster,41458703,12888678,31.087991,1.3955841064453125,1.023430347442627
0,turbo,16,1,1048576,65536,1048576,10,0,datasets/silesia/reymont,6627202,2066282,31.178799,0.26714348793029785,0.17493176460266113
0,turbo,16,1,1048576,65536,1048576,10,0,datasets/silesia/dickens,10192446,4134633,40.56566,0.47802233695983887,0.32842564582824707
0,turbo,16,1,1048576,65536,1048576,10,0,datasets/silesia/mozilla,51220480,18199008,35.530725,1.9863708019256592,1.4351675510406494
0,turbo,16,1,1048576,65536,1048576,10,0,datasets/silesia/osdb,10085684,3595716,35.651682,0.42934107780456543,0.31984758377075195
0,turbo,16,1,1048576,65536,1048576,10,0,datasets/silesia/x-ray,8474240,5679283,67.018199,0.6974196434020996,0.5135502815246582
0,turbo,16,1,1048576,65536,1048576,10,0,datasets/silesia/samba,21606400,5234645,24.227289,0.6641316413879395,0.46709775924682617
0,turbo,16,1,1048576,65536,1048576,10,0,datasets/silesia/sao,7251944,5302650,73.120394,0.5683071613311768,0.47976160049438477
0,turbo,16,1,1048576,65536,1048576,10,0,AVERAGE,17661548.333333332,5650090.333333333,31.990912,0.6711667974789938,0.47257177035013836
0,turbo,16,1,1048576,65536,1048576,10,1,datasets/silesia/ooffice,6152192,2988523,48.576556,0.3649444580078125,0.26808786392211914
0,turbo,16,1,1048576,65536,1048576,10,1,datasets/silesia/xml,5345280,718066,13.433646,0.14291071891784668,0.06763625144958496
0,turbo,16,1,1048576,65536,1048576,10,1,datasets/silesia/mr,9970564,3620873,36.315629,0.4820094108581543,0.31819939613342285
0,turbo,16,1,1048576,65536,1048576,10,1,datasets/silesia/nci,33553445,3104178,9.251443,0.5443692207336426,0.2834444046020508
0,turbo,16,1,1048576,65536,1048576,10,1,datasets/silesia/webster,41458703,12640311,30.488921,1.4024503231048584,1.0537374019622803
0,turbo,16,1,1048576,65536,1048576,10,1,datasets/silesia/reymont,6627202,2009743,30.325664,0.278350830078125,0.1756577491760254
0,turbo,16,1,1048576,65536,1048576,10,1,datasets/silesia/dickens,10192446,4092295,40.150274,0.4955878257751465,0.33848023414611816
0,turbo,16,1,1048576,65536,1048576,10,1,datasets/silesia/mozilla,51220480,17866772,34.882086,1.8876371383666992,1.4225447177886963
0,turbo,16,1,1048576,65536,1048576,10,1,datasets/silesia/osdb,10085684,3578304,35.479041,0.4268074035644531,0.3282620906829834
0,turbo,16,1,1048576,65536,1048576,10,1,datasets/silesia/x-ray,8474240,5687935,67.120296,0.6510374546051025,0.511878252029419
0,turbo,16,1,1048576,65536,1048576,10,1,datasets/silesia/samba,21606400,5101778,23.612346,0.6667478084564209,0.4677410125732422
0,turbo,16,1,1048576,65536,1048576,10,1,datasets/silesia/sao,7251944,5302389,73.116795,0.5538430213928223,0.4846830368041992
0,turbo,16,1,1048576,65536,1048576,10,1,AVERAGE,17661548.333333332,5559263.916666667,31.476651,0.658057967821757,0.4766960342725118
0,turbo,16,1,1048576,65536,1048576,10,2,datasets/silesia/ooffice,6152192,2990620,48.610642,0.358234167098999,0.26873111724853516
0,turbo,16,1,1048576,65536,1048576,10,2,datasets/silesia/xml,5345280,698935,13.075742,0.1317894458770752,0.06739020347595215
0,turbo,16,1,1048576,65536,1048576,10,2,datasets/silesia/mr,9970564,3626228,36.369337,0.46351146697998047,0.32474803924560547
0,turbo,16,1,1048576,65536,1048576,10,2,datasets/silesia/nci,33553445,2990984,8.914089,0.5381300449371338,0.27509188652038574
0,turbo,16,1,1048576,65536,1048576,10,2,datasets/silesia/webster,41458703,12522351,30.204396,1.3820459842681885,1.047377586364746
0,turbo,16,1,1048576,65536,1048576,10,2,datasets/silesia/reymont,6627202,2005285,30.258396,0.257904052734375,0.18363308906555176
0,turbo,16,1,1048576,65536,1048576,10,2,datasets/silesia/dickens,10192446,4062042,39.853456,0.494220495223999,0.348677396774292
0,turbo,16,1,1048576,65536,1048576,10,2,datasets/silesia/mozilla,51220480,17862153,34.873068,1.8973445892333984,1.4097940921783447
0,turbo,16,1,1048576,65536,1048576,10,2,datasets/silesia/osdb,10085684,3521277,34.913616,0.42649221420288086,0.32378220558166504
0,turbo,16,1,1048576,65536,1048576,10,2,datasets/silesia/x-ray,8474240,5692689,67.176396,0.6480729579925537,0.516474723815918
0,turbo,16,1,1048576,65536,1048576,10,2,datasets/silesia/samba,21606400,5028096,23.271327,0.6713364124298096,0.47154855728149414
0,turbo,16,1,1048576,65536,1048576,10,2,datasets/silesia/sao,7251944,5346039,73.718702,0.5536868572235107,0.4944429397583008
0,turbo,16,1,1048576,65536,1048576,10,2,AVERAGE,17661548.333333332,5528891.583333333,31.304682,0.6518973906834921,0.4776409864425659
0,turbo,16,1,1048576,65536,1048576,10,3,datasets/silesia/ooffice,6152192,2980223,48.441645,0.37308764457702637,0.2681758403778076
0,turbo,16,1,1048576,65536,1048576,10,3,datasets/silesia/xml,5345280,698537,13.068296,0.14326095581054688,0.06316304206848145
0,turbo,16,1,1048576,65536,1048576,10,3,datasets/silesia/mr,9970564,3676902,36.877573,0.4558119773864746,0.3225069046020508
0,turbo,16,1,1048576,65536,1048576,10,3,datasets/silesia/nci,33553445,3002474,8.948333,0.5240907669067383,0.2725541591644287
0,turbo,16,1,1048576,65536,1048576,10,3,datasets/silesia/webster,41458703,12546350,30.262283,1.3633084297180176,1.0468089580535889
0,turbo,16,1,1048576,65536,1048576,10,3,datasets/silesia/reymont,6627202,2013963,30.389341,0.2655787467956543,0.18207359313964844
0,turbo,16,1,1048576,65536,1048576,10,3,datasets/silesia/dickens,10192446,4096158,40.188175,0.5307033061981201,0.35892248153686523
0,turbo,16,1,1048576,65536,1048576,10,3,datasets/silesia/mozilla,51220480,17825605,34.801714,1.947683334350586,1.466076135635376
0,turbo,16,1,1048576,65536,1048576,10,3,datasets/silesia/osdb,10085684,3514130,34.842753,0.4370119571685791,0.32275962829589844
0,turbo,16,1,1048576,65536,1048576,10,3,datasets/silesia/x-ray,8474240,5698515,67.245145,0.6840424537658691,0.532658576965332
0,turbo,16,1,1048576,65536,1048576,10,3,datasets/silesia/samba,21606400,5024132,23.252981,0.6440958976745605,0.4778711795806885
0,turbo,16,1,1048576,65536,1048576,10,3,datasets/silesia/sao,7251944,5339880,73.633773,0.559701681137085,0.49927330017089844
0,turbo,16,1,1048576,65536,1048576,10,3,AVERAGE,17661548.333333332,5534739.083333333,31.337791,0.6606980959574381,0.48440364996592206
0,turbo,16,1,1048576,65536,1048576,1000,0,datasets/silesia/ooffice,6152192,2982242,48.474462,0.38097548484802246,0.2601594924926758
0,turbo,16,1,1048576,65536,1048576,1000,0,datasets/silesia/xml,5345280,648709,12.136109,0.14757299423217773,0.059413909912109375
0,turbo,16,1,1048576,65536,1048576,1000,0,datasets/silesia/mr,9970564,3451037,34.612255,0.5155215263366699,0.2900066375732422
0,turbo,16,1,1048576,65536,1048576,1000,0,datasets/silesia/nci,33553445,2928855,8.728925,0.525259256362915,0.25098133087158203
0,turbo,16,1,1048576,65536,1048576,1000,0,datasets/silesia/webster,41458703,11910134,28.727705,1.3664040565490723,0.9417800903320312
0,turbo,16,1,1048576,65536,1048576,1000,0,datasets/silesia/reymont,6627202,1826021,27.553423,0.2945868968963623,0.14844059944152832
0,turbo,16,1,1048576,65536,1048576,1000,0,datasets/silesia/dickens,10192446,3767893,36.967505,0.5089294910430908,0.29215025901794434
0,turbo,16,1,1048576,65536,1048576,1000,0,datasets/silesia/mozilla,51220480,17947243,35.039193,1.922260046005249,1.403170108795166
0,turbo,16,1,1048576,65536,1048576,1000,0,datasets/silesia/osdb,10085684,3530308,35.003159,0.45505762100219727,0.3281581401824951
0,turbo,16,1,1048576,65536,1048576,1000,0,datasets/silesia/x-ray,8474240,5654446,66.72511,0.6513612270355225,0.5283472537994385
0,turbo,16,1,1048576,65536,1048576,1000,0,datasets/silesia/samba,21606400,5022168,23.243891,0.7110157012939453,0.4547867774963379
0,turbo,16,1,1048576,65536,1048576,1000,0,datasets/silesia/sao,7251944,5225392,72.055052,0.610823392868042,0.47800302505493164
0,turbo,16,1,1048576,65536,1048576,1000,0,AVERAGE,17661548.333333332,5407870.666666667,30.61946,0.6741473078727722,0.4529498020807902
0,turbo,16,1,1048576,65536,1048576,1000,1,datasets/silesia/ooffice,6152192,2931929,47.656656,0.3959634304046631,0.2651052474975586
0,turbo,16,1,1048576,65536,1048576,1000,1,datasets/silesia/xml,5345280,618403,11.569141,0.15967011451721191,0.05902457237243652
0,turbo,16,1,1048576,65536,1048576,1000,1,datasets/silesia/mr,9970564,3425902,34.360163,0.554044246673584,0.3015015125274658
0,turbo,16,1,1048576,65536,1048576,1000,1,datasets/silesia/nci,33553445,2719916,8.10622,0.5179517269134521,0.24174094200134277
0,turbo,16,1,1048576,65536,1048576,1000,1,datasets/silesia/webster,41458703,11715913,28.259237,1.3557047843933105,0.9516341686248779
0,turbo,16,1,1048576,65536,1048576,1000,1,datasets/silesia/reymont,6627202,1779035,26.844436,0.3719668388366699,0.15176057815551758
0,turbo,16,1,1048576,65536,1048576,1000,1,datasets/silesia/dickens,10192446,3732971,36.624879,0.5461597442626953,0.2956202030181885
0,turbo,16,1,1048576,65536,1048576,1000,1,datasets/silesia/mozilla,51220480,17555723,34.274812,1.9220960140228271,1.3588974475860596
0,turbo,16,1,1048576,65536,1048576,1000,1,datasets/silesia/osdb,10085684,3439239,34.100206,0.4246506690979004,0.30266404151916504
0,turbo,16,1,1048576,65536,1048576,1000,1,datasets/silesia/x-ray,8474240,5611805,66.221927,0.6314051151275635,0.4987192153930664
0,turbo,16,1,1048576,65536,1048576,1000,1,datasets/silesia/samba,21606400,4903898,22.696507,0.6443026065826416,0.44008684158325195
0,turbo,16,1,1048576,65536,1048576,1000,1,datasets/silesia/sao,7251944,5186645,71.520754,0.591820240020752,0.4643528461456299
0,turbo,16,1,1048576,65536,1048576,1000,1,AVERAGE,17661548.333333332,5301781.583333333,30.018781,0.6763112942377726,0.44425896803538006
0,turbo,16,1,1048576,65536,1048576,1000,2,datasets/silesia/ooffice,6152192,2930807,47.638419,0.41300368309020996,0.25885629653930664
0,turbo,16,1,1048576,65536,1048576,1000,2,datasets/silesia/xml,5345280,608296,11.380059,0.17070317268371582,0.05707383155822754
0,turbo,16,1,1048576,65536,1048576,1000,2,datasets/silesia/mr,9970564,3449132,34.593148,0.5755941867828369,0.30092692375183105
0,turbo,16,1,1048576,65536,1048576,1000,2,datasets/silesia/nci,33553445,2626785,7.82866,0.5196170806884766,0.24007010459899902
0,turbo,16,1,1048576,65536,1048576,1000,2,datasets/silesia/webster,41458703,11625466,28.041075,1.4752418994903564,1.0123438835144043
0,turbo,16,1,1048576,65536,1048576,1000,2,datasets/silesia/reymont,6627202,1764823,26.629987,0.48314833641052246,0.16329693794250488
0,turbo,16,1,1048576,65536,1048576,1000,2,datasets/silesia/dickens,10192446,3715991,36.458285,0.6278910636901855,0.32976841926574707
0,turbo,16,1,1048576,65536,1048576,1000,2,datasets/silesia/mozilla,51220480,17540390,34.244876,1.9895813465118408,1.467754602432251
0,turbo,16,1,1048576,65536,1048576,1000,2,datasets/silesia/osdb,10085684,3428373,33.992469,0.46585559844970703,0.31379127502441406
0,turbo,16,1,1048576,65536,1048576,1000,2,datasets/silesia/x-ray,8474240,5629226,66.427503,0.6671111583709717,0.526810884475708
0,turbo,16,1,1048576,65536,1048576,1000,2,datasets/silesia/samba,21606400,4834725,22.376356,0.7109963893890381,0.45323634147644043
0,turbo,16,1,1048576,65536,1048576,1000,2,datasets/silesia/sao,7251944,5180879,71.441244,0.6438372135162354,0.4825446605682373
0,turbo,16,1,1048576,65536,1048576,1000,2,AVERAGE,17661548.333333332,5277907.75,29.883607,0.7285484274228414,0.4672061800956726
0,turbo,16,1,1048576,65536,1048576,1000,3,datasets/silesia/ooffice,6152192,2922930,47.510383,0.45195698738098145,0.2691342830657959
0,turbo,16,1,1048576,65536,1048576,1000,3,datasets/silesia/xml,5345280,611015,11.430926,0.21611547470092773,0.06184053421020508
0,turbo,16,1,1048576,65536,1048576,1000,3,datasets/silesia/mr,9970564,3538829,35.492767,0.7090284824371338,0.3185861110687256
0,turbo,16,1,1048576,65536,1048576,1000,3,datasets/silesia/nci,33553445,2627983,7.83223,0.5896749496459961,0.2632746696472168
0,turbo,16,1,1048576,65536,1048576,1000,3,datasets/silesia/webster,41458703,11704480,28.23166,1.5132384300231934,0.9845552444458008
0,turbo,16,1,1048576,65536,1048576,1000,3,datasets/silesia/reymont,6627202,1776748,26.809927,0.5706517696380615,0.1602463722229004
0,turbo,16,1,1048576,65536,1048576,1000,3,datasets/silesia/dickens,10192446,3775547,37.0426,0.6727585792541504,0.32959818840026855
0,turbo,16,1,1048576,65536,1048576,1000,3,datasets/silesia/mozilla,51220480,17522607,34.210158,1.9765276908874512,1.4014267921447754
0,turbo,16,1,1048576,65536,1048576,1000,3,datasets/silesia/osdb,10085684,3429431,34.002959,0.48847246170043945,0.31520533561706543
0,turbo,16,1,1048576,65536,1048576,1000,3,datasets/silesia/x-ray,8474240,5645096,66.614776,0.6812160015106201,0.5234940052032471
0,turbo,16,1,1048576,65536,1048576,1000,3,datasets/silesia/samba,21606400,4841037,22.40557,0.7595396041870117,0.45874571800231934
0,turbo,16,1,1048576,65536,1048576,1000,3,datasets/silesia/sao,7251944,5191821,71.592128,0.6665732860565186,0.49291276931762695
0,turbo,16,1,1048576,65536,1048576,1000,3,AVERAGE,17661548.333333332,5298960.333333333,30.002807,0.7746461431185404,0.4649183352788289
0,turbo,16,1,1048576,65536,1048576,0,0,datasets/silesia/ooffice,6152192,2981975,48.470123,0.38875341415405273,0.2672886848449707
0,turbo,16,1,1048576,65536,1048576,0,0,datasets/silesia/xml,5345280,648597,12.134014,0.14794468879699707,0.059988975524902344
0,turbo,16,1,1048576,65536,1048576,0,0,datasets/silesia/mr,9970564,3449984,34.601694,0.5154342651367188,0.29624295234680176
0,turbo,16,1,1048576,65536,1048576,0,0,datasets/silesia/nci,33553445,2914538,8.686256,0.5564436912536621,0.2522292137145996
0,turbo,16,1,1048576,65536,1048576,0,0,datasets/silesia/webster,41458703,11910097,28.727616,1.4137187004089355,0.9542984962463379
0,turbo,16,1,1048576,65536,1048576,0,0,datasets/silesia/reymont,6627202,1823303,27.51241,0.33080387115478516,0.1569678783416748
0,turbo,16,1,1048576,65536,1048576,0,0,datasets/silesia/dickens,10192446,3767805,36.966642,0.53399658203125,0.30994391441345215
0,turbo,16,1,1048576,65536,1048576,0,0,datasets/silesia/mozilla,51220480,17951023,35.046573,2.039943218231201,1.425657033920288
0,turbo,16,1,1048576,65536,1048576,0,0,datasets/silesia/osdb,10085684,3530308,35.003159,0.4631931781768799,0.32008886337280273
0,turbo,16,1,1048576,65536,1048576,0,0,datasets/silesia/x-ray,8474240,5654446,66.72511,0.6758852005004883,0.5371737480163574
0,turbo,16,1,1048576,65536,1048576,0,0,datasets/silesia/samba,21606400,5020597,23.23662,0.6470680236816406,0.4584197998046875
0,turbo,16,1,1048576,65536,1048576,0,0,datasets/silesia/sao,7251944,5225391,72.055038,0.5939347743988037,0.4940917491912842
0,turbo,16,1,1048576,65536,1048576,0,0,AVERAGE,17661548.333333332,5406505.333333333,30.611729,0.6922599673271179,0.4610326091448466
0,turbo,16,1,1048576,65536,1048576,0,1,datasets/silesia/ooffice,6152192,2931773,47.654121,0.4098939895629883,0.2701425552368164
0,turbo,16,1,1048576,65536,1048576,0,1,datasets/silesia/xml,5345280,618216,11.565643,0.17629146575927734,0.06026315689086914
0,turbo,16,1,1048576,65536,1048576,0,1,datasets/silesia/mr,9970564,3420354,34.304519,0.7077860832214355,0.3082153797149658
0,turbo,16,1,1048576,65536,1048576,0,1,datasets/silesia/nci,33553445,2697973,8.040823,0.6460566520690918,0.247725248336792
0,turbo,16,1,1048576,65536,1048576,0,1,datasets/silesia/webster,41458703,11715869,28.259131,1.4318933486938477,0.9681217670440674
0,turbo,16,1,1048576,65536,1048576,0,1,datasets/silesia/reymont,6627202,1775410,26.789737,0.428173303604126,0.15575194358825684
0,turbo,16,1,1048576,65536,1048576,0,1,datasets/silesia/dickens,10192446,3732870,36.623888,0.5627040863037109,0.3114621639251709
0,turbo,16,1,1048576,65536,1048576,0,1,datasets/silesia/mozilla,51220480,17564592,34.292127,2.3438308238983154,1.4153616428375244
0,turbo,16,1,1048576,65536,1048576,0,1,datasets/silesia/osdb,10085684,3439239,34.100206,0.4611799716949463,0.29882168769836426
0,turbo,16,1,1048576,65536,1048576,0,1,datasets/silesia/x-ray,8474240,5611805,66.221927,0.6331629753112793,0.5013699531555176
0,turbo,16,1,1048576,65536,1048576,0,1,datasets/silesia/samba,21606400,4902277,22.689004,0.6527001857757568,0.4371917247772217
0,turbo,16,1,1048576,65536,1048576,0,1,datasets/silesia/sao,7251944,5186615,71.52034,0.57248854637146,0.4681212902069092
0,turbo,16,1,1048576,65536,1048576,0,1,AVERAGE,17661548.333333332,5299749.416666667,30.007275,0.7521801193555196,0.4535457094510396
0,turbo,16,1,1048576,65536,1048576,0,2,datasets/silesia/ooffice,6152192,2930591,47.634908,0.4221456050872803,0.2649705410003662
0,turbo,16,1,1048576,65536,1048576,0,2,datasets/silesia/xml,5345280,608085,11.376111,0.18632292747497559,0.05876588821411133
0,turbo,16,1,1048576,65536,1048576,0,2,datasets/silesia/mr,9970564,3435961,34.46105,0.7856044769287109,0.3071017265319824
0,turbo,16,1,1048576,65536,1048576,0,2,datasets/silesia/nci,33553445,2596384,7.738055,0.7076435089111328,0.25392937660217285
0,turbo,16,1,1048576,65536,1048576,0,2,datasets/silesia/webster,41458703,11625425,28.040976,1.5121870040893555,0.9883604049682617
0,turbo,16,1,1048576,65536,1048576,0,2,datasets/silesia/reymont,6627202,1759731,26.553152,0.5232076644897461,0.16130757331848145
0,turbo,16,1,1048576,65536,1048576,0,2,datasets/silesia/dickens,10192446,3715852,36.456921,0.6218488216400146,0.31058454513549805
0,turbo,16,1,1048576,65536,1048576,0,2,datasets/silesia/mozilla,51220480,17548150,34.260026,2.922929048538208,1.3886401653289795
0,turbo,16,1,1048576,65536,1048576,0,2,datasets/silesia/osdb,10085684,3428373,33.992469,0.45452094078063965,0.3227546215057373
0,turbo,16,1,1048576,65536,1048576,0,2,datasets/silesia/x-ray,8474240,5629226,66.427503,0.7144358158111572,0.5214393138885498
0,turbo,16,1,1048576,65536,1048576,0,2,datasets/silesia/samba,21606400,4833252,22.369539,0.694159746170044,0.4637031555175781
0,turbo,16,1,1048576,65536,1048576,0,2,datasets/silesia/sao,7251944,5180492,71.435907,0.6337795257568359,0.488086462020874
0,turbo,16,1,1048576,65536,1048576,0,2,AVERAGE,17661548.333333332,5274293.5,29.863143,0.848232090473175,0.4608036478360494
0,turbo,16,1,1048576,65536,1048576,0,3,datasets/silesia/ooffice,6152192,2922671,47.506173,0.4612462520599365,0.271409273147583
0,turbo,16,1,1048576,65536,1048576,0,3,datasets/silesia/xml,5345280,610766,11.426268,0.23758697509765625,0.058820486068725586
0,turbo,16,1,1048576,65536,1048576,0,3,datasets/silesia/mr,9970564,3534980,35.454163,0.9413368701934814,0.3098123073577881
0,turbo,16,1,1048576,65536,1048576,0,3,datasets/silesia/nci,33553445,2596700,7.738997,0.9847970008850098,0.24999666213989258
0,turbo,16,1,1048576,65536,1048576,0,3,datasets/silesia/webster,41458703,11704448,28.231583,1.6087589263916016,1.0024197101593018
0,turbo,16,1,1048576,65536,1048576,0,3,datasets/silesia/reymont,6627202,1771371,26.728791,0.6422488689422607,0.1607043743133545
0,turbo,16,1,1048576,65536,1048576,0,3,datasets/silesia/dickens,10192446,3775424,37.041393,0.6974191665649414,0.32422327995300293
0,turbo,16,1,1048576,65536,1048576,0,3,datasets/silesia/mozilla,51220480,17530454,34.225478,4.022288084030151,1.3648321628570557
0,turbo,16,1,1048576,65536,1048576,0,3,datasets/silesia/osdb,10085684,3429431,34.002959,0.4504432678222656,0.30474090576171875
0,turbo,16,1,1048576,65536,1048576,0,3,datasets/silesia/x-ray,8474240,5645096,66.614776,0.6619360446929932,0.503190279006958
0,turbo,16,1,1048576,65536,1048576,0,3,datasets/silesia/samba,21606400,4839619,22.399007,0.7469336986541748,0.4464702606201172
0,turbo,16,1,1048576,65536,1048576,0,3,datasets/silesia/sao,7251944,5191281,71.584681,0.631018877029419,0.47057414054870605
0,turbo,16,1,1048576,65536,1048576,0,3,AVERAGE,17661548.333333332,5296020.083333333,29.98616,1.0071678360303242,0.45559948682785034
0,turbo,16,1,1048576,262144,65536,10,0,datasets/silesia/ooffice,6152192,3006805,48.873719,0.3747262954711914,0.25878357887268066
0,turbo,16,1,1048576,262144,65536,10,0,datasets/silesia/xml,5345280,697210,13.04347,0.12662434577941895,0.05951070785522461
0,turbo,16,1,1048576,262144,65536,10,0,datasets/silesia/mr,9970564,3498853,35.091826,0.4390525817871094,0.2927403450012207
0,turbo,16,1,1048576,262144,65536,10,0,datasets/silesia/nci,33553445,3321475,9.899058,0.5045492649078369,0.26876378059387207
0,turbo,16,1,1048576,262144,65536,10,0,datasets/silesia/webster,41458703,12661383,30.539747,1.3493318557739258,0.970966100692749
0,turbo,16,1,1048576,262144,65536,10,0,datasets/silesia/reymont,6627202,2048488,30.9103,0.25521183013916016,0.1682741641998291
0,turbo,16,1,1048576,262144,65536,10,0,datasets/silesia/dickens,10192446,4078634,40.016243,0.4688265323638916,0.30962681770324707
0,turbo,16,1,1048576,262144,65536,10,0,datasets/silesia/mozilla,51220480,17923871,34.993563,1.886178970336914,1.3625423908233643
0,turbo,16,1,1048576,262144,65536,10,0,datasets/silesia/osdb,10085684,3591011,35.605032,0.4507408142089844,0.30463480949401855
0,turbo,16,1,1048576,262144,65536,10,0,datasets/silesia/x-ray,8474240,5663742,66.834808,0.6417064666748047,0.48476195335388184
0,turbo,16,1,1048576,262144,65536,10,0,datasets/silesia/samba,21606400,5088236,23.54967,0.6626288890838623,0.4462747573852539
0,turbo,16,1,1048576,262144,65536,10,0,datasets/silesia/sao,7251944,5295167,73.017208,0.5589420795440674,0.4693162441253662
0,turbo,16,1,1048576,262144,65536,10,0,AVERAGE,17661548.333333332,5572906.25,31.553894,0.6432099938392639,0.44968297084172565
0,turbo,16,1,1048576,262144,65536,10,1,datasets/silesia/ooffice,6152192,2952392,47.98927,0.35457491874694824,0.2594625949859619
0,turbo,16,1,1048576,262144,65536,10,1,datasets/silesia/xml,5345280,657462,12.299861,0.13654685020446777,0.06625699996948242
0,turbo,16,1,1048576,262144,65536,10,1,datasets/silesia/mr,9970564,3605201,36.158446,0.41909074783325195,0.30872488021850586
0,turbo,16,1,1048576,262144,65536,10,1,datasets/silesia/nci,33553445,3061851,9.125295,0.5570623874664307,0.26431751251220703
0,turbo,16,1,1048576,262144,65536,10,1,datasets/silesia/webster,41458703,12415224,29.946002,1.3133845329284668,0.9772675037384033
0,turbo,16,1,1048576,262144,65536,10,1,datasets/silesia/reymont,6627202,1994039,30.088701,0.26163363456726074,0.16591572761535645
0,turbo,16,1,1048576,262144,65536,10,1,datasets/silesia/dickens,10192446,4038124,39.618792,0.46879029273986816,0.3233375549316406
0,turbo,16,1,1048576,262144,65536,10,1,datasets/silesia/mozilla,51220480,17497989,34.162095,1.799729585647583,1.3470091819763184
0,turbo,16,1,1048576,262144,65536,10,1,datasets/silesia/osdb,10085684,3583404,35.529608,0.4622352123260498,0.31565093994140625
0,turbo,16,1,1048576,262144,65536,10,1,datasets/silesia/x-ray,8474240,5702067,67.287061,0.663689136505127,0.49773263931274414
0,turbo,16,1,1048576,262144,65536,10,1,datasets/silesia/samba,21606400,4963547,22.972578,0.6589672565460205,0.4398176670074463
0,turbo,16,1,1048576,262144,65536,10,1,datasets/silesia/sao,7251944,5290810,72.957127,0.5560746192932129,0.47599244117736816
0,turbo,16,1,1048576,262144,65536,10,1,AVERAGE,17661548.333333332,5480175.833333333,31.028853,0.6376482645670573,0.4534571369489034
0,turbo,16,1,1048576,262144,65536,10,2,datasets/silesia/ooffice,6152192,2950332,47.955786,0.3526442050933838,0.25856733322143555
0,turbo,16,1,1048576,262144,65536,10,2,datasets/silesia/xml,5345280,638842,11.951516,0.13153648376464844,0.058678627014160156
0,turbo,16,1,1048576,262144,65536,10,2,datasets/silesia/mr,9970564,3611622,36.222846,0.4423635005950928,0.3082616329193115
0,turbo,16,1,1048576,262144,65536,10,2,datasets/silesia/nci,33553445,2946269,8.780824,0.49209070205688477,0.26672935485839844
0,turbo,16,1,1048576,262144,65536,10,2,datasets/silesia/webster,41458703,12290935,29.646212,1.3801214694976807,0.9942069053649902
0,turbo,16,1,1048576,262144,65536,10,2,datasets/silesia/reymont,6627202,1989541,30.020829,0.2519218921661377,0.1748056411743164
0,turbo,16,1,1048576,262144,65536,10,2,datasets/silesia/dickens,10192446,4005676,39.300439,0.4719200134277344,0.3363006114959717
0,turbo,16,1,1048576,262144,65536,10,2,datasets/silesia/mozilla,51220480,17470809,34.10903,1.8392179012298584,1.3408570289611816
0,turbo,16,1,1048576,262144,65536,10,2,datasets/silesia/osdb,10085684,3553732,35.235409,0.4141077995300293,0.3198375701904297
0,turbo,16,1,1048576,262144,65536,10,2,datasets/silesia/x-ray,8474240,5713148,67.417822,0.6441116333007812,0.4953136444091797
0,turbo,16,1,1048576,262144,65536,10,2,datasets/silesia/samba,21606400,4876401,22.569243,0.6174204349517822,0.4441962242126465
0,turbo,16,1,1048576,262144,65536,10,2,datasets/silesia/sao,7251944,5347716,73.741827,0.5533862113952637,0.4781351089477539
0,turbo,16,1,1048576,262144,65536,10,2,AVERAGE,17661548.333333332,5449585.25,30.855648,0.6325701872507731,0.45632414023081463
0,turbo,16,1,1048576,262144,65536,10,3,datasets/silesia/ooffice,6152192,2939751,47.783798,0.360323429107666,0.2574796676635742
0,turbo,16,1,1048576,262144,65536,10,3,datasets/silesia/xml,5345280,638222,11.939917,0.13129138946533203,0.05875062942504883
0,turbo,16,1,1048576,262144,65536,10,3,datasets/silesia/mr,9970564,3665915,36.767378,0.43829894065856934,0.31691980361938477
0,turbo,16,1,1048576,262144,65536,10,3,datasets/silesia/nci,33553445,2963180,8.831224,0.5362858772277832,0.25447845458984375
0,turbo,16,1,1048576,262144,65536,10,3,datasets/silesia/webster,41458703,12325456,29.729478,1.321897268295288,1.0000975131988525
0,turbo,16,1,1048576,262144,65536,10,3,datasets/silesia/reymont,6627202,1996321,30.123135,0.2631075382232666,0.17144298553466797
0,turbo,16,1,1048576,262144,65536,10,3,datasets/silesia/dickens,10192446,4043722,39.673715,0.4769399166107178,0.3220553398132324
0,turbo,16,1,1048576,262144,65536,10,3,datasets/silesia/mozilla,51220480,17443505,34.055723,1.8467049598693848,1.3497729301452637
0,turbo,16,1,1048576,262144,65536,10,3,datasets/silesia/osdb,10085684,3519269,34.893707,0.4197728633880615,0.30666399002075195
0,turbo,16,1,1048576,262144,65536,10,3,datasets/silesia/x-ray,8474240,5717860,67.473425,0.6603522300720215,0.5054898262023926
0,turbo,16,1,1048576,262144,65536,10,3,datasets/silesia/samba,21606400,4866319,22.522581,0.6402535438537598,0.43950605392456055
0,turbo,16,1,1048576,262144,65536,10,3,datasets/silesia/sao,7251944,5336008,73.580381,0.5690767765045166,0.47464895248413086
0,turbo,16,1,1048576,262144,65536,10,3,AVERAGE,17661548.333333332,5454627.333333333,30.884197,0.6386920611063639,0.45477551221847534
0,turbo,16,1,1048576,262144,65536,1000,0,datasets/silesia/ooffice,6152192,2934322,47.695553,0.4048593044281006,0.24499869346618652
0,turbo,16,1,1048576,262144,65536,1000,0,datasets/silesia/xml,5345280,557810,10.435562,0.15316438674926758,0.05075645446777344
0,turbo,16,1,1048576,262144,65536,1000,0,datasets/silesia/mr,9970564,3386953,33.969523,0.5344278812408447,0.2695596218109131
0,turbo,16,1,1048576,262144,65536,1000,0,datasets/silesia/nci,33553445,2696375,8.03606,0.5119426250457764,0.21950888633728027
0,turbo,16,1,1048576,262144,65536,1000,0,datasets/silesia/webster,41458703,11215781,27.052899,1.4717605113983154,0.8353962898254395
0,turbo,16,1,1048576,262144,65536,1000,0,datasets/silesia/reymont,6627202,1729861,26.102434,0.40695786476135254,0.13644981384277344
0,turbo,16,1,1048576,262144,65536,1000,0,datasets/silesia/dickens,10192446,3516362,34.499687,0.6063590049743652,0.26376843452453613
0,turbo,16,1,1048576,262144,65536,1000,0,datasets/silesia/mozilla,51220480,17600992,34.363192,1.8960773944854736,1.3151228427886963
0,turbo,16,1,1048576,262144,65536,1000,0,datasets/silesia/osdb,10085684,3455623,34.262654,0.4403972625732422,0.2988715171813965
0,turbo,16,1,1048576,262144,65536,1000,0,datasets/silesia/x-ray,8474240,5606335,66.157378,0.6420037746429443,0.4730532169342041
0,turbo,16,1,1048576,262144,65536,1000,0,datasets/silesia/samba,21606400,4807809,22.251782,0.6939783096313477,0.41074657440185547
0,turbo,16,1,1048576,262144,65536,1000,0,datasets/silesia/sao,7251944,5183083,71.471636,0.591027021408081,0.45499229431152344
0,turbo,16,1,1048576,262144,65536,1000,0,AVERAGE,17661548.333333332,5224275.5,29.579941,0.6960796117782593,0.41443538665771484
0,turbo,16,1,1048576,262144,65536,1000,1,datasets/silesia/ooffice,6152192,2874647,46.725574,0.4546029567718506,0.24318432807922363
0,turbo,16,1,1048576,262144,65536,1000,1,datasets/silesia/xml,5345280,533854,9.987391,0.19216275215148926,0.051828861236572266
0,turbo,16,1,1048576,262144,65536,1000,1,datasets/silesia/mr,9970564,3374863,33.848266,0.6660549640655518,0.28211164474487305
0,turbo,16,1,1048576,262144,65536,1000,1,datasets/silesia/nci,33553445,2520517,7.511947,0.5707707405090332,0.21108222007751465
0,turbo,16,1,1048576,262144,65536,1000,1,datasets/silesia/webster,41458703,11068735,26.698218,1.656553030014038,0.8577630519866943
0,turbo,16,1,1048576,262144,65536,1000,1,datasets/silesia/reymont,6627202,1690654,25.510826,0.5636966228485107,0.14228200912475586
0,turbo,16,1,1048576,262144,65536,1000,1,datasets/silesia/dickens,10192446,3493761,34.277945,0.7648842334747314,0.27695369720458984
0,turbo,16,1,1048576,262144,65536,1000,1,datasets/silesia/mozilla,51220480,17097891,33.380966,1.7905921936035156,1.2942068576812744
0,turbo,16,1,1048576,262144,65536,1000,1,datasets/silesia/osdb,10085684,3396850,33.679917,0.499314546585083,0.2908482551574707
0,turbo,16,1,1048576,262144,65536,1000,1,datasets/silesia/x-ray,8474240,5538791,65.360327,0.7265071868896484,0.4712517261505127
0,turbo,16,1,1048576,262144,65536,1000,1,datasets/silesia/samba,21606400,4697053,21.739175,0.763563871383667,0.4126136302947998
0,turbo,16,1,1048576,262144,65536,1000,1,datasets/silesia/sao,7251944,5113232,70.508432,0.6435327529907227,0.4578530788421631
0,turbo,16,1,1048576,262144,65536,1000,1,AVERAGE,17661548.333333332,5116737.333333333,28.971058,0.7743529876073202,0.41599828004837036
0,turbo,16,1,1048576,262144,65536,1000,2,datasets/silesia/ooffice,6152192,2868353,46.623269,0.5161738395690918,0.250896692276001
0,turbo,16,1,1048576,262144,65536,1000,2,datasets/silesia/xml,5345280,523640,9.796306,0.21815156936645508,0.05113029479980469
0,turbo,16,1,1048576,262144,65536,1000,2,datasets/silesia/mr,9970564,3406113,34.161688,0.8035223484039307,0.2864878177642822
0,turbo,16,1,1048576,262144,65536,1000,2,datasets/silesia/nci,33553445,2442824,7.280397,0.5887856483459473,0.21382975578308105
0,turbo,16,1,1048576,262144,65536,1000,2,datasets/silesia/webster,41458703,10999454,26.53111,1.9418065547943115,0.9157395362854004
0,turbo,16,1,1048576,262144,65536,1000,2,datasets/silesia/reymont,6627202,1675616,25.283913,0.7276780605316162,0.15822863578796387
0,turbo,16,1,1048576,262144,65536,1000,2,datasets/silesia/dickens,10192446,3482164,34.164164,1.1423499584197998,0.29814910888671875
0,turbo,16,1,1048576,262144,65536,1000,2,datasets/silesia/mozilla,51220480,17047025,33.281658,1.9706454277038574,1.3090202808380127
0,turbo,16,1,1048576,262144,65536,1000,2,datasets/silesia/osdb,10085684,3384047,33.552975,0.5174160003662109,0.3040287494659424
0,turbo,16,1,1048576,262144,65536,1000,2,datasets/silesia/x-ray,8474240,5562468,65.639727,0.7373063564300537,0.47676587104797363
0,turbo,16,1,1048576,262144,65536,1000,2,datasets/silesia/samba,21606400,4625954,21.41011,0.8784563541412354,0.4292020797729492
0,turbo,16,1,1048576,262144,65536,1000,2,datasets/silesia/sao,7251944,5114120,70.520677,0.7691051959991455,0.47519612312316895
0,turbo,16,1,1048576,262144,65536,1000,2,AVERAGE,17661548.333333332,5094314.833333333,28.844101,0.9009497761726379,0.4307229121526082
0,turbo,16,1,1048576,262144,65536,1000,3,datasets/silesia/ooffice,6152192,2860679,46.498533,0.6032705307006836,0.25670599937438965
0,turbo,16,1,1048576,262144,65536,1000,3,datasets/silesia/xml,5345280,526909,9.857463,0.3075532913208008,0.05066680908203125
0,turbo,16,1,1048576,262144,65536,1000,3,datasets/silesia/mr,9970564,3496938,35.07262,0.9843738079071045,0.30750370025634766
0,turbo,16,1,1048576,262144,65536,1000,3,datasets/silesia/nci,33553445,2450007,7.301805,0.6596932411193848,0.2283792495727539
0,turbo,16,1,1048576,262144,65536,1000,3,datasets/silesia/webster,41458703,11115640,26.811355,2.2428157329559326,0.8941769599914551
0,turbo,16,1,1048576,262144,65536,1000,3,datasets/silesia/reymont,6627202,1691700,25.52661,0.9354639053344727,0.1453704833984375
0,turbo,16,1,1048576,262144,65536,1000,3,datasets/silesia/dickens,10192446,3551753,34.846915,1.158292293548584,0.3059396743774414
0,turbo,16,1,1048576,262144,65536,1000,3,datasets/silesia/mozilla,51220480,17040505,33.268929,2.2555415630340576,1.3622193336486816
0,turbo,16,1,1048576,262144,65536,1000,3,datasets/silesia/osdb,10085684,3388278,33.594925,0.6477296352386475,0.3093733787536621
0,turbo,16,1,1048576,262144,65536,1000,3,datasets/silesia/x-ray,8474240,5603952,66.129258,0.8417367935180664,0.5130202770233154
0,turbo,16,1,1048576,262144,65536,1000,3,datasets/silesia/samba,21606400,4630345,21.430433,1.026601791381836,0.4362809658050537
0,turbo,16,1,1048576,262144,65536,1000,3,datasets/silesia/sao,7251944,5125367,70.675766,0.8573882579803467,0.4743938446044922
0,turbo,16,1,1048576,262144,65536,1000,3,AVERAGE,17661548.333333332,5123506.083333333,29.009382,1.0433717370033264,0.44033588965733844
0,turbo,16,1,1048576,262144,65536,0,0,datasets/silesia/ooffice,6152192,2932746,47.669936,0.45387983322143555,0.25826144218444824
0,turbo,16,1,1048576,262144,65536,0,0,datasets/silesia/xml,5345280,555855,10.398988,0.20433568954467773,0.05148124694824219
0,turbo,16,1,1048576,262144,65536,0,0,datasets/silesia/mr,9970564,3385914,33.959102,0.6676743030548096,0.28690195083618164
0,turbo,16,1,1048576,262144,65536,0,0,datasets/silesia/nci,33553445,2668746,7.953717,0.6625187397003174,0.22458124160766602
0,turbo,16,1,1048576,262144,65536,0,0,datasets/silesia/webster,41458703,11181229,26.969558,1.9001245498657227,0.8628160953521729
0,turbo,16,1,1048576,262144,65536,0,0,datasets/silesia/reymont,6627202,1709628,25.797131,0.5858447551727295,0.14272332191467285
0,turbo,16,1,1048576,262144,65536,0,0,datasets/silesia/dickens,10192446,3504159,34.379961,0.740323543548584,0.26888108253479004
0,turbo,16,1,1048576,262144,65536,0,0,datasets/silesia/mozilla,51220480,17604274,34.3696,2.0895187854766846,1.3609833717346191
0,turbo,16,1,1048576,262144,65536,0,0,datasets/silesia/osdb,10085684,3455619,34.262614,0.47743701934814453,0.30878424644470215
0,turbo,16,1,1048576,262144,65536,0,0,datasets/silesia/x-ray,8474240,5606335,66.157378,0.6917619705200195,0.4963240623474121
0,turbo,16,1,1048576,262144,65536,0,0,datasets/silesia/samba,21606400,4804166,22.234921,0.7481532096862793,0.4351167678833008
0,turbo,16,1,1048576,262144,65536,0,0,datasets/silesia/sao,7251944,5183000,71.470491,0.6170544624328613,0.4719710350036621
0,turbo,16,1,1048576,262144,65536,0,0,AVERAGE,17661548.333333332,5215972.583333333,29.532929,0.8198855717976888,0.4307354887326558
0,turbo,16,1,1048576,262144,65536,0,1,datasets/silesia/ooffice,6152192,2872840,46.696202,0.5480396747589111,0.2535266876220703
0,turbo,16,1,1048576,262144,65536,0,1,datasets/silesia/xml,5345280,531656,9.94627,0.28306078910827637,0.052931785583496094
0,turbo,16,1,1048576,262144,65536,0,1,datasets/silesia/mr,9970564,3362448,33.723749,1.4233438968658447,0.29032206535339355
0,turbo,16,1,1048576,262144,65536,0,1,datasets/silesia/nci,33553445,2485670,7.408092,0.9738566875457764,0.2217390537261963
0,turbo,16,1,1048576,262144,65536,0,1,datasets/silesia/webster,41458703,11033464,26.613143,2.066941738128662,0.903348445892334
0,turbo,16,1,1048576,262144,65536,0,1,datasets/silesia/reymont,6627202,1671421,25.220613,1.1147372722625732,0.1495039463043213
0,turbo,16,1,1048576,262144,65536,0,1,datasets/silesia/dickens,10192446,3481025,34.152989,0.9838283061981201,0.27190637588500977
0,turbo,16,1,1048576,262144,65536,0,1,datasets/silesia/mozilla,51220480,17104829,33.394511,3.1347720623016357,1.3063292503356934
0,turbo,16,1,1048576,262144,65536,0,1,datasets/silesia/osdb,10085684,3393808,33.649755,0.5955169200897217,0.3180046081542969
0,turbo,16,1,1048576,262144,65536,0,1,datasets/silesia/x-ray,8474240,5538751,65.359855,0.7339401245117188,0.47512173652648926
0,turbo,16,1,1048576,262144,65536,0,1,datasets/silesia/samba,21606400,4695822,21.733477,0.8770873546600342,0.4165689945220947
0,turbo,16,1,1048576,262144,65536,0,1,datasets/silesia/sao,7251944,5112432,70.4974,0.6838531494140625,0.4673774242401123
0,turbo,16,1,1048576,262144,65536,0,1,AVERAGE,17661548.333333332,5107013.833333333,28.916003,1.118248164653778,0.42722336451212567
0,turbo,16,1,1048576,262144,65536,0,2,datasets/silesia/ooffice,6152192,2866104,46.586713,0.6650481224060059,0.25840234756469727
0,turbo,16,1,1048576,262144,65536,0,2,datasets/silesia/xml,5345280,520894,9.744934,0.3533327579498291,0.05167651176452637
0,turbo,16,1,1048576,262144,65536,0,2,datasets/silesia/mr,9970564,3377370,33.87341,1.6556105613708496,0.2802424430847168
0,turbo,16,1,1048576,262144,65536,0,2,datasets/silesia/nci,33553445,2401576,7.157465,1.4916961193084717,0.22369074821472168
0,turbo,16,1,1048576,262144,65536,0,2,datasets/silesia/webster,41458703,10962977,26.443126,2.5212349891662598,0.9443478584289551
0,turbo,16,1,1048576,262144,65536,0,2,datasets/silesia/reymont,6627202,1653583,24.95145,1.5884406566619873,0.15084552764892578
0,turbo,16,1,1048576,262144,65536,0,2,datasets/silesia/dickens,10192446,3469809,34.042947,1.5340907573699951,0.30024194717407227
0,turbo,16,1,1048576,262144,65536,0,2,datasets/silesia/mozilla,51220480,17052536,33.292417,6.215268611907959,1.3975398540496826
0,turbo,16,1,1048576,262144,65536,0,2,datasets/silesia/osdb,10085684,3371205,33.425646,0.759122371673584,0.31902384757995605
0,turbo,16,1,1048576,262144,65536,0,2,datasets/silesia/x-ray,8474240,5562415,65.639102,0.7810006141662598,0.5013177394866943
0,turbo,16,1,1048576,262144,65536,0,2,datasets/silesia/samba,21606400,4625342,21.407277,1.59550142288208,0.44382643699645996
0,turbo,16,1,1048576,262144,65536,0,2,datasets/silesia/sao,7251944,5111751,70.48801,0.984137773513794,0.5065653324127197
0,turbo,16,1,1048576,262144,65536,0,2,AVERAGE,17661548.333333332,5081296.833333333,28.770393,1.6787070631980896,0.4481433828671773
0,turbo,16,1,1048576,262144,65536,0,3,datasets/silesia/ooffice,6152192,2858538,46.463732,1.236199140548706,0.2669250965118408
0,turbo,16,1,1048576,262144,65536,0,3,datasets/silesia/xml,5345280,523887,9.800927,0.5358562469482422,0.051700592041015625
0,turbo,16,1,1048576,262144,65536,0,3,datasets/silesia/mr,9970564,3489418,34.997198,2.772439479827881,0.3052082061767578
0,turbo,16,1,1048576,262144,65536,0,3,datasets/silesia/nci,33553445,2407498,7.175114,2.921358585357666,0.22893095016479492
0,turbo,16,1,1048576,262144,65536,0,3,datasets/silesia/webster,41458703,11080368,26.726277,3.674992799758911,0.9291009902954102
0,turbo,16,1,1048576,262144,65536,0,3,datasets/silesia/reymont,6627202,1669263,25.188051,2.0864217281341553,0.14914584159851074
0,turbo,16,1,1048576,262144,65536,0,3,datasets/silesia/dickens,10192446,3540159,34.733164,1.9322638511657715,0.29997682571411133
0,turbo,16,1,1048576,262144,65536,0,3,datasets/silesia/mozilla,51220480,17046150,33.27995,8.418472528457642,1.3814704418182373
0,turbo,16,1,1048576,262144,65536,0,3,datasets/silesia/osdb,10085684,3373286,33.446279,0.7123103141784668,0.30565500259399414
0,turbo,16,1,1048576,262144,65536,0,3,datasets/silesia/x-ray,8474240,5603940,66.129116,0.8550784587860107,0.5116922855377197
0,turbo,16,1,1048576,262144,65536,0,3,datasets/silesia/samba,21606400,4626888,21.414433,2.085521936416626,0.4343905448913574
0,turbo,16,1,1048576,262144,65536,0,3,datasets/silesia/sao,7251944,5119829,70.599401,1.0747754573822021,0.5029888153076172
0,turbo,16,1,1048576,262144,65536,0,3,AVERAGE,17661548.333333332,5111602.0,28.941981,2.358807543913523,0.4472654660542806
0,turbo,16,1,1048576,262144,262144,10,0,datasets/silesia/ooffice,6152192,3006805,48.873719,0.3797450065612793,0.2708427906036377
0,turbo,16,1,1048576,262144,262144,10,0,datasets/silesia/xml,5345280,697210,13.04347,0.1438899040222168,0.06463122367858887
0,turbo,16,1,1048576,262144,262144,10,0,datasets/silesia/mr,9970564,3498853,35.091826,0.4657261371612549,0.30328798294067383
0,turbo,16,1,1048576,262144,262144,10,0,datasets/silesia/nci,33553445,3321475,9.899058,0.5580382347106934,0.2871286869049072
0,turbo,16,1,1048576,262144,262144,10,0,datasets/silesia/webster,41458703,12661383,30.539747,1.3933043479919434,1.0033245086669922
0,turbo,16,1,1048576,262144,262144,10,0,datasets/silesia/reymont,6627202,2048488,30.9103,0.29259228706359863,0.1740565299987793
0,turbo,16,1,1048576,262144,262144,10,0,datasets/silesia/dickens,10192446,4078634,40.016243,0.48727989196777344,0.3311431407928467
0,turbo,16,1,1048576,262144,262144,10,0,datasets/silesia/mozilla,51220480,17923871,34.993563,2.0022220611572266,1.424039602279663
0,turbo,16,1,1048576,262144,262144,10,0,datasets/silesia/osdb,10085684,3591011,35.605032,0.438917875289917,0.3210434913635254
0,turbo,16,1,1048576,262144,262144,10,0,datasets/silesia/x-ray,8474240,5663742,66.834808,0.6826720237731934,0.5062963962554932
0,turbo,16,1,1048576,262144,262144,10,0,datasets/silesia/samba,21606400,5088236,23.54967,0.6814775466918945,0.45951247215270996
0,turbo,16,1,1048576,262144,262144,10,0,datasets/silesia/sao,7251944,5295167,73.017208,0.6001853942871094,0.4917125701904297
0,turbo,16,1,1048576,262144,262144,10,0,AVERAGE,17661548.333333332,5572906.25,31.553894,0.6771708925565084,0.46975161631902057
0,turbo,16,1,1048576,262144,262144,10,1,datasets/silesia/ooffice,6152192,2952392,47.98927,0.3798799514770508,0.2700929641723633
0,turbo,16,1,1048576,262144,262144,10,1,datasets/silesia/xml,5345280,657462,12.299861,0.1398179531097412,0.06271815299987793
0,turbo,16,1,1048576,262144,262144,10,1,datasets/silesia/mr,9970564,3605201,36.158446,0.4423797130584717,0.33362770080566406
0,turbo,16,1,1048576,262144,262144,10,1,datasets/silesia/nci,33553445,3061851,9.125295,0.5153439044952393,0.27445173263549805
0,turbo,16,1,1048576,262144,262144,10,1,datasets/silesia/webster,41458703,12415224,29.946002,1.3989660739898682,1.0139822959899902
0,turbo,16,1,1048576,262144,262144,10,1,datasets/silesia/reymont,6627202,1994039,30.088701,0.30104970932006836,0.17584729194641113
0,turbo,16,1,1048576,262144,262144,10,1,datasets/silesia/dickens,10192446,4038124,39.618792,0.509958028793335,0.34062814712524414
0,turbo,16,1,1048576,262144,262144,10,1,datasets/silesia/mozilla,51220480,17497989,34.162095,1.9516394138336182,1.3899719715118408
0,turbo,16,1,1048576,262144,262144,10,1,datasets/silesia/osdb,10085684,3583404,35.529608,0.4535863399505615,0.3324706554412842
0,turbo,16,1,1048576,262144,262144,10,1,datasets/silesia/x-ray,8474240,5702067,67.287061,0.6568012237548828,0.5118749141693115
0,turbo,16,1,1048576,262144,262144,10,1,datasets/silesia/samba,21606400,4963547,22.972578,0.6531217098236084,0.46761608123779297
0,turbo,16,1,1048576,262144,262144,10,1,datasets/silesia/sao,7251944,5290810,72.957127,0.6020581722259521,0.4980652332305908
0,turbo,16,1,1048576,262144,262144,10,1,AVERAGE,17661548.333333332,5480175.833333333,31.028853,0.6670501828193665,0.47261226177215576
0,turbo,16,1,1048576,262144,262144,10,2,datasets/silesia/ooffice,6152192,2950332,47.955786,0.3763241767883301,0.2719411849975586
0,turbo,16,1,1048576,262144,262144,10,2,datasets/silesia/xml,5345280,638842,11.951516,0.14375710487365723,0.06187129020690918
0,turbo,16,1,1048576,262144,262144,10,2,datasets/silesia/mr,9970564,3611622,36.222846,0.4561946392059326,0.3276236057281494
0,turbo,16,1,1048576,262144,262144,10,2,datasets/silesia/nci,33553445,2946269,8.780824,0.5251443386077881,0.27024388313293457
0,turbo,16,1,1048576,262144,262144,10,2,datasets/silesia/webster,41458703,12290935,29.646212,1.412090539932251,1.0336427688598633
0,turbo,16,1,1048576,262144,262144,10,2,datasets/silesia/reymont,6627202,1989541,30.020829,0.277101993560791,0.1829533576965332
0,turbo,16,1,1048576,262144,262144,10,2,datasets/silesia/dickens,10192446,4005676,39.300439,0.5010502338409424,0.3457303047180176
0,turbo,16,1,1048576,262144,262144,10,2,datasets/silesia/mozilla,51220480,17470809,34.10903,1.9566900730133057,1.401857852935791
0,turbo,16,1,1048576,262144,262144,10,2,datasets/silesia/osdb,10085684,3553732,35.235409,0.45944929122924805,0.3276357650756836
0,turbo,16,1,1048576,262144,262144,10,2,datasets/silesia/x-ray,8474240,5713148,67.417822,0.672266960144043,0.5159084796905518
0,turbo,16,1,1048576,262144,262144,10,2,datasets/silesia/samba,21606400,4876401,22.569243,0.6270301342010498,0.46494579315185547
0,turbo,16,1,1048576,262144,262144,10,2,datasets/silesia/sao,7251944,5347716,73.741827,0.5970284938812256,0.5036613941192627
0,turbo,16,1,1048576,262144,262144,10,2,AVERAGE,17661548.333333332,5449585.25,30.855648,0.6670106649398804,0.47566797335942584
0,turbo,16,1,1048576,262144,262144,10,3,datasets/silesia/ooffice,6152192,2939751,47.783798,0.38077306747436523,0.2693817615509033
0,turbo,16,1,1048576,262144,262144,10,3,datasets/silesia/xml,5345280,638222,11.939917,0.13725519180297852,0.062363386154174805
0,turbo,16,1,1048576,262144,262144,10,3,datasets/silesia/mr,9970564,3665915,36.767378,0.45952844619750977,0.33201098442077637
0,turbo,16,1,1048576,262144,262144,10,3,datasets/silesia/nci,33553445,2963180,8.831224,0.5029470920562744,0.27157044410705566
0,turbo,16,1,1048576,262144,262144,10,3,datasets/silesia/webster,41458703,12325456,29.729478,1.4108121395111084,1.0319757461547852
0,turbo,16,1,1048576,262144,262144,10,3,datasets/silesia/reymont,6627202,1996321,30.123135,0.25795888900756836,0.17778635025024414
0,turbo,16,1,1048576,262144,262144,10,3,datasets/silesia/dickens,10192446,4043722,39.673715,0.4919168949127197,0.34580564498901367
0,turbo,16,1,1048576,262144,262144,10,3,datasets/silesia/mozilla,51220480,17443505,34.055723,1.9635238647460938,1.3896512985229492
0,turbo,16,1,1048576,262144,262144,10,3,datasets/silesia/osdb,10085684,3519269,34.893707,0.4661998748779297,0.327254056930542
0,turbo,16,1,1048576,262144,262144,10,3,datasets/silesia/x-ray,8474240,5717860,67.473425,0.6865949630737305,0.5260534286499023
0,turbo,16,1,1048576,262144,262144,10,3,datasets/silesia/samba,21606400,4866319,22.522581,0.6517961025238037,0.46456313133239746
0,turbo,16,1,1048576,262144,262144,10,3,datasets/silesia/sao,7251944,5336008,73.580381,0.6021173000335693,0.5105428695678711
0,turbo,16,1,1048576,262144,262144,10,3,AVERAGE,17661548.333333332,5454627.333333333,30.884197,0.6676186521848043,0.4757465918858846
0,turbo,16,1,1048576,262144,262144,1000,0,datasets/silesia/ooffice,6152192,2934322,47.695553,0.41872358322143555,0.26355957984924316
0,turbo,16,1,1048576,262144,262144,1000,0,datasets/silesia/xml,5345280,557810,10.435562,0.16766119003295898,0.05045509338378906
0,turbo,16,1,1048576,262144,262144,1000,0,datasets/silesia/mr,9970564,3386953,33.969523,0.5416038036346436,0.2834897041320801
0,turbo,16,1,1048576,262144,262144,1000,0,datasets/silesia/nci,33553445,2696375,8.03606,0.602039098739624,0.227186918258667
0,turbo,16,1,1048576,262144,262144,1000,0,datasets/silesia/webster,41458703,11215781,27.052899,1.5869495868682861,0.8782048225402832
0,turbo,16,1,1048576,262144,262144,1000,0,datasets/silesia/reymont,6627202,1729861,26.102434,0.4873051643371582,0.14495158195495605
0,turbo,16,1,1048576,262144,262144,1000,0,datasets/silesia/dickens,10192446,3516362,34.499687,0.7237086296081543,0.2767446041107178
0,turbo,16,1,1048576,262144,262144,1000,0,datasets/silesia/mozilla,51220480,17600992,34.363192,2.066805124282837,1.3577091693878174
0,turbo,16,1,1048576,262144,262144,1000,0,datasets/silesia/osdb,10085684,3455623,34.262654,0.44948387145996094,0.3160362243652344
0,turbo,16,1,1048576,262144,262144,1000,0,datasets/silesia/x-ray,8474240,5606335,66.157378,0.6796791553497314,0.4956855773925781
0,turbo,16,1,1048576,262144,262144,1000,0,datasets/silesia/samba,21606400,4807809,22.251782,0.7497677803039551,0.43334436416625977
0,turbo,16,1,1048576,262144,262144,1000,0,datasets/silesia/sao,7251944,5183083,71.471636,0.6334261894226074,0.47216129302978516
0,turbo,16,1,1048576,262144,262144,1000,0,AVERAGE,17661548.333333332,5224275.5,29.579941,0.758929431438446,0.43329407771428424
0,turbo,16,1,1048576,262144,262144,1000,1,datasets/silesia/ooffice,6152192,2874647,46.725574,0.48600292205810547,0.2552921772003174
0,turbo,16,1,1048576,262144,262144,1000,1,datasets/silesia/xml,5345280,533854,9.987391,0.19435524940490723,0.0511322021484375
0,turbo,16,1,1048576,262144,262144,1000,1,datasets/silesia/mr,9970564,3374863,33.848266,0.689605712890625,0.2935669422149658
0,turbo,16,1,1048576,262144,262144,1000,1,datasets/silesia/nci,33553445,2520517,7.511947,0.5629429817199707,0.22451400756835938
0,turbo,16,1,1048576,262144,262144,1000,1,datasets/silesia/webster,41458703,11068735,26.698218,1.7869479656219482,0.8917281627655029
0,turbo,16,1,1048576,262144,262144,1000,1,datasets/silesia/reymont,6627202,1690654,25.510826,0.5781335830688477,0.14455461502075195
0,turbo,16,1,1048576,262144,262144,1000,1,datasets/silesia/dickens,10192446,3493761,34.277945,0.8986473083496094,0.2829113006591797
0,turbo,16,1,1048576,262144,262144,1000,1,datasets/silesia/mozilla,51220480,17097891,33.380966,1.867548942565918,1.3436148166656494
0,turbo,16,1,1048576,262144,262144,1000,1,datasets/silesia/osdb,10085684,3396850,33.679917,0.509967565536499,0.305342435836792
0,turbo,16,1,1048576,262144,262144,1000,1,datasets/silesia/x-ray,8474240,5538791,65.360327,0.7692883014678955,0.49305152893066406
0,turbo,16,1,1048576,262144,262144,1000,1,datasets/silesia/samba,21606400,4697053,21.739175,0.8064906597137451,0.4357321262359619
0,turbo,16,1,1048576,262144,262144,1000,1,datasets/silesia/sao,7251944,5113232,70.508432,0.7026522159576416,0.47173285484313965
0,turbo,16,1,1048576,262144,262144,1000,1,AVERAGE,17661548.333333332,5116737.333333333,28.971058,0.8210486173629761,0.4327644308408101
0,turbo,16,1,1048576,262144,262144,1000,2,datasets/silesia/ooffice,6152192,2868353,46.623269,0.5585141181945801,0.2571218013763428
0,turbo,16,1,1048576,262144,262144,1000,2,datasets/silesia/xml,5345280,523640,9.796306,0.2446756362915039,0.05165410041809082
0,turbo,16,1,1048576,262144,262144,1000,2,datasets/silesia/mr,9970564,3406113,34.161688,0.7779803276062012,0.29602932929992676
0,turbo,16,1,1048576,262144,262144,1000,2,datasets/silesia/nci,33553445,2442824,7.280397,0.5720438957214355,0.22581982612609863
0,turbo,16,1,1048576,262144,262144,1000,2,datasets/silesia/webster,41458703,10999454,26.53111,1.9562687873840332,0.911583662033081
0,turbo,16,1,1048576,262144,262144,1000,2,datasets/silesia/reymont,6627202,1675616,25.283913,0.7298529148101807,0.15189099311828613
0,turbo,16,1,1048576,262144,262144,1000,2,datasets/silesia/dickens,10192446,3482164,34.164164,0.9346539974212646,0.29355359077453613
0,turbo,16,1,1048576,262144,262144,1000,2,datasets/silesia/mozilla,51220480,17047025,33.281658,2.0036284923553467,1.347107172012329
0,turbo,16,1,1048576,262144,262144,1000,2,datasets/silesia/osdb,10085684,3384047,33.552975,0.5774357318878174,0.3068084716796875
0,turbo,16,1,1048576,262144,262144,1000,2,datasets/silesia/x-ray,8474240,5562468,65.639727,0.7885630130767822,0.5009348392486572
0,turbo,16,1,1048576,262144,262144,1000,2,datasets/silesia/samba,21606400,4625954,21.41011,0.8879959583282471,0.4295518398284912
0,turbo,16,1,1048576,262144,262144,1000,2,datasets/silesia/sao,7251944,5114120,70.520677,0.7939834594726562,0.4729471206665039
0,turbo,16,1,1048576,262144,262144,1000,2,AVERAGE,17661548.333333332,5094314.833333333,28.844101,0.902133027712504,0.43708356221516925
0,turbo,16,1,1048576,262144,262144,1000,3,datasets/silesia/ooffice,6152192,2860679,46.498533,0.6150143146514893,0.25397682189941406
0,turbo,16,1,1048576,262144,262144,1000,3,datasets/silesia/xml,5345280,526909,9.857463,0.3094351291656494,0.05156588554382324
0,turbo,16,1,1048576,262144,262144,1000,3,datasets/silesia/mr,9970564,3496938,35.07262,0.9519407749176025,0.3317255973815918
0,turbo,16,1,1048576,262144,262144,1000,3,datasets/silesia/nci,33553445,2450007,7.301805,0.6861004829406738,0.23004889488220215
0,turbo,16,1,1048576,262144,262144,1000,3,datasets/silesia/webster,41458703,11115640,26.811355,2.3060190677642822,0.9106638431549072
0,turbo,16,1,1048576,262144,262144,1000,3,datasets/silesia/reymont,6627202,1691700,25.52661,0.9723968505859375,0.14888262748718262
0,turbo,16,1,1048576,262144,262144,1000,3,datasets/silesia/dickens,10192446,3551753,34.846915,1.2405788898468018,0.2960364818572998
0,turbo,16,1,1048576,262144,262144,1000,3,datasets/silesia/mozilla,51220480,17040505,33.268929,2.173748731613159,1.3559505939483643
0,turbo,16,1,1048576,262144,262144,1000,3,datasets/silesia/osdb,10085684,3388278,33.594925,0.5899531841278076,0.3077406883239746
0,turbo,16,1,1048576,262144,262144,1000,3,datasets/silesia/x-ray,8474240,5603952,66.129258,0.8586905002593994,0.5026900768280029
0,turbo,16,1,1048576,262144,262144,1000,3,datasets/silesia/samba,21606400,4630345,21.430433,0.9996728897094727,0.43180394172668457
0,turbo,16,1,1048576,262144,262144,1000,3,datasets/silesia/sao,7251944,5125367,70.675766,0.8522689342498779,0.48000454902648926
0,turbo,16,1,1048576,262144,262144,1000,3,AVERAGE,17661548.333333332,5123506.083333333,29.009382,1.0463183124860127,0.4417575001716614
0,turbo,16,1,1048576,262144,262144,0,0,datasets/silesia/ooffice,6152192,2932746,47.669936,0.446272611618042,0.2803380489349365
0,turbo,16,1,1048576,262144,262144,0,0,datasets/silesia/xml,5345280,555855,10.398988,0.19989752769470215,0.0530400276184082
0,turbo,16,1,1048576,262144,262144,0,0,datasets/silesia/mr,9970564,3385914,33.959102,0.6541743278503418,0.2841315269470215
0,turbo,16,1,1048576,262144,262144,0,0,datasets/silesia/nci,33553445,2668746,7.953717,0.6264317035675049,0.2542262077331543
0,turbo,16,1,1048576,262144,262144,0,0,datasets/silesia/webster,41458703,11181229,26.969558,1.7391364574432373,0.866220235824585
0,turbo,16,1,1048576,262144,262144,0,0,datasets/silesia/reymont,6627202,1709628,25.797131,0.6066923141479492,0.1430058479309082
0,turbo,16,1,1048576,262144,262144,0,0,datasets/silesia/dickens,10192446,3504159,34.379961,0.7769341468811035,0.2800602912902832
0,turbo,16,1,1048576,262144,262144,0,0,datasets/silesia/mozilla,51220480,17604274,34.3696,2.1094014644622803,1.3821086883544922
0,turbo,16,1,1048576,262144,262144,0,0,datasets/silesia/osdb,10085684,3455619,34.262614,0.4904599189758301,0.3120737075805664
0,turbo,16,1,1048576,262144,262144,0,0,datasets/silesia/x-ray,8474240,5606335,66.157378,0.6903326511383057,0.4892110824584961
0,turbo,16,1,1048576,262144,262144,0,0,datasets/silesia/samba,21606400,4804166,22.234921,0.7889547348022461,0.4348926544189453
0,turbo,16,1,1048576,262144,262144,0,0,datasets/silesia/sao,7251944,5183000,71.470491,0.6439700126647949,0.47251152992248535
0,turbo,16,1,1048576,262144,262144,0,0,AVERAGE,17661548.333333332,5215972.583333333,29.532929,0.8143881559371948,0.4376516540845235
0,turbo,16,1,1048576,262144,262144,0,1,datasets/silesia/ooffice,6152192,2872840,46.696202,0.5543937683105469,0.2588200569152832
0,turbo,16,1,1048576,262144,262144,0,1,datasets/silesia/xml,5345280,531656,9.94627,0.2737305164337158,0.051168203353881836
0,turbo,16,1,1048576,262144,262144,0,1,datasets/silesia/mr,9970564,3362448,33.723749,1.4912307262420654,0.2991018295288086
0,turbo,16,1,1048576,262144,262144,0,1,datasets/silesia/nci,33553445,2485670,7.408092,1.0385558605194092,0.22128009796142578
0,turbo,16,1,1048576,262144,262144,0,1,datasets/silesia/webster,41458703,11033464,26.613143,2.0622992515563965,0.8797662258148193
0,turbo,16,1,1048576,262144,262144,0,1,datasets/silesia/reymont,6627202,1671421,25.220613,1.1102404594421387,0.14484453201293945
0,turbo,16,1,1048576,262144,262144,0,1,datasets/silesia/dickens,10192446,3481025,34.152989,1.103883981704712,0.27983832359313965
0,turbo,16,1,1048576,262144,262144,0,1,datasets/silesia/mozilla,51220480,17104829,33.394511,3.148744583129883,1.3506755828857422
0,turbo,16,1,1048576,262144,262144,0,1,datasets/silesia/osdb,10085684,3393808,33.649755,0.6301155090332031,0.30919790267944336
0,turbo,16,1,1048576,262144,262144,0,1,datasets/silesia/x-ray,8474240,5538751,65.359855,0.7585370540618896,0.49105310440063477
0,turbo,16,1,1048576,262144,262144,0,1,datasets/silesia/samba,21606400,4695822,21.733477,0.9166615009307861,0.44057250022888184
0,turbo,16,1,1048576,262144,262144,0,1,datasets/silesia/sao,7251944,5112432,70.4974,0.7256429195404053,0.476729154586792
0,turbo,16,1,1048576,262144,262144,0,1,AVERAGE,17661548.333333332,5107013.833333333,28.916003,1.1511696775754292,0.43358729283014935
0,turbo,16,1,1048576,262144,262144,0,2,datasets/silesia/ooffice,6152192,2866104,46.586713,0.6739335060119629,0.2558469772338867
0,turbo,16,1,1048576,262144,262144,0,2,datasets/silesia/xml,5345280,520894,9.744934,0.3845326900482178,0.052867889404296875
0,turbo,16,1,1048576,262144,262144,0,2,datasets/silesia/mr,9970564,3377370,33.87341,1.6827991008758545,0.2955784797668457
0,turbo,16,1,1048576,262144,262144,0,2,datasets/silesia/nci,33553445,2401576,7.157465,1.5546791553497314,0.2239069938659668
0,turbo,16,1,1048576,262144,262144,0,2,datasets/silesia/webster,41458703,10962977,26.443126,2.778390407562256,0.9113922119140625
0,turbo,16,1,1048576,262144,262144,0,2,datasets/silesia/reymont,6627202,1653583,24.95145,1.45589280128479,0.14642596244812012
0,turbo,16,1,1048576,262144,262144,0,2,datasets/silesia/dickens,10192446,3469809,34.042947,1.392700433731079,0.29203319549560547
0,turbo,16,1,1048576,262144,262144,0,2,datasets/silesia/mozilla,51220480,17052536,33.292417,5.5662829875946045,1.3553907871246338
0,turbo,16,1,1048576,262144,262144,0,2,datasets/silesia/osdb,10085684,3371205,33.425646,0.6583540439605713,0.3097052574157715
0,turbo,16,1,1048576,262144,262144,0,2,datasets/silesia/x-ray,8474240,5562415,65.639102,0.7717158794403076,0.4973726272583008
0,turbo,16,1,1048576,262144,262144,0,2,datasets/silesia/samba,21606400,4625342,21.407277,1.5411169528961182,0.43493103981018066
0,turbo,16,1,1048576,262144,262144,0,2,datasets/silesia/sao,7251944,5111751,70.48801,0.9469990730285645,0.477797269821167
0,turbo,16,1,1048576,262144,262144,0,2,AVERAGE,17661548.333333332,5081296.833333333,28.770393,1.6172830859820049,0.4377707242965698
0,turbo,16,1,1048576,262144,262144,0,3,datasets/silesia/ooffice,6152192,2858538,46.463732,1.1536860466003418,0.25650978088378906
0,turbo,16,1,1048576,262144,262144,0,3,datasets/silesia/xml,5345280,523887,9.800927,0.5274107456207275,0.05054020881652832
0,turbo,16,1,1048576,262144,262144,0,3,datasets/silesia/mr,9970564,3489418,34.997198,2.3183095455169678,0.30286288261413574
0,turbo,16,1,1048576,262144,262144,0,3,datasets/silesia/nci,33553445,2407498,7.175114,2.731363534927368,0.22591257095336914
0,turbo,16,1,1048576,262144,262144,0,3,datasets/silesia/webster,41458703,11080368,26.726277,3.4083993434906006,0.9103484153747559
0,turbo,16,1,1048576,262144,262144,0,3,datasets/silesia/reymont,6627202,1669263,25.188051,2.028198003768921,0.1482841968536377
0,turbo,16,1,1048576,262144,262144,0,3,datasets/silesia/dickens,10192446,3540159,34.733164,1.616335391998291,0.29744839668273926
0,turbo,16,1,1048576,262144,262144,0,3,datasets/silesia/mozilla,51220480,17046150,33.27995,8.433492183685303,1.3580412864685059
0,turbo,16,1,1048576,262144,262144,0,3,datasets/silesia/osdb,10085684,3373286,33.446279,0.7271037101745605,0.3100316524505615
0,turbo,16,1,1048576,262144,262144,0,3,datasets/silesia/x-ray,8474240,5603940,66.129116,0.8480892181396484,0.5049588680267334
0,turbo,16,1,1048576,262144,262144,0,3,datasets/silesia/samba,21606400,4626888,21.414433,2.0948593616485596,0.43573784828186035
0,turbo,16,1,1048576,262144,262144,0,3,datasets/silesia/sao,7251944,5119829,70.599401,1.0210645198822021,0.4803638458251953
0,turbo,16,1,1048576,262144,262144,0,3,AVERAGE,17661548.333333332,5111602.0,28.941981,2.2423593004544577,0.4400866627693176
0,turbo,16,1,1048576,262144,1048576,10,0,datasets/silesia/ooffice,6152192,3006805,48.873719,0.3906056880950928,0.26667308807373047
0,turbo,16,1,1048576,262144,1048576,10,0,datasets/silesia/xml,5345280,697210,13.04347,0.14198851585388184,0.06407380104064941
0,turbo,16,1,1048576,262144,1048576,10,0,datasets/silesia/mr,9970564,3498853,35.091826,0.4599606990814209,0.30049800872802734
0,turbo,16,1,1048576,262144,1048576,10,0,datasets/silesia/nci,33553445,3321475,9.899058,0.52079176902771,0.2910919189453125
0,turbo,16,1,1048576,262144,1048576,10,0,datasets/silesia/webster,41458703,12661383,30.539747,1.3768646717071533,1.0132050514221191
0,turbo,16,1,1048576,262144,1048576,10,0,datasets/silesia/reymont,6627202,2048488,30.9103,0.26955342292785645,0.17366671562194824
0,turbo,16,1,1048576,262144,1048576,10,0,datasets/silesia/dickens,10192446,4078634,40.016243,0.49186277389526367,0.3313775062561035
0,turbo,16,1,1048576,262144,1048576,10,0,datasets/silesia/mozilla,51220480,17923871,34.993563,1.9917008876800537,1.4160358905792236
0,turbo,16,1,1048576,262144,1048576,10,0,datasets/silesia/osdb,10085684,3591011,35.605032,0.4423096179962158,0.32786035537719727
0,turbo,16,1,1048576,262144,1048576,10,0,datasets/silesia/x-ray,8474240,5663742,66.834808,0.6850540637969971,0.5043387413024902
0,turbo,16,1,1048576,262144,1048576,10,0,datasets/silesia/samba,21606400,5088236,23.54967,0.6496362686157227,0.4552607536315918
0,turbo,16,1,1048576,262144,1048576,10,0,datasets/silesia/sao,7251944,5295167,73.017208,0.5949869155883789,0.4866445064544678
0,turbo,16,1,1048576,262144,1048576,10,0,AVERAGE,17661548.333333332,5572906.25,31.553894,0.6679429411888123,0.4692271947860718
0,turbo,16,1,1048576,262144,1048576,10,1,datasets/silesia/ooffice,6152192,2952392,47.98927,0.3698441982269287,0.2636692523956299
0,turbo,16,1,1048576,262144,1048576,10,1,datasets/silesia/xml,5345280,657462,12.299861,0.1321735382080078,0.061470746994018555
0,turbo,16,1,1048576,262144,1048576,10,1,datasets/silesia/mr,9970564,3605201,36.158446,0.4546823501586914,0.3166840076446533
0,turbo,16,1,1048576,262144,1048576,10,1,datasets/silesia/nci,33553445,3061851,9.125295,0.5051460266113281,0.271251916885376
0,turbo,16,1,1048576,262144,1048576,10,1,datasets/silesia/webster,41458703,12415224,29.946002,1.3429505825042725,1.0041298866271973
0,turbo,16,1,1048576,262144,1048576,10,1,datasets/silesia/reymont,6627202,1994039,30.088701,0.28000807762145996,0.1751573085784912
0,turbo,16,1,1048576,262144,1048576,10,1,datasets/silesia/dickens,10192446,4038124,39.618792,0.49178147315979004,0.3378012180328369
0,turbo,16,1,1048576,262144,1048576,10,1,datasets/silesia/mozilla,51220480,17497989,34.162095,1.9232547283172607,1.394291639328003
0,turbo,16,1,1048576,262144,1048576,10,1,datasets/silesia/osdb,10085684,3583404,35.529608,0.462770938873291,0.3220341205596924
0,turbo,16,1,1048576,262144,1048576,10,1,datasets/silesia/x-ray,8474240,5702067,67.287061,0.6940970420837402,0.5158379077911377
0,turbo,16,1,1048576,262144,1048576,10,1,datasets/silesia/samba,21606400,4963547,22.972578,0.6550745964050293,0.45879077911376953
0,turbo,16,1,1048576,262144,1048576,10,1,datasets/silesia/sao,7251944,5290810,72.957127,0.5789239406585693,0.48528432846069336
0,turbo,16,1,1048576,262144,1048576,10,1,AVERAGE,17661548.333333332,5480175.833333333,31.028853,0.6575589577356974,0.46720025936762494
0,turbo,16,1,1048576,262144,1048576,10,2,datasets/silesia/ooffice,6152192,2950332,47.955786,0.35993003845214844,0.2644805908203125
0,turbo,16,1,1048576,262144,1048576,10,2,datasets/silesia/xml,5345280,638842,11.951516,0.13224267959594727,0.06325626373291016
0,turbo,16,1,1048576,262144,1048576,10,2,datasets/silesia/mr,9970564,3611622,36.222846,0.4539682865142822,0.3286573886871338
0,turbo,16,1,1048576,262144,1048576,10,2,datasets/silesia/nci,33553445,2946269,8.780824,0.5031576156616211,0.26813721656799316
0,turbo,16,1,1048576,262144,1048576,10,2,datasets/silesia/webster,41458703,12290935,29.646212,1.378335952758789,1.0296318531036377
0,turbo,16,1,1048576,262144,1048576,10,2,datasets/silesia/reymont,6627202,1989541,30.020829,0.2904653549194336,0.18204689025878906
0,turbo,16,1,1048576,262144,1048576,10,2,datasets/silesia/dickens,10192446,4005676,39.300439,0.49859023094177246,0.3445146083831787
0,turbo,16,1,1048576,262144,1048576,10,2,datasets/silesia/mozilla,51220480,17470809,34.10903,1.9945425987243652,1.3991992473602295
0,turbo,16,1,1048576,262144,1048576,10,2,datasets/silesia/osdb,10085684,3553732,35.235409,0.45309972763061523,0.32726430892944336
0,turbo,16,1,1048576,262144,1048576,10,2,datasets/silesia/x-ray,8474240,5713148,67.417822,0.6947989463806152,0.5227832794189453
0,turbo,16,1,1048576,262144,1048576,10,2,datasets/silesia/samba,21606400,4876401,22.569243,0.6287877559661865,0.4590322971343994
0,turbo,16,1,1048576,262144,1048576,10,2,datasets/silesia/sao,7251944,5347716,73.741827,0.5825262069702148,0.5008842945098877
0,turbo,16,1,1048576,262144,1048576,10,2,AVERAGE,17661548.333333332,5449585.25,30.855648,0.6642037828763326,0.47415735324223834
0,turbo,16,1,1048576,262144,1048576,10,3,datasets/silesia/ooffice,6152192,2939751,47.783798,0.36720967292785645,0.26461029052734375
0,turbo,16,1,1048576,262144,1048576,10,3,datasets/silesia/xml,5345280,638222,11.939917,0.14283204078674316,0.05979752540588379
0,turbo,16,1,1048576,262144,1048576,10,3,datasets/silesia/mr,9970564,3665915,36.767378,0.4527900218963623,0.33530712127685547
0,turbo,16,1,1048576,262144,1048576,10,3,datasets/silesia/nci,33553445,2963180,8.831224,0.5391745567321777,0.27108263969421387
0,turbo,16,1,1048576,262144,1048576,10,3,datasets/silesia/webster,41458703,12325456,29.729478,1.413090705871582,1.0242903232574463
0,turbo,16,1,1048576,262144,1048576,10,3,datasets/silesia/reymont,6627202,1996321,30.123135,0.28340935707092285,0.1775193214416504
0,turbo,16,1,1048576,262144,1048576,10,3,datasets/silesia/dickens,10192446,4043722,39.673715,0.49338412284851074,0.34239625930786133
0,turbo,16,1,1048576,262144,1048576,10,3,datasets/silesia/mozilla,51220480,17443505,34.055723,1.916680097579956,1.3995087146759033
0,turbo,16,1,1048576,262144,1048576,10,3,datasets/silesia/osdb,10085684,3519269,34.893707,0.457033634185791,0.32268595695495605
0,turbo,16,1,1048576,262144,1048576,10,3,datasets/silesia/x-ray,8474240,5717860,67.473425,0.7013406753540039,0.5320367813110352
0,turbo,16,1,1048576,262144,1048576,10,3,datasets/silesia/samba,21606400,4866319,22.522581,0.652057409286499,0.45413947105407715
0,turbo,16,1,1048576,262144,1048576,10,3,datasets/silesia/sao,7251944,5336008,73.580381,0.5878376960754395,0.4971809387207031
0,turbo,16,1,1048576,262144,1048576,10,3,AVERAGE,17661548.333333332,5454627.333333333,30.884197,0.6672366658846537,0.47337961196899414
0,turbo,16,1,1048576,262144,1048576,1000,0,datasets/silesia/ooffice,6152192,2934322,47.695553,0.4231576919555664,0.2566196918487549
0,turbo,16,1,1048576,262144,1048576,1000,0,datasets/silesia/xml,5345280,557810,10.435562,0.16447949409484863,0.04994511604309082
0,turbo,16,1,1048576,262144,1048576,1000,0,datasets/silesia/mr,9970564,3386953,33.969523,0.5605316162109375,0.28484582901000977
0,turbo,16,1,1048576,262144,1048576,1000,0,datasets/silesia/nci,33553445,2696375,8.03606,0.538069486618042,0.2310934066772461
0,turbo,16,1,1048576,262144,1048576,1000,0,datasets/silesia/webster,41458703,11215781,27.052899,1.6104683876037598,0.8703510761260986
0,turbo,16,1,1048576,262144,1048576,1000,0,datasets/silesia/reymont,6627202,1729861,26.102434,0.4334268569946289,0.1421651840209961
0,turbo,16,1,1048576,262144,1048576,1000,0,datasets/silesia/dickens,10192446,3516362,34.499687,0.6522815227508545,0.27999234199523926
0,turbo,16,1,1048576,262144,1048576,1000,0,datasets/silesia/mozilla,51220480,17600992,34.363192,1.9517090320587158,1.3675882816314697
0,turbo,16,1,1048576,262144,1048576,1000,0,datasets/silesia/osdb,10085684,3455623,34.262654,0.4566667079925537,0.3091757297515869
0,turbo,16,1,1048576,262144,1048576,1000,0,datasets/silesia/x-ray,8474240,5606335,66.157378,0.7037723064422607,0.48857855796813965
0,turbo,16,1,1048576,262144,1048576,1000,0,datasets/silesia/samba,21606400,4807809,22.251782,0.7215862274169922,0.43247342109680176
0,turbo,16,1,1048576,262144,1048576,1000,0,datasets/silesia/sao,7251944,5183083,71.471636,0.6272430419921875,0.47469520568847656
0,turbo,16,1,1048576,262144,1048576,1000,0,AVERAGE,17661548.333333332,5224275.5,29.579941,0.7369493643442789,0.4322936534881592
0,turbo,16,1,1048576,262144,1048576,1000,1,datasets/silesia/ooffice,6152192,2874647,46.725574,0.48473262786865234,0.25603699684143066
0,turbo,16,1,1048576,262144,1048576,1000,1,datasets/silesia/xml,5345280,533854,9.987391,0.19417619705200195,0.052507877349853516
0,turbo,16,1,1048576,262144,1048576,1000,1,datasets/silesia/mr,9970564,3374863,33.848266,0.7386422157287598,0.29677391052246094
0,turbo,16,1,1048576,262144,1048576,1000,1,datasets/silesia/nci,33553445,2520517,7.511947,0.5665566921234131,0.22565460205078125
0,turbo,16,1,1048576,262144,1048576,1000,1,datasets/silesia/webster,41458703,11068735,26.698218,1.7134594917297363,0.8942112922668457
0,turbo,16,1,1048576,262144,1048576,1000,1,datasets/silesia/reymont,6627202,1690654,25.510826,0.6122360229492188,0.15127944946289062
0,turbo,16,1,1048576,262144,1048576,1000,1,datasets/silesia/dickens,10192446,3493761,34.277945,0.7797508239746094,0.282867431640625
0,turbo,16,1,1048576,262144,1048576,1000,1,datasets/silesia/mozilla,51220480,17097891,33.380966,1.9486503601074219,1.3554785251617432
0,turbo,16,1,1048576,262144,1048576,1000,1,datasets/silesia/osdb,10085684,3396850,33.679917,0.5072886943817139,0.3190455436706543
0,turbo,16,1,1048576,262144,1048576,1000,1,datasets/silesia/x-ray,8474240,5538791,65.360327,0.7528765201568604,0.4917750358581543
0,turbo,16,1,1048576,262144,1048576,1000,1,datasets/silesia/samba,21606400,4697053,21.739175,0.7885546684265137,0.4341890811920166
0,turbo,16,1,1048576,262144,1048576,1000,1,datasets/silesia/sao,7251944,5113232,70.508432,0.6970505714416504,0.4700138568878174
0,turbo,16,1,1048576,262144,1048576,1000,1,AVERAGE,17661548.333333332,5116737.333333333,28.971058,0.815331240495046,0.43581946690877277
0,turbo,16,1,1048576,262144,1048576,1000,2,datasets/silesia/ooffice,6152192,2868353,46.623269,0.5494742393493652,0.25864076614379883
0,turbo,16,1,1048576,262144,1048576,1000,2,datasets/silesia/xml,5345280,523640,9.796306,0.24027276039123535,0.05121159553527832
0,turbo,16,1,1048576,262144,1048576,1000,2,datasets/silesia/mr,9970564,3406113,34.161688,0.7875890731811523,0.29799652099609375
0,turbo,16,1,1048576,262144,1048576,1000,2,datasets/silesia/nci,33553445,2442824,7.280397,0.5767664909362793,0.22722554206848145
0,turbo,16,1,1048576,262144,1048576,1000,2,datasets/silesia/webster,41458703,10999454,26.53111,1.9687106609344482,0.915532112121582
0,turbo,16,1,1048576,262144,1048576,1000,2,datasets/silesia/reymont,6627202,1675616,25.283913,0.7958958148956299,0.1518115997314453
0,turbo,16,1,1048576,262144,1048576,1000,2,datasets/silesia/dickens,10192446,3482164,34.164164,0.9584801197052002,0.2957141399383545
0,turbo,16,1,1048576,262144,1048576,1000,2,datasets/silesia/mozilla,51220480,17047025,33.281658,1.9477381706237793,1.3958888053894043
0,turbo,16,1,1048576,262144,1048576,1000,2,datasets/silesia/osdb,10085684,3384047,33.552975,0.5327293872833252,0.30771446228027344
0,turbo,16,1,1048576,262144,1048576,1000,2,datasets/silesia/x-ray,8474240,5562468,65.639727,0.7821509838104248,0.4986412525177002
0,turbo,16,1,1048576,262144,1048576,1000,2,datasets/silesia/samba,21606400,4625954,21.41011,0.8960034847259521,0.4287605285644531
0,turbo,16,1,1048576,262144,1048576,1000,2,datasets/silesia/sao,7251944,5114120,70.520677,0.7835650444030762,0.4785771369934082
0,turbo,16,1,1048576,262144,1048576,1000,2,AVERAGE,17661548.333333332,5094314.833333333,28.844101,0.9016146858533224,0.44230953852335614
0,turbo,16,1,1048576,262144,1048576,1000,3,datasets/silesia/ooffice,6152192,2860679,46.498533,0.6059107780456543,0.2563202381134033
0,turbo,16,1,1048576,262144,1048576,1000,3,datasets/silesia/xml,5345280,526909,9.857463,0.3077535629272461,0.05064964294433594
0,turbo,16,1,1048576,262144,1048576,1000,3,datasets/silesia/mr,9970564,3496938,35.07262,0.971010684967041,0.3053865432739258
0,turbo,16,1,1048576,262144,1048576,1000,3,datasets/silesia/nci,33553445,2450007,7.301805,0.7152752876281738,0.22782182693481445
0,turbo,16,1,1048576,262144,1048576,1000,3,datasets/silesia/webster,41458703,11115640,26.811355,2.3519046306610107,0.9118402004241943
0,turbo,16,1,1048576,262144,1048576,1000,3,datasets/silesia/reymont,6627202,1691700,25.52661,0.9525065422058105,0.14765429496765137
0,turbo,16,1,1048576,262144,1048576,1000,3,datasets/silesia/dickens,10192446,3551753,34.846915,1.2444746494293213,0.2959928512573242
0,turbo,16,1,1048576,262144,1048576,1000,3,datasets/silesia/mozilla,51220480,17040505,33.268929,2.2091598510742188,1.345146894454956
0,turbo,16,1,1048576,262144,1048576,1000,3,datasets/silesia/osdb,10085684,3388278,33.594925,0.6335556507110596,0.3067498207092285
0,turbo,16,1,1048576,262144,1048576,1000,3,datasets/silesia/x-ray,8474240,5603952,66.129258,0.8609814643859863,0.5011553764343262
0,turbo,16,1,1048576,262144,1048576,1000,3,datasets/silesia/samba,21606400,4630345,21.430433,1.002155065536499,0.4327657222747803
0,turbo,16,1,1048576,262144,1048576,1000,3,datasets/silesia/sao,7251944,5125367,70.675766,0.851001501083374,0.474672794342041
0,turbo,16,1,1048576,262144,1048576,1000,3,AVERAGE,17661548.333333332,5123506.083333333,29.009382,1.0588074723879497,0.4380130171775818
0,turbo,16,1,1048576,262144,1048576,0,0,datasets/silesia/ooffice,6152192,2932746,47.669936,0.4551551342010498,0.256671667098999
0,turbo,16,1,1048576,262144,1048576,0,0,datasets/silesia/xml,5345280,555855,10.398988,0.20796775817871094,0.051451921463012695
0,turbo,16,1,1048576,262144,1048576,0,0,datasets/silesia/mr,9970564,3385914,33.959102,0.6323604583740234,0.2878391742706299
0,turbo,16,1,1048576,262144,1048576,0,0,datasets/silesia/nci,33553445,2668746,7.953717,0.6205155849456787,0.2227931022644043
0,turbo,16,1,1048576,262144,1048576,0,0,datasets/silesia/webster,41458703,11181229,26.969558,1.7625963687896729,0.8945131301879883
0,turbo,16,1,1048576,262144,1048576,0,0,datasets/silesia/reymont,6627202,1709628,25.797131,0.6180610656738281,0.14024591445922852
0,turbo,16,1,1048576,262144,1048576,0,0,datasets/silesia/dickens,10192446,3504159,34.379961,0.8478055000305176,0.2749481201171875
0,turbo,16,1,1048576,262144,1048576,0,0,datasets/silesia/mozilla,51220480,17604274,34.3696,2.132068157196045,1.3603453636169434
0,turbo,16,1,1048576,262144,1048576,0,0,datasets/silesia/osdb,10085684,3455619,34.262614,0.4467811584472656,0.3085787296295166
0,turbo,16,1,1048576,262144,1048576,0,0,datasets/silesia/x-ray,8474240,5606335,66.157378,0.6916937828063965,0.4904184341430664
0,turbo,16,1,1048576,262144,1048576,0,0,datasets/silesia/samba,21606400,4804166,22.234921,0.7585575580596924,0.4297804832458496
0,turbo,16,1,1048576,262144,1048576,0,0,datasets/silesia/sao,7251944,5183000,71.470491,0.6391820907592773,0.46965837478637695
0,turbo,16,1,1048576,262144,1048576,0,0,AVERAGE,17661548.333333332,5215972.583333333,29.532929,0.8177287181218466,0.4322703679402669
0,turbo,16,1,1048576,262144,1048576,0,1,datasets/silesia/ooffice,6152192,2872840,46.696202,0.5532238483428955,0.25378894805908203
0,turbo,16,1,1048576,262144,1048576,0,1,datasets/silesia/xml,5345280,531656,9.94627,0.28020358085632324,0.049970149993896484
0,turbo,16,1,1048576,262144,1048576,0,1,datasets/silesia/mr,9970564,3362448,33.723749,1.4441373348236084,0.29294490814208984
0,turbo,16,1,1048576,262144,1048576,0,1,datasets/silesia/nci,33553445,2485670,7.408092,1.0799860954284668,0.22086119651794434
0,turbo,16,1,1048576,262144,1048576,0,1,datasets/silesia/webster,41458703,11033464,26.613143,2.0312654972076416,0.8842189311981201
0,turbo,16,1,1048576,262144,1048576,0,1,datasets/silesia/reymont,6627202,1671421,25.220613,1.1201343536376953,0.14476609230041504
0,turbo,16,1,1048576,262144,1048576,0,1,datasets/silesia/dickens,10192446,3481025,34.152989,1.0050694942474365,0.2821803092956543
0,turbo,16,1,1048576,262144,1048576,0,1,datasets/silesia/mozilla,51220480,17104829,33.394511,3.081265926361084,1.348902702331543
0,turbo,16,1,1048576,262144,1048576,0,1,datasets/silesia/osdb,10085684,3393808,33.649755,0.6116712093353271,0.3067281246185303
0,turbo,16,1,1048576,262144,1048576,0,1,datasets/silesia/x-ray,8474240,5538751,65.359855,0.7556838989257812,0.48827266693115234
0,turbo,16,1,1048576,262144,1048576,0,1,datasets/silesia/samba,21606400,4695822,21.733477,0.9016730785369873,0.42943644523620605
0,turbo,16,1,1048576,262144,1048576,0,1,datasets/silesia/sao,7251944,5112432,70.4974,0.7138767242431641,0.4722130298614502
0,turbo,16,1,1048576,262144,1048576,0,1,AVERAGE,17661548.333333332,5107013.833333333,28.916003,1.131515920162201,0.431190292040507
0,turbo,16,1,1048576,262144,1048576,0,2,datasets/silesia/ooffice,6152192,2866104,46.586713,0.7045609951019287,0.26189494132995605
0,turbo,16,1,1048576,262144,1048576,0,2,datasets/silesia/xml,5345280,520894,9.744934,0.3911280632019043,0.05530953407287598
0,turbo,16,1,1048576,262144,1048576,0,2,datasets/silesia/mr,9970564,3377370,33.87341,1.7951173782348633,0.2943148612976074
0,turbo,16,1,1048576,262144,1048576,0,2,datasets/silesia/nci,33553445,2401576,7.157465,1.6355335712432861,0.2255692481994629
0,turbo,16,1,1048576,262144,1048576,0,2,datasets/silesia/webster,41458703,10962977,26.443126,2.6616358757019043,0.925804853439331
0,turbo,16,1,1048576,262144,1048576,0,2,datasets/silesia/reymont,6627202,1653583,24.95145,1.4797229766845703,0.1490623950958252
0,turbo,16,1,1048576,262144,1048576,0,2,datasets/silesia/dickens,10192446,3469809,34.042947,1.1925296783447266,0.292647123336792
0,turbo,16,1,1048576,262144,1048576,0,2,datasets/silesia/mozilla,51220480,17052536,33.292417,5.603897333145142,1.3568849563598633
0,turbo,16,1,1048576,262144,1048576,0,2,datasets/silesia/osdb,10085684,3371205,33.425646,0.6503236293792725,0.325955867767334
0,turbo,16,1,1048576,262144,1048576,0,2,datasets/silesia/x-ray,8474240,5562415,65.639102,0.7826709747314453,0.49985337257385254
0,turbo,16,1,1048576,262144,1048576,0,2,datasets/silesia/samba,21606400,4625342,21.407277,1.5439648628234863,0.434537410736084
0,turbo,16,1,1048576,262144,1048576,0,2,datasets/silesia/sao,7251944,5111751,70.48801,0.95493483543396,0.48343420028686523
0,turbo,16,1,1048576,262144,1048576,0,2,AVERAGE,17661548.333333332,5081296.833333333,28.770393,1.6163350145022075,0.4421057303746541
0,turbo,16,1,1048576,262144,1048576,0,3,datasets/silesia/ooffice,6152192,2858538,46.463732,1.1407554149627686,0.25734734535217285
0,turbo,16,1,1048576,262144,1048576,0,3,datasets/silesia/xml,5345280,523887,9.800927,0.5275678634643555,0.0523374080657959
0,turbo,16,1,1048576,262144,1048576,0,3,datasets/silesia/mr,9970564,3489418,34.997198,2.615061044692993,0.3018062114715576
0,turbo,16,1,1048576,262144,1048576,0,3,datasets/silesia/nci,33553445,2407498,7.175114,2.8093557357788086,0.22696399688720703
0,turbo,16,1,1048576,262144,1048576,0,3,datasets/silesia/webster,41458703,11080368,26.726277,3.313281536102295,0.9158380031585693
0,turbo,16,1,1048576,262144,1048576,0,3,datasets/silesia/reymont,6627202,1669263,25.188051,1.952152967453003,0.1540672779083252
0,turbo,16,1,1048576,262144,1048576,0,3,datasets/silesia/dickens,10192446,3540159,34.733164,1.573805332183838,0.295853853225708
0,turbo,16,1,1048576,262144,1048576,0,3,datasets/silesia/mozilla,51220480,17046150,33.27995,8.504098892211914,1.3528873920440674
0,turbo,16,1,1048576,262144,1048576,0,3,datasets/silesia/osdb,10085684,3373286,33.446279,0.7426457405090332,0.3112177848815918
0,turbo,16,1,1048576,262144,1048576,0,3,datasets/silesia/x-ray,8474240,5603940,66.129116,0.8446426391601562,0.503187894821167
0,turbo,16,1,1048576,262144,1048576,0,3,datasets/silesia/samba,21606400,4626888,21.414433,1.9523792266845703,0.43401408195495605
0,turbo,16,1,1048576,262144,1048576,0,3,datasets/silesia/sao,7251944,5119829,70.599401,1.023461103439331,0.4788086414337158
0,turbo,16,1,1048576,262144,1048576,0,3,AVERAGE,17661548.333333332,5111602.0,28.941981,2.249933958053589,0.4403608242670695
0,turbo,16,1,1048576,1048576,65536,10,0,datasets/silesia/ooffice,6152192,2991729,48.628668,0.3856360912322998,0.26552557945251465
0,turbo,16,1,1048576,1048576,65536,10,0,datasets/silesia/xml,5345280,692063,12.94718,0.13262557983398438,0.06876444816589355
0,turbo,16,1,1048576,1048576,65536,10,0,datasets/silesia/mr,9970564,3472887,34.8314,0.4534721374511719,0.296720027923584
0,turbo,16,1,1048576,1048576,65536,10,0,datasets/silesia/nci,33553445,3320759,9.896924,0.4886150360107422,0.28579235076904297
0,turbo,16,1,1048576,1048576,65536,10,0,datasets/silesia/webster,41458703,12621244,30.44293,1.3547039031982422,1.0081167221069336
0,turbo,16,1,1048576,1048576,65536,10,0,datasets/silesia/reymont,6627202,2044911,30.856325,0.2790694236755371,0.17658329010009766
0,turbo,16,1,1048576,1048576,65536,10,0,datasets/silesia/dickens,10192446,4067104,39.90312,0.4948251247406006,0.3262214660644531
0,turbo,16,1,1048576,1048576,65536,10,0,datasets/silesia/mozilla,51220480,17840490,34.830775,1.9907002449035645,1.3902027606964111
0,turbo,16,1,1048576,1048576,65536,10,0,datasets/silesia/osdb,10085684,3592814,35.622909,0.45696210861206055,0.3229236602783203
0,turbo,16,1,1048576,1048576,65536,10,0,datasets/silesia/x-ray,8474240,5622516,66.348322,0.738755464553833,0.4841728210449219
0,turbo,16,1,1048576,1048576,65536,10,0,datasets/silesia/samba,21606400,5047820,23.362615,0.6719794273376465,0.4542355537414551
0,turbo,16,1,1048576,1048576,65536,10,0,datasets/silesia/sao,7251944,5295230,73.018076,0.5969343185424805,0.49119043350219727
0,turbo,16,1,1048576,1048576,65536,10,0,AVERAGE,17661548.333333332,5550797.25,31.428713,0.6703565716743469,0.4642040928204854
0,turbo,16,1,1048576,1048576,65536,10,1,datasets/silesia/ooffice,6152192,2932363,47.663711,0.3711740970611572,0.26314496994018555
0,turbo,16,1,1048576,1048576,65536,10,1,datasets/silesia/xml,5345280,652490,12.206844,0.1514286994934082,0.061881303787231445
0,turbo,16,1,1048576,1048576,65536,10,1,datasets/silesia/mr,9970564,3596833,36.074519,0.44649672508239746,0.314605712890625
0,turbo,16,1,1048576,1048576,65536,10,1,datasets/silesia/nci,33553445,3060956,9.122628,0.5059828758239746,0.27396273612976074
0,turbo,16,1,1048576,1048576,65536,10,1,datasets/silesia/webster,41458703,12373741,29.845943,1.3540236949920654,1.0003206729888916
0,turbo,16,1,1048576,1048576,65536,10,1,datasets/silesia/reymont,6627202,1990629,30.037246,0.26976442337036133,0.1780562400817871
0,turbo,16,1,1048576,1048576,65536,10,1,datasets/silesia/dickens,10192446,4026395,39.503717,0.49672508239746094,0.33476805686950684
0,turbo,16,1,1048576,1048576,65536,10,1,datasets/silesia/mozilla,51220480,17341648,33.856864,1.8544838428497314,1.3668556213378906
0,turbo,16,1,1048576,1048576,65536,10,1,datasets/silesia/osdb,10085684,3585166,35.547078,0.4368877410888672,0.32245969772338867
0,turbo,16,1,1048576,1048576,65536,10,1,datasets/silesia/x-ray,8474240,5693977,67.191595,0.6847357749938965,0.5046842098236084
0,turbo,16,1,1048576,1048576,65536,10,1,datasets/silesia/samba,21606400,4922335,22.781838,0.6579279899597168,0.4523739814758301
0,turbo,16,1,1048576,1048576,65536,10,1,datasets/silesia/sao,7251944,5290688,72.955445,0.6083700656890869,0.48704028129577637
0,turbo,16,1,1048576,1048576,65536,10,1,AVERAGE,17661548.333333332,5455601.75,30.889714,0.6531667510668436,0.46334612369537354
0,turbo,16,1,1048576,1048576,65536,10,2,datasets/silesia/ooffice,6152192,2926804,47.573353,0.36722517013549805,0.2624168395996094
0,turbo,16,1,1048576,1048576,65536,10,2,datasets/silesia/xml,5345280,634236,11.865347,0.13761234283447266,0.06235837936401367
0,turbo,16,1,1048576,1048576,65536,10,2,datasets/silesia/mr,9970564,3604469,36.151104,0.45731687545776367,0.33126091957092285
0,turbo,16,1,1048576,1048576,65536,10,2,datasets/silesia/nci,33553445,2943340,8.772095,0.4980764389038086,0.2685236930847168
0,turbo,16,1,1048576,1048576,65536,10,2,datasets/silesia/webster,41458703,12249785,29.546957,1.4237184524536133,1.0325798988342285
0,turbo,16,1,1048576,1048576,65536,10,2,datasets/silesia/reymont,6627202,1986766,29.978956,0.2825191020965576,0.17985153198242188
0,turbo,16,1,1048576,1048576,65536,10,2,datasets/silesia/dickens,10192446,3994303,39.188856,0.5044622421264648,0.3513457775115967
0,turbo,16,1,1048576,1048576,65536,10,2,datasets/silesia/mozilla,51220480,17293267,33.762407,1.8784332275390625,1.3689348697662354
0,turbo,16,1,1048576,1048576,65536,10,2,datasets/silesia/osdb,10085684,3592420,35.619002,0.4698615074157715,0.3260838985443115
0,turbo,16,1,1048576,1048576,65536,10,2,datasets/silesia/x-ray,8474240,5713972,67.427545,0.6780309677124023,0.5115609169006348
0,turbo,16,1,1048576,1048576,65536,10,2,datasets/silesia/samba,21606400,4831929,22.363415,0.655139684677124,0.4627220630645752
0,turbo,16,1,1048576,1048576,65536,10,2,datasets/silesia/sao,7251944,5351592,73.795275,0.6112134456634521,0.4979677200317383
0,turbo,16,1,1048576,1048576,65536,10,2,AVERAGE,17661548.333333332,5426906.916666667,30.727243,0.6636341214179993,0.47130054235458374
0,turbo,16,1,1048576,1048576,65536,10,3,datasets/silesia/ooffice,6152192,2915691,47.392718,0.36435961723327637,0.2636244297027588
0,turbo,16,1,1048576,1048576,65536,10,3,datasets/silesia/xml,5345280,633611,11.853654,0.14461064338684082,0.05945134162902832
0,turbo,16,1,1048576,1048576,65536,10,3,datasets/silesia/mr,9970564,3658942,36.697443,0.4544072151184082,0.3274242877960205
0,turbo,16,1,1048576,1048576,65536,10,3,datasets/silesia/nci,33553445,2960798,8.824125,0.518420934677124,0.27008533477783203
0,turbo,16,1,1048576,1048576,65536,10,3,datasets/silesia/webster,41458703,12284719,29.631219,1.454486608505249,1.018742322921753
0,turbo,16,1,1048576,1048576,65536,10,3,datasets/silesia/reymont,6627202,1992908,30.071635,0.28252100944519043,0.1789247989654541
0,turbo,16,1,1048576,1048576,65536,10,3,datasets/silesia/dickens,10192446,4032697,39.565547,0.5281534194946289,0.34124231338500977
0,turbo,16,1,1048576,1048576,65536,10,3,datasets/silesia/mozilla,51220480,17276235,33.729155,1.9057896137237549,1.3663499355316162
0,turbo,16,1,1048576,1048576,65536,10,3,datasets/silesia/osdb,10085684,3525622,34.956697,0.44040727615356445,0.32056713104248047
0,turbo,16,1,1048576,1048576,65536,10,3,datasets/silesia/x-ray,8474240,5718963,67.486441,0.7116525173187256,0.5265486240386963
0,turbo,16,1,1048576,1048576,65536,10,3,datasets/silesia/samba,21606400,4820263,22.309422,0.6765010356903076,0.4532439708709717
0,turbo,16,1,1048576,1048576,65536,10,3,datasets/silesia/sao,7251944,5337629,73.602733,0.5890178680419922,0.4945988655090332
0,turbo,16,1,1048576,1048576,65536,10,3,AVERAGE,17661548.333333332,5429839.833333333,30.743849,0.6725273132324219,0.4684002796808879
0,turbo,16,1,1048576,1048576,65536,1000,0,datasets/silesia/ooffice,6152192,2905866,47.233019,0.5577380657196045,0.2558259963989258
0,turbo,16,1,1048576,1048576,65536,1000,0,datasets/silesia/xml,5345280,548994,10.270631,0.20227551460266113,0.052260398864746094
0,turbo,16,1,1048576,1048576,65536,1000,0,datasets/silesia/mr,9970564,3337163,33.470153,0.8518936634063721,0.2743823528289795
0,turbo,16,1,1048576,1048576,65536,1000,0,datasets/silesia/nci,33553445,2598486,7.74432,0.7685928344726562,0.21893310546875
0,turbo,16,1,1048576,1048576,65536,1000,0,datasets/silesia/webster,41458703,10964248,26.446192,3.690889596939087,0.8902194499969482
0,turbo,16,1,1048576,1048576,65536,1000,0,datasets/silesia/reymont,6627202,1694997,25.576359,0.7507467269897461,0.136474609375
0,turbo,16,1,1048576,1048576,65536,1000,0,datasets/silesia/dickens,10192446,3436730,33.718403,1.9225397109985352,0.27052807807922363
0,turbo,16,1,1048576,1048576,65536,1000,0,datasets/silesia/mozilla,51220480,17476682,34.120496,1.9555528163909912,1.369523048400879
0,turbo,16,1,1048576,1048576,65536,1000,0,datasets/silesia/osdb,10085684,3407066,33.781209,0.6729588508605957,0.3007991313934326
0,turbo,16,1,1048576,1048576,65536,1000,0,datasets/silesia/x-ray,8474240,5550632,65.500057,0.8071775436401367,0.46564674377441406
0,turbo,16,1,1048576,1048576,65536,1000,0,datasets/silesia/samba,21606400,4738363,21.930368,1.1616029739379883,0.4215962886810303
0,turbo,16,1,1048576,1048576,65536,1000,0,datasets/silesia/sao,7251944,5168811,71.274833,0.8692312240600586,0.4684731960296631
0,turbo,16,1,1048576,1048576,65536,1000,0,AVERAGE,17661548.333333332,5152336.5,29.172621,1.1842666268348694,0.42705519994099933
0,turbo,16,1,1048576,1048576,65536,1000,1,datasets/silesia/ooffice,6152192,2842196,46.198103,0.7065744400024414,0.25472402572631836
0,turbo,16,1,1048576,1048576,65536,1000,1,datasets/silesia/xml,5345280,526048,9.841355,0.30045509338378906,0.051523447036743164
0,turbo,16,1,1048576,1048576,65536,1000,1,datasets/silesia/mr,9970564,3336143,33.459923,1.389540195465088,0.2845444679260254
0,turbo,16,1,1048576,1048576,65536,1000,1,datasets/silesia/nci,33553445,2434302,7.254999,0.9703183174133301,0.21438002586364746
0,turbo,16,1,1048576,1048576,65536,1000,1,datasets/silesia/webster,41458703,10834270,26.13268,5.497436761856079,0.8534514904022217
0,turbo,16,1,1048576,1048576,65536,1000,1,datasets/silesia/reymont,6627202,1657439,25.009635,1.0632948875427246,0.14132475852966309
0,turbo,16,1,1048576,1048576,65536,1000,1,datasets/silesia/dickens,10192446,3417359,33.52835,3.039609432220459,0.274810791015625
0,turbo,16,1,1048576,1048576,65536,1000,1,datasets/silesia/mozilla,51220480,16916046,33.025942,2.382058620452881,1.316535234451294
0,turbo,16,1,1048576,1048576,65536,1000,1,datasets/silesia/osdb,10085684,3354467,33.259688,0.8016500473022461,0.2995872497558594
0,turbo,16,1,1048576,1048576,65536,1000,1,datasets/silesia/x-ray,8474240,5468536,64.531285,1.215839147567749,0.47268152236938477
0,turbo,16,1,1048576,1048576,65536,1000,1,datasets/silesia/samba,21606400,4626085,21.410716,1.5668323040008545,0.4226541519165039
0,turbo,16,1,1048576,1048576,65536,1000,1,datasets/silesia/sao,7251944,5095431,70.262967,1.2014572620391846,0.4702944755554199
0,turbo,16,1,1048576,1048576,65536,1000,1,AVERAGE,17661548.333333332,5042360.166666667,28.549933,1.677922209103902,0.4213759700457255
0,turbo,16,1,1048576,1048576,65536,1000,2,datasets/silesia/ooffice,6152192,2832192,46.035494,0.9126560688018799,0.2527761459350586
0,turbo,16,1,1048576,1048576,65536,1000,2,datasets/silesia/xml,5345280,516399,9.660841,0.3627781867980957,0.05089259147644043
0,turbo,16,1,1048576,1048576,65536,1000,2,datasets/silesia/mr,9970564,3368823,33.787687,1.696587324142456,0.29273295402526855
0,turbo,16,1,1048576,1048576,65536,1000,2,datasets/silesia/nci,33553445,2359581,7.032306,1.1041841506958008,0.216080904006958
0,turbo,16,1,1048576,1048576,65536,1000,2,datasets/silesia/webster,41458703,10776271,25.992784,7.20512580871582,0.8798811435699463
0,turbo,16,1,1048576,1048576,65536,1000,2,datasets/silesia/reymont,6627202,1643961,24.806261,1.3904831409454346,0.15188360214233398
0,turbo,16,1,1048576,1048576,65536,1000,2,datasets/silesia/dickens,10192446,3407513,33.431749,3.8365228176116943,0.2907674312591553
0,turbo,16,1,1048576,1048576,65536,1000,2,datasets/silesia/mozilla,51220480,16824868,32.847931,2.754779100418091,1.3378660678863525
0,turbo,16,1,1048576,1048576,65536,1000,2,datasets/silesia/osdb,10085684,3345842,33.17417,0.9186756610870361,0.3038063049316406
0,turbo,16,1,1048576,1048576,65536,1000,2,datasets/silesia/x-ray,8474240,5498153,64.88078,1.2450168132781982,0.48215746879577637
0,turbo,16,1,1048576,1048576,65536,1000,2,datasets/silesia/samba,21606400,4557591,21.093708,1.8947951793670654,0.4242892265319824
0,turbo,16,1,1048576,1048576,65536,1000,2,datasets/silesia/sao,7251944,5103575,70.375268,1.5024118423461914,0.47905445098876953
0,turbo,16,1,1048576,1048576,65536,1000,2,AVERAGE,17661548.333333332,5019564.083333333,28.420861,2.068668007850647,0.4301823576291402
0,turbo,16,1,1048576,1048576,65536,1000,3,datasets/silesia/ooffice,6152192,2824524,45.910856,1.1272521018981934,0.25193142890930176
0,turbo,16,1,1048576,1048576,65536,1000,3,datasets/silesia/xml,5345280,519696,9.722522,0.48450446128845215,0.05312395095825195
0,turbo,16,1,1048576,1048576,65536,1000,3,datasets/silesia/mr,9970564,3461868,34.720884,2.068359375,0.29865074157714844
0,turbo,16,1,1048576,1048576,65536,1000,3,datasets/silesia/nci,33553445,2367551,7.056059,1.3452062606811523,0.22178149223327637
0,turbo,16,1,1048576,1048576,65536,1000,3,datasets/silesia/webster,41458703,10900253,26.291833,8.813966274261475,0.8922433853149414
0,turbo,16,1,1048576,1048576,65536,1000,3,datasets/silesia/reymont,6627202,1662457,25.085353,1.8301031589508057,0.14445924758911133
0,turbo,16,1,1048576,1048576,65536,1000,3,datasets/silesia/dickens,10192446,3478036,34.123664,4.695581912994385,0.28763914108276367
0,turbo,16,1,1048576,1048576,65536,1000,3,datasets/silesia/mozilla,51220480,16824211,32.846648,3.3761801719665527,1.3298583030700684
0,turbo,16,1,1048576,1048576,65536,1000,3,datasets/silesia/osdb,10085684,3346527,33.180962,1.127903699874878,0.3017141819000244
0,turbo,16,1,1048576,1048576,65536,1000,3,datasets/silesia/x-ray,8474240,5554524,65.545984,1.4389045238494873,0.49735593795776367
0,turbo,16,1,1048576,1048576,65536,1000,3,datasets/silesia/samba,21606400,4563733,21.122135,2.2483346462249756,0.4279654026031494
0,turbo,16,1,1048576,1048576,65536,1000,3,datasets/silesia/sao,7251944,5120100,70.603138,1.7193348407745361,0.4874100685119629
0,turbo,16,1,1048576,1048576,65536,1000,3,AVERAGE,17661548.333333332,5051956.666666667,28.604268,2.5229692856470742,0.43284444014231366
0,turbo,16,1,1048576,1048576,65536,0,0,datasets/silesia/ooffice,6152192,2902827,47.183622,0.7847788333892822,0.25849103927612305
0,turbo,16,1,1048576,1048576,65536,0,0,datasets/silesia/xml,5345280,543230,10.162798,0.29899120330810547,0.04982399940490723
0,turbo,16,1,1048576,1048576,65536,0,0,datasets/silesia/mr,9970564,3334372,33.44216,1.5125951766967773,0.2778294086456299
0,turbo,16,1,1048576,1048576,65536,0,0,datasets/silesia/nci,33553445,2558630,7.625536,1.8690810203552246,0.21352672576904297
0,turbo,16,1,1048576,1048576,65536,0,0,datasets/silesia/webster,41458703,10883614,26.251699,11.185558080673218,0.8396005630493164
0,turbo,16,1,1048576,1048576,65536,0,0,datasets/silesia/reymont,6627202,1653797,24.954679,2.8112452030181885,0.13661885261535645
0,turbo,16,1,1048576,1048576,65536,0,0,datasets/silesia/dickens,10192446,3403082,33.388276,4.3377158641815186,0.26598668098449707
0,turbo,16,1,1048576,1048576,65536,0,0,datasets/silesia/mozilla,51220480,17478149,34.12336,3.0705883502960205,1.3443498611450195
0,turbo,16,1,1048576,1048576,65536,0,0,datasets/silesia/osdb,10085684,3406334,33.773951,0.7106835842132568,0.3038320541381836
0,turbo,16,1,1048576,1048576,65536,0,0,datasets/silesia/x-ray,8474240,5550622,65.499939,0.8088538646697998,0.4693419933319092
0,turbo,16,1,1048576,1048576,65536,0,0,datasets/silesia/samba,21606400,4731380,21.898049,1.6894125938415527,0.42401885986328125
0,turbo,16,1,1048576,1048576,65536,0,0,datasets/silesia/sao,7251944,5165372,71.227412,1.1369035243988037,0.4762146472930908
0,turbo,16,1,1048576,1048576,65536,0,0,AVERAGE,17661548.333333332,5134284.083333333,29.070408,2.5180339415868125,0.4216362237930298
0,turbo,16,1,1048576,1048576,65536,0,1,datasets/silesia/ooffice,6152192,2838241,46.133817,1.3621315956115723,0.25495052337646484
0,turbo,16,1,1048576,1048576,65536,0,1,datasets/silesia/xml,5345280,520978,9.746505,0.4698648452758789,0.048429250717163086
0,turbo,16,1,1048576,1048576,65536,0,1,datasets/silesia/mr,9970564,3310389,33.201622,5.02084755897522,0.286480188369751
0,turbo,16,1,1048576,1048576,65536,0,1,datasets/silesia/nci,33553445,2388672,7.119007,4.720737457275391,0.21158361434936523
0,turbo,16,1,1048576,1048576,65536,0,1,datasets/silesia/webster,41458703,10755368,25.942365,16.95474648475647,0.8710613250732422
0,turbo,16,1,1048576,1048576,65536,0,1,datasets/silesia/reymont,6627202,1619028,24.430038,5.933290481567383,0.14098143577575684
0,turbo,16,1,1048576,1048576,65536,0,1,datasets/silesia/dickens,10192446,3384043,33.201481,6.763210773468018,0.2705967426300049
0,turbo,16,1,1048576,1048576,65536,0,1,datasets/silesia/mozilla,51220480,16918706,33.031135,7.047734498977661,1.3336617946624756
0,turbo,16,1,1048576,1048576,65536,0,1,datasets/silesia/osdb,10085684,3349576,33.211193,1.7198765277862549,0.3098773956298828
0,turbo,16,1,1048576,1048576,65536,0,1,datasets/silesia/x-ray,8474240,5467172,64.51519,1.190373182296753,0.48377227783203125
0,turbo,16,1,1048576,1048576,65536,0,1,datasets/silesia/samba,21606400,4626884,21.414414,2.5960333347320557,0.4283115863800049
0,turbo,16,1,1048576,1048576,65536,0,1,datasets/silesia/sao,7251944,5090321,70.192503,1.6764419078826904,0.47959113121032715
0,turbo,16,1,1048576,1048576,65536,0,1,AVERAGE,17661548.333333332,5022448.166666667,28.437191,4.621274054050446,0.4266081055005391
0,turbo,16,1,1048576,1048576,65536,0,2,datasets/silesia/ooffice,6152192,2827563,45.960253,1.8466300964355469,0.25879621505737305
0,turbo,16,1,1048576,1048576,65536,0,2,datasets/silesia/xml,5345280,510932,9.558564,0.6695423126220703,0.05098080635070801
0,turbo,16,1,1048576,1048576,65536,0,2,datasets/silesia/mr,9970564,3324562,33.343771,5.694015979766846,0.2869861125946045
0,turbo,16,1,1048576,1048576,65536,0,2,datasets/silesia/nci,33553445,2309935,6.884345,8.084316492080688,0.21398615837097168
0,turbo,16,1,1048576,1048576,65536,0,2,datasets/silesia/webster,41458703,10698463,25.805108,21.98183560371399,0.8786990642547607
0,turbo,16,1,1048576,1048576,65536,0,2,datasets/silesia/reymont,6627202,1602035,24.173626,8.458718299865723,0.1420884132385254
0,turbo,16,1,1048576,1048576,65536,0,2,datasets/silesia/dickens,10192446,3376026,33.122824,9.202128171920776,0.2875196933746338
0,turbo,16,1,1048576,1048576,65536,0,2,datasets/silesia/mozilla,51220480,16826028,32.850196,12.97489857673645,1.3491740226745605
0,turbo,16,1,1048576,1048576,65536,0,2,datasets/silesia/osdb,10085684,3317946,32.89758,2.5453689098358154,0.30556631088256836
0,turbo,16,1,1048576,1048576,65536,0,2,datasets/silesia/x-ray,8474240,5495565,64.85024,1.3044819831848145,0.48312973976135254
0,turbo,16,1,1048576,1048576,65536,0,2,datasets/silesia/samba,21606400,4561197,21.110398,3.8008227348327637,0.42397618293762207
0,turbo,16,1,1048576,1048576,65536,0,2,datasets/silesia/sao,7251944,5096054,70.271558,2.784430742263794,0.4775216579437256
0,turbo,16,1,1048576,1048576,65536,0,2,AVERAGE,17661548.333333332,4995525.5,28.284754,6.6122658252716064,0.4298686981201172
0,turbo,16,1,1048576,1048576,65536,0,3,datasets/silesia/ooffice,6152192,2819950,45.836508,2.602741003036499,0.2565939426422119
0,turbo,16,1,1048576,1048576,65536,0,3,datasets/silesia/xml,5345280,513961,9.615231,0.91896653175354,0.05191326141357422
0,turbo,16,1,1048576,1048576,65536,0,3,datasets/silesia/mr,9970564,3445686,34.558587,8.076110601425171,0.30562281608581543
0,turbo,16,1,1048576,1048576,65536,0,3,datasets/silesia/nci,33553445,2318208,6.909001,15.061902046203613,0.21848130226135254
0,turbo,16,1,1048576,1048576,65536,0,3,datasets/silesia/webster,41458703,10826901,26.114905,29.9719979763031,0.887592077255249
0,turbo,16,1,1048576,1048576,65536,0,3,datasets/silesia/reymont,6627202,1619617,24.438926,13.948009252548218,0.15238666534423828
0,turbo,16,1,1048576,1048576,65536,0,3,datasets/silesia/dickens,10192446,3448105,33.830005,14.046305894851685,0.2851254940032959
0,turbo,16,1,1048576,1048576,65536,0,3,datasets/silesia/mozilla,51220480,16825571,32.849304,20.25912880897522,1.3433938026428223
0,turbo,16,1,1048576,1048576,65536,0,3,datasets/silesia/osdb,10085684,3319616,32.914138,2.8435354232788086,0.3052330017089844
0,turbo,16,1,1048576,1048576,65536,0,3,datasets/silesia/x-ray,8474240,5553843,65.537948,1.4721577167510986,0.49868273735046387
0,turbo,16,1,1048576,1048576,65536,0,3,datasets/silesia/samba,21606400,4560246,21.105996,4.889847755432129,0.4266233444213867
0,turbo,16,1,1048576,1048576,65536,0,3,datasets/silesia/sao,7251944,5103263,70.370965,3.1444058418273926,0.48431968688964844
0,turbo,16,1,1048576,1048576,65536,0,3,AVERAGE,17661548.333333332,5029580.583333333,28.477574,9.76959240436554,0.4346640110015869
0,turbo,16,1,1048576,1048576,262144,10,0,datasets/silesia/ooffice,6152192,2991729,48.628668,0.38924622535705566,0.2670600414276123
0,turbo,16,1,1048576,1048576,262144,10,0,datasets/silesia/xml,5345280,692063,12.94718,0.14120101928710938,0.06220293045043945
0,turbo,16,1,1048576,1048576,262144,10,0,datasets/silesia/mr,9970564,3472887,34.8314,0.47549962997436523,0.3004779815673828
0,turbo,16,1,1048576,1048576,262144,10,0,datasets/silesia/nci,33553445,3320759,9.896924,0.5513358116149902,0.284454345703125
0,turbo,16,1,1048576,1048576,262144,10,0,datasets/silesia/webster,41458703,12621244,30.44293,1.4188745021820068,1.0020382404327393
0,turbo,16,1,1048576,1048576,262144,10,0,datasets/silesia/reymont,6627202,2044911,30.856325,0.2831401824951172,0.17783236503601074
0,turbo,16,1,1048576,1048576,262144,10,0,datasets/silesia/dickens,10192446,4067104,39.90312,0.5286769866943359,0.32947421073913574
0,turbo,16,1,1048576,1048576,262144,10,0,datasets/silesia/mozilla,51220480,17840490,34.830775,2.0259218215942383,1.392613410949707
0,turbo,16,1,1048576,1048576,262144,10,0,datasets/silesia/osdb,10085684,3592814,35.622909,0.48636913299560547,0.3229982852935791
0,turbo,16,1,1048576,1048576,262144,10,0,datasets/silesia/x-ray,8474240,5622516,66.348322,0.7292845249176025,0.48384690284729004
0,turbo,16,1,1048576,1048576,262144,10,0,datasets/silesia/samba,21606400,5047820,23.362615,0.7249104976654053,0.4558291435241699
0,turbo,16,1,1048576,1048576,262144,10,0,datasets/silesia/sao,7251944,5295230,73.018076,0.5949802398681641,0.4927551746368408
0,turbo,16,1,1048576,1048576,262144,10,0,AVERAGE,17661548.333333332,5550797.25,31.428713,0.695786714553833,0.46429858605066937
0,turbo,16,1,1048576,1048576,262144,10,1,datasets/silesia/ooffice,6152192,2932363,47.663711,0.36798787117004395,0.2624948024749756
0,turbo,16,1,1048576,1048576,262144,10,1,datasets/silesia/xml,5345280,652490,12.206844,0.13138699531555176,0.06122732162475586
0,turbo,16,1,1048576,1048576,262144,10,1,datasets/silesia/mr,9970564,3596833,36.074519,0.44532275199890137,0.31822657585144043
0,turbo,16,1,1048576,1048576,262144,10,1,datasets/silesia/nci,33553445,3060956,9.122628,0.5097310543060303,0.273179292678833
0,turbo,16,1,1048576,1048576,262144,10,1,datasets/silesia/webster,41458703,12373741,29.845943,1.3613331317901611,1.0020968914031982
0,turbo,16,1,1048576,1048576,262144,10,1,datasets/silesia/reymont,6627202,1990629,30.037246,0.26490211486816406,0.1773064136505127
0,turbo,16,1,1048576,1048576,262144,10,1,datasets/silesia/dickens,10192446,4026395,39.503717,0.49173402786254883,0.3322639465332031
0,turbo,16,1,1048576,1048576,262144,10,1,datasets/silesia/mozilla,51220480,17341648,33.856864,1.8813774585723877,1.3711223602294922
0,turbo,16,1,1048576,1048576,262144,10,1,datasets/silesia/osdb,10085684,3585166,35.547078,0.45221638679504395,0.3296692371368408
0,turbo,16,1,1048576,1048576,262144,10,1,datasets/silesia/x-ray,8474240,5693977,67.191595,0.6918723583221436,0.5059480667114258
0,turbo,16,1,1048576,1048576,262144,10,1,datasets/silesia/samba,21606400,4922335,22.781838,0.671586275100708,0.4523756504058838
0,turbo,16,1,1048576,1048576,262144,10,1,datasets/silesia/sao,7251944,5290688,72.955445,0.5966300964355469,0.49177026748657227
0,turbo,16,1,1048576,1048576,262144,10,1,AVERAGE,17661548.333333332,5455601.75,30.889714,0.6555067102114359,0.4648067355155945
0,turbo,16,1,1048576,1048576,262144,10,2,datasets/silesia/ooffice,6152192,2926804,47.573353,0.3692588806152344,0.2688450813293457
0,turbo,16,1,1048576,1048576,262144,10,2,datasets/silesia/xml,5345280,634236,11.865347,0.13527441024780273,0.061786651611328125
0,turbo,16,1,1048576,1048576,262144,10,2,datasets/silesia/mr,9970564,3604469,36.151104,0.46892762184143066,0.3283977508544922
0,turbo,16,1,1048576,1048576,262144,10,2,datasets/silesia/nci,33553445,2943340,8.772095,0.5562474727630615,0.2704651355743408
0,turbo,16,1,1048576,1048576,262144,10,2,datasets/silesia/webster,41458703,12249785,29.546957,1.4772839546203613,1.0356216430664062
0,turbo,16,1,1048576,1048576,262144,10,2,datasets/silesia/reymont,6627202,1986766,29.978956,0.289562463760376,0.18511581420898438
0,turbo,16,1,1048576,1048576,262144,10,2,datasets/silesia/dickens,10192446,3994303,39.188856,0.5025734901428223,0.34697985649108887
0,turbo,16,1,1048576,1048576,262144,10,2,datasets/silesia/mozilla,51220480,17293267,33.762407,1.9723830223083496,1.3773174285888672
0,turbo,16,1,1048576,1048576,262144,10,2,datasets/silesia/osdb,10085684,3592420,35.619002,0.46121978759765625,0.3278656005859375
0,turbo,16,1,1048576,1048576,262144,10,2,datasets/silesia/x-ray,8474240,5713972,67.427545,0.7067844867706299,0.5109782218933105
0,turbo,16,1,1048576,1048576,262144,10,2,datasets/silesia/samba,21606400,4831929,22.363415,0.6526844501495361,0.45308804512023926
0,turbo,16,1,1048576,1048576,262144,10,2,datasets/silesia/sao,7251944,5351592,73.795275,0.5844986438751221,0.5001146793365479
0,turbo,16,1,1048576,1048576,262144,10,2,AVERAGE,17661548.333333332,5426906.916666667,30.727243,0.6813915570576986,0.47221465905507404
0,turbo,16,1,1048576,1048576,262144,10,3,datasets/silesia/ooffice,6152192,2915691,47.392718,0.3651614189147949,0.2688164710998535
0,turbo,16,1,1048576,1048576,262144,10,3,datasets/silesia/xml,5345280,633611,11.853654,0.14871859550476074,0.06211209297180176
0,turbo,16,1,1048576,1048576,262144,10,3,datasets/silesia/mr,9970564,3658942,36.697443,0.4643990993499756,0.3315165042877197
0,turbo,16,1,1048576,1048576,262144,10,3,datasets/silesia/nci,33553445,2960798,8.824125,0.5334184169769287,0.27254152297973633
0,turbo,16,1,1048576,1048576,262144,10,3,datasets/silesia/webster,41458703,12284719,29.631219,1.3815374374389648,1.0178489685058594
0,turbo,16,1,1048576,1048576,262144,10,3,datasets/silesia/reymont,6627202,1992908,30.071635,0.26750612258911133,0.17948246002197266
0,turbo,16,1,1048576,1048576,262144,10,3,datasets/silesia/dickens,10192446,4032697,39.565547,0.4865245819091797,0.3420438766479492
0,turbo,16,1,1048576,1048576,262144,10,3,datasets/silesia/mozilla,51220480,17276235,33.729155,1.8455588817596436,1.3751494884490967
0,turbo,16,1,1048576,1048576,262144,10,3,datasets/silesia/osdb,10085684,3525622,34.956697,0.4850344657897949,0.3261275291442871
0,turbo,16,1,1048576,1048576,262144,10,3,datasets/silesia/x-ray,8474240,5718963,67.486441,0.6745412349700928,0.5283660888671875
0,turbo,16,1,1048576,1048576,262144,10,3,datasets/silesia/samba,21606400,4820263,22.309422,0.6188523769378662,0.44910192489624023
0,turbo,16,1,1048576,1048576,262144,10,3,datasets/silesia/sao,7251944,5337629,73.602733,0.6016194820404053,0.5068292617797852
0,turbo,16,1,1048576,1048576,262144,10,3,AVERAGE,17661548.333333332,5429839.833333333,30.743849,0.6560726761817932,0.4716613491376241
0,turbo,16,1,1048576,1048576,262144,1000,0,datasets/silesia/ooffice,6152192,2905866,47.233019,0.6995792388916016,0.2529323101043701
0,turbo,16,1,1048576,1048576,262144,1000,0,datasets/silesia/xml,5345280,548994,10.270631,0.2100996971130371,0.05040884017944336
0,turbo,16,1,1048576,1048576,262144,1000,0,datasets/silesia/mr,9970564,3337163,33.470153,0.9023330211639404,0.27618408203125
0,turbo,16,1,1048576,1048576,262144,1000,0,datasets/silesia/nci,33553445,2598486,7.74432,0.7993819713592529,0.2184462547302246
0,turbo,16,1,1048576,1048576,262144,1000,0,datasets/silesia/webster,41458703,10964248,26.446192,3.665363073348999,0.844714879989624
0,turbo,16,1,1048576,1048576,262144,1000,0,datasets/silesia/reymont,6627202,1694997,25.576359,0.7569403648376465,0.13767695426940918
0,turbo,16,1,1048576,1048576,262144,1000,0,datasets/silesia/dickens,10192446,3436730,33.718403,1.9258506298065186,0.27346158027648926
0,turbo,16,1,1048576,1048576,262144,1000,0,datasets/silesia/mozilla,51220480,17476682,34.120496,1.929814338684082,1.3388025760650635
0,turbo,16,1,1048576,1048576,262144,1000,0,datasets/silesia/osdb,10085684,3407066,33.781209,0.7028069496154785,0.30229926109313965
0,turbo,16,1,1048576,1048576,262144,1000,0,datasets/silesia/x-ray,8474240,5550632,65.500057,0.8226678371429443,0.4682765007019043
0,turbo,16,1,1048576,1048576,262144,1000,0,datasets/silesia/samba,21606400,4738363,21.930368,1.2277908325195312,0.42296576499938965
0,turbo,16,1,1048576,1048576,262144,1000,0,datasets/silesia/sao,7251944,5168811,71.274833,0.921856164932251,0.47313475608825684
0,turbo,16,1,1048576,1048576,262144,1000,0,AVERAGE,17661548.333333332,5152336.5,29.172621,1.2137070099512737,0.4216086467107137
0,turbo,16,1,1048576,1048576,262144,1000,1,datasets/silesia/ooffice,6152192,2842196,46.198103,0.764794111251831,0.25397491455078125
0,turbo,16,1,1048576,1048576,262144,1000,1,datasets/silesia/xml,5345280,526048,9.841355,0.29765892028808594,0.04944419860839844
0,turbo,16,1,1048576,1048576,262144,1000,1,datasets/silesia/mr,9970564,3336143,33.459923,1.3630714416503906,0.30977606773376465
0,turbo,16,1,1048576,1048576,262144,1000,1,datasets/silesia/nci,33553445,2434302,7.254999,0.9580690860748291,0.21968889236450195
0,turbo,16,1,1048576,1048576,262144,1000,1,datasets/silesia/webster,41458703,10834270,26.13268,5.71685791015625,0.8579893112182617
0,turbo,16,1,1048576,1048576,262144,1000,1,datasets/silesia/reymont,6627202,1657439,25.009635,1.1478354930877686,0.14060163497924805
0,turbo,16,1,1048576,1048576,262144,1000,1,datasets/silesia/dickens,10192446,3417359,33.52835,2.8664348125457764,0.27341556549072266
0,turbo,16,1,1048576,1048576,262144,1000,1,datasets/silesia/mozilla,51220480,16916046,33.025942,2.423614740371704,1.3261427879333496
0,turbo,16,1,1048576,1048576,262144,1000,1,datasets/silesia/osdb,10085684,3354467,33.259688,0.8019366264343262,0.3034079074859619
0,turbo,16,1,1048576,1048576,262144,1000,1,datasets/silesia/x-ray,8474240,5468536,64.531285,1.1825950145721436,0.47616004943847656
0,turbo,16,1,1048576,1048576,262144,1000,1,datasets/silesia/samba,21606400,4626085,21.410716,1.5586915016174316,0.42312145233154297
0,turbo,16,1,1048576,1048576,262144,1000,1,datasets/silesia/sao,7251944,5095431,70.262967,1.3384125232696533,0.4718632698059082
0,turbo,16,1,1048576,1048576,262144,1000,1,AVERAGE,17661548.333333332,5042360.166666667,28.549933,1.7016643484433491,0.42546550432840985
0,turbo,16,1,1048576,1048576,262144,1000,2,datasets/silesia/ooffice,6152192,2832192,46.035494,0.9446866512298584,0.25440549850463867
0,turbo,16,1,1048576,1048576,262144,1000,2,datasets/silesia/xml,5345280,516399,9.660841,0.38791918754577637,0.050662994384765625
0,turbo,16,1,1048576,1048576,262144,1000,2,datasets/silesia/mr,9970564,3368823,33.787687,1.865351915359497,0.29303979873657227
0,turbo,16,1,1048576,1048576,262144,1000,2,datasets/silesia/nci,33553445,2359581,7.032306,1.170626163482666,0.21852731704711914
0,turbo,16,1,1048576,1048576,262144,1000,2,datasets/silesia/webster,41458703,10776271,25.992784,8.749435663223267,0.9098966121673584
0,turbo,16,1,1048576,1048576,262144,1000,2,datasets/silesia/reymont,6627202,1643961,24.806261,1.6723761558532715,0.14984941482543945
0,turbo,16,1,1048576,1048576,262144,1000,2,datasets/silesia/dickens,10192446,3407513,33.431749,4.284068584442139,0.2985100746154785
0,turbo,16,1,1048576,1048576,262144,1000,2,datasets/silesia/mozilla,51220480,16824868,32.847931,2.7392377853393555,1.3258111476898193
0,turbo,16,1,1048576,1048576,262144,1000,2,datasets/silesia/osdb,10085684,3345842,33.17417,0.9576687812805176,0.3090682029724121
0,turbo,16,1,1048576,1048576,262144,1000,2,datasets/silesia/x-ray,8474240,5498153,64.88078,1.228954792022705,0.4785041809082031
0,turbo,16,1,1048576,1048576,262144,1000,2,datasets/silesia/samba,21606400,4557591,21.093708,1.8836286067962646,0.4393630027770996
0,turbo,16,1,1048576,1048576,262144,1000,2,datasets/silesia/sao,7251944,5103575,70.375268,1.558309555053711,0.4763906002044678
0,turbo,16,1,1048576,1048576,262144,1000,2,AVERAGE,17661548.333333332,5019564.083333333,28.420861,2.286855320135752,0.4336690704027812
0,turbo,16,1,1048576,1048576,262144,1000,3,datasets/silesia/ooffice,6152192,2824524,45.910856,1.0716071128845215,0.25809502601623535
0,turbo,16,1,1048576,1048576,262144,1000,3,datasets/silesia/xml,5345280,519696,9.722522,0.4822218418121338,0.05203366279602051
0,turbo,16,1,1048576,1048576,262144,1000,3,datasets/silesia/mr,9970564,3461868,34.720884,1.9885871410369873,0.2989952564239502
0,turbo,16,1,1048576,1048576,262144,1000,3,datasets/silesia/nci,33553445,2367551,7.056059,1.325730323791504,0.2183079719543457
0,turbo,16,1,1048576,1048576,262144,1000,3,datasets/silesia/webster,41458703,10900253,26.291833,9.670918226242065,0.8765988349914551
0,turbo,16,1,1048576,1048576,262144,1000,3,datasets/silesia/reymont,6627202,1662457,25.085353,2.4192333221435547,0.14588141441345215
0,turbo,16,1,1048576,1048576,262144,1000,3,datasets/silesia/dickens,10192446,3478036,34.123664,5.1993043422698975,0.2937130928039551
0,turbo,16,1,1048576,1048576,262144,1000,3,datasets/silesia/mozilla,51220480,16824211,32.846648,3.1713783740997314,1.3243134021759033
0,turbo,16,1,1048576,1048576,262144,1000,3,datasets/silesia/osdb,10085684,3346527,33.180962,1.1872351169586182,0.3104572296142578
0,turbo,16,1,1048576,1048576,262144,1000,3,datasets/silesia/x-ray,8474240,5554524,65.545984,1.4026732444763184,0.4936079978942871
0,turbo,16,1,1048576,1048576,262144,1000,3,datasets/silesia/samba,21606400,4563733,21.122135,2.2240655422210693,0.42581939697265625
0,turbo,16,1,1048576,1048576,262144,1000,3,datasets/silesia/sao,7251944,5120100,70.603138,1.4911139011383057,0.4639577865600586
0,turbo,16,1,1048576,1048576,262144,1000,3,AVERAGE,17661548.333333332,5051956.666666667,28.604268,2.636172374089559,0.4301484227180481
0,turbo,16,1,1048576,1048576,262144,0,0,datasets/silesia/ooffice,6152192,2902827,47.183622,0.6918160915374756,0.2431020736694336
0,turbo,16,1,1048576,1048576,262144,0,0,datasets/silesia/xml,5345280,543230,10.162798,0.29601407051086426,0.04706573486328125
0,turbo,16,1,1048576,1048576,262144,0,0,datasets/silesia/mr,9970564,3334372,33.44216,1.2500395774841309,0.26883697509765625
0,turbo,16,1,1048576,1048576,262144,0,0,datasets/silesia/nci,33553445,2558630,7.625536,1.6339998245239258,0.21233868598937988
0,turbo,16,1,1048576,1048576,262144,0,0,datasets/silesia/webster,41458703,10883614,26.251699,10.07071590423584,0.8163959980010986
0,turbo,16,1,1048576,1048576,262144,0,0,datasets/silesia/reymont,6627202,1653797,24.954679,2.2276227474212646,0.1287553310394287
0,turbo,16,1,1048576,1048576,262144,0,0,datasets/silesia/dickens,10192446,3403082,33.388276,3.4725825786590576,0.2635366916656494
0,turbo,16,1,1048576,1048576,262144,0,0,datasets/silesia/mozilla,51220480,17478149,34.12336,3.068411350250244,1.3108437061309814
0,turbo,16,1,1048576,1048576,262144,0,0,datasets/silesia/osdb,10085684,3406334,33.773951,0.6986989974975586,0.2930335998535156
0,turbo,16,1,1048576,1048576,262144,0,0,datasets/silesia/x-ray,8474240,5550622,65.499939,0.7668876647949219,0.4596230983734131
0,turbo,16,1,1048576,1048576,262144,0,0,datasets/silesia/samba,21606400,4731380,21.898049,1.5100507736206055,0.4140434265136719
0,turbo,16,1,1048576,1048576,262144,0,0,datasets/silesia/sao,7251944,5165372,71.227412,0.973599910736084,0.45932888984680176
0,turbo,16,1,1048576,1048576,262144,0,0,AVERAGE,17661548.333333332,5134284.083333333,29.070408,2.221703290939331,0.40974201758702594
0,turbo,16,1,1048576,1048576,262144,0,1,datasets/silesia/ooffice,6152192,2838241,46.133817,1.1600823402404785,0.24602365493774414
0,turbo,16,1,1048576,1048576,262144,0,1,datasets/silesia/xml,5345280,520978,9.746505,0.39337849617004395,0.048833608627319336
0,turbo,16,1,1048576,1048576,262144,0,1,datasets/silesia/mr,9970564,3310389,33.201622,4.326117038726807,0.2781710624694824
0,turbo,16,1,1048576,1048576,262144,0,1,datasets/silesia/nci,33553445,2388672,7.119007,4.178925275802612,0.20028424263000488
0,turbo,16,1,1048576,1048576,262144,0,1,datasets/silesia/webster,41458703,10755368,25.942365,15.518187522888184,0.8272695541381836
0,turbo,16,1,1048576,1048576,262144,0,1,datasets/silesia/reymont,6627202,1619028,24.430038,4.888322830200195,0.1320040225982666
0,turbo,16,1,1048576,1048576,262144,0,1,datasets/silesia/dickens,10192446,3384043,33.201481,5.7773308753967285,0.2588934898376465
0,turbo,16,1,1048576,1048576,262144,0,1,datasets/silesia/mozilla,51220480,16918706,33.031135,7.746350288391113,1.295884132385254
0,turbo,16,1,1048576,1048576,262144,0,1,datasets/silesia/osdb,10085684,3349576,33.211193,1.4066154956817627,0.2949342727661133
0,turbo,16,1,1048576,1048576,262144,0,1,datasets/silesia/x-ray,8474240,5467172,64.51519,1.0628275871276855,0.4613168239593506
0,turbo,16,1,1048576,1048576,262144,0,1,datasets/silesia/samba,21606400,4626884,21.414414,2.3640215396881104,0.4055297374725342
0,turbo,16,1,1048576,1048576,262144,0,1,datasets/silesia/sao,7251944,5090321,70.192503,1.3857617378234863,0.45977282524108887
0,turbo,16,1,1048576,1048576,262144,0,1,AVERAGE,17661548.333333332,5022448.166666667,28.437191,4.183993419011434,0.409076452255249
0,turbo,16,1,1048576,1048576,262144,0,2,datasets/silesia/ooffice,6152192,2827563,45.960253,1.5877060890197754,0.2497694492340088
0,turbo,16,1,1048576,1048576,262144,0,2,datasets/silesia/xml,5345280,510932,9.558564,0.5577192306518555,0.04709219932556152
0,turbo,16,1,1048576,1048576,262144,0,2,datasets/silesia/mr,9970564,3324562,33.343771,5.0627946853637695,0.27916836738586426
0,turbo,16,1,1048576,1048576,262144,0,2,datasets/silesia/nci,33553445,2309935,6.884345,7.259628057479858,0.20885872840881348
0,turbo,16,1,1048576,1048576,262144,0,2,datasets/silesia/webster,41458703,10698463,25.805108,20.148181200027466,0.8546178340911865
0,turbo,16,1,1048576,1048576,262144,0,2,datasets/silesia/reymont,6627202,1602035,24.173626,6.888346195220947,0.13962221145629883
0,turbo,16,1,1048576,1048576,262144,0,2,datasets/silesia/dickens,10192446,3376026,33.122824,7.403939247131348,0.27476048469543457
0,turbo,16,1,1048576,1048576,262144,0,2,datasets/silesia/mozilla,51220480,16826028,32.850196,14.876546859741211,1.278738021850586
0,turbo,16,1,1048576,1048576,262144,0,2,datasets/silesia/osdb,10085684,3317946,32.89758,2.004483699798584,0.2923750877380371
0,turbo,16,1,1048576,1048576,262144,0,2,datasets/silesia/x-ray,8474240,5495565,64.85024,1.0641179084777832,0.46595191955566406
0,turbo,16,1,1048576,1048576,262144,0,2,datasets/silesia/samba,21606400,4561197,21.110398,3.4381349086761475,0.4151265621185303
0,turbo,16,1,1048576,1048576,262144,0,2,datasets/silesia/sao,7251944,5096054,70.271558,2.1698660850524902,0.4584202766418457
0,turbo,16,1,1048576,1048576,262144,0,2,AVERAGE,17661548.333333332,4995525.5,28.284754,6.038455347220103,0.4137084285418193
0,turbo,16,1,1048576,1048576,262144,0,3,datasets/silesia/ooffice,6152192,2819950,45.836508,2.1217288970947266,0.24504446983337402
0,turbo,16,1,1048576,1048576,262144,0,3,datasets/silesia/xml,5345280,513961,9.615231,0.7547085285186768,0.04724740982055664
0,turbo,16,1,1048576,1048576,262144,0,3,datasets/silesia/mr,9970564,3445686,34.558587,7.895255088806152,0.2842886447906494
0,turbo,16,1,1048576,1048576,262144,0,3,datasets/silesia/nci,33553445,2318208,6.909001,16.579188585281372,0.2205052375793457
0,turbo,16,1,1048576,1048576,262144,0,3,datasets/silesia/webster,41458703,10826901,26.114905,34.06031775474548,0.8787908554077148
0,turbo,16,1,1048576,1048576,262144,0,3,datasets/silesia/reymont,6627202,1619617,24.438926,14.2167489528656,0.14234471321105957
0,turbo,16,1,1048576,1048576,262144,0,3,datasets/silesia/dickens,10192446,3448105,33.830005,13.90736436843872,0.3370344638824463
0,turbo,16,1,1048576,1048576,262144,0,3,datasets/silesia/mozilla,51220480,16825571,32.849304,25.33055591583252,1.4904627799987793
0,turbo,16,1,1048576,1048576,262144,0,3,datasets/silesia/osdb,10085684,3319616,32.914138,3.907329559326172,0.30618762969970703
0,turbo,16,1,1048576,1048576,262144,0,3,datasets/silesia/x-ray,8474240,5553843,65.537948,1.8686614036560059,0.49910855293273926
0,turbo,16,1,1048576,1048576,262144,0,3,datasets/silesia/samba,21606400,4560246,21.105996,5.136240243911743,0.41575002670288086
0,turbo,16,1,1048576,1048576,262144,0,3,datasets/silesia/sao,7251944,5103263,70.370965,2.9221348762512207,0.47593092918395996
0,turbo,16,1,1048576,1048576,262144,0,3,AVERAGE,17661548.333333332,5029580.583333333,28.477574,10.7250195145607,0.4452246427536011
0,turbo,16,1,1048576,1048576,1048576,10,0,datasets/silesia/ooffice,6152192,2991729,48.628668,0.3759000301361084,0.2595510482788086
0,turbo,16,1,1048576,1048576,1048576,10,0,datasets/silesia/xml,5345280,692063,12.94718,0.13681960105895996,0.06200289726257324
0,turbo,16,1,1048576,1048576,1048576,10,0,datasets/silesia/mr,9970564,3472887,34.8314,0.4585394859313965,0.29061412811279297
0,turbo,16,1,1048576,1048576,1048576,10,0,datasets/silesia/nci,33553445,3320759,9.896924,0.5023293495178223,0.27768731117248535
0,turbo,16,1,1048576,1048576,1048576,10,0,datasets/silesia/webster,41458703,12621244,30.44293,1.347794771194458,0.9801769256591797
0,turbo,16,1,1048576,1048576,1048576,10,0,datasets/silesia/reymont,6627202,2044911,30.856325,0.2708258628845215,0.16819024085998535
0,turbo,16,1,1048576,1048576,1048576,10,0,datasets/silesia/dickens,10192446,4067104,39.90312,0.4816441535949707,0.3197660446166992
0,turbo,16,1,1048576,1048576,1048576,10,0,datasets/silesia/mozilla,51220480,17840490,34.830775,1.976304531097412,1.3756096363067627
0,turbo,16,1,1048576,1048576,1048576,10,0,datasets/silesia/osdb,10085684,3592814,35.622909,0.43524980545043945,0.3176693916320801
0,turbo,16,1,1048576,1048576,1048576,10,0,datasets/silesia/x-ray,8474240,5622516,66.348322,0.6943297386169434,0.47363948822021484
0,turbo,16,1,1048576,1048576,1048576,10,0,datasets/silesia/samba,21606400,5047820,23.362615,0.6639041900634766,0.4567131996154785
0,turbo,16,1,1048576,1048576,1048576,10,0,datasets/silesia/sao,7251944,5295230,73.018076,0.5914547443389893,0.4815053939819336
0,turbo,16,1,1048576,1048576,1048576,10,0,AVERAGE,17661548.333333332,5550797.25,31.428713,0.6612580219904581,0.4552604754765828
0,turbo,16,1,1048576,1048576,1048576,10,1,datasets/silesia/ooffice,6152192,2932363,47.663711,0.3708341121673584,0.2605431079864502
0,turbo,16,1,1048576,1048576,1048576,10,1,datasets/silesia/xml,5345280,652490,12.206844,0.12148547172546387,0.059928178787231445
0,turbo,16,1,1048576,1048576,1048576,10,1,datasets/silesia/mr,9970564,3596833,36.074519,0.42851924896240234,0.3125936985015869
0,turbo,16,1,1048576,1048576,1048576,10,1,datasets/silesia/nci,33553445,3060956,9.122628,0.4900388717651367,0.2590758800506592
0,turbo,16,1,1048576,1048576,1048576,10,1,datasets/silesia/webster,41458703,12373741,29.845943,1.4072589874267578,1.0032014846801758
0,turbo,16,1,1048576,1048576,1048576,10,1,datasets/silesia/reymont,6627202,1990629,30.037246,0.26078319549560547,0.17456293106079102
0,turbo,16,1,1048576,1048576,1048576,10,1,datasets/silesia/dickens,10192446,4026395,39.503717,0.48297739028930664,0.3363378047943115
0,turbo,16,1,1048576,1048576,1048576,10,1,datasets/silesia/mozilla,51220480,17341648,33.856864,1.8935210704803467,1.3807263374328613
0,turbo,16,1,1048576,1048576,1048576,10,1,datasets/silesia/osdb,10085684,3585166,35.547078,0.4717388153076172,0.32158398628234863
0,turbo,16,1,1048576,1048576,1048576,10,1,datasets/silesia/x-ray,8474240,5693977,67.191595,0.6973104476928711,0.5014152526855469
0,turbo,16,1,1048576,1048576,1048576,10,1,datasets/silesia/samba,21606400,4922335,22.781838,0.636195182800293,0.45525693893432617
0,turbo,16,1,1048576,1048576,1048576,10,1,datasets/silesia/sao,7251944,5290688,72.955445,0.5813994407653809,0.4857921600341797
0,turbo,16,1,1048576,1048576,1048576,10,1,AVERAGE,17661548.333333332,5455601.75,30.889714,0.6535051862398783,0.4625848134358724
0,turbo,16,1,1048576,1048576,1048576,10,2,datasets/silesia/ooffice,6152192,2926804,47.573353,0.36862754821777344,0.2692105770111084
0,turbo,16,1,1048576,1048576,1048576,10,2,datasets/silesia/xml,5345280,634236,11.865347,0.14414644241333008,0.06188845634460449
0,turbo,16,1,1048576,1048576,1048576,10,2,datasets/silesia/mr,9970564,3604469,36.151104,0.4611358642578125,0.32866597175598145
0,turbo,16,1,1048576,1048576,1048576,10,2,datasets/silesia/nci,33553445,2943340,8.772095,0.5217351913452148,0.26090288162231445
0,turbo,16,1,1048576,1048576,1048576,10,2,datasets/silesia/webster,41458703,12249785,29.546957,1.3325798511505127,1.0060937404632568
0,turbo,16,1,1048576,1048576,1048576,10,2,datasets/silesia/reymont,6627202,1986766,29.978956,0.2684764862060547,0.1720733642578125
0,turbo,16,1,1048576,1048576,1048576,10,2,datasets/silesia/dickens,10192446,3994303,39.188856,0.47103118896484375,0.3373391628265381
0,turbo,16,1,1048576,1048576,1048576,10,2,datasets/silesia/mozilla,51220480,17293267,33.762407,1.8278071880340576,1.3378980159759521
0,turbo,16,1,1048576,1048576,1048576,10,2,datasets/silesia/osdb,10085684,3592420,35.619002,0.431760311126709,0.3193356990814209
0,turbo,16,1,1048576,1048576,1048576,10,2,datasets/silesia/x-ray,8474240,5713972,67.427545,0.6862561702728271,0.5038411617279053
0,turbo,16,1,1048576,1048576,1048576,10,2,datasets/silesia/samba,21606400,4831929,22.363415,0.6215369701385498,0.4449605941772461
0,turbo,16,1,1048576,1048576,1048576,10,2,datasets/silesia/sao,7251944,5351592,73.795275,0.5695900917053223,0.49149513244628906
0,turbo,16,1,1048576,1048576,1048576,10,2,AVERAGE,17661548.333333332,5426906.916666667,30.727243,0.642056941986084,0.46114206314086914
0,turbo,16,1,1048576,1048576,1048576,10,3,datasets/silesia/ooffice,6152192,2915691,47.392718,0.3585183620452881,0.2599625587463379
0,turbo,16,1,1048576,1048576,1048576,10,3,datasets/silesia/xml,5345280,633611,11.853654,0.13841652870178223,0.058788299560546875
0,turbo,16,1,1048576,1048576,1048576,10,3,datasets/silesia/mr,9970564,3658942,36.697443,0.44195103645324707,0.32595038414001465
0,turbo,16,1,1048576,1048576,1048576,10,3,datasets/silesia/nci,33553445,2960798,8.824125,0.527956485748291,0.258347749710083
0,turbo,16,1,1048576,1048576,1048576,10,3,datasets/silesia/webster,41458703,12284719,29.631219,1.3219335079193115,1.0017261505126953
0,turbo,16,1,1048576,1048576,1048576,10,3,datasets/silesia/reymont,6627202,1992908,30.071635,0.26045751571655273,0.17777228355407715
0,turbo,16,1,1048576,1048576,1048576,10,3,datasets/silesia/dickens,10192446,4032697,39.565547,0.47545957565307617,0.33237624168395996
0,turbo,16,1,1048576,1048576,1048576,10,3,datasets/silesia/mozilla,51220480,17276235,33.729155,1.8913507461547852,1.3456265926361084
0,turbo,16,1,1048576,1048576,1048576,10,3,datasets/silesia/osdb,10085684,3525622,34.956697,0.4302225112915039,0.3123314380645752
0,turbo,16,1,1048576,1048576,1048576,10,3,datasets/silesia/x-ray,8474240,5718963,67.486441,0.6527881622314453,0.5069072246551514
0,turbo,16,1,1048576,1048576,1048576,10,3,datasets/silesia/samba,21606400,4820263,22.309422,0.6407217979431152,0.4386470317840576
0,turbo,16,1,1048576,1048576,1048576,10,3,datasets/silesia/sao,7251944,5337629,73.602733,0.5744633674621582,0.4908931255340576
0,turbo,16,1,1048576,1048576,1048576,10,3,AVERAGE,17661548.333333332,5429839.833333333,30.743849,0.642853299776713,0.45911075671513873
0,turbo,16,1,1048576,1048576,1048576,1000,0,datasets/silesia/ooffice,6152192,2905866,47.233019,0.5175349712371826,0.24822545051574707
0,turbo,16,1,1048576,1048576,1048576,1000,0,datasets/silesia/xml,5345280,548994,10.270631,0.18473124504089355,0.04767584800720215
0,turbo,16,1,1048576,1048576,1048576,1000,0,datasets/silesia/mr,9970564,3337163,33.470153,0.7969510555267334,0.27116942405700684
0,turbo,16,1,1048576,1048576,1048576,1000,0,datasets/silesia/nci,33553445,2598486,7.74432,0.7170674800872803,0.2107529640197754
0,turbo,16,1,1048576,1048576,1048576,1000,0,datasets/silesia/webster,41458703,10964248,26.446192,3.3404605388641357,0.8284728527069092
0,turbo,16,1,1048576,1048576,1048576,1000,0,datasets/silesia/reymont,6627202,1694997,25.576359,0.6616313457489014,0.13246846199035645
0,turbo,16,1,1048576,1048576,1048576,1000,0,datasets/silesia/dickens,10192446,3436730,33.718403,1.642791986465454,0.2635979652404785
0,turbo,16,1,1048576,1048576,1048576,1000,0,datasets/silesia/mozilla,51220480,17476682,34.120496,1.907149314880371,1.3141505718231201
0,turbo,16,1,1048576,1048576,1048576,1000,0,datasets/silesia/osdb,10085684,3407066,33.781209,0.6579225063323975,0.30198001861572266
0,turbo,16,1,1048576,1048576,1048576,1000,0,datasets/silesia/x-ray,8474240,5550632,65.500057,0.7713041305541992,0.4626953601837158
0,turbo,16,1,1048576,1048576,1048576,1000,0,datasets/silesia/samba,21606400,4738363,21.930368,1.0771446228027344,0.4146733283996582
0,turbo,16,1,1048576,1048576,1048576,1000,0,datasets/silesia/sao,7251944,5168811,71.274833,0.8033878803253174,0.46257495880126953
0,turbo,16,1,1048576,1048576,1048576,1000,0,AVERAGE,17661548.333333332,5152336.5,29.172621,1.0898397564888,0.4132031003634135
0,turbo,16,1,1048576,1048576,1048576,1000,1,datasets/silesia/ooffice,6152192,2842196,46.198103,0.6536338329315186,0.2484426498413086
0,turbo,16,1,1048576,1048576,1048576,1000,1,datasets/silesia/xml,5345280,526048,9.841355,0.2518465518951416,0.049854278564453125
0,turbo,16,1,1048576,1048576,1048576,1000,1,datasets/silesia/mr,9970564,3336143,33.459923,1.2075586318969727,0.28133058547973633
0,turbo,16,1,1048576,1048576,1048576,1000,1,datasets/silesia/nci,33553445,2434302,7.254999,0.9018568992614746,0.21456575393676758
0,turbo,16,1,1048576,1048576,1048576,1000,1,datasets/silesia/webster,41458703,10834270,26.13268,4.957776069641113,0.8321597576141357
0,turbo,16,1,1048576,1048576,1048576,1000,1,datasets/silesia/reymont,6627202,1657439,25.009635,0.966733455657959,0.14037561416625977
0,turbo,16,1,1048576,1048576,1048576,1000,1,datasets/silesia/dickens,10192446,3417359,33.52835,2.534187078475952,0.26204633712768555
0,turbo,16,1,1048576,1048576,1048576,1000,1,datasets/silesia/mozilla,51220480,16916046,33.025942,2.2611911296844482,1.2895359992980957
0,turbo,16,1,1048576,1048576,1048576,1000,1,datasets/silesia/osdb,10085684,3354467,33.259688,0.7116274833679199,0.2985408306121826
0,turbo,16,1,1048576,1048576,1048576,1000,1,datasets/silesia/x-ray,8474240,5468536,64.531285,1.0728764533996582,0.4632256031036377
0,turbo,16,1,1048576,1048576,1048576,1000,1,datasets/silesia/samba,21606400,4626085,21.410716,1.4059326648712158,0.41854333877563477
0,turbo,16,1,1048576,1048576,1048576,1000,1,datasets/silesia/sao,7251944,5095431,70.262967,1.10459303855896,0.4614536762237549
0,turbo,16,1,1048576,1048576,1048576,1000,1,AVERAGE,17661548.333333332,5042360.166666667,28.549933,1.5024844408035278,0.4133395353953044
0,turbo,16,1,1048576,1048576,1048576,1000,2,datasets/silesia/ooffice,6152192,2832192,46.035494,0.8512091636657715,0.24811100959777832
0,turbo,16,1,1048576,1048576,1048576,1000,2,datasets/silesia/xml,5345280,516399,9.660841,0.31544923782348633,0.04900074005126953
0,turbo,16,1,1048576,1048576,1048576,1000,2,datasets/silesia/mr,9970564,3368823,33.787687,1.5336987972259521,0.2850182056427002
0,turbo,16,1,1048576,1048576,1048576,1000,2,datasets/silesia/nci,33553445,2359581,7.032306,0.992570161819458,0.2181377410888672
0,turbo,16,1,1048576,1048576,1048576,1000,2,datasets/silesia/webster,41458703,10776271,25.992784,6.902493238449097,0.8628993034362793
0,turbo,16,1,1048576,1048576,1048576,1000,2,datasets/silesia/reymont,6627202,1643961,24.806261,1.6377832889556885,0.14497804641723633
0,turbo,16,1,1048576,1048576,1048576,1000,2,datasets/silesia/dickens,10192446,3407513,33.431749,4.8550169467926025,0.2874279022216797
0,turbo,16,1,1048576,1048576,1048576,1000,2,datasets/silesia/mozilla,51220480,16824868,32.847931,3.1006579399108887,1.3115284442901611
0,turbo,16,1,1048576,1048576,1048576,1000,2,datasets/silesia/osdb,10085684,3345842,33.17417,0.9017665386199951,0.30628371238708496
0,turbo,16,1,1048576,1048576,1048576,1000,2,datasets/silesia/x-ray,8474240,5498153,64.88078,1.2005138397216797,0.47026562690734863
0,turbo,16,1,1048576,1048576,1048576,1000,2,datasets/silesia/samba,21606400,4557591,21.093708,1.8974106311798096,0.41726064682006836
0,turbo,16,1,1048576,1048576,1048576,1000,2,datasets/silesia/sao,7251944,5103575,70.375268,1.5644128322601318,0.4751014709472656
0,turbo,16,1,1048576,1048576,1048576,1000,2,AVERAGE,17661548.333333332,5019564.083333333,28.420861,2.146081884702047,0.4230010708173116
0,turbo,16,1,1048576,1048576,1048576,1000,3,datasets/silesia/ooffice,6152192,2824524,45.910856,1.1048223972320557,0.25031518936157227
0,turbo,16,1,1048576,1048576,1048576,1000,3,datasets/silesia/xml,5345280,519696,9.722522,0.46286773681640625,0.048892974853515625
0,turbo,16,1,1048576,1048576,1048576,1000,3,datasets/silesia/mr,9970564,3461868,34.720884,1.9434995651245117,0.30313587188720703
0,turbo,16,1,1048576,1048576,1048576,1000,3,datasets/silesia/nci,33553445,2367551,7.056059,1.227433681488037,0.21251130104064941
0,turbo,16,1,1048576,1048576,1048576,1000,3,datasets/silesia/webster,41458703,10900253,26.291833,8.450674295425415,0.8856620788574219
0,turbo,16,1,1048576,1048576,1048576,1000,3,datasets/silesia/reymont,6627202,1662457,25.085353,1.82607102394104,0.144517183303833
0,turbo,16,1,1048576,1048576,1048576,1000,3,datasets/silesia/dickens,10192446,3478036,34.123664,4.638137578964233,0.29036736488342285
0,turbo,16,1,1048576,1048576,1048576,1000,3,datasets/silesia/mozilla,51220480,16824211,32.846648,3.3339550495147705,1.3150758743286133
0,turbo,16,1,1048576,1048576,1048576,1000,3,datasets/silesia/osdb,10085684,3346527,33.180962,1.0163812637329102,0.29779052734375
0,turbo,16,1,1048576,1048576,1048576,1000,3,datasets/silesia/x-ray,8474240,5554524,65.545984,1.3982970714569092,0.4877307415008545
0,turbo,16,1,1048576,1048576,1048576,1000,3,datasets/silesia/samba,21606400,4563733,21.122135,2.40344500541687,0.41382765769958496
0,turbo,16,1,1048576,1048576,1048576,1000,3,datasets/silesia/sao,7251944,5120100,70.603138,1.6134111881256104,0.46723461151123047
0,turbo,16,1,1048576,1048576,1048576,1000,3,AVERAGE,17661548.333333332,5051956.666666667,28.604268,2.451582988103231,0.42642178138097125
0,turbo,16,1,1048576,1048576,1048576,0,0,datasets/silesia/ooffice,6152192,2902827,47.183622,0.6998999118804932,0.24788808822631836
0,turbo,16,1,1048576,1048576,1048576,0,0,datasets/silesia/xml,5345280,543230,10.162798,0.2654917240142822,0.050974369049072266
0,turbo,16,1,1048576,1048576,1048576,0,0,datasets/silesia/mr,9970564,3334372,33.44216,1.4321532249450684,0.2785053253173828
0,turbo,16,1,1048576,1048576,1048576,0,0,datasets/silesia/nci,33553445,2558630,7.625536,2.006260871887207,0.2182445526123047
0,turbo,16,1,1048576,1048576,1048576,0,0,datasets/silesia/webster,41458703,10883614,26.251699,12.537148475646973,0.8220944404602051
0,turbo,16,1,1048576,1048576,1048576,0,0,datasets/silesia/reymont,6627202,1653797,24.954679,2.6353774070739746,0.1358809471130371
0,turbo,16,1,1048576,1048576,1048576,0,0,datasets/silesia/dickens,10192446,3403082,33.388276,4.020340442657471,0.25579214096069336
0,turbo,16,1,1048576,1048576,1048576,0,0,datasets/silesia/mozilla,51220480,17478149,34.12336,2.939997434616089,1.3330154418945312
0,turbo,16,1,1048576,1048576,1048576,0,0,datasets/silesia/osdb,10085684,3406334,33.773951,0.8064916133880615,0.308835506439209
0,turbo,16,1,1048576,1048576,1048576,0,0,datasets/silesia/x-ray,8474240,5550622,65.499939,0.863497257232666,0.4677467346191406
0,turbo,16,1,1048576,1048576,1048576,0,0,datasets/silesia/samba,21606400,4731380,21.898049,1.8907294273376465,0.42192935943603516
0,turbo,16,1,1048576,1048576,1048576,0,0,datasets/silesia/sao,7251944,5165372,71.227412,0.9909663200378418,0.4641435146331787
0,turbo,16,1,1048576,1048576,1048576,0,0,AVERAGE,17661548.333333332,5134284.083333333,29.070408,2.590696175893148,0.4170875350634257
0,turbo,16,1,1048576,1048576,1048576,0,1,datasets/silesia/ooffice,6152192,2838241,46.133817,1.2554841041564941,0.266495943069458
0,turbo,16,1,1048576,1048576,1048576,0,1,datasets/silesia/xml,5345280,520978,9.746505,0.4720308780670166,0.04892468452453613
0,turbo,16,1,1048576,1048576,1048576,0,1,datasets/silesia/mr,9970564,3310389,33.201622,4.829403400421143,0.2852027416229248
0,turbo,16,1,1048576,1048576,1048576,0,1,datasets/silesia/nci,33553445,2388672,7.119007,4.982112407684326,0.21117305755615234
0,turbo,16,1,1048576,1048576,1048576,0,1,datasets/silesia/webster,41458703,10755368,25.942365,17.208854913711548,0.8362822532653809
0,turbo,16,1,1048576,1048576,1048576,0,1,datasets/silesia/reymont,6627202,1619028,24.430038,5.538620948791504,0.13885927200317383
0,turbo,16,1,1048576,1048576,1048576,0,1,datasets/silesia/dickens,10192446,3384043,33.201481,6.65071439743042,0.26589107513427734
0,turbo,16,1,1048576,1048576,1048576,0,1,datasets/silesia/mozilla,51220480,16918706,33.031135,7.0346198081970215,1.303572654724121
0,turbo,16,1,1048576,1048576,1048576,0,1,datasets/silesia/osdb,10085684,3349576,33.211193,1.557034969329834,0.29886865615844727
0,turbo,16,1,1048576,1048576,1048576,0,1,datasets/silesia/x-ray,8474240,5467172,64.51519,1.1799535751342773,0.46930599212646484
0,turbo,16,1,1048576,1048576,1048576,0,1,datasets/silesia/samba,21606400,4626884,21.414414,2.5091042518615723,0.4230337142944336
0,turbo,16,1,1048576,1048576,1048576,0,1,datasets/silesia/sao,7251944,5090321,70.192503,1.715146541595459,0.48130273818969727
0,turbo,16,1,1048576,1048576,1048576,0,1,AVERAGE,17661548.333333332,5022448.166666667,28.437191,4.577756683031718,0.4190760652224223
0,turbo,16,1,1048576,1048576,1048576,0,2,datasets/silesia/ooffice,6152192,2827563,45.960253,2.0051279067993164,0.2600066661834717
0,turbo,16,1,1048576,1048576,1048576,0,2,datasets/silesia/xml,5345280,510932,9.558564,0.5739729404449463,0.05086946487426758
0,turbo,16,1,1048576,1048576,1048576,0,2,datasets/silesia/mr,9970564,3324562,33.343771,5.281306982040405,0.2878842353820801
0,turbo,16,1,1048576,1048576,1048576,0,2,datasets/silesia/nci,33553445,2309935,6.884345,7.896557807922363,0.2145843505859375
0,turbo,16,1,1048576,1048576,1048576,0,2,datasets/silesia/webster,41458703,10698463,25.805108,21.653690576553345,0.8739466667175293
0,turbo,16,1,1048576,1048576,1048576,0,2,datasets/silesia/reymont,6627202,1602035,24.173626,9.02695918083191,0.1366868019104004
0,turbo,16,1,1048576,1048576,1048576,0,2,datasets/silesia/dickens,10192446,3376026,33.122824,9.170170545578003,0.283984899520874
0,turbo,16,1,1048576,1048576,1048576,0,2,datasets/silesia/mozilla,51220480,16826028,32.850196,12.429578065872192,1.3307158946990967
0,turbo,16,1,1048576,1048576,1048576,0,2,datasets/silesia/osdb,10085684,3317946,32.89758,2.431854486465454,0.30278825759887695
0,turbo,16,1,1048576,1048576,1048576,0,2,datasets/silesia/x-ray,8474240,5495565,64.85024,1.209766149520874,0.46783018112182617
0,turbo,16,1,1048576,1048576,1048576,0,2,datasets/silesia/samba,21606400,4561197,21.110398,3.5168721675872803,0.41867709159851074
0,turbo,16,1,1048576,1048576,1048576,0,2,datasets/silesia/sao,7251944,5096054,70.271558,2.368063449859619,0.46366024017333984
0,turbo,16,1,1048576,1048576,1048576,0,2,AVERAGE,17661548.333333332,4995525.5,28.284754,6.463660021622975,0.4243028958638509
0,turbo,16,1,1048576,1048576,1048576,0,3,datasets/silesia/ooffice,6152192,2819950,45.836508,2.227515697479248,0.2521686553955078
0,turbo,16,1,1048576,1048576,1048576,0,3,datasets/silesia/xml,5345280,513961,9.615231,0.7644362449645996,0.049072265625
0,turbo,16,1,1048576,1048576,1048576,0,3,datasets/silesia/mr,9970564,3445686,34.558587,7.105189085006714,0.3035757541656494
0,turbo,16,1,1048576,1048576,1048576,0,3,datasets/silesia/nci,33553445,2318208,6.909001,13.81384563446045,0.2144777774810791
0,turbo,16,1,1048576,1048576,1048576,0,3,datasets/silesia/webster,41458703,10826901,26.114905,28.751293420791626,0.9106171131134033
0,turbo,16,1,1048576,1048576,1048576,0,3,datasets/silesia/reymont,6627202,1619617,24.438926,11.023650884628296,0.13626313209533691
0,turbo,16,1,1048576,1048576,1048576,0,3,datasets/silesia/dickens,10192446,3448105,33.830005,11.123413324356079,0.2802543640136719
0,turbo,16,1,1048576,1048576,1048576,0,3,datasets/silesia/mozilla,51220480,16825571,32.849304,24.96720051765442,1.302384376525879
0,turbo,16,1,1048576,1048576,1048576,0,3,datasets/silesia/osdb,10085684,3319616,32.914138,2.628532886505127,0.30577826499938965
0,turbo,16,1,1048576,1048576,1048576,0,3,datasets/silesia/x-ray,8474240,5553843,65.537948,1.422377347946167,0.4914400577545166
0,turbo,16,1,1048576,1048576,1048576,0,3,datasets/silesia/samba,21606400,4560246,21.105996,5.384600877761841,0.41017651557922363
0,turbo,16,1,1048576,1048576,1048576,0,3,datasets/silesia/sao,7251944,5103263,70.370965,3.0301504135131836,0.489926815032959
0,turbo,16,1,1048576,1048576,1048576,0,3,AVERAGE,17661548.333333332,5029580.583333333,28.477574,9.35351719458898,0.42884459098180133
0,turbo2,16,1,65536,65536,65536,10,0,datasets/silesia/ooffice,6152192,3144822,51.117098,0.9012694358825684,0.2874267101287842
0,turbo2,16,1,65536,65536,65536,10,0,datasets/silesia/xml,5345280,837950,15.676447,0.7332909107208252,0.07135558128356934
0,turbo2,16,1,65536,65536,65536,10,0,datasets/silesia/mr,9970564,3639121,36.498647,1.292975902557373,0.3011929988861084
0,turbo2,16,1,65536,65536,65536,10,0,datasets/silesia/nci,33553445,3717756,11.080102,4.283434152603149,0.3360633850097656
0,turbo2,16,1,65536,65536,65536,10,0,datasets/silesia/webster,41458703,13711813,33.073425,5.148072004318237,1.0822644233703613
0,turbo2,16,1,65536,65536,65536,10,0,datasets/silesia/reymont,6627202,2176714,32.845143,0.9063513278961182,0.18364548683166504
0,turbo2,16,1,65536,65536,65536,10,0,datasets/silesia/dickens,10192446,4340480,42.585264,1.2198421955108643,0.33643555641174316
0,turbo2,16,1,65536,65536,65536,10,0,datasets/silesia/mozilla,51220480,18562163,36.239729,6.4421775341033936,1.4933521747589111
0,turbo2,16,1,65536,65536,65536,10,0,datasets/silesia/osdb,10085684,4230718,41.947755,1.289257526397705,0.37244248390197754
0,turbo2,16,1,65536,65536,65536,10,0,datasets/silesia/x-ray,8474240,5664434,66.842974,1.166839599609375,0.5141749382019043
0,turbo2,16,1,65536,65536,65536,10,0,datasets/silesia/samba,21606400,5666276,26.224989,2.66109299659729,0.483051061630249
0,turbo2,16,1,65536,65536,65536,10,0,datasets/silesia/sao,7251944,5251580,72.416169,1.0419938564300537,0.4181652069091797
0,turbo2,16,1,65536,65536,65536,10,0,AVERAGE,17661548.333333332,5911985.583333333,33.473767,2.257216453552246,0.48996416727701825
0,turbo2,16,1,65536,65536,65536,10,1,datasets/silesia/ooffice,6152192,3104438,50.460681,0.8231194019317627,0.285459041595459
0,turbo2,16,1,65536,65536,65536,10,1,datasets/silesia/xml,5345280,795438,14.881129,0.6432418823242188,0.0667426586151123
0,turbo2,16,1,65536,65536,65536,10,1,datasets/silesia/mr,9970564,3693101,37.040041,1.2764298915863037,0.31621646881103516
0,turbo2,16,1,65536,65536,65536,10,1,datasets/silesia/nci,33553445,3446548,10.271816,4.048306703567505,0.30582571029663086
0,turbo2,16,1,65536,65536,65536,10,1,datasets/silesia/webster,41458703,13443069,32.425204,4.817424774169922,1.0652673244476318
0,turbo2,16,1,65536,65536,65536,10,1,datasets/silesia/reymont,6627202,2111650,31.863372,0.8856074810028076,0.18712067604064941
0,turbo2,16,1,65536,65536,65536,10,1,datasets/silesia/dickens,10192446,4289640,42.086463,1.4177892208099365,0.344219446182251
0,turbo2,16,1,65536,65536,65536,10,1,datasets/silesia/mozilla,51220480,18329585,35.785656,6.688448429107666,1.525529384613037
0,turbo2,16,1,65536,65536,65536,10,1,datasets/silesia/osdb,10085684,4198218,41.625516,1.3623359203338623,0.3825962543487549
0,turbo2,16,1,65536,65536,65536,10,1,datasets/silesia/x-ray,8474240,5645478,66.619284,1.1427686214447021,0.5126481056213379
0,turbo2,16,1,65536,65536,65536,10,1,datasets/silesia/samba,21606400,5520526,25.55042,2.848266839981079,0.49143195152282715
0,turbo2,16,1,65536,65536,65536,10,1,datasets/silesia/sao,7251944,5243126,72.299593,0.9745137691497803,0.4160609245300293
0,turbo2,16,1,65536,65536,65536,10,1,AVERAGE,17661548.333333332,5818401.416666667,32.943892,2.2440210779507956,0.4915931622187297
0,turbo2,16,1,65536,65536,65536,10,2,datasets/silesia/ooffice,6152192,3107978,50.518222,0.8128416538238525,0.28690481185913086
0,turbo2,16,1,65536,65536,65536,10,2,datasets/silesia/xml,5345280,777342,14.542587,0.6806206703186035,0.07165336608886719
0,turbo2,16,1,65536,65536,65536,10,2,datasets/silesia/mr,9970564,3699189,37.101101,1.2208251953125,0.3204643726348877
0,turbo2,16,1,65536,65536,65536,10,2,datasets/silesia/nci,33553445,3344664,9.968169,3.779564380645752,0.29856061935424805
0,turbo2,16,1,65536,65536,65536,10,2,datasets/silesia/webster,41458703,13349409,32.199292,4.756887674331665,1.085620641708374
0,turbo2,16,1,65536,65536,65536,10,2,datasets/silesia/reymont,6627202,2110710,31.849188,0.9532036781311035,0.18281173706054688
0,turbo2,16,1,65536,65536,65536,10,2,datasets/silesia/dickens,10192446,4264448,41.839299,1.2588326930999756,0.35242271423339844
0,turbo2,16,1,65536,65536,65536,10,2,datasets/silesia/mozilla,51220480,18346944,35.819547,6.207080364227295,1.5010223388671875
0,turbo2,16,1,65536,65536,65536,10,2,datasets/silesia/osdb,10085684,4155294,41.199923,1.257251262664795,0.3772611618041992
0,turbo2,16,1,65536,65536,65536,10,2,datasets/silesia/x-ray,8474240,5655310,66.735306,1.1007583141326904,0.5164697170257568
0,turbo2,16,1,65536,65536,65536,10,2,datasets/silesia/samba,21606400,5484940,25.385719,2.507622480392456,0.4784359931945801
0,turbo2,16,1,65536,65536,65536,10,2,datasets/silesia/sao,7251944,5291990,72.973399,1.0048937797546387,0.4612307548522949
0,turbo2,16,1,65536,65536,65536,10,2,AVERAGE,17661548.333333332,5799018.166666667,32.834144,2.128365178902944,0.4944048523902893
0,turbo2,16,1,65536,65536,65536,10,3,datasets/silesia/ooffice,6152192,3098566,50.365236,0.8520290851593018,0.2798142433166504
0,turbo2,16,1,65536,65536,65536,10,3,datasets/silesia/xml,5345280,776894,14.534206,0.7334010601043701,0.06999349594116211
0,turbo2,16,1,65536,65536,65536,10,3,datasets/silesia/mr,9970564,3738941,37.499794,1.2936582565307617,0.31655049324035645
0,turbo2,16,1,65536,65536,65536,10,3,datasets/silesia/nci,33553445,3349420,9.982343,3.97113299369812,0.308929443359375
0,turbo2,16,1,65536,65536,65536,10,3,datasets/silesia/webster,41458703,13358005,32.220026,4.995765686035156,1.1099214553833008
0,turbo2,16,1,65536,65536,65536,10,3,datasets/silesia/reymont,6627202,2123074,32.035752,0.9015827178955078,0.18265938758850098
0,turbo2,16,1,65536,65536,65536,10,3,datasets/silesia/dickens,10192446,4293504,42.124373,1.3555524349212646,0.34609150886535645
0,turbo2,16,1,65536,65536,65536,10,3,datasets/silesia/mozilla,51220480,18295021,35.718176,6.562515020370483,1.515533208847046
0,turbo2,16,1,65536,65536,65536,10,3,datasets/silesia/osdb,10085684,4152882,41.176007,1.3552613258361816,0.3691120147705078
0,turbo2,16,1,65536,65536,65536,10,3,datasets/silesia/x-ray,8474240,5660074,66.791523,1.202693223953247,0.5096113681793213
0,turbo2,16,1,65536,65536,65536,10,3,datasets/silesia/samba,21606400,5482748,25.375574,2.559591054916382,0.474776029586792
0,turbo2,16,1,65536,65536,65536,10,3,datasets/silesia/sao,7251944,5285948,72.890083,1.0632238388061523,0.480898380279541
0,turbo2,16,1,65536,65536,65536,10,3,AVERAGE,17661548.333333332,5801256.416666667,32.846817,2.2372005581855774,0.4969909191131592
0,turbo2,16,1,65536,65536,65536,1000,0,datasets/silesia/ooffice,6152192,3105754,50.482072,0.8584825992584229,0.2773325443267822
0,turbo2,16,1,65536,65536,65536,1000,0,datasets/silesia/xml,5345280,751030,14.05034,0.699613094329834,0.060723304748535156
0,turbo2,16,1,65536,65536,65536,1000,0,datasets/silesia/mr,9970564,3576309,35.868673,1.2204508781433105,0.28318095207214355
0,turbo2,16,1,65536,65536,65536,1000,0,datasets/silesia/nci,33553445,3393484,10.113668,3.99890398979187,0.27192258834838867
0,turbo2,16,1,65536,65536,65536,1000,0,datasets/silesia/webster,41458703,12999453,31.355185,5.000181198120117,0.981482744216919
0,turbo2,16,1,65536,65536,65536,1000,0,datasets/silesia/reymont,6627202,1993074,30.07414,0.9139516353607178,0.15581083297729492
0,turbo2,16,1,65536,65536,65536,1000,0,datasets/silesia/dickens,10192446,4095756,40.184231,1.3291220664978027,0.3254072666168213
0,turbo2,16,1,65536,65536,65536,1000,0,datasets/silesia/mozilla,51220480,18376414,35.877083,6.125950336456299,1.466069221496582
0,turbo2,16,1,65536,65536,65536,1000,0,datasets/silesia/osdb,10085684,4180722,41.452042,1.4788014888763428,0.3764071464538574
0,turbo2,16,1,65536,65536,65536,1000,0,datasets/silesia/x-ray,8474240,5641878,66.576802,1.2258570194244385,0.5144517421722412
0,turbo2,16,1,65536,65536,65536,1000,0,datasets/silesia/samba,21606400,5507159,25.488554,2.8762660026550293,0.4603757858276367
0,turbo2,16,1,65536,65536,65536,1000,0,datasets/silesia/sao,7251944,5242752,72.294436,1.1290080547332764,0.4240546226501465
0,turbo2,16,1,65536,65536,65536,1000,0,AVERAGE,17661548.333333332,5738648.75,32.492331,2.238049030303955,0.46643489599227905
0,turbo2,16,1,65536,65536,65536,1000,1,datasets/silesia/ooffice,6152192,3060294,49.743148,0.7942748069763184,0.2746767997741699
0,turbo2,16,1,65536,65536,65536,1000,1,datasets/silesia/xml,5345280,715718,13.38972,0.6728525161743164,0.0616602897644043
0,turbo2,16,1,65536,65536,65536,1000,1,datasets/silesia/mr,9970564,3533361,35.437925,1.2632763385772705,0.2875685691833496
0,turbo2,16,1,65536,65536,65536,1000,1,datasets/silesia/nci,33553445,3160612,9.419635,4.114972114562988,0.2747838497161865
0,turbo2,16,1,65536,65536,65536,1000,1,datasets/silesia/webster,41458703,12764269,30.787912,5.72748875617981,1.0011107921600342
0,turbo2,16,1,65536,65536,65536,1000,1,datasets/silesia/reymont,6627202,1936154,29.215256,0.8695576190948486,0.15670037269592285
0,turbo2,16,1,65536,65536,65536,1000,1,datasets/silesia/dickens,10192446,4050640,39.741589,1.382455587387085,0.3218502998352051
0,turbo2,16,1,65536,65536,65536,1000,1,datasets/silesia/mozilla,51220480,18121715,35.379823,8.086466550827026,1.4297418594360352
0,turbo2,16,1,65536,65536,65536,1000,1,datasets/silesia/osdb,10085684,4085858,40.511462,1.3402936458587646,0.3642563819885254
0,turbo2,16,1,65536,65536,65536,1000,1,datasets/silesia/x-ray,8474240,5591550,65.982908,1.1381878852844238,0.49772119522094727
0,turbo2,16,1,65536,65536,65536,1000,1,datasets/silesia/samba,21606400,5374316,24.873723,3.2229273319244385,0.47104811668395996
0,turbo2,16,1,65536,65536,65536,1000,1,datasets/silesia/sao,7251944,5228745,72.101288,0.9996423721313477,0.41309309005737305
0,turbo2,16,1,65536,65536,65536,1000,1,AVERAGE,17661548.333333332,5635269.333333333,31.906995,2.467699627081553,0.46285096804300946
0,turbo2,16,1,65536,65536,65536,1000,2,datasets/silesia/ooffice,6152192,3061566,49.763824,0.8054828643798828,0.2788722515106201
0,turbo2,16,1,65536,65536,65536,1000,2,datasets/silesia/xml,5345280,705766,13.203537,0.6780695915222168,0.061532020568847656
0,turbo2,16,1,65536,65536,65536,1000,2,datasets/silesia/mr,9970564,3557237,35.67739,1.237898349761963,0.28537869453430176
0,turbo2,16,1,65536,65536,65536,1000,2,datasets/silesia/nci,33553445,3061524,9.124321,4.545556545257568,0.2847025394439697
0,turbo2,16,1,65536,65536,65536,1000,2,datasets/silesia/webster,41458703,12686677,30.600757,7.207846641540527,1.0331239700317383
0,turbo2,16,1,65536,65536,65536,1000,2,datasets/silesia/reymont,6627202,1925314,29.051687,0.8416543006896973,0.16476154327392578
0,turbo2,16,1,65536,65536,65536,1000,2,datasets/silesia/dickens,10192446,4035296,39.591046,1.3102056980133057,0.3338940143585205
0,turbo2,16,1,65536,65536,65536,1000,2,datasets/silesia/mozilla,51220480,18127578,35.391269,8.476799011230469,1.4614989757537842
0,turbo2,16,1,65536,65536,65536,1000,2,datasets/silesia/osdb,10085684,4081342,40.466685,1.5084621906280518,0.39894556999206543
0,turbo2,16,1,65536,65536,65536,1000,2,datasets/silesia/x-ray,8474240,5609414,66.193712,1.4218933582305908,0.5077552795410156
0,turbo2,16,1,65536,65536,65536,1000,2,datasets/silesia/samba,21606400,5341025,24.719643,3.328341245651245,0.46994638442993164
0,turbo2,16,1,65536,65536,65536,1000,2,datasets/silesia/sao,7251944,5232471,72.152667,0.9777684211730957,0.4442253112792969
0,turbo2,16,1,65536,65536,65536,1000,2,AVERAGE,17661548.333333332,5618767.5,31.813561,2.6949981848398843,0.47705304622650146
0,turbo2,16,1,65536,65536,65536,1000,3,datasets/silesia/ooffice,6152192,3054182,49.643802,0.8114655017852783,0.2736380100250244
0,turbo2,16,1,65536,65536,65536,1000,3,datasets/silesia/xml,5345280,707670,13.239157,0.6688680648803711,0.06785011291503906
0,turbo2,16,1,65536,65536,65536,1000,3,datasets/silesia/mr,9970564,3631909,36.426314,1.2888069152832031,0.30080604553222656
0,turbo2,16,1,65536,65536,65536,1000,3,datasets/silesia/nci,33553445,3058908,9.116524,4.506748199462891,0.27382826805114746
0,turbo2,16,1,65536,65536,65536,1000,3,datasets/silesia/webster,41458703,12728813,30.702391,7.026728391647339,1.0214829444885254
0,turbo2,16,1,65536,65536,65536,1000,3,datasets/silesia/reymont,6627202,1936106,29.214531,0.8384912014007568,0.1667616367340088
0,turbo2,16,1,65536,65536,65536,1000,3,datasets/silesia/dickens,10192446,4080032,40.029959,1.3414585590362549,0.32351160049438477
0,turbo2,16,1,65536,65536,65536,1000,3,datasets/silesia/mozilla,51220480,18091508,35.320848,10.215460538864136,1.5228557586669922
0,turbo2,16,1,65536,65536,65536,1000,3,datasets/silesia/osdb,10085684,4081354,40.466804,1.8289031982421875,0.36606931686401367
0,turbo2,16,1,65536,65536,65536,1000,3,datasets/silesia/x-ray,8474240,5622554,66.34877,1.2901270389556885,0.5111386775970459
0,turbo2,16,1,65536,65536,65536,1000,3,datasets/silesia/samba,21606400,5344095,24.733852,3.479132890701294,0.48584437370300293
0,turbo2,16,1,65536,65536,65536,1000,3,datasets/silesia/sao,7251944,5232917,72.158817,1.1323339939117432,0.437913179397583
0,turbo2,16,1,65536,65536,65536,1000,3,AVERAGE,17661548.333333332,5630837.333333333,31.881901,2.869043707847595,0.4793083270390828
0,turbo2,16,1,65536,65536,65536,0,0,datasets/silesia/ooffice,6152192,3105690,50.481032,0.9466829299926758,0.27983999252319336
0,turbo2,16,1,65536,65536,65536,0,0,datasets/silesia/xml,5345280,751006,14.049891,0.7076871395111084,0.0637812614440918
0,turbo2,16,1,65536,65536,65536,0,0,datasets/silesia/mr,9970564,3575297,35.858523,1.3590087890625,0.2789616584777832
0,turbo2,16,1,65536,65536,65536,0,0,datasets/silesia/nci,33553445,3383856,10.084973,5.493962526321411,0.28113603591918945
0,turbo2,16,1,65536,65536,65536,0,0,datasets/silesia/webster,41458703,12999453,31.355185,8.344961643218994,1.014726161956787
0,turbo2,16,1,65536,65536,65536,0,0,datasets/silesia/reymont,6627202,1992506,30.065569,0.9578509330749512,0.18206167221069336
0,turbo2,16,1,65536,65536,65536,0,0,datasets/silesia/dickens,10192446,4095752,40.184191,1.9794807434082031,0.34415650367736816
0,turbo2,16,1,65536,65536,65536,0,0,datasets/silesia/mozilla,51220480,18380439,35.884941,11.464091300964355,1.4531867504119873
0,turbo2,16,1,65536,65536,65536,0,0,datasets/silesia/osdb,10085684,4180722,41.452042,1.347564458847046,0.37889528274536133
0,turbo2,16,1,65536,65536,65536,0,0,datasets/silesia/x-ray,8474240,5641878,66.576802,1.2120540142059326,0.49736857414245605
0,turbo2,16,1,65536,65536,65536,0,0,datasets/silesia/samba,21606400,5506039,25.483371,3.3395583629608154,0.4880857467651367
0,turbo2,16,1,65536,65536,65536,0,0,datasets/silesia/sao,7251944,5242754,72.294463,1.0448658466339111,0.4096183776855469
0,turbo2,16,1,65536,65536,65536,0,0,AVERAGE,17661548.333333332,5737949.333333333,32.488371,3.183147390683492,0.4726515014966329
0,turbo2,16,1,65536,65536,65536,0,1,datasets/silesia/ooffice,6152192,3060298,49.743213,0.8487803936004639,0.2639763355255127
0,turbo2,16,1,65536,65536,65536,0,1,datasets/silesia/xml,5345280,715646,13.388373,0.6899814605712891,0.06341361999511719
0,turbo2,16,1,65536,65536,65536,0,1,datasets/silesia/mr,9970564,3530569,35.409923,1.262373447418213,0.28924131393432617
0,turbo2,16,1,65536,65536,65536,0,1,datasets/silesia/nci,33553445,3144832,9.372605,4.065395355224609,0.2710227966308594
0,turbo2,16,1,65536,65536,65536,0,1,datasets/silesia/webster,41458703,12764273,30.787922,5.185436010360718,1.0062124729156494
0,turbo2,16,1,65536,65536,65536,0,1,datasets/silesia/reymont,6627202,1935274,29.201977,0.9188559055328369,0.15387582778930664
0,turbo2,16,1,65536,65536,65536,0,1,datasets/silesia/dickens,10192446,4050640,39.741589,1.3507325649261475,0.31905269622802734
0,turbo2,16,1,65536,65536,65536,0,1,datasets/silesia/mozilla,51220480,18132421,35.400724,6.6740922927856445,1.4309284687042236
0,turbo2,16,1,65536,65536,65536,0,1,datasets/silesia/osdb,10085684,4085858,40.511462,1.3031916618347168,0.3609321117401123
0,turbo2,16,1,65536,65536,65536,0,1,datasets/silesia/x-ray,8474240,5591550,65.982908,1.1333508491516113,0.4948544502258301
0,turbo2,16,1,65536,65536,65536,0,1,datasets/silesia/samba,21606400,5373324,24.869131,2.6814489364624023,0.44785642623901367
0,turbo2,16,1,65536,65536,65536,0,1,datasets/silesia/sao,7251944,5228757,72.101453,1.0042431354522705,0.40856385231018066
0,turbo2,16,1,65536,65536,65536,0,1,AVERAGE,17661548.333333332,5634453.5,31.902376,2.259823501110077,0.45916086435317993
0,turbo2,16,1,65536,65536,65536,0,2,datasets/silesia/ooffice,6152192,3061550,49.763564,0.781867265701294,0.2690854072570801
0,turbo2,16,1,65536,65536,65536,0,2,datasets/silesia/xml,5345280,705698,13.202264,0.6698167324066162,0.0616762638092041
0,turbo2,16,1,65536,65536,65536,0,2,datasets/silesia/mr,9970564,3552045,35.625317,1.2796862125396729,0.287064790725708
0,turbo2,16,1,65536,65536,65536,0,2,datasets/silesia/nci,33553445,3041348,9.06419,3.896939516067505,0.27292728424072266
0,turbo2,16,1,65536,65536,65536,0,2,datasets/silesia/webster,41458703,12686677,30.600757,4.874922752380371,1.0105900764465332
0,turbo2,16,1,65536,65536,65536,0,2,datasets/silesia/reymont,6627202,1924002,29.03189,0.87935471534729,0.16614603996276855
0,turbo2,16,1,65536,65536,65536,0,2,datasets/silesia/dickens,10192446,4035288,39.590968,1.2524957656860352,0.32720017433166504
0,turbo2,16,1,65536,65536,65536,0,2,datasets/silesia/mozilla,51220480,18137913,35.411447,6.433408975601196,1.4579322338104248
0,turbo2,16,1,65536,65536,65536,0,2,datasets/silesia/osdb,10085684,4081342,40.466685,1.3241417407989502,0.3633098602294922
0,turbo2,16,1,65536,65536,65536,0,2,datasets/silesia/x-ray,8474240,5609414,66.193712,1.168572187423706,0.5017621517181396
0,turbo2,16,1,65536,65536,65536,0,2,datasets/silesia/samba,21606400,5340029,24.715034,2.7363040447235107,0.48534417152404785
0,turbo2,16,1,65536,65536,65536,0,2,datasets/silesia/sao,7251944,5232421,72.151977,1.0604803562164307,0.4291117191314697
0,turbo2,16,1,65536,65536,65536,0,2,AVERAGE,17661548.333333332,5617310.583333333,31.805312,2.1964991887410483,0.4693458477656047
0,turbo2,16,1,65536,65536,65536,0,3,datasets/silesia/ooffice,6152192,3054082,49.642176,0.8795981407165527,0.2702608108520508
0,turbo2,16,1,65536,65536,65536,0,3,datasets/silesia/xml,5345280,707570,13.237286,0.6777524948120117,0.06428742408752441
0,turbo2,16,1,65536,65536,65536,0,3,datasets/silesia/mr,9970564,3630525,36.412434,1.327979326248169,0.3049280643463135
0,turbo2,16,1,65536,65536,65536,0,3,datasets/silesia/nci,33553445,3038988,9.057156,4.162532567977905,0.2941324710845947
0,turbo2,16,1,65536,65536,65536,0,3,datasets/silesia/webster,41458703,12728813,30.702391,5.472638368606567,1.0097925662994385
0,turbo2,16,1,65536,65536,65536,0,3,datasets/silesia/reymont,6627202,1934674,29.192923,0.8702826499938965,0.16274094581604004
0,turbo2,16,1,65536,65536,65536,0,3,datasets/silesia/dickens,10192446,4080024,40.029881,1.4191937446594238,0.3348414897918701
0,turbo2,16,1,65536,65536,65536,0,3,datasets/silesia/mozilla,51220480,18101543,35.34044,7.109847545623779,1.4776904582977295
0,turbo2,16,1,65536,65536,65536,0,3,datasets/silesia/osdb,10085684,4081354,40.466804,1.3181183338165283,0.3740997314453125
0,turbo2,16,1,65536,65536,65536,0,3,datasets/silesia/x-ray,8474240,5622554,66.34877,1.1523103713989258,0.5100259780883789
0,turbo2,16,1,65536,65536,65536,0,3,datasets/silesia/samba,21606400,5343131,24.72939,2.668276309967041,0.45743775367736816
0,turbo2,16,1,65536,65536,65536,0,3,datasets/silesia/sao,7251944,5232867,72.158128,1.0708518028259277,0.4208838939666748
0,turbo2,16,1,65536,65536,65536,0,3,AVERAGE,17661548.333333332,5629677.083333333,31.875332,2.344115138053894,0.47342679897944134
0,turbo2,16,1,262144,65536,65536,10,0,datasets/silesia/ooffice,6152192,3076196,50.001625,0.40268945693969727,0.27585649490356445
0,turbo2,16,1,262144,65536,65536,10,0,datasets/silesia/xml,5345280,780101,14.594203,0.23998069763183594,0.06765198707580566
0,turbo2,16,1,262144,65536,65536,10,0,datasets/silesia/mr,9970564,3544795,35.552603,0.4735124111175537,0.27813720703125
0,turbo2,16,1,262144,65536,65536,10,0,datasets/silesia/nci,33553445,3394888,10.117852,1.1752674579620361,0.27580928802490234
0,turbo2,16,1,262144,65536,65536,10,0,datasets/silesia/webster,41458703,13168335,31.762535,1.5555424690246582,0.9574482440948486
0,turbo2,16,1,262144,65536,65536,10,0,datasets/silesia/reymont,6627202,2109566,31.831925,0.32804179191589355,0.16928362846374512
0,turbo2,16,1,262144,65536,65536,10,0,datasets/silesia/dickens,10192446,4213147,41.335976,0.5353100299835205,0.3115348815917969
0,turbo2,16,1,262144,65536,65536,10,0,datasets/silesia/mozilla,51220480,17952765,35.049974,2.443537473678589,1.4196157455444336
0,turbo2,16,1,262144,65536,65536,10,0,datasets/silesia/osdb,10085684,3747799,37.159592,0.5488553047180176,0.310150146484375
0,turbo2,16,1,262144,65536,65536,10,0,datasets/silesia/x-ray,8474240,5601193,66.0967,0.6036531925201416,0.4861490726470947
0,turbo2,16,1,262144,65536,65536,10,0,datasets/silesia/samba,21606400,5334299,24.688514,0.9148623943328857,0.451693058013916
0,turbo2,16,1,262144,65536,65536,10,0,datasets/silesia/sao,7251944,5100280,70.329832,0.5832440853118896,0.4587745666503906
0,turbo2,16,1,262144,65536,65536,10,0,AVERAGE,17661548.333333332,5668613.666666667,32.095791,0.8170413970947266,0.45517536004384357
0,turbo2,16,1,262144,65536,65536,10,1,datasets/silesia/ooffice,6152192,3030408,49.25737,0.40704965591430664,0.259871244430542
0,turbo2,16,1,262144,65536,65536,10,1,datasets/silesia/xml,5345280,738253,13.811306,0.22884488105773926,0.0595707893371582
0,turbo2,16,1,262144,65536,65536,10,1,datasets/silesia/mr,9970564,3617943,36.286242,0.5902671813964844,0.3076746463775635
0,turbo2,16,1,262144,65536,65536,10,1,datasets/silesia/nci,33553445,3131892,9.33404,1.0976684093475342,0.2589304447174072
0,turbo2,16,1,262144,65536,65536,10,1,datasets/silesia/webster,41458703,12900427,31.11633,1.7506897449493408,0.9628827571868896
0,turbo2,16,1,262144,65536,65536,10,1,datasets/silesia/reymont,6627202,2046898,30.886308,0.3169684410095215,0.17052984237670898
0,turbo2,16,1,262144,65536,65536,10,1,datasets/silesia/dickens,10192446,4162651,40.84055,0.5210192203521729,0.31511592864990234
0,turbo2,16,1,262144,65536,65536,10,1,datasets/silesia/mozilla,51220480,17698612,34.55378,2.3998937606811523,1.4409141540527344
0,turbo2,16,1,262144,65536,65536,10,1,datasets/silesia/osdb,10085684,3725935,36.942809,0.5496120452880859,0.32106900215148926
0,turbo2,16,1,262144,65536,65536,10,1,datasets/silesia/x-ray,8474240,5585881,65.916011,0.6842126846313477,0.491260290145874
0,turbo2,16,1,262144,65536,65536,10,1,datasets/silesia/samba,21606400,5182139,23.984278,0.9198622703552246,0.4475717544555664
0,turbo2,16,1,262144,65536,65536,10,1,datasets/silesia/sao,7251944,5102171,70.355907,0.5917840003967285,0.45998215675354004
0,turbo2,16,1,262144,65536,65536,10,1,AVERAGE,17661548.333333332,5576934.166666667,31.5767,0.8381560246149699,0.4579477508862813
0,turbo2,16,1,262144,65536,65536,10,2,datasets/silesia/ooffice,6152192,3032340,49.288774,0.4319038391113281,0.27088451385498047
0,turbo2,16,1,262144,65536,65536,10,2,datasets/silesia/xml,5345280,718889,13.449043,0.23406100273132324,0.06045794486999512
0,turbo2,16,1,262144,65536,65536,10,2,datasets/silesia/mr,9970564,3624291,36.34991,0.529893159866333,0.3110992908477783
0,turbo2,16,1,262144,65536,65536,10,2,datasets/silesia/nci,33553445,3029868,9.029976,1.1259894371032715,0.2698960304260254
0,turbo2,16,1,262144,65536,65536,10,2,datasets/silesia/webster,41458703,12776131,30.816524,1.645599603652954,0.991279125213623
0,turbo2,16,1,262144,65536,65536,10,2,datasets/silesia/reymont,6627202,2040830,30.794746,0.29511570930480957,0.17406511306762695
0,turbo2,16,1,262144,65536,65536,10,2,datasets/silesia/dickens,10192446,4127207,40.492802,0.49998998641967773,0.3329946994781494
0,turbo2,16,1,262144,65536,65536,10,2,datasets/silesia/mozilla,51220480,17715970,34.587669,2.1792333126068115,1.4845664501190186
0,turbo2,16,1,262144,65536,65536,10,2,datasets/silesia/osdb,10085684,3680659,36.493896,0.5451273918151855,0.32553863525390625
0,turbo2,16,1,262144,65536,65536,10,2,datasets/silesia/x-ray,8474240,5597637,66.054738,0.6464712619781494,0.5208690166473389
0,turbo2,16,1,262144,65536,65536,10,2,datasets/silesia/samba,21606400,5138223,23.781023,0.8424904346466064,0.4638345241546631
0,turbo2,16,1,262144,65536,65536,10,2,datasets/silesia/sao,7251944,5169048,71.278101,0.5842044353485107,0.48690056800842285
0,turbo2,16,1,262144,65536,65536,10,2,AVERAGE,17661548.333333332,5554257.75,31.448306,0.7966732978820801,0.474365492661794
0,turbo2,16,1,262144,65536,65536,10,3,datasets/silesia/ooffice,6152192,3022700,49.132082,0.413177490234375,0.271620512008667
0,turbo2,16,1,262144,65536,65536,10,3,datasets/silesia/xml,5345280,718697,13.445451,0.26427769660949707,0.0687873363494873
0,turbo2,16,1,262144,65536,65536,10,3,datasets/silesia/mr,9970564,3665963,36.76786,0.5331659317016602,0.3180277347564697
0,turbo2,16,1,262144,65536,65536,10,3,datasets/silesia/nci,33553445,3036452,9.049598,1.1396210193634033,0.27512168884277344
0,turbo2,16,1,262144,65536,65536,10,3,datasets/silesia/webster,41458703,12805771,30.888016,1.734123706817627,0.9931633472442627
0,turbo2,16,1,262144,65536,65536,10,3,datasets/silesia/reymont,6627202,2053438,30.984992,0.3382749557495117,0.17412614822387695
0,turbo2,16,1,262144,65536,65536,10,3,datasets/silesia/dickens,10192446,4165295,40.866491,0.5317513942718506,0.33790016174316406
0,turbo2,16,1,262144,65536,65536,10,3,datasets/silesia/mozilla,51220480,17665572,34.489275,2.5040268898010254,1.4275686740875244
0,turbo2,16,1,262144,65536,65536,10,3,datasets/silesia/osdb,10085684,3677059,36.458202,0.5493535995483398,0.32285618782043457
0,turbo2,16,1,262144,65536,65536,10,3,datasets/silesia/x-ray,8474240,5607149,66.166984,0.6284444332122803,0.5110399723052979
0,turbo2,16,1,262144,65536,65536,10,3,datasets/silesia/samba,21606400,5136551,23.773285,0.9033958911895752,0.4723033905029297
0,turbo2,16,1,262144,65536,65536,10,3,datasets/silesia/sao,7251944,5161328,71.171647,0.6050360202789307,0.48372721672058105
0,turbo2,16,1,262144,65536,65536,10,3,AVERAGE,17661548.333333332,5559664.583333333,31.47892,0.8453874190648397,0.47135353088378906
0,turbo2,16,1,262144,65536,65536,1000,0,datasets/silesia/ooffice,6152192,3027060,49.202951,0.4226248264312744,0.25966477394104004
0,turbo2,16,1,262144,65536,65536,1000,0,datasets/silesia/xml,5345280,673013,12.59079,0.22556471824645996,0.05504584312438965
0,turbo2,16,1,262144,65536,65536,1000,0,datasets/silesia/mr,9970564,3473159,34.834128,0.47161364555358887,0.2707047462463379
0,turbo2,16,1,262144,65536,65536,1000,0,datasets/silesia/nci,33553445,3012332,8.977713,1.1520283222198486,0.23065567016601562
0,turbo2,16,1,262144,65536,65536,1000,0,datasets/silesia/webster,41458703,12216563,29.466824,1.5602350234985352,0.8646352291107178
0,turbo2,16,1,262144,65536,65536,1000,0,datasets/silesia/reymont,6627202,1872510,28.254911,0.31465578079223633,0.14419269561767578
0,turbo2,16,1,262144,65536,65536,1000,0,datasets/silesia/dickens,10192446,3860115,37.872312,0.46188855171203613,0.27516794204711914
0,turbo2,16,1,262144,65536,65536,1000,0,datasets/silesia/mozilla,51220480,17743870,34.642139,2.2398645877838135,1.3812549114227295
0,turbo2,16,1,262144,65536,65536,1000,0,datasets/silesia/osdb,10085684,3686879,36.555567,0.505784273147583,0.3121337890625
0,turbo2,16,1,262144,65536,65536,1000,0,datasets/silesia/x-ray,8474240,5564069,65.65862,0.6428215503692627,0.4802563190460205
0,turbo2,16,1,262144,65536,65536,1000,0,datasets/silesia/samba,21606400,5129471,23.740517,0.9278514385223389,0.42954397201538086
0,turbo2,16,1,262144,65536,65536,1000,0,datasets/silesia/sao,7251944,5099575,70.32011,0.5817952156066895,0.4521453380584717
0,turbo2,16,1,262144,65536,65536,1000,0,AVERAGE,17661548.333333332,5446551.333333333,30.83847,0.7922273278236389,0.4296167691548665
0,turbo2,16,1,262144,65536,65536,1000,1,datasets/silesia/ooffice,6152192,2976688,48.384186,0.45072460174560547,0.25640010833740234
0,turbo2,16,1,262144,65536,65536,1000,1,datasets/silesia/xml,5345280,641901,12.008744,0.23956727981567383,0.05463147163391113
0,turbo2,16,1,262144,65536,65536,1000,1,datasets/silesia/mr,9970564,3444683,34.548527,0.5692479610443115,0.2797434329986572
0,turbo2,16,1,262144,65536,65536,1000,1,datasets/silesia/nci,33553445,2805880,8.36242,1.121077537536621,0.22872447967529297
0,turbo2,16,1,262144,65536,65536,1000,1,datasets/silesia/webster,41458703,12007203,28.961839,1.5441839694976807,0.8764433860778809
0,turbo2,16,1,262144,65536,65536,1000,1,datasets/silesia/reymont,6627202,1821758,27.489097,0.35120058059692383,0.14494037628173828
0,turbo2,16,1,262144,65536,65536,1000,1,datasets/silesia/dickens,10192446,3820615,37.484771,0.5051062107086182,0.2783236503601074
0,turbo2,16,1,262144,65536,65536,1000,1,datasets/silesia/mozilla,51220480,17457441,34.082931,2.32317852973938,1.388221263885498
0,turbo2,16,1,262144,65536,65536,1000,1,datasets/silesia/osdb,10085684,3597671,35.671066,0.48572444915771484,0.30756592750549316
0,turbo2,16,1,262144,65536,65536,1000,1,datasets/silesia/x-ray,8474240,5498337,64.882951,0.698218584060669,0.47525930404663086
0,turbo2,16,1,262144,65536,65536,1000,1,datasets/silesia/samba,21606400,4994707,23.116794,0.9482390880584717,0.43544602394104004
0,turbo2,16,1,262144,65536,65536,1000,1,datasets/silesia/sao,7251944,5092816,70.226907,0.5673463344573975,0.458101749420166
0,turbo2,16,1,262144,65536,65536,1000,1,AVERAGE,17661548.333333332,5346641.666666667,30.27278,0.8169845938682556,0.4319834311803182
0,turbo2,16,1,262144,65536,65536,1000,2,datasets/silesia/ooffice,6152192,2975648,48.367281,0.41131067276000977,0.25009894371032715
0,turbo2,16,1,262144,65536,65536,1000,2,datasets/silesia/xml,5345280,631857,11.82084,0.24280452728271484,0.05371356010437012
0,turbo2,16,1,262144,65536,65536,1000,2,datasets/silesia/mr,9970564,3470543,34.807891,0.5655028820037842,0.2827448844909668
0,turbo2,16,1,262144,65536,65536,1000,2,datasets/silesia/nci,33553445,2717824,8.099985,1.085655927658081,0.23636651039123535
0,turbo2,16,1,262144,65536,65536,1000,2,datasets/silesia/webster,41458703,11912511,28.733439,1.523149013519287,0.9298224449157715
0,turbo2,16,1,262144,65536,65536,1000,2,datasets/silesia/reymont,6627202,1807106,27.268008,0.39503979682922363,0.14358115196228027
0,turbo2,16,1,262144,65536,65536,1000,2,datasets/silesia/dickens,10192446,3800291,37.285368,0.5611248016357422,0.29802489280700684
0,turbo2,16,1,262144,65536,65536,1000,2,datasets/silesia/mozilla,51220480,17455009,34.078183,2.228283643722534,1.3994576930999756
0,turbo2,16,1,262144,65536,65536,1000,2,datasets/silesia/osdb,10085684,3591383,35.60872,0.5398437976837158,0.3049178123474121
0,turbo2,16,1,262144,65536,65536,1000,2,datasets/silesia/x-ray,8474240,5523029,65.174328,0.6405131816864014,0.4816906452178955
0,turbo2,16,1,262144,65536,65536,1000,2,datasets/silesia/samba,21606400,4955371,22.934737,0.9899294376373291,0.4546799659729004
0,turbo2,16,1,262144,65536,65536,1000,2,datasets/silesia/sao,7251944,5099236,70.315435,0.6234908103942871,0.4612588882446289
0,turbo2,16,1,262144,65536,65536,1000,2,AVERAGE,17661548.333333332,5328317.333333333,30.169027,0.8172207077344259,0.4413631161053975
0,turbo2,16,1,262144,65536,65536,1000,3,datasets/silesia/ooffice,6152192,2968012,48.243163,0.4618494510650635,0.26093506813049316
0,turbo2,16,1,262144,65536,65536,1000,3,datasets/silesia/xml,5345280,634517,11.870604,0.249739408493042,0.0552520751953125
0,turbo2,16,1,262144,65536,65536,1000,3,datasets/silesia/mr,9970564,3549635,35.601146,0.5658884048461914,0.2825791835784912
0,turbo2,16,1,262144,65536,65536,1000,3,datasets/silesia/nci,33553445,2712188,8.083188,1.1925573348999023,0.23735356330871582
0,turbo2,16,1,262144,65536,65536,1000,3,datasets/silesia/webster,41458703,11990851,28.922398,1.5945863723754883,0.9138424396514893
0,turbo2,16,1,262144,65536,65536,1000,3,datasets/silesia/reymont,6627202,1821602,27.486743,0.41548800468444824,0.14440298080444336
0,turbo2,16,1,262144,65536,65536,1000,3,datasets/silesia/dickens,10192446,3860483,37.875923,0.5217592716217041,0.2888000011444092
0,turbo2,16,1,262144,65536,65536,1000,3,datasets/silesia/mozilla,51220480,17424054,34.017748,2.4417667388916016,1.3782482147216797
0,turbo2,16,1,262144,65536,65536,1000,3,datasets/silesia/osdb,10085684,3591967,35.614511,0.5227785110473633,0.3037896156311035
0,turbo2,16,1,262144,65536,65536,1000,3,datasets/silesia/x-ray,8474240,5546629,65.452819,0.6135029792785645,0.4857676029205322
0,turbo2,16,1,262144,65536,65536,1000,3,datasets/silesia/samba,21606400,4961547,22.963321,0.9880928993225098,0.4454054832458496
0,turbo2,16,1,262144,65536,65536,1000,3,datasets/silesia/sao,7251944,5099624,70.320786,0.5991742610931396,0.4732334613800049
0,turbo2,16,1,262144,65536,65536,1000,3,AVERAGE,17661548.333333332,5346759.083333333,30.273445,0.8472653031349182,0.439134140809377
0,turbo2,16,1,262144,65536,65536,0,0,datasets/silesia/ooffice,6152192,3026896,49.200285,0.4131901264190674,0.2653217315673828
0,turbo2,16,1,262144,65536,65536,0,0,datasets/silesia/xml,5345280,672925,12.589144,0.24480628967285156,0.054979801177978516
0,turbo2,16,1,262144,65536,65536,0,0,datasets/silesia/mr,9970564,3471927,34.821771,0.5175070762634277,0.26069211959838867
0,turbo2,16,1,262144,65536,65536,0,0,datasets/silesia/nci,33553445,3000340,8.941973,1.0967419147491455,0.22736883163452148
0,turbo2,16,1,262144,65536,65536,0,0,datasets/silesia/webster,41458703,12216527,29.466737,1.5205557346343994,0.865288496017456
0,turbo2,16,1,262144,65536,65536,0,0,datasets/silesia/reymont,6627202,1870174,28.219662,0.3215939998626709,0.14149045944213867
0,turbo2,16,1,262144,65536,65536,0,0,datasets/silesia/dickens,10192446,3860043,37.871606,0.5086562633514404,0.2714231014251709
0,turbo2,16,1,262144,65536,65536,0,0,datasets/silesia/mozilla,51220480,17748187,34.650568,2.3726141452789307,1.362823247909546
0,turbo2,16,1,262144,65536,65536,0,0,datasets/silesia/osdb,10085684,3686879,36.555567,0.48024702072143555,0.3042130470275879
0,turbo2,16,1,262144,65536,65536,0,0,datasets/silesia/x-ray,8474240,5564069,65.65862,0.6528589725494385,0.4792029857635498
0,turbo2,16,1,262144,65536,65536,0,0,datasets/silesia/samba,21606400,5127931,23.733389,0.9376351833343506,0.4336862564086914
0,turbo2,16,1,262144,65536,65536,0,0,datasets/silesia/sao,7251944,5099579,70.320165,0.6047821044921875,0.4583404064178467
0,turbo2,16,1,262144,65536,65536,0,0,AVERAGE,17661548.333333332,5445456.416666667,30.832271,0.8059324026107788,0.42706920703252155
0,turbo2,16,1,262144,65536,65536,0,1,datasets/silesia/ooffice,6152192,2976684,48.384121,0.39676403999328613,0.26383495330810547
0,turbo2,16,1,262144,65536,65536,0,1,datasets/silesia/xml,5345280,641749,12.005901,0.23883295059204102,0.05456280708312988
0,turbo2,16,1,262144,65536,65536,0,1,datasets/silesia/mr,9970564,3438235,34.483857,0.5649604797363281,0.2814040184020996
0,turbo2,16,1,262144,65536,65536,0,1,datasets/silesia/nci,33553445,2787108,8.306473,1.198634147644043,0.23201656341552734
0,turbo2,16,1,262144,65536,65536,0,1,datasets/silesia/webster,41458703,12007179,28.961782,1.6991658210754395,0.8822979927062988
0,turbo2,16,1,262144,65536,65536,0,1,datasets/silesia/reymont,6627202,1818590,27.441294,0.36013150215148926,0.1502397060394287
0,turbo2,16,1,262144,65536,65536,0,1,datasets/silesia/dickens,10192446,3820543,37.484064,0.5333282947540283,0.2735178470611572
0,turbo2,16,1,262144,65536,65536,0,1,datasets/silesia/mozilla,51220480,17470628,34.108677,2.697084665298462,1.3649344444274902
0,turbo2,16,1,262144,65536,65536,0,1,datasets/silesia/osdb,10085684,3597671,35.671066,0.5432283878326416,0.29865384101867676
0,turbo2,16,1,262144,65536,65536,0,1,datasets/silesia/x-ray,8474240,5498337,64.882951,0.6423139572143555,0.47370052337646484
0,turbo2,16,1,262144,65536,65536,0,1,datasets/silesia/samba,21606400,4993379,23.110648,0.9812583923339844,0.4357776641845703
0,turbo2,16,1,262144,65536,65536,0,1,datasets/silesia/sao,7251944,5092848,70.227349,0.6339483261108398,0.4678311347961426
0,turbo2,16,1,262144,65536,65536,0,1,AVERAGE,17661548.333333332,5345245.916666667,30.264877,0.8741375803947449,0.43156429131825763
0,turbo2,16,1,262144,65536,65536,0,2,datasets/silesia/ooffice,6152192,2975600,48.366501,0.4240260124206543,0.26088523864746094
0,turbo2,16,1,262144,65536,65536,0,2,datasets/silesia/xml,5345280,631649,11.816949,0.23845815658569336,0.061985015869140625
0,turbo2,16,1,262144,65536,65536,0,2,datasets/silesia/mr,9970564,3457895,34.681037,0.5896236896514893,0.277742862701416
0,turbo2,16,1,262144,65536,65536,0,2,datasets/silesia/nci,33553445,2691920,8.022783,1.1461172103881836,0.23370885848999023
0,turbo2,16,1,262144,65536,65536,0,2,datasets/silesia/webster,41458703,11912499,28.73341,1.7244744300842285,0.9304037094116211
0,turbo2,16,1,262144,65536,65536,0,2,datasets/silesia/reymont,6627202,1802714,27.201736,0.4221019744873047,0.1494598388671875
0,turbo2,16,1,262144,65536,65536,0,2,datasets/silesia/dickens,10192446,3800183,37.284308,0.5443742275238037,0.2942922115325928
0,turbo2,16,1,262144,65536,65536,0,2,datasets/silesia/mozilla,51220480,17467916,34.103382,3.40545392036438,1.37369704246521
0,turbo2,16,1,262144,65536,65536,0,2,datasets/silesia/osdb,10085684,3591383,35.60872,0.46022510528564453,0.31119823455810547
0,turbo2,16,1,262144,65536,65536,0,2,datasets/silesia/x-ray,8474240,5523029,65.174328,0.626654863357544,0.4789552688598633
0,turbo2,16,1,262144,65536,65536,0,2,datasets/silesia/samba,21606400,4954155,22.929109,1.015151023864746,0.4458310604095459
0,turbo2,16,1,262144,65536,65536,0,2,datasets/silesia/sao,7251944,5099212,70.315104,0.6347925662994385,0.47091174125671387
0,turbo2,16,1,262144,65536,65536,0,2,AVERAGE,17661548.333333332,5325679.583333333,30.154092,0.9359544316927592,0.4407559235890706
0,turbo2,16,1,262144,65536,65536,0,3,datasets/silesia/ooffice,6152192,2967868,48.240822,0.4436657428741455,0.25090718269348145
0,turbo2,16,1,262144,65536,65536,0,3,datasets/silesia/xml,5345280,634305,11.866637,0.2491309642791748,0.054531097412109375
0,turbo2,16,1,262144,65536,65536,0,3,datasets/silesia/mr,9970564,3545611,35.560787,0.6571645736694336,0.27959775924682617
0,turbo2,16,1,262144,65536,65536,0,3,datasets/silesia/nci,33553445,2685904,8.004853,1.2980778217315674,0.2356550693511963
0,turbo2,16,1,262144,65536,65536,0,3,datasets/silesia/webster,41458703,11990831,28.92235,1.6868524551391602,0.913060188293457
0,turbo2,16,1,262144,65536,65536,0,3,datasets/silesia/reymont,6627202,1816830,27.414737,0.44486021995544434,0.1403491497039795
0,turbo2,16,1,262144,65536,65536,0,3,datasets/silesia/dickens,10192446,3860367,37.874785,0.6012787818908691,0.2918825149536133
0,turbo2,16,1,262144,65536,65536,0,3,datasets/silesia/mozilla,51220480,17436559,34.042162,4.350477457046509,1.3627634048461914
0,turbo2,16,1,262144,65536,65536,0,3,datasets/silesia/osdb,10085684,3591967,35.614511,0.5183217525482178,0.3037595748901367
0,turbo2,16,1,262144,65536,65536,0,3,datasets/silesia/x-ray,8474240,5546629,65.452819,0.6495742797851562,0.48576903343200684
0,turbo2,16,1,262144,65536,65536,0,3,datasets/silesia/samba,21606400,4960395,22.957989,1.0449647903442383,0.4332246780395508
0,turbo2,16,1,262144,65536,65536,0,3,datasets/silesia/sao,7251944,5099452,70.318414,0.6372866630554199,0.46866774559020996
0,turbo2,16,1,262144,65536,65536,0,3,AVERAGE,17661548.333333332,5344726.5,30.261936,1.0484712918599446,0.43501394987106323
0,turbo2,16,1,262144,65536,262144,10,0,datasets/silesia/ooffice,6152192,3076196,50.001625,0.44268274307250977,0.2686777114868164
0,turbo2,16,1,262144,65536,262144,10,0,datasets/silesia/xml,5345280,780101,14.594203,0.2229626178741455,0.06175661087036133
0,turbo2,16,1,262144,65536,262144,10,0,datasets/silesia/mr,9970564,3544795,35.552603,0.495302677154541,0.2805159091949463
0,turbo2,16,1,262144,65536,262144,10,0,datasets/silesia/nci,33553445,3394888,10.117852,1.1313636302947998,0.27371740341186523
0,turbo2,16,1,262144,65536,262144,10,0,datasets/silesia/webster,41458703,13168335,31.762535,1.5655295848846436,0.9492702484130859
0,turbo2,16,1,262144,65536,262144,10,0,datasets/silesia/reymont,6627202,2109566,31.831925,0.34978818893432617,0.1696767807006836
0,turbo2,16,1,262144,65536,262144,10,0,datasets/silesia/dickens,10192446,4213147,41.335976,0.5698051452636719,0.3066391944885254
0,turbo2,16,1,262144,65536,262144,10,0,datasets/silesia/mozilla,51220480,17952765,35.049974,2.382699489593506,1.4287948608398438
0,turbo2,16,1,262144,65536,262144,10,0,datasets/silesia/osdb,10085684,3747799,37.159592,0.5307908058166504,0.32616662979125977
0,turbo2,16,1,262144,65536,262144,10,0,datasets/silesia/x-ray,8474240,5601193,66.0967,0.6402318477630615,0.4818081855773926
0,turbo2,16,1,262144,65536,262144,10,0,datasets/silesia/samba,21606400,5334299,24.688514,0.9341888427734375,0.4469783306121826
0,turbo2,16,1,262144,65536,262144,10,0,datasets/silesia/sao,7251944,5100280,70.329832,0.6336076259613037,0.461470365524292
0,turbo2,16,1,262144,65536,262144,10,0,AVERAGE,17661548.333333332,5668613.666666667,32.095791,0.8249127666155497,0.45462268590927124
0,turbo2,16,1,262144,65536,262144,10,1,datasets/silesia/ooffice,6152192,3030408,49.25737,0.42467832565307617,0.2726278305053711
0,turbo2,16,1,262144,65536,262144,10,1,datasets/silesia/xml,5345280,738253,13.811306,0.2333970069885254,0.06480646133422852
0,turbo2,16,1,262144,65536,262144,10,1,datasets/silesia/mr,9970564,3617943,36.286242,0.5405371189117432,0.31075549125671387
0,turbo2,16,1,262144,65536,262144,10,1,datasets/silesia/nci,33553445,3131892,9.33404,1.1175346374511719,0.2612454891204834
0,turbo2,16,1,262144,65536,262144,10,1,datasets/silesia/webster,41458703,12900427,31.11633,1.5756118297576904,0.9887518882751465
0,turbo2,16,1,262144,65536,262144,10,1,datasets/silesia/reymont,6627202,2046898,30.886308,0.31682825088500977,0.16286039352416992
0,turbo2,16,1,262144,65536,262144,10,1,datasets/silesia/dickens,10192446,4162651,40.84055,0.5245089530944824,0.3225266933441162
0,turbo2,16,1,262144,65536,262144,10,1,datasets/silesia/mozilla,51220480,17698612,34.55378,2.414813995361328,1.4287047386169434
0,turbo2,16,1,262144,65536,262144,10,1,datasets/silesia/osdb,10085684,3725935,36.942809,0.5124855041503906,0.3150782585144043
0,turbo2,16,1,262144,65536,262144,10,1,datasets/silesia/x-ray,8474240,5585881,65.916011,0.6098570823669434,0.5034358501434326
0,turbo2,16,1,262144,65536,262144,10,1,datasets/silesia/samba,21606400,5182139,23.984278,0.9627594947814941,0.4541501998901367
0,turbo2,16,1,262144,65536,262144,10,1,datasets/silesia/sao,7251944,5102171,70.355907,0.6630034446716309,0.47766613960266113
0,turbo2,16,1,262144,65536,262144,10,1,AVERAGE,17661548.333333332,5576934.166666667,31.5767,0.8246679703394572,0.4635507861773173
0,turbo2,16,1,262144,65536,262144,10,2,datasets/silesia/ooffice,6152192,3032340,49.288774,0.4232308864593506,0.28070664405822754
0,turbo2,16,1,262144,65536,262144,10,2,datasets/silesia/xml,5345280,718889,13.449043,0.2379167079925537,0.06455016136169434
0,turbo2,16,1,262144,65536,262144,10,2,datasets/silesia/mr,9970564,3624291,36.34991,0.5097684860229492,0.31349921226501465
0,turbo2,16,1,262144,65536,262144,10,2,datasets/silesia/nci,33553445,3029868,9.029976,1.1138768196105957,0.27261996269226074
0,turbo2,16,1,262144,65536,262144,10,2,datasets/silesia/webster,41458703,12776131,30.816524,1.7094364166259766,1.0155057907104492
0,turbo2,16,1,262144,65536,262144,10,2,datasets/silesia/reymont,6627202,2040830,30.794746,0.35216236114501953,0.16773223876953125
0,turbo2,16,1,262144,65536,262144,10,2,datasets/silesia/dickens,10192446,4127207,40.492802,0.5472207069396973,0.32885265350341797
0,turbo2,16,1,262144,65536,262144,10,2,datasets/silesia/mozilla,51220480,17715970,34.587669,2.368807315826416,1.4284021854400635
0,turbo2,16,1,262144,65536,262144,10,2,datasets/silesia/osdb,10085684,3680659,36.493896,0.5689370632171631,0.31399083137512207
0,turbo2,16,1,262144,65536,262144,10,2,datasets/silesia/x-ray,8474240,5597637,66.054738,0.6440815925598145,0.4933013916015625
0,turbo2,16,1,262144,65536,262144,10,2,datasets/silesia/samba,21606400,5138223,23.781023,0.926166296005249,0.45314717292785645
0,turbo2,16,1,262144,65536,262144,10,2,datasets/silesia/sao,7251944,5169048,71.278101,0.5764768123626709,0.47597789764404297
0,turbo2,16,1,262144,65536,262144,10,2,AVERAGE,17661548.333333332,5554257.75,31.448306,0.8315067887306213,0.4673571785291036
0,turbo2,16,1,262144,65536,262144,10,3,datasets/silesia/ooffice,6152192,3022700,49.132082,0.3981025218963623,0.27007293701171875
0,turbo2,16,1,262144,65536,262144,10,3,datasets/silesia/xml,5345280,718697,13.445451,0.23615503311157227,0.061594247817993164
0,turbo2,16,1,262144,65536,262144,10,3,datasets/silesia/mr,9970564,3665963,36.76786,0.4716482162475586,0.31276655197143555
0,turbo2,16,1,262144,65536,262144,10,3,datasets/silesia/nci,33553445,3036452,9.049598,1.1344642639160156,0.26148176193237305
0,turbo2,16,1,262144,65536,262144,10,3,datasets/silesia/webster,41458703,12805771,30.888016,1.5865178108215332,1.0056395530700684
0,turbo2,16,1,262144,65536,262144,10,3,datasets/silesia/reymont,6627202,2053438,30.984992,0.32759523391723633,0.16782236099243164
0,turbo2,16,1,262144,65536,262144,10,3,datasets/silesia/dickens,10192446,4165295,40.866491,0.5324335098266602,0.32976818084716797
0,turbo2,16,1,262144,65536,262144,10,3,datasets/silesia/mozilla,51220480,17665572,34.489275,2.416837453842163,1.4221019744873047
0,turbo2,16,1,262144,65536,262144,10,3,datasets/silesia/osdb,10085684,3677059,36.458202,0.4654068946838379,0.3200674057006836
0,turbo2,16,1,262144,65536,262144,10,3,datasets/silesia/x-ray,8474240,5607149,66.166984,0.7000746726989746,0.4974789619445801
0,turbo2,16,1,262144,65536,262144,10,3,datasets/silesia/samba,21606400,5136551,23.773285,0.9551873207092285,0.455765962600708
0,turbo2,16,1,262144,65536,262144,10,3,datasets/silesia/sao,7251944,5161328,71.171647,0.612783670425415,0.4836697578430176
0,turbo2,16,1,262144,65536,262144,10,3,AVERAGE,17661548.333333332,5559664.583333333,31.47892,0.8197672168413798,0.46568580468495685
0,turbo2,16,1,262144,65536,262144,1000,0,datasets/silesia/ooffice,6152192,3027060,49.202951,0.4298524856567383,0.25838184356689453
0,turbo2,16,1,262144,65536,262144,1000,0,datasets/silesia/xml,5345280,673013,12.59079,0.24140095710754395,0.054105281829833984
0,turbo2,16,1,262144,65536,262144,1000,0,datasets/silesia/mr,9970564,3473159,34.834128,0.4473903179168701,0.25628161430358887
0,turbo2,16,1,262144,65536,262144,1000,0,datasets/silesia/nci,33553445,3012332,8.977713,1.0536043643951416,0.22771263122558594
0,turbo2,16,1,262144,65536,262144,1000,0,datasets/silesia/webster,41458703,12216563,29.466824,1.4614970684051514,0.8401682376861572
0,turbo2,16,1,262144,65536,262144,1000,0,datasets/silesia/reymont,6627202,1872510,28.254911,0.31516575813293457,0.1365058422088623
0,turbo2,16,1,262144,65536,262144,1000,0,datasets/silesia/dickens,10192446,3860115,37.872312,0.45588088035583496,0.2711198329925537
0,turbo2,16,1,262144,65536,262144,1000,0,datasets/silesia/mozilla,51220480,17743870,34.642139,2.23669171333313,1.348221778869629
0,turbo2,16,1,262144,65536,262144,1000,0,datasets/silesia/osdb,10085684,3686879,36.555567,0.5519089698791504,0.3116307258605957
0,turbo2,16,1,262144,65536,262144,1000,0,datasets/silesia/x-ray,8474240,5564069,65.65862,0.6086068153381348,0.46818995475769043
0,turbo2,16,1,262144,65536,262144,1000,0,datasets/silesia/samba,21606400,5129471,23.740517,0.8061573505401611,0.41747045516967773
0,turbo2,16,1,262144,65536,262144,1000,0,datasets/silesia/sao,7251944,5099575,70.32011,0.603064775466919,0.4451603889465332
0,turbo2,16,1,262144,65536,262144,1000,0,AVERAGE,17661548.333333332,5446551.333333333,30.83847,0.7676017880439758,0.41957904895146686
0,turbo2,16,1,262144,65536,262144,1000,1,datasets/silesia/ooffice,6152192,2976688,48.384186,0.39722752571105957,0.25974059104919434
0,turbo2,16,1,262144,65536,262144,1000,1,datasets/silesia/xml,5345280,641901,12.008744,0.23177599906921387,0.05281829833984375
0,turbo2,16,1,262144,65536,262144,1000,1,datasets/silesia/mr,9970564,3444683,34.548527,0.5646047592163086,0.2687973976135254
0,turbo2,16,1,262144,65536,262144,1000,1,datasets/silesia/nci,33553445,2805880,8.36242,1.1229746341705322,0.2284860610961914
0,turbo2,16,1,262144,65536,262144,1000,1,datasets/silesia/webster,41458703,12007203,28.961839,1.491898775100708,0.8585398197174072
0,turbo2,16,1,262144,65536,262144,1000,1,datasets/silesia/reymont,6627202,1821758,27.489097,0.3445730209350586,0.14184832572937012
0,turbo2,16,1,262144,65536,262144,1000,1,datasets/silesia/dickens,10192446,3820615,37.484771,0.5093767642974854,0.2749495506286621
0,turbo2,16,1,262144,65536,262144,1000,1,datasets/silesia/mozilla,51220480,17457441,34.082931,2.259511947631836,1.3658254146575928
0,turbo2,16,1,262144,65536,262144,1000,1,datasets/silesia/osdb,10085684,3597671,35.671066,0.5050621032714844,0.3044459819793701
0,turbo2,16,1,262144,65536,262144,1000,1,datasets/silesia/x-ray,8474240,5498337,64.882951,0.6424698829650879,0.47304368019104004
0,turbo2,16,1,262144,65536,262144,1000,1,datasets/silesia/samba,21606400,4994707,23.116794,0.8537623882293701,0.4289102554321289
0,turbo2,16,1,262144,65536,262144,1000,1,datasets/silesia/sao,7251944,5092816,70.226907,0.6150670051574707,0.45462942123413086
0,turbo2,16,1,262144,65536,262144,1000,1,AVERAGE,17661548.333333332,5346641.666666667,30.27278,0.7948587338129679,0.42600289980570477
0,turbo2,16,1,262144,65536,262144,1000,2,datasets/silesia/ooffice,6152192,2975648,48.367281,0.4177377223968506,0.2586240768432617
0,turbo2,16,1,262144,65536,262144,1000,2,datasets/silesia/xml,5345280,631857,11.82084,0.24840188026428223,0.05587029457092285
0,turbo2,16,1,262144,65536,262144,1000,2,datasets/silesia/mr,9970564,3470543,34.807891,0.5425524711608887,0.2715330123901367
0,turbo2,16,1,262144,65536,262144,1000,2,datasets/silesia/nci,33553445,2717824,8.099985,1.1131725311279297,0.23141121864318848
0,turbo2,16,1,262144,65536,262144,1000,2,datasets/silesia/webster,41458703,11912511,28.733439,1.561821460723877,0.9110567569732666
0,turbo2,16,1,262144,65536,262144,1000,2,datasets/silesia/reymont,6627202,1807106,27.268008,0.3849453926086426,0.14287686347961426
0,turbo2,16,1,262144,65536,262144,1000,2,datasets/silesia/dickens,10192446,3800291,37.285368,0.5457417964935303,0.2923305034637451
0,turbo2,16,1,262144,65536,262144,1000,2,datasets/silesia/mozilla,51220480,17455009,34.078183,2.2611639499664307,1.37581205368042
0,turbo2,16,1,262144,65536,262144,1000,2,datasets/silesia/osdb,10085684,3591383,35.60872,0.5206489562988281,0.306488037109375
0,turbo2,16,1,262144,65536,262144,1000,2,datasets/silesia/x-ray,8474240,5523029,65.174328,0.6285049915313721,0.47394275665283203
0,turbo2,16,1,262144,65536,262144,1000,2,datasets/silesia/samba,21606400,4955371,22.934737,0.9708986282348633,0.43834543228149414
0,turbo2,16,1,262144,65536,262144,1000,2,datasets/silesia/sao,7251944,5099236,70.315435,0.6290216445922852,0.45895838737487793
0,turbo2,16,1,262144,65536,262144,1000,2,AVERAGE,17661548.333333332,5328317.333333333,30.169027,0.8187176187833151,0.43477078278859455
0,turbo2,16,1,262144,65536,262144,1000,3,datasets/silesia/ooffice,6152192,2968012,48.243163,0.4565136432647705,0.25597333908081055
0,turbo2,16,1,262144,65536,262144,1000,3,datasets/silesia/xml,5345280,634517,11.870604,0.24933791160583496,0.055883169174194336
0,turbo2,16,1,262144,65536,262144,1000,3,datasets/silesia/mr,9970564,3549635,35.601146,0.611257791519165,0.2877035140991211
0,turbo2,16,1,262144,65536,262144,1000,3,datasets/silesia/nci,33553445,2712188,8.083188,1.2110042572021484,0.23622918128967285
0,turbo2,16,1,262144,65536,262144,1000,3,datasets/silesia/webster,41458703,11990851,28.922398,1.7767765522003174,0.9305610656738281
0,turbo2,16,1,262144,65536,262144,1000,3,datasets/silesia/reymont,6627202,1821602,27.486743,0.4268476963043213,0.15567708015441895
0,turbo2,16,1,262144,65536,262144,1000,3,datasets/silesia/dickens,10192446,3860483,37.875923,0.6001694202423096,0.287966251373291
0,turbo2,16,1,262144,65536,262144,1000,3,datasets/silesia/mozilla,51220480,17424054,34.017748,2.431495189666748,1.3828387260437012
0,turbo2,16,1,262144,65536,262144,1000,3,datasets/silesia/osdb,10085684,3591967,35.614511,0.5264050960540771,0.3070816993713379
0,turbo2,16,1,262144,65536,262144,1000,3,datasets/silesia/x-ray,8474240,5546629,65.452819,0.7160966396331787,0.48624300956726074
0,turbo2,16,1,262144,65536,262144,1000,3,datasets/silesia/samba,21606400,4961547,22.963321,0.9418859481811523,0.4430074691772461
0,turbo2,16,1,262144,65536,262144,1000,3,datasets/silesia/sao,7251944,5099624,70.320786,0.5983486175537109,0.4646775722503662
0,turbo2,16,1,262144,65536,262144,1000,3,AVERAGE,17661548.333333332,5346759.083333333,30.273445,0.8788448969523112,0.44115350643793744
0,turbo2,16,1,262144,65536,262144,0,0,datasets/silesia/ooffice,6152192,3026896,49.200285,0.4265327453613281,0.25469970703125
0,turbo2,16,1,262144,65536,262144,0,0,datasets/silesia/xml,5345280,672925,12.589144,0.2406458854675293,0.05269265174865723
0,turbo2,16,1,262144,65536,262144,0,0,datasets/silesia/mr,9970564,3471927,34.821771,0.5252180099487305,0.2607572078704834
0,turbo2,16,1,262144,65536,262144,0,0,datasets/silesia/nci,33553445,3000340,8.941973,1.083134412765503,0.22343206405639648
0,turbo2,16,1,262144,65536,262144,0,0,datasets/silesia/webster,41458703,12216527,29.466737,1.4649407863616943,0.867720365524292
0,turbo2,16,1,262144,65536,262144,0,0,datasets/silesia/reymont,6627202,1870174,28.219662,0.31206178665161133,0.13988375663757324
0,turbo2,16,1,262144,65536,262144,0,0,datasets/silesia/dickens,10192446,3860043,37.871606,0.5102391242980957,0.2704341411590576
0,turbo2,16,1,262144,65536,262144,0,0,datasets/silesia/mozilla,51220480,17748187,34.650568,2.1944053173065186,1.3748996257781982
0,turbo2,16,1,262144,65536,262144,0,0,datasets/silesia/osdb,10085684,3686879,36.555567,0.49617719650268555,0.3130803108215332
0,turbo2,16,1,262144,65536,262144,0,0,datasets/silesia/x-ray,8474240,5564069,65.65862,0.6036210060119629,0.48342061042785645
0,turbo2,16,1,262144,65536,262144,0,0,datasets/silesia/samba,21606400,5127931,23.733389,0.9064574241638184,0.42940282821655273
0,turbo2,16,1,262144,65536,262144,0,0,datasets/silesia/sao,7251944,5099579,70.320165,0.5786392688751221,0.46939754486083984
0,turbo2,16,1,262144,65536,262144,0,0,AVERAGE,17661548.333333332,5445456.416666667,30.832271,0.7785060803095499,0.4283184011777242
0,turbo2,16,1,262144,65536,262144,0,1,datasets/silesia/ooffice,6152192,2976684,48.384121,0.4030900001525879,0.26180577278137207
0,turbo2,16,1,262144,65536,262144,0,1,datasets/silesia/xml,5345280,641749,12.005901,0.23404741287231445,0.0526580810546875
0,turbo2,16,1,262144,65536,262144,0,1,datasets/silesia/mr,9970564,3438235,34.483857,0.6002597808837891,0.2801685333251953
0,turbo2,16,1,262144,65536,262144,0,1,datasets/silesia/nci,33553445,2787108,8.306473,1.2152798175811768,0.23078632354736328
0,turbo2,16,1,262144,65536,262144,0,1,datasets/silesia/webster,41458703,12007179,28.961782,1.6330337524414062,0.8900108337402344
0,turbo2,16,1,262144,65536,262144,0,1,datasets/silesia/reymont,6627202,1818590,27.441294,0.38230085372924805,0.14580178260803223
0,turbo2,16,1,262144,65536,262144,0,1,datasets/silesia/dickens,10192446,3820543,37.484064,0.5113480091094971,0.28498053550720215
0,turbo2,16,1,262144,65536,262144,0,1,datasets/silesia/mozilla,51220480,17470628,34.108677,2.7282371520996094,1.3673038482666016
0,turbo2,16,1,262144,65536,262144,0,1,datasets/silesia/osdb,10085684,3597671,35.671066,0.49286913871765137,0.3006777763366699
0,turbo2,16,1,262144,65536,262144,0,1,datasets/silesia/x-ray,8474240,5498337,64.882951,0.6158199310302734,0.48909425735473633
0,turbo2,16,1,262144,65536,262144,0,1,datasets/silesia/samba,21606400,4993379,23.110648,0.8754699230194092,0.43212151527404785
0,turbo2,16,1,262144,65536,262144,0,1,datasets/silesia/sao,7251944,5092848,70.227349,0.6083693504333496,0.4481339454650879
0,turbo2,16,1,262144,65536,262144,0,1,AVERAGE,17661548.333333332,5345245.916666667,30.264877,0.858343760172526,0.4319619337717692
0,turbo2,16,1,262144,65536,262144,0,2,datasets/silesia/ooffice,6152192,2975600,48.366501,0.4322972297668457,0.26559901237487793
0,turbo2,16,1,262144,65536,262144,0,2,datasets/silesia/xml,5345280,631649,11.816949,0.24496173858642578,0.05850410461425781
0,turbo2,16,1,262144,65536,262144,0,2,datasets/silesia/mr,9970564,3457895,34.681037,0.6178112030029297,0.2752068042755127
0,turbo2,16,1,262144,65536,262144,0,2,datasets/silesia/nci,33553445,2691920,8.022783,1.2038588523864746,0.23807597160339355
0,turbo2,16,1,262144,65536,262144,0,2,datasets/silesia/webster,41458703,11912499,28.73341,1.759065866470337,0.9177525043487549
0,turbo2,16,1,262144,65536,262144,0,2,datasets/silesia/reymont,6627202,1802714,27.201736,0.418961763381958,0.14673757553100586
0,turbo2,16,1,262144,65536,262144,0,2,datasets/silesia/dickens,10192446,3800183,37.284308,0.5697131156921387,0.2934718132019043
0,turbo2,16,1,262144,65536,262144,0,2,datasets/silesia/mozilla,51220480,17467916,34.103382,3.4111344814300537,1.3678052425384521
0,turbo2,16,1,262144,65536,262144,0,2,datasets/silesia/osdb,10085684,3591383,35.60872,0.4928314685821533,0.3097825050354004
0,turbo2,16,1,262144,65536,262144,0,2,datasets/silesia/x-ray,8474240,5523029,65.174328,0.6743464469909668,0.4847300052642822
0,turbo2,16,1,262144,65536,262144,0,2,datasets/silesia/samba,21606400,4954155,22.929109,0.971271276473999,0.4582095146179199
0,turbo2,16,1,262144,65536,262144,0,2,datasets/silesia/sao,7251944,5099212,70.315104,0.6607654094696045,0.4697902202606201
0,turbo2,16,1,262144,65536,262144,0,2,AVERAGE,17661548.333333332,5325679.583333333,30.154092,0.9547515710194906,0.44047210613886517
0,turbo2,16,1,262144,65536,262144,0,3,datasets/silesia/ooffice,6152192,2967868,48.240822,0.424358606338501,0.2565445899963379
0,turbo2,16,1,262144,65536,262144,0,3,datasets/silesia/xml,5345280,634305,11.866637,0.24786877632141113,0.05603599548339844
0,turbo2,16,1,262144,65536,262144,0,3,datasets/silesia/mr,9970564,3545611,35.560787,0.7187888622283936,0.2860910892486572
0,turbo2,16,1,262144,65536,262144,0,3,datasets/silesia/nci,33553445,2685904,8.004853,1.2858061790466309,0.2350764274597168
0,turbo2,16,1,262144,65536,262144,0,3,datasets/silesia/webster,41458703,11990831,28.92235,1.6833291053771973,0.9178647994995117
0,turbo2,16,1,262144,65536,262144,0,3,datasets/silesia/reymont,6627202,1816830,27.414737,0.4422585964202881,0.1463456153869629
0,turbo2,16,1,262144,65536,262144,0,3,datasets/silesia/dickens,10192446,3860367,37.874785,0.5941085815429688,0.2883584499359131
0,turbo2,16,1,262144,65536,262144,0,3,datasets/silesia/mozilla,51220480,17436559,34.042162,4.293855905532837,1.3738977909088135
0,turbo2,16,1,262144,65536,262144,0,3,datasets/silesia/osdb,10085684,3591967,35.614511,0.503870964050293,0.30510973930358887
0,turbo2,16,1,262144,65536,262144,0,3,datasets/silesia/x-ray,8474240,5546629,65.452819,0.6483442783355713,0.4830811023712158
0,turbo2,16,1,262144,65536,262144,0,3,datasets/silesia/samba,21606400,4960395,22.957989,1.004870891571045,0.43892788887023926
0,turbo2,16,1,262144,65536,262144,0,3,datasets/silesia/sao,7251944,5099452,70.318414,0.634878396987915,0.4667627811431885
0,turbo2,16,1,262144,65536,262144,0,3,AVERAGE,17661548.333333332,5344726.5,30.261936,1.0401949286460876,0.43784135580062866
0,turbo2,16,1,262144,262144,65536,10,0,datasets/silesia/ooffice,6152192,3062056,49.771789,0.4219820499420166,0.26887035369873047
0,turbo2,16,1,262144,262144,65536,10,0,datasets/silesia/xml,5345280,757785,14.176713,0.22408175468444824,0.0582888126373291
0,turbo2,16,1,262144,262144,65536,10,0,datasets/silesia/mr,9970564,3533595,35.440272,0.5257296562194824,0.283217191696167
0,turbo2,16,1,262144,262144,65536,10,0,datasets/silesia/nci,33553445,3370704,10.045776,1.1529433727264404,0.26342296600341797
0,turbo2,16,1,262144,262144,65536,10,0,datasets/silesia/webster,41458703,13043571,31.461599,1.7813072204589844,0.924267053604126
0,turbo2,16,1,262144,262144,65536,10,0,datasets/silesia/reymont,6627202,2100566,31.696122,0.30419921875,0.16643929481506348
0,turbo2,16,1,262144,262144,65536,10,0,datasets/silesia/dickens,10192446,4185195,41.061733,0.5548398494720459,0.30600833892822266
0,turbo2,16,1,262144,262144,65536,10,0,datasets/silesia/mozilla,51220480,17812482,34.776093,2.4677891731262207,1.436462640762329
0,turbo2,16,1,262144,262144,65536,10,0,datasets/silesia/osdb,10085684,3748359,37.165144,0.502086877822876,0.31594061851501465
0,turbo2,16,1,262144,262144,65536,10,0,datasets/silesia/x-ray,8474240,5603705,66.126343,0.63653564453125,0.4698331356048584
0,turbo2,16,1,262144,262144,65536,10,0,datasets/silesia/samba,21606400,5264579,24.365831,0.8967099189758301,0.44444775581359863
0,turbo2,16,1,262144,262144,65536,10,0,datasets/silesia/sao,7251944,5120682,70.611163,0.6055550575256348,0.4600987434387207
0,turbo2,16,1,262144,262144,65536,10,0,AVERAGE,17661548.333333332,5633606.583333333,31.89758,0.8394799828529358,0.44977474212646484
0,turbo2,16,1,262144,262144,65536,10,1,datasets/silesia/ooffice,6152192,3010512,48.933973,0.37935519218444824,0.2716689109802246
0,turbo2,16,1,262144,262144,65536,10,1,datasets/silesia/xml,5345280,716073,13.396361,0.2470684051513672,0.05944466590881348
0,turbo2,16,1,262144,262144,65536,10,1,datasets/silesia/mr,9970564,3615879,36.265541,0.5242123603820801,0.29691123962402344
0,turbo2,16,1,262144,262144,65536,10,1,datasets/silesia/nci,33553445,3112808,9.277164,1.0902388095855713,0.2631199359893799
0,turbo2,16,1,262144,262144,65536,10,1,datasets/silesia/webster,41458703,12774695,30.81306,1.586380958557129,0.9327611923217773
0,turbo2,16,1,262144,262144,65536,10,1,datasets/silesia/reymont,6627202,2040022,30.782553,0.2992544174194336,0.1665480136871338
0,turbo2,16,1,262144,262144,65536,10,1,datasets/silesia/dickens,10192446,4135051,40.569761,0.4558396339416504,0.31047844886779785
0,turbo2,16,1,262144,262144,65536,10,1,datasets/silesia/mozilla,51220480,17514626,34.194576,2.406667947769165,1.4236321449279785
0,turbo2,16,1,262144,262144,65536,10,1,datasets/silesia/osdb,10085684,3731099,36.994011,0.5361337661743164,0.3195674419403076
0,turbo2,16,1,262144,262144,65536,10,1,datasets/silesia/x-ray,8474240,5609657,66.196579,0.6686465740203857,0.49173521995544434
0,turbo2,16,1,262144,262144,65536,10,1,datasets/silesia/samba,21606400,5112235,23.660744,0.8922419548034668,0.44437456130981445
0,turbo2,16,1,262144,262144,65536,10,1,datasets/silesia/sao,7251944,5110397,70.469339,0.6709294319152832,0.4622371196746826
0,turbo2,16,1,262144,262144,65536,10,1,AVERAGE,17661548.333333332,5540254.5,31.369019,0.8130807876586914,0.4535399079322815
0,turbo2,16,1,262144,262144,65536,10,2,datasets/silesia/ooffice,6152192,3010232,48.929422,0.3909165859222412,0.2595994472503662
0,turbo2,16,1,262144,262144,65536,10,2,datasets/silesia/xml,5345280,697073,13.040907,0.22678899765014648,0.06187605857849121
0,turbo2,16,1,262144,262144,65536,10,2,datasets/silesia/mr,9970564,3621963,36.326561,0.5338408946990967,0.31358909606933594
0,turbo2,16,1,262144,262144,65536,10,2,datasets/silesia/nci,33553445,3009864,8.970358,1.140308141708374,0.2581655979156494
0,turbo2,16,1,262144,262144,65536,10,2,datasets/silesia/webster,41458703,12644359,30.498684,1.5537781715393066,0.9807310104370117
0,turbo2,16,1,262144,262144,65536,10,2,datasets/silesia/reymont,6627202,2032678,30.671737,0.33603477478027344,0.1790938377380371
0,turbo2,16,1,262144,262144,65536,10,2,datasets/silesia/dickens,10192446,4097479,40.201135,0.5659189224243164,0.3336474895477295
0,turbo2,16,1,262144,262144,65536,10,2,datasets/silesia/mozilla,51220480,17524772,34.214385,2.310807943344116,1.3820853233337402
0,turbo2,16,1,262144,262144,65536,10,2,datasets/silesia/osdb,10085684,3695235,36.638417,0.4927988052368164,0.3148326873779297
0,turbo2,16,1,262144,262144,65536,10,2,datasets/silesia/x-ray,8474240,5621605,66.337571,0.6736941337585449,0.48026609420776367
0,turbo2,16,1,262144,262144,65536,10,2,datasets/silesia/samba,21606400,5064143,23.438162,0.9068634510040283,0.4440147876739502
0,turbo2,16,1,262144,262144,65536,10,2,datasets/silesia/sao,7251944,5186320,71.516272,0.5945367813110352,0.476578950881958
0,turbo2,16,1,262144,262144,65536,10,2,AVERAGE,17661548.333333332,5517143.583333333,31.238165,0.8105239669481913,0.4570400317509969
0,turbo2,16,1,262144,262144,65536,10,3,datasets/silesia/ooffice,6152192,3000608,48.77299,0.4021108150482178,0.2613825798034668
0,turbo2,16,1,262144,262144,65536,10,3,datasets/silesia/xml,5345280,696929,13.038213,0.2343289852142334,0.06117844581604004
0,turbo2,16,1,262144,262144,65536,10,3,datasets/silesia/mr,9970564,3665943,36.767659,0.5452232360839844,0.32301783561706543
0,turbo2,16,1,262144,262144,65536,10,3,datasets/silesia/nci,33553445,3019864,9.000161,1.2222435474395752,0.26427721977233887
0,turbo2,16,1,262144,262144,65536,10,3,datasets/silesia/webster,41458703,12682011,30.589503,1.7926511764526367,0.9766185283660889
0,turbo2,16,1,262144,262144,65536,10,3,datasets/silesia/reymont,6627202,2044690,30.85299,0.31621837615966797,0.17752385139465332
0,turbo2,16,1,262144,262144,65536,10,3,datasets/silesia/dickens,10192446,4138379,40.602413,0.5645332336425781,0.32117795944213867
0,turbo2,16,1,262144,262144,65536,10,3,datasets/silesia/mozilla,51220480,17480119,34.127207,2.352210760116577,1.3953676223754883
0,turbo2,16,1,262144,262144,65536,10,3,datasets/silesia/osdb,10085684,3682107,36.508253,0.46697235107421875,0.30930089950561523
0,turbo2,16,1,262144,262144,65536,10,3,datasets/silesia/x-ray,8474240,5633669,66.479932,0.6588499546051025,0.4848489761352539
0,turbo2,16,1,262144,262144,65536,10,3,datasets/silesia/samba,21606400,5059739,23.417779,0.8658840656280518,0.445692777633667
0,turbo2,16,1,262144,262144,65536,10,3,datasets/silesia/sao,7251944,5178116,71.403144,0.5906543731689453,0.4909827709197998
0,turbo2,16,1,262144,262144,65536,10,3,AVERAGE,17661548.333333332,5523514.5,31.274237,0.8343234062194824,0.459280788898468
0,turbo2,16,1,262144,262144,65536,1000,0,datasets/silesia/ooffice,6152192,3001556,48.788399,0.43477797508239746,0.2549858093261719
0,turbo2,16,1,262144,262144,65536,1000,0,datasets/silesia/xml,5345280,634493,11.870155,0.23630499839782715,0.052588701248168945
0,turbo2,16,1,262144,262144,65536,1000,0,datasets/silesia/mr,9970564,3456339,34.665431,0.5217549800872803,0.2481229305267334
0,turbo2,16,1,262144,262144,65536,1000,0,datasets/silesia/nci,33553445,2896856,8.633558,1.0510303974151611,0.20756268501281738
0,turbo2,16,1,262144,262144,65536,1000,0,datasets/silesia/webster,41458703,11836063,28.549043,1.5237953662872314,0.7933382987976074
0,turbo2,16,1,262144,262144,65536,1000,0,datasets/silesia/reymont,6627202,1818862,27.445399,0.34003782272338867,0.1293954849243164
0,turbo2,16,1,262144,262144,65536,1000,0,datasets/silesia/dickens,10192446,3723155,36.528572,0.4688541889190674,0.2488410472869873
0,turbo2,16,1,262144,262144,65536,1000,0,datasets/silesia/mozilla,51220480,17575067,34.312578,2.2303080558776855,1.3016963005065918
0,turbo2,16,1,262144,262144,65536,1000,0,datasets/silesia/osdb,10085684,3651175,36.201561,0.5004572868347168,0.2963142395019531
0,turbo2,16,1,262144,262144,65536,1000,0,datasets/silesia/x-ray,8474240,5545797,65.443001,0.627007007598877,0.44597792625427246
0,turbo2,16,1,262144,262144,65536,1000,0,datasets/silesia/samba,21606400,5020363,23.235537,0.8307180404663086,0.4091763496398926
0,turbo2,16,1,262144,262144,65536,1000,0,datasets/silesia/sao,7251944,5119702,70.597649,0.5908491611480713,0.4417002201080322
0,turbo2,16,1,262144,262144,65536,1000,0,AVERAGE,17661548.333333332,5356619.0,30.329272,0.7796579400698344,0.4024749994277954
0,turbo2,16,1,262144,262144,65536,1000,1,datasets/silesia/ooffice,6152192,2945496,47.877179,0.404430627822876,0.24361014366149902
0,turbo2,16,1,262144,262144,65536,1000,1,datasets/silesia/xml,5345280,606905,11.354036,0.23348665237426758,0.048919677734375
0,turbo2,16,1,262144,262144,65536,1000,1,datasets/silesia/mr,9970564,3436783,34.469294,0.5577616691589355,0.26238322257995605
0,turbo2,16,1,262144,262144,65536,1000,1,datasets/silesia/nci,33553445,2705280,8.0626,1.0688042640686035,0.20958971977233887
0,turbo2,16,1,262144,262144,65536,1000,1,datasets/silesia/webster,41458703,11653487,28.108663,1.5925216674804688,0.8240208625793457
0,turbo2,16,1,262144,262144,65536,1000,1,datasets/silesia/reymont,6627202,1773254,26.757205,0.4341912269592285,0.13089561462402344
0,turbo2,16,1,262144,262144,65536,1000,1,datasets/silesia/dickens,10192446,3691055,36.213633,0.5509898662567139,0.261444091796875
0,turbo2,16,1,262144,262144,65536,1000,1,datasets/silesia/mozilla,51220480,17233048,33.644839,2.2871484756469727,1.3635585308074951
0,turbo2,16,1,262144,262144,65536,1000,1,datasets/silesia/osdb,10085684,3577967,35.4757,0.5175628662109375,0.3038065433502197
0,turbo2,16,1,262144,262144,65536,1000,1,datasets/silesia/x-ray,8474240,5472889,64.582653,0.6073496341705322,0.4693479537963867
0,turbo2,16,1,262144,262144,65536,1000,1,datasets/silesia/samba,21606400,4888319,22.624403,0.9055759906768799,0.4169912338256836
0,turbo2,16,1,262144,262144,65536,1000,1,datasets/silesia/sao,7251944,5088172,70.162869,0.6631860733032227,0.4625835418701172
0,turbo2,16,1,262144,262144,65536,1000,1,AVERAGE,17661548.333333332,5256054.583333333,29.759874,0.8185840845108032,0.4164292613665263
0,turbo2,16,1,262144,262144,65536,1000,2,datasets/silesia/ooffice,6152192,2941780,47.816778,0.4238760471343994,0.25716257095336914
0,turbo2,16,1,262144,262144,65536,1000,2,datasets/silesia/xml,5345280,596677,11.162689,0.23868942260742188,0.05124306678771973
0,turbo2,16,1,262144,262144,65536,1000,2,datasets/silesia/mr,9970564,3466475,34.76709,0.5914154052734375,0.27612733840942383
0,turbo2,16,1,262144,262144,65536,1000,2,datasets/silesia/nci,33553445,2624324,7.821325,1.082603931427002,0.22517728805541992
0,turbo2,16,1,262144,262144,65536,1000,2,datasets/silesia/webster,41458703,11569267,27.905521,1.7291264533996582,0.8809564113616943
0,turbo2,16,1,262144,262144,65536,1000,2,datasets/silesia/reymont,6627202,1758018,26.527304,0.4650304317474365,0.1419823169708252
0,turbo2,16,1,262144,262144,65536,1000,2,datasets/silesia/dickens,10192446,3674327,36.049512,0.6247146129608154,0.28292417526245117
0,turbo2,16,1,262144,262144,65536,1000,2,datasets/silesia/mozilla,51220480,17218187,33.615825,2.2563700675964355,1.3405091762542725
0,turbo2,16,1,262144,262144,65536,1000,2,datasets/silesia/osdb,10085684,3569635,35.393088,0.5661458969116211,0.3038170337677002
0,turbo2,16,1,262144,262144,65536,1000,2,datasets/silesia/x-ray,8474240,5501313,64.918069,0.692889928817749,0.47826433181762695
0,turbo2,16,1,262144,262144,65536,1000,2,datasets/silesia/samba,21606400,4849891,22.446548,0.9492602348327637,0.4123952388763428
0,turbo2,16,1,262144,262144,65536,1000,2,datasets/silesia/sao,7251944,5096588,70.278921,0.6437027454376221,0.46799659729003906
0,turbo2,16,1,262144,262144,65536,1000,2,AVERAGE,17661548.333333332,5238873.5,29.662595,0.8553187648455302,0.42654629548390705
0,turbo2,16,1,262144,262144,65536,1000,3,datasets/silesia/ooffice,6152192,2934276,47.694805,0.4268620014190674,0.2553079128265381
0,turbo2,16,1,262144,262144,65536,1000,3,datasets/silesia/xml,5345280,599801,11.221133,0.2795906066894531,0.049410104751586914
0,turbo2,16,1,262144,262144,65536,1000,3,datasets/silesia/mr,9970564,3544055,35.545181,0.674893856048584,0.2790966033935547
0,turbo2,16,1,262144,262144,65536,1000,3,datasets/silesia/nci,33553445,2621416,7.812658,1.1895179748535156,0.2223498821258545
0,turbo2,16,1,262144,262144,65536,1000,3,datasets/silesia/webster,41458703,11670083,28.148693,1.886385440826416,0.8569178581237793
0,turbo2,16,1,262144,262144,65536,1000,3,datasets/silesia/reymont,6627202,1774858,26.781408,0.5406234264373779,0.14258074760437012
0,turbo2,16,1,262144,262144,65536,1000,3,datasets/silesia/dickens,10192446,3740531,36.699051,0.7117531299591064,0.28249359130859375
0,turbo2,16,1,262144,262144,65536,1000,3,datasets/silesia/mozilla,51220480,17192678,33.566023,2.4040136337280273,1.3451249599456787
0,turbo2,16,1,262144,262144,65536,1000,3,datasets/silesia/osdb,10085684,3571671,35.413275,0.5478062629699707,0.30989813804626465
0,turbo2,16,1,262144,262144,65536,1000,3,datasets/silesia/x-ray,8474240,5540865,65.384801,0.6390225887298584,0.4842829704284668
0,turbo2,16,1,262144,262144,65536,1000,3,datasets/silesia/samba,21606400,4856207,22.47578,0.9672703742980957,0.4344055652618408
0,turbo2,16,1,262144,262144,65536,1000,3,datasets/silesia/sao,7251944,5099476,70.318745,0.6921074390411377,0.46471238136291504
0,turbo2,16,1,262144,262144,65536,1000,3,AVERAGE,17661548.333333332,5262159.75,29.794442,0.9133205612500509,0.42721505959828693
0,turbo2,16,1,262144,262144,65536,0,0,datasets/silesia/ooffice,6152192,3000788,48.775916,0.4218332767486572,0.25122618675231934
0,turbo2,16,1,262144,262144,65536,0,0,datasets/silesia/xml,5345280,633601,11.853467,0.24408364295959473,0.04996323585510254
0,turbo2,16,1,262144,262144,65536,0,0,datasets/silesia/mr,9970564,3455171,34.653717,0.539970874786377,0.2571713924407959
0,turbo2,16,1,262144,262144,65536,0,0,datasets/silesia/nci,33553445,2878588,8.579113,1.1124544143676758,0.21393251419067383
0,turbo2,16,1,262144,262144,65536,0,0,datasets/silesia/webster,41458703,11820255,28.510914,1.5958058834075928,0.7980570793151855
0,turbo2,16,1,262144,262144,65536,0,0,datasets/silesia/reymont,6627202,1809006,27.296678,0.37936949729919434,0.12764811515808105
0,turbo2,16,1,262144,262144,65536,0,0,datasets/silesia/dickens,10192446,3718411,36.482028,0.5606820583343506,0.2494957447052002
0,turbo2,16,1,262144,262144,65536,0,0,datasets/silesia/mozilla,51220480,17579969,34.322148,2.4151315689086914,1.350733757019043
0,turbo2,16,1,262144,262144,65536,0,0,datasets/silesia/osdb,10085684,3651167,36.201481,0.5350897312164307,0.30367588996887207
0,turbo2,16,1,262144,262144,65536,0,0,datasets/silesia/x-ray,8474240,5545797,65.443001,0.5583035945892334,0.458834171295166
0,turbo2,16,1,262144,262144,65536,0,0,datasets/silesia/samba,21606400,5017959,23.22441,0.8901803493499756,0.4079475402832031
0,turbo2,16,1,262144,262144,65536,0,0,datasets/silesia/sao,7251944,5119701,70.597636,0.5901691913604736,0.44319725036621094
0,turbo2,16,1,262144,262144,65536,0,0,AVERAGE,17661548.333333332,5352534.416666667,30.306145,0.8202561736106873,0.4093235731124878
0,turbo2,16,1,262144,262144,65536,0,1,datasets/silesia/ooffice,6152192,2944732,47.864761,0.4399998188018799,0.25277233123779297
0,turbo2,16,1,262144,262144,65536,0,1,datasets/silesia/xml,5345280,605837,11.334055,0.24169039726257324,0.050524234771728516
0,turbo2,16,1,262144,262144,65536,0,1,datasets/silesia/mr,9970564,3426491,34.36607,0.7203483581542969,0.26880335807800293
0,turbo2,16,1,262144,262144,65536,0,1,datasets/silesia/nci,33553445,2681020,7.990297,1.170316219329834,0.20946073532104492
0,turbo2,16,1,262144,262144,65536,0,1,datasets/silesia/webster,41458703,11636751,28.068295,1.7950279712677002,0.8226263523101807
0,turbo2,16,1,262144,262144,65536,0,1,datasets/silesia/reymont,6627202,1762846,26.600155,0.5365614891052246,0.134932279586792
0,turbo2,16,1,262144,262144,65536,0,1,datasets/silesia/dickens,10192446,3686051,36.164538,0.6087963581085205,0.26245999336242676
0,turbo2,16,1,262144,262144,65536,0,1,datasets/silesia/mozilla,51220480,17245909,33.669948,3.21018123626709,1.3332018852233887
0,turbo2,16,1,262144,262144,65536,0,1,datasets/silesia/osdb,10085684,3576863,35.464754,0.5746452808380127,0.30000853538513184
0,turbo2,16,1,262144,262144,65536,0,1,datasets/silesia/x-ray,8474240,5472889,64.582653,0.6089038848876953,0.4586505889892578
0,turbo2,16,1,262144,262144,65536,0,1,datasets/silesia/samba,21606400,4887795,22.621978,0.9336764812469482,0.41863274574279785
0,turbo2,16,1,262144,262144,65536,0,1,datasets/silesia/sao,7251944,5088156,70.162649,0.6848733425140381,0.4535667896270752
0,turbo2,16,1,262144,262144,65536,0,1,AVERAGE,17661548.333333332,5251278.333333333,29.732831,0.9604184031486511,0.4138033191363017
0,turbo2,16,1,262144,262144,65536,0,2,datasets/silesia/ooffice,6152192,2940808,47.800979,0.5670640468597412,0.2549617290496826
0,turbo2,16,1,262144,262144,65536,0,2,datasets/silesia/xml,5345280,595297,11.136872,0.2812180519104004,0.05138039588928223
0,turbo2,16,1,262144,262144,65536,0,2,datasets/silesia/mr,9970564,3445911,34.560843,0.8065047264099121,0.27141356468200684
0,turbo2,16,1,262144,262144,65536,0,2,datasets/silesia/nci,33553445,2592940,7.727791,1.395437240600586,0.22246003150939941
0,turbo2,16,1,262144,262144,65536,0,2,datasets/silesia/webster,41458703,11551619,27.862953,2.028956890106201,0.8732786178588867
0,turbo2,16,1,262144,262144,65536,0,2,datasets/silesia/reymont,6627202,1745758,26.342309,0.6419930458068848,0.13922333717346191
0,turbo2,16,1,262144,262144,65536,0,2,datasets/silesia/dickens,10192446,3669347,36.000652,0.7448208332061768,0.28484249114990234
0,turbo2,16,1,262144,262144,65536,0,2,datasets/silesia/mozilla,51220480,17231902,33.642602,4.842246055603027,1.3603293895721436
0,turbo2,16,1,262144,262144,65536,0,2,datasets/silesia/osdb,10085684,3564771,35.344861,0.5609698295593262,0.30569887161254883
0,turbo2,16,1,262144,262144,65536,0,2,datasets/silesia/x-ray,8474240,5501301,64.917928,0.6336157321929932,0.48615479469299316
0,turbo2,16,1,262144,262144,65536,0,2,datasets/silesia/samba,21606400,4849467,22.444586,1.081817865371704,0.4561913013458252
0,turbo2,16,1,262144,262144,65536,0,2,datasets/silesia/sao,7251944,5096760,70.281293,0.6658003330230713,0.4751758575439453
0,turbo2,16,1,262144,262144,65536,0,2,AVERAGE,17661548.333333332,5232156.75,29.624564,1.1875370542208354,0.43175919850667316
0,turbo2,16,1,262144,262144,65536,0,3,datasets/silesia/ooffice,6152192,2933348,47.679721,0.7148830890655518,0.25142431259155273
0,turbo2,16,1,262144,262144,65536,0,3,datasets/silesia/xml,5345280,598237,11.191874,0.2875192165374756,0.05229902267456055
0,turbo2,16,1,262144,262144,65536,0,3,datasets/silesia/mr,9970564,3538535,35.489818,1.0898699760437012,0.28577184677124023
0,turbo2,16,1,262144,262144,65536,0,3,datasets/silesia/nci,33553445,2588936,7.715857,1.9479048252105713,0.22379851341247559
0,turbo2,16,1,262144,262144,65536,0,3,datasets/silesia/webster,41458703,11652923,28.107302,2.3189618587493896,0.872931718826294
0,turbo2,16,1,262144,262144,65536,0,3,datasets/silesia/reymont,6627202,1761778,26.58404,0.8203768730163574,0.14068031311035156
0,turbo2,16,1,262144,262144,65536,0,3,datasets/silesia/dickens,10192446,3735915,36.653763,0.9386258125305176,0.2843618392944336
0,turbo2,16,1,262144,262144,65536,0,3,datasets/silesia/mozilla,51220480,17205948,33.59193,6.3943257331848145,1.366699457168579
0,turbo2,16,1,262144,262144,65536,0,3,datasets/silesia/osdb,10085684,3565715,35.354221,0.6395180225372314,0.31714320182800293
0,turbo2,16,1,262144,262144,65536,0,3,datasets/silesia/x-ray,8474240,5540865,65.384801,0.6697735786437988,0.48041415214538574
0,turbo2,16,1,262144,262144,65536,0,3,datasets/silesia/samba,21606400,4854411,22.467468,1.294288158416748,0.43849873542785645
0,turbo2,16,1,262144,262144,65536,0,3,datasets/silesia/sao,7251944,5098248,70.301811,0.7274115085601807,0.47851133346557617
0,turbo2,16,1,262144,262144,65536,0,3,AVERAGE,17661548.333333332,5256238.25,29.760914,1.486954887708028,0.4327112038930257
0,turbo2,16,1,262144,262144,262144,10,0,datasets/silesia/ooffice,6152192,3062056,49.771789,0.4302995204925537,0.2704758644104004
0,turbo2,16,1,262144,262144,262144,10,0,datasets/silesia/xml,5345280,757785,14.176713,0.2394394874572754,0.06297469139099121
0,turbo2,16,1,262144,262144,262144,10,0,datasets/silesia/mr,9970564,3533595,35.440272,0.5640661716461182,0.27879762649536133
0,turbo2,16,1,262144,262144,262144,10,0,datasets/silesia/nci,33553445,3370704,10.045776,1.1533482074737549,0.26818394660949707
0,turbo2,16,1,262144,262144,262144,10,0,datasets/silesia/webster,41458703,13043571,31.461599,1.6345508098602295,0.9371204376220703
0,turbo2,16,1,262144,262144,262144,10,0,datasets/silesia/reymont,6627202,2100566,31.696122,0.34075427055358887,0.1678774356842041
0,turbo2,16,1,262144,262144,262144,10,0,datasets/silesia/dickens,10192446,4185195,41.061733,0.5318388938903809,0.30342602729797363
0,turbo2,16,1,262144,262144,262144,10,0,datasets/silesia/mozilla,51220480,17812482,34.776093,2.598982095718384,1.4207613468170166
0,turbo2,16,1,262144,262144,262144,10,0,datasets/silesia/osdb,10085684,3748359,37.165144,0.5374786853790283,0.31750988960266113
0,turbo2,16,1,262144,262144,262144,10,0,datasets/silesia/x-ray,8474240,5603705,66.126343,0.5891611576080322,0.47521281242370605
0,turbo2,16,1,262144,262144,262144,10,0,datasets/silesia/samba,21606400,5264579,24.365831,0.9606478214263916,0.44765472412109375
0,turbo2,16,1,262144,262144,262144,10,0,datasets/silesia/sao,7251944,5120682,70.611163,0.6474134922027588,0.4606304168701172
0,turbo2,16,1,262144,262144,262144,10,0,AVERAGE,17661548.333333332,5633606.583333333,31.89758,0.8523317178090414,0.4508854349454244
0,turbo2,16,1,262144,262144,262144,10,1,datasets/silesia/ooffice,6152192,3010512,48.933973,0.4561789035797119,0.2673661708831787
0,turbo2,16,1,262144,262144,262144,10,1,datasets/silesia/xml,5345280,716073,13.396361,0.23194527626037598,0.06215167045593262
0,turbo2,16,1,262144,262144,262144,10,1,datasets/silesia/mr,9970564,3615879,36.265541,0.5249896049499512,0.3070833683013916
0,turbo2,16,1,262144,262144,262144,10,1,datasets/silesia/nci,33553445,3112808,9.277164,1.118283748626709,0.2616922855377197
0,turbo2,16,1,262144,262144,262144,10,1,datasets/silesia/webster,41458703,12774695,30.81306,1.6902925968170166,0.9653146266937256
0,turbo2,16,1,262144,262144,262144,10,1,datasets/silesia/reymont,6627202,2040022,30.782553,0.3275153636932373,0.16793608665466309
0,turbo2,16,1,262144,262144,262144,10,1,datasets/silesia/dickens,10192446,4135051,40.569761,0.5118446350097656,0.3106229305267334
0,turbo2,16,1,262144,262144,262144,10,1,datasets/silesia/mozilla,51220480,17514626,34.194576,2.5009899139404297,1.4454901218414307
0,turbo2,16,1,262144,262144,262144,10,1,datasets/silesia/osdb,10085684,3731099,36.994011,0.563478946685791,0.32602643966674805
0,turbo2,16,1,262144,262144,262144,10,1,datasets/silesia/x-ray,8474240,5609657,66.196579,0.6707065105438232,0.4929056167602539
0,turbo2,16,1,262144,262144,262144,10,1,datasets/silesia/samba,21606400,5112235,23.660744,0.9524073600769043,0.45178747177124023
0,turbo2,16,1,262144,262144,262144,10,1,datasets/silesia/sao,7251944,5110397,70.469339,0.6252868175506592,0.4660766124725342
0,turbo2,16,1,262144,262144,262144,10,1,AVERAGE,17661548.333333332,5540254.5,31.369019,0.8478266398111979,0.46037111679712933
0,turbo2,16,1,262144,262144,262144,10,2,datasets/silesia/ooffice,6152192,3010232,48.929422,0.4257843494415283,0.26952314376831055
0,turbo2,16,1,262144,262144,262144,10,2,datasets/silesia/xml,5345280,697073,13.040907,0.2310798168182373,0.0619969367980957
0,turbo2,16,1,262144,262144,262144,10,2,datasets/silesia/mr,9970564,3621963,36.326561,0.5572752952575684,0.3083508014678955
0,turbo2,16,1,262144,262144,262144,10,2,datasets/silesia/nci,33553445,3009864,8.970358,1.0989463329315186,0.25990915298461914
0,turbo2,16,1,262144,262144,262144,10,2,datasets/silesia/webster,41458703,12644359,30.498684,1.7351596355438232,0.9746077060699463
0,turbo2,16,1,262144,262144,262144,10,2,datasets/silesia/reymont,6627202,2032678,30.671737,0.3756532669067383,0.17496252059936523
0,turbo2,16,1,262144,262144,262144,10,2,datasets/silesia/dickens,10192446,4097479,40.201135,0.5631027221679688,0.3214261531829834
0,turbo2,16,1,262144,262144,262144,10,2,datasets/silesia/mozilla,51220480,17524772,34.214385,2.443588972091675,1.4136581420898438
0,turbo2,16,1,262144,262144,262144,10,2,datasets/silesia/osdb,10085684,3695235,36.638417,0.5109951496124268,0.3074839115142822
0,turbo2,16,1,262144,262144,262144,10,2,datasets/silesia/x-ray,8474240,5621605,66.337571,0.6680302619934082,0.5063762664794922
0,turbo2,16,1,262144,262144,262144,10,2,datasets/silesia/samba,21606400,5064143,23.438162,0.9435174465179443,0.45067453384399414
0,turbo2,16,1,262144,262144,262144,10,2,datasets/silesia/sao,7251944,5186320,71.516272,0.5768089294433594,0.48155736923217773
0,turbo2,16,1,262144,262144,262144,10,2,AVERAGE,17661548.333333332,5517143.583333333,31.238165,0.844161848227183,0.4608772198359172
0,turbo2,16,1,262144,262144,262144,10,3,datasets/silesia/ooffice,6152192,3000608,48.77299,0.40523552894592285,0.2644236087799072
0,turbo2,16,1,262144,262144,262144,10,3,datasets/silesia/xml,5345280,696929,13.038213,0.23804044723510742,0.06078791618347168
0,turbo2,16,1,262144,262144,262144,10,3,datasets/silesia/mr,9970564,3665943,36.767659,0.5350785255432129,0.311143159866333
0,turbo2,16,1,262144,262144,262144,10,3,datasets/silesia/nci,33553445,3019864,9.000161,1.0960283279418945,0.25843119621276855
0,turbo2,16,1,262144,262144,262144,10,3,datasets/silesia/webster,41458703,12682011,30.589503,1.7970967292785645,0.9811418056488037
0,turbo2,16,1,262144,262144,262144,10,3,datasets/silesia/reymont,6627202,2044690,30.85299,0.35677504539489746,0.16763710975646973
0,turbo2,16,1,262144,262144,262144,10,3,datasets/silesia/dickens,10192446,4138379,40.602413,0.5688893795013428,0.32187962532043457
0,turbo2,16,1,262144,262144,262144,10,3,datasets/silesia/mozilla,51220480,17480119,34.127207,2.362424373626709,1.4205057621002197
0,turbo2,16,1,262144,262144,262144,10,3,datasets/silesia/osdb,10085684,3682107,36.508253,0.46863603591918945,0.3290235996246338
0,turbo2,16,1,262144,262144,262144,10,3,datasets/silesia/x-ray,8474240,5633669,66.479932,0.6588990688323975,0.49974536895751953
0,turbo2,16,1,262144,262144,262144,10,3,datasets/silesia/samba,21606400,5059739,23.417779,0.9300734996795654,0.4503617286682129
0,turbo2,16,1,262144,262144,262144,10,3,datasets/silesia/sao,7251944,5178116,71.403144,0.5763475894927979,0.47493743896484375
0,turbo2,16,1,262144,262144,262144,10,3,AVERAGE,17661548.333333332,5523514.5,31.274237,0.8327937126159668,0.4616681933403015
0,turbo2,16,1,262144,262144,262144,1000,0,datasets/silesia/ooffice,6152192,3001556,48.788399,0.39594149589538574,0.25472259521484375
0,turbo2,16,1,262144,262144,262144,1000,0,datasets/silesia/xml,5345280,634493,11.870155,0.22181200981140137,0.04977893829345703
0,turbo2,16,1,262144,262144,262144,1000,0,datasets/silesia/mr,9970564,3456339,34.665431,0.4838907718658447,0.2591695785522461
0,turbo2,16,1,262144,262144,262144,1000,0,datasets/silesia/nci,33553445,2896856,8.633558,1.0983171463012695,0.22162723541259766
0,turbo2,16,1,262144,262144,262144,1000,0,datasets/silesia/webster,41458703,11836063,28.549043,1.7894890308380127,0.7957632541656494
0,turbo2,16,1,262144,262144,262144,1000,0,datasets/silesia/reymont,6627202,1818862,27.445399,0.34902071952819824,0.13620901107788086
0,turbo2,16,1,262144,262144,262144,1000,0,datasets/silesia/dickens,10192446,3723155,36.528572,0.5374455451965332,0.25447630882263184
0,turbo2,16,1,262144,262144,262144,1000,0,datasets/silesia/mozilla,51220480,17575067,34.312578,2.3189194202423096,1.300304651260376
0,turbo2,16,1,262144,262144,262144,1000,0,datasets/silesia/osdb,10085684,3651175,36.201561,0.505662202835083,0.2995789051055908
0,turbo2,16,1,262144,262144,262144,1000,0,datasets/silesia/x-ray,8474240,5545797,65.443001,0.6035029888153076,0.43738675117492676
0,turbo2,16,1,262144,262144,262144,1000,0,datasets/silesia/samba,21606400,5020363,23.235537,0.8709967136383057,0.4168391227722168
0,turbo2,16,1,262144,262144,262144,1000,0,datasets/silesia/sao,7251944,5119702,70.597649,0.6217656135559082,0.45464539527893066
0,turbo2,16,1,262144,262144,262144,1000,0,AVERAGE,17661548.333333332,5356619.0,30.329272,0.81639697154363,0.4067084789276123
0,turbo2,16,1,262144,262144,262144,1000,1,datasets/silesia/ooffice,6152192,2945496,47.877179,0.47046709060668945,0.25323033332824707
0,turbo2,16,1,262144,262144,262144,1000,1,datasets/silesia/xml,5345280,606905,11.354036,0.23604893684387207,0.048589229583740234
0,turbo2,16,1,262144,262144,262144,1000,1,datasets/silesia/mr,9970564,3436783,34.469294,0.5407798290252686,0.2831003665924072
0,turbo2,16,1,262144,262144,262144,1000,1,datasets/silesia/nci,33553445,2705280,8.0626,1.2185804843902588,0.21960234642028809
0,turbo2,16,1,262144,262144,262144,1000,1,datasets/silesia/webster,41458703,11653487,28.108663,1.8540239334106445,0.847369909286499
0,turbo2,16,1,262144,262144,262144,1000,1,datasets/silesia/reymont,6627202,1773254,26.757205,0.44030046463012695,0.14257574081420898
0,turbo2,16,1,262144,262144,262144,1000,1,datasets/silesia/dickens,10192446,3691055,36.213633,0.5959000587463379,0.2642543315887451
0,turbo2,16,1,262144,262144,262144,1000,1,datasets/silesia/mozilla,51220480,17233048,33.644839,2.4014627933502197,1.3486626148223877
0,turbo2,16,1,262144,262144,262144,1000,1,datasets/silesia/osdb,10085684,3577967,35.4757,0.5065865516662598,0.30748891830444336
0,turbo2,16,1,262144,262144,262144,1000,1,datasets/silesia/x-ray,8474240,5472889,64.582653,0.6220555305480957,0.44951868057250977
0,turbo2,16,1,262144,262144,262144,1000,1,datasets/silesia/samba,21606400,4888319,22.624403,0.8571903705596924,0.41182494163513184
0,turbo2,16,1,262144,262144,262144,1000,1,datasets/silesia/sao,7251944,5088172,70.162869,0.6338930130004883,0.44084811210632324
0,turbo2,16,1,262144,262144,262144,1000,1,AVERAGE,17661548.333333332,5256054.583333333,29.759874,0.8647740880648295,0.41808879375457764
0,turbo2,16,1,262144,262144,262144,1000,2,datasets/silesia/ooffice,6152192,2941780,47.816778,0.42578649520874023,0.25231409072875977
0,turbo2,16,1,262144,262144,262144,1000,2,datasets/silesia/xml,5345280,596677,11.162689,0.2568697929382324,0.04947972297668457
0,turbo2,16,1,262144,262144,262144,1000,2,datasets/silesia/mr,9970564,3466475,34.76709,0.625715970993042,0.2760443687438965
0,turbo2,16,1,262144,262144,262144,1000,2,datasets/silesia/nci,33553445,2624324,7.821325,1.1037068367004395,0.22698712348937988
0,turbo2,16,1,262144,262144,262144,1000,2,datasets/silesia/webster,41458703,11569267,27.905521,1.7563588619232178,0.8554327487945557
0,turbo2,16,1,262144,262144,262144,1000,2,datasets/silesia/reymont,6627202,1758018,26.527304,0.4843754768371582,0.1444237232208252
0,turbo2,16,1,262144,262144,262144,1000,2,datasets/silesia/dickens,10192446,3674327,36.049512,0.6619958877563477,0.27875733375549316
0,turbo2,16,1,262144,262144,262144,1000,2,datasets/silesia/mozilla,51220480,17218187,33.615825,2.2855443954467773,1.3428232669830322
0,turbo2,16,1,262144,262144,262144,1000,2,datasets/silesia/osdb,10085684,3569635,35.393088,0.5014152526855469,0.2963533401489258
0,turbo2,16,1,262144,262144,262144,1000,2,datasets/silesia/x-ray,8474240,5501313,64.918069,0.61244797706604,0.46900439262390137
0,turbo2,16,1,262144,262144,262144,1000,2,datasets/silesia/samba,21606400,4849891,22.446548,0.9758756160736084,0.43201279640197754
0,turbo2,16,1,262144,262144,262144,1000,2,datasets/silesia/sao,7251944,5096588,70.278921,0.6454782485961914,0.4690713882446289
0,turbo2,16,1,262144,262144,262144,1000,2,AVERAGE,17661548.333333332,5238873.5,29.662595,0.8612975676854452,0.42439202467600506
0,turbo2,16,1,262144,262144,262144,1000,3,datasets/silesia/ooffice,6152192,2934276,47.694805,0.4289896488189697,0.2466280460357666
0,turbo2,16,1,262144,262144,262144,1000,3,datasets/silesia/xml,5345280,599801,11.221133,0.26476049423217773,0.05019569396972656
0,turbo2,16,1,262144,262144,262144,1000,3,datasets/silesia/mr,9970564,3544055,35.545181,0.6719543933868408,0.2821352481842041
0,turbo2,16,1,262144,262144,262144,1000,3,datasets/silesia/nci,33553445,2621416,7.812658,1.1136832237243652,0.22373342514038086
0,turbo2,16,1,262144,262144,262144,1000,3,datasets/silesia/webster,41458703,11670083,28.148693,2.192328691482544,0.858994722366333
0,turbo2,16,1,262144,262144,262144,1000,3,datasets/silesia/reymont,6627202,1774858,26.781408,0.5815432071685791,0.1478271484375
0,turbo2,16,1,262144,262144,262144,1000,3,datasets/silesia/dickens,10192446,3740531,36.699051,0.7737057209014893,0.27506065368652344
0,turbo2,16,1,262144,262144,262144,1000,3,datasets/silesia/mozilla,51220480,17192678,33.566023,2.3140625953674316,1.3404450416564941
0,turbo2,16,1,262144,262144,262144,1000,3,datasets/silesia/osdb,10085684,3571671,35.413275,0.5010459423065186,0.29030513763427734
0,turbo2,16,1,262144,262144,262144,1000,3,datasets/silesia/x-ray,8474240,5540865,65.384801,0.6457788944244385,0.4748218059539795
0,turbo2,16,1,262144,262144,262144,1000,3,datasets/silesia/samba,21606400,4856207,22.47578,0.9484133720397949,0.4265556335449219
0,turbo2,16,1,262144,262144,262144,1000,3,datasets/silesia/sao,7251944,5099476,70.318745,0.663367509841919,0.4488675594329834
0,turbo2,16,1,262144,262144,262144,1000,3,AVERAGE,17661548.333333332,5262159.75,29.794442,0.924969474474589,0.4221308430035909
0,turbo2,16,1,262144,262144,262144,0,0,datasets/silesia/ooffice,6152192,3000788,48.775916,0.42508935928344727,0.24720215797424316
0,turbo2,16,1,262144,262144,262144,0,0,datasets/silesia/xml,5345280,633601,11.853467,0.2413184642791748,0.050425052642822266
0,turbo2,16,1,262144,262144,262144,0,0,datasets/silesia/mr,9970564,3455171,34.653717,0.592846155166626,0.24470305442810059
0,turbo2,16,1,262144,262144,262144,0,0,datasets/silesia/nci,33553445,2878588,8.579113,1.0805695056915283,0.2117297649383545
0,turbo2,16,1,262144,262144,262144,0,0,datasets/silesia/webster,41458703,11820255,28.510914,1.548302173614502,0.788811206817627
0,turbo2,16,1,262144,262144,262144,0,0,datasets/silesia/reymont,6627202,1809006,27.296678,0.38567161560058594,0.13138318061828613
0,turbo2,16,1,262144,262144,262144,0,0,datasets/silesia/dickens,10192446,3718411,36.482028,0.5013730525970459,0.24529123306274414
0,turbo2,16,1,262144,262144,262144,0,0,datasets/silesia/mozilla,51220480,17579969,34.322148,2.453430652618408,1.3074076175689697
0,turbo2,16,1,262144,262144,262144,0,0,datasets/silesia/osdb,10085684,3651167,36.201481,0.506873607635498,0.30481457710266113
0,turbo2,16,1,262144,262144,262144,0,0,datasets/silesia/x-ray,8474240,5545797,65.443001,0.6135897636413574,0.4446375370025635
0,turbo2,16,1,262144,262144,262144,0,0,datasets/silesia/samba,21606400,5017959,23.22441,0.9446616172790527,0.4105672836303711
0,turbo2,16,1,262144,262144,262144,0,0,datasets/silesia/sao,7251944,5119701,70.597636,0.6385571956634521,0.45021510124206543
0,turbo2,16,1,262144,262144,262144,0,0,AVERAGE,17661548.333333332,5352534.416666667,30.306145,0.8276902635892233,0.40309898058573407
0,turbo2,16,1,262144,262144,262144,0,1,datasets/silesia/ooffice,6152192,2944732,47.864761,0.44670724868774414,0.25415635108947754
0,turbo2,16,1,262144,262144,262144,0,1,datasets/silesia/xml,5345280,605837,11.334055,0.25557804107666016,0.0485532283782959
0,turbo2,16,1,262144,262144,262144,0,1,datasets/silesia/mr,9970564,3426491,34.36607,0.7094640731811523,0.26773881912231445
0,turbo2,16,1,262144,262144,262144,0,1,datasets/silesia/nci,33553445,2681020,7.990297,1.3656222820281982,0.22610211372375488
0,turbo2,16,1,262144,262144,262144,0,1,datasets/silesia/webster,41458703,11636751,28.068295,1.6986596584320068,0.8173158168792725
0,turbo2,16,1,262144,262144,262144,0,1,datasets/silesia/reymont,6627202,1762846,26.600155,0.5478212833404541,0.12949800491333008
0,turbo2,16,1,262144,262144,262144,0,1,datasets/silesia/dickens,10192446,3686051,36.164538,0.5974488258361816,0.25510215759277344
0,turbo2,16,1,262144,262144,262144,0,1,datasets/silesia/mozilla,51220480,17245909,33.669948,3.2463526725769043,1.3244383335113525
0,turbo2,16,1,262144,262144,262144,0,1,datasets/silesia/osdb,10085684,3576863,35.464754,0.5147981643676758,0.3076961040496826
0,turbo2,16,1,262144,262144,262144,0,1,datasets/silesia/x-ray,8474240,5472889,64.582653,0.6266219615936279,0.4603900909423828
0,turbo2,16,1,262144,262144,262144,0,1,datasets/silesia/samba,21606400,4887795,22.621978,0.9547443389892578,0.42656683921813965
0,turbo2,16,1,262144,262144,262144,0,1,datasets/silesia/sao,7251944,5088156,70.162649,0.5900540351867676,0.44568490982055664
0,turbo2,16,1,262144,262144,262144,0,1,AVERAGE,17661548.333333332,5251278.333333333,29.732831,0.9628227154413859,0.4136035641034444
0,turbo2,16,1,262144,262144,262144,0,2,datasets/silesia/ooffice,6152192,2940808,47.800979,0.5431268215179443,0.2573728561401367
0,turbo2,16,1,262144,262144,262144,0,2,datasets/silesia/xml,5345280,595297,11.136872,0.2666611671447754,0.05256247520446777
0,turbo2,16,1,262144,262144,262144,0,2,datasets/silesia/mr,9970564,3445911,34.560843,0.955857515335083,0.26561570167541504
0,turbo2,16,1,262144,262144,262144,0,2,datasets/silesia/nci,33553445,2592940,7.727791,1.3897933959960938,0.21385502815246582
0,turbo2,16,1,262144,262144,262144,0,2,datasets/silesia/webster,41458703,11551619,27.862953,1.9078164100646973,0.8761987686157227
0,turbo2,16,1,262144,262144,262144,0,2,datasets/silesia/reymont,6627202,1745758,26.342309,0.6712474822998047,0.14058423042297363
0,turbo2,16,1,262144,262144,262144,0,2,datasets/silesia/dickens,10192446,3669347,36.000652,0.6631200313568115,0.27745985984802246
0,turbo2,16,1,262144,262144,262144,0,2,datasets/silesia/mozilla,51220480,17231902,33.642602,4.701636552810669,1.3344314098358154
0,turbo2,16,1,262144,262144,262144,0,2,datasets/silesia/osdb,10085684,3564771,35.344861,0.5273666381835938,0.3098030090332031
0,turbo2,16,1,262144,262144,262144,0,2,datasets/silesia/x-ray,8474240,5501301,64.917928,0.6311206817626953,0.46050572395324707
0,turbo2,16,1,262144,262144,262144,0,2,datasets/silesia/samba,21606400,4849467,22.444586,1.0828187465667725,0.4300360679626465
0,turbo2,16,1,262144,262144,262144,0,2,datasets/silesia/sao,7251944,5096760,70.281293,0.7374427318572998,0.48076295852661133
0,turbo2,16,1,262144,262144,262144,0,2,AVERAGE,17661548.333333332,5232156.75,29.624564,1.17316734790802,0.424932340780894
0,turbo2,16,1,262144,262144,262144,0,3,datasets/silesia/ooffice,6152192,2933348,47.679721,0.7371203899383545,0.2523379325866699
0,turbo2,16,1,262144,262144,262144,0,3,datasets/silesia/xml,5345280,598237,11.191874,0.30333447456359863,0.052574872970581055
0,turbo2,16,1,262144,262144,262144,0,3,datasets/silesia/mr,9970564,3538535,35.489818,1.01686692237854,0.26622867584228516
0,turbo2,16,1,262144,262144,262144,0,3,datasets/silesia/nci,33553445,2588936,7.715857,2.0450186729431152,0.22009015083312988
0,turbo2,16,1,262144,262144,262144,0,3,datasets/silesia/webster,41458703,11652923,28.107302,2.094888925552368,0.8722679615020752
0,turbo2,16,1,262144,262144,262144,0,3,datasets/silesia/reymont,6627202,1761778,26.58404,0.8478097915649414,0.13926172256469727
0,turbo2,16,1,262144,262144,262144,0,3,datasets/silesia/dickens,10192446,3735915,36.653763,0.7617893218994141,0.2723195552825928
0,turbo2,16,1,262144,262144,262144,0,3,datasets/silesia/mozilla,51220480,17205948,33.59193,5.9885547161102295,1.3284876346588135
0,turbo2,16,1,262144,262144,262144,0,3,datasets/silesia/osdb,10085684,3565715,35.354221,0.6238539218902588,0.3106544017791748
0,turbo2,16,1,262144,262144,262144,0,3,datasets/silesia/x-ray,8474240,5540865,65.384801,0.6687493324279785,0.4765748977661133
0,turbo2,16,1,262144,262144,262144,0,3,datasets/silesia/samba,21606400,4854411,22.467468,1.2484045028686523,0.42145442962646484
0,turbo2,16,1,262144,262144,262144,0,3,datasets/silesia/sao,7251944,5098248,70.301811,0.7455041408538818,0.46297621726989746
0,turbo2,16,1,262144,262144,262144,0,3,AVERAGE,17661548.333333332,5256238.25,29.760914,1.4234912594159443,0.42293570439020794
0,turbo2,16,1,1048576,65536,65536,10,0,datasets/silesia/ooffice,6152192,3052062,49.609342,0.3438248634338379,0.28341126441955566
0,turbo2,16,1,1048576,65536,65536,10,0,datasets/silesia/xml,5345280,764502,14.302375,0.12946486473083496,0.06521201133728027
0,turbo2,16,1,1048576,65536,65536,10,0,datasets/silesia/mr,9970564,3486318,34.966106,0.3578684329986572,0.2932751178741455
0,turbo2,16,1,1048576,65536,65536,10,0,datasets/silesia/nci,33553445,3297196,9.826699,0.46021580696105957,0.2578599452972412
0,turbo2,16,1,1048576,65536,65536,10,0,datasets/silesia/webster,41458703,13032080,31.433883,1.067310094833374,0.928180456161499
0,turbo2,16,1,1048576,65536,65536,10,0,datasets/silesia/reymont,6627202,2092899,31.580432,0.24371886253356934,0.1662895679473877
0,turbo2,16,1,1048576,65536,65536,10,0,datasets/silesia/dickens,10192446,4183298,41.043122,0.3766598701477051,0.30609822273254395
0,turbo2,16,1,1048576,65536,65536,10,0,datasets/silesia/mozilla,51220480,17688258,34.533565,1.7957160472869873,1.3894572257995605
0,turbo2,16,1,1048576,65536,65536,10,0,datasets/silesia/osdb,10085684,3617282,35.86551,0.36122965812683105,0.30236172676086426
0,turbo2,16,1,1048576,65536,65536,10,0,datasets/silesia/x-ray,8474240,5546681,65.453433,0.5752401351928711,0.49907708168029785
0,turbo2,16,1,1048576,65536,65536,10,0,datasets/silesia/samba,21606400,5248873,24.29314,0.5809051990509033,0.44904613494873047
0,turbo2,16,1,1048576,65536,65536,10,0,datasets/silesia/sao,7251944,4989195,68.798035,0.5590410232543945,0.4711275100708008
0,turbo2,16,1,1048576,65536,65536,10,0,AVERAGE,17661548.333333332,5583220.333333333,31.612293,0.5709329048792521,0.45094968875249225
0,turbo2,16,1,1048576,65536,65536,10,1,datasets/silesia/ooffice,6152192,3005670,48.85527,0.34026050567626953,0.26878952980041504
0,turbo2,16,1,1048576,65536,65536,10,1,datasets/silesia/xml,5345280,722542,13.517384,0.13210844993591309,0.06434249877929688
0,turbo2,16,1,1048576,65536,65536,10,1,datasets/silesia/mr,9970564,3567762,35.782951,0.3766212463378906,0.3029148578643799
0,turbo2,16,1,1048576,65536,65536,10,1,datasets/silesia/nci,33553445,3036208,9.048871,0.4699249267578125,0.25622105598449707
0,turbo2,16,1,1048576,65536,65536,10,1,datasets/silesia/webster,41458703,12761616,30.781513,1.0450119972229004,0.959169864654541
0,turbo2,16,1,1048576,65536,65536,10,1,datasets/silesia/reymont,6627202,2029987,30.631132,0.24364829063415527,0.16706466674804688
0,turbo2,16,1,1048576,65536,65536,10,1,datasets/silesia/dickens,10192446,4132214,40.541927,0.362884521484375,0.32318115234375
0,turbo2,16,1,1048576,65536,65536,10,1,datasets/silesia/mozilla,51220480,17439857,34.048601,1.8189146518707275,1.4009768962860107
0,turbo2,16,1,1048576,65536,65536,10,1,datasets/silesia/osdb,10085684,3598446,35.67875,0.3606455326080322,0.2984142303466797
0,turbo2,16,1,1048576,65536,65536,10,1,datasets/silesia/x-ray,8474240,5537421,65.344161,0.5831706523895264,0.5174362659454346
0,turbo2,16,1,1048576,65536,65536,10,1,datasets/silesia/samba,21606400,5094949,23.58074,0.5801689624786377,0.4487032890319824
0,turbo2,16,1,1048576,65536,65536,10,1,datasets/silesia/sao,7251944,5008779,69.068087,0.5367279052734375,0.47551465034484863
0,turbo2,16,1,1048576,65536,65536,10,1,AVERAGE,17661548.333333332,5494620.916666667,31.110641,0.5708406368891398,0.4568940798441569
0,turbo2,16,1,1048576,65536,65536,10,2,datasets/silesia/ooffice,6152192,3006902,48.875295,0.32671189308166504,0.27233242988586426
0,turbo2,16,1,1048576,65536,65536,10,2,datasets/silesia/xml,5345280,702554,13.143446,0.12102723121643066,0.05960345268249512
0,turbo2,16,1,1048576,65536,65536,10,2,datasets/silesia/mr,9970564,3576158,35.867159,0.3550558090209961,0.3148539066314697
0,turbo2,16,1,1048576,65536,65536,10,2,datasets/silesia/nci,33553445,2934560,8.745928,0.5033924579620361,0.2500340938568115
0,turbo2,16,1,1048576,65536,65536,10,2,datasets/silesia/webster,41458703,12623664,30.448767,1.0880656242370605,0.968163251876831
0,turbo2,16,1,1048576,65536,65536,10,2,datasets/silesia/reymont,6627202,2021683,30.50583,0.25501179695129395,0.18072748184204102
0,turbo2,16,1,1048576,65536,65536,10,2,datasets/silesia/dickens,10192446,4093406,40.161174,0.4118163585662842,0.3235135078430176
0,turbo2,16,1,1048576,65536,65536,10,2,datasets/silesia/mozilla,51220480,17460750,34.089392,1.7436490058898926,1.3971335887908936
0,turbo2,16,1,1048576,65536,65536,10,2,datasets/silesia/osdb,10085684,3552270,35.220913,0.3620414733886719,0.30837321281433105
0,turbo2,16,1,1048576,65536,65536,10,2,datasets/silesia/x-ray,8474240,5549829,65.490581,0.5878143310546875,0.5123651027679443
0,turbo2,16,1,1048576,65536,65536,10,2,datasets/silesia/samba,21606400,5048873,23.367488,0.5775060653686523,0.461090087890625
0,turbo2,16,1,1048576,65536,65536,10,2,datasets/silesia/sao,7251944,5080351,70.055022,0.5092453956604004,0.487285852432251
0,turbo2,16,1,1048576,65536,65536,10,2,AVERAGE,17661548.333333332,5470916.666666667,30.976427,0.5701114535331726,0.4612896641095479
0,turbo2,16,1,1048576,65536,65536,10,3,datasets/silesia/ooffice,6152192,2997206,48.717693,0.34746885299682617,0.2697768211364746
0,turbo2,16,1,1048576,65536,65536,10,3,datasets/silesia/xml,5345280,702506,13.142548,0.12076902389526367,0.06140637397766113
0,turbo2,16,1,1048576,65536,65536,10,3,datasets/silesia/mr,9970564,3616978,36.276564,0.3605029582977295,0.32732677459716797
0,turbo2,16,1,1048576,65536,65536,10,3,datasets/silesia/nci,33553445,2940900,8.764823,0.4700894355773926,0.25437307357788086
0,turbo2,16,1,1048576,65536,65536,10,3,datasets/silesia/webster,41458703,12658744,30.533382,1.1196396350860596,0.988184928894043
0,turbo2,16,1,1048576,65536,65536,10,3,datasets/silesia/reymont,6627202,2034407,30.697827,0.24670124053955078,0.17210102081298828
0,turbo2,16,1,1048576,65536,65536,10,3,datasets/silesia/dickens,10192446,4133610,40.555623,0.40938591957092285,0.32353639602661133
0,turbo2,16,1,1048576,65536,65536,10,3,datasets/silesia/mozilla,51220480,17411426,33.993094,1.794734239578247,1.4197328090667725
0,turbo2,16,1,1048576,65536,65536,10,3,datasets/silesia/osdb,10085684,3548266,35.181213,0.37147951126098633,0.3071262836456299
0,turbo2,16,1,1048576,65536,65536,10,3,datasets/silesia/x-ray,8474240,5560233,65.613353,0.5542235374450684,0.5014750957489014
0,turbo2,16,1,1048576,65536,65536,10,3,datasets/silesia/samba,21606400,5047437,23.360842,0.5805494785308838,0.4486653804779053
0,turbo2,16,1,1048576,65536,65536,10,3,datasets/silesia/sao,7251944,5069999,69.912275,0.5827765464782715,0.48942017555236816
0,turbo2,16,1,1048576,65536,65536,10,3,AVERAGE,17661548.333333332,5476809.333333333,31.009792,0.5798600316047668,0.4635937611262004
0,turbo2,16,1,1048576,65536,65536,1000,0,datasets/silesia/ooffice,6152192,3001074,48.780565,0.339508056640625,0.2593357563018799
0,turbo2,16,1,1048576,65536,65536,1000,0,datasets/silesia/xml,5345280,652302,12.203327,0.13364291191101074,0.05449938774108887
0,turbo2,16,1,1048576,65536,65536,1000,0,datasets/silesia/mr,9970564,3424770,34.348809,0.36853694915771484,0.2636232376098633
0,turbo2,16,1,1048576,65536,65536,1000,0,datasets/silesia/nci,33553445,2905692,8.659892,0.45836353302001953,0.22088336944580078
0,turbo2,16,1,1048576,65536,65536,1000,0,datasets/silesia/webster,41458703,12021028,28.995186,1.0338575839996338,0.8189973831176758
0,turbo2,16,1,1048576,65536,65536,1000,0,datasets/silesia/reymont,6627202,1843367,27.815162,0.24213242530822754,0.1436176300048828
0,turbo2,16,1,1048576,65536,65536,1000,0,datasets/silesia/dickens,10192446,3804002,37.321777,0.3860630989074707,0.26148295402526855
0,turbo2,16,1,1048576,65536,65536,1000,0,datasets/silesia/mozilla,51220480,17470430,34.10829,1.7536301612854004,1.3751919269561768
0,turbo2,16,1,1048576,65536,65536,1000,0,datasets/silesia/osdb,10085684,3554222,35.240267,0.3925356864929199,0.3274681568145752
0,turbo2,16,1,1048576,65536,65536,1000,0,datasets/silesia/x-ray,8474240,5507497,64.991043,0.5247557163238525,0.4825434684753418
0,turbo2,16,1,1048576,65536,65536,1000,0,datasets/silesia/samba,21606400,5031569,23.287401,0.544013500213623,0.42416930198669434
0,turbo2,16,1,1048576,65536,65536,1000,0,datasets/silesia/sao,7251944,4975747,68.612595,0.5152950286865234,0.4642472267150879
0,turbo2,16,1,1048576,65536,65536,1000,0,AVERAGE,17661548.333333332,5349308.333333333,30.287879,0.5576945543289185,0.42467164993286133
0,turbo2,16,1,1048576,65536,65536,1000,1,datasets/silesia/ooffice,6152192,2949810,47.947301,0.35908055305480957,0.26294851303100586
0,turbo2,16,1,1048576,65536,65536,1000,1,datasets/silesia/xml,5345280,622022,11.636846,0.14180660247802734,0.05434846878051758
0,turbo2,16,1,1048576,65536,65536,1000,1,datasets/silesia/mr,9970564,3403246,34.132934,0.4814119338989258,0.28106021881103516
0,turbo2,16,1,1048576,65536,65536,1000,1,datasets/silesia/nci,33553445,2705388,8.062922,0.5023441314697266,0.21743321418762207
0,turbo2,16,1,1048576,65536,65536,1000,1,datasets/silesia/webster,41458703,11816644,28.502204,0.9876399040222168,0.8414039611816406
0,turbo2,16,1,1048576,65536,65536,1000,1,datasets/silesia/reymont,6627202,1793199,27.058161,0.36617279052734375,0.13746094703674316
0,turbo2,16,1,1048576,65536,65536,1000,1,datasets/silesia/dickens,10192446,3765226,36.941339,0.47841882705688477,0.2682836055755615
0,turbo2,16,1,1048576,65536,65536,1000,1,datasets/silesia/mozilla,51220480,17188666,33.55819,1.7656543254852295,1.376288652420044
0,turbo2,16,1,1048576,65536,65536,1000,1,datasets/silesia/osdb,10085684,3467090,34.37635,0.3792083263397217,0.295215368270874
0,turbo2,16,1,1048576,65536,65536,1000,1,datasets/silesia/x-ray,8474240,5442141,64.219812,0.5321009159088135,0.4856271743774414
0,turbo2,16,1,1048576,65536,65536,1000,1,datasets/silesia/samba,21606400,4896693,22.66316,0.5745542049407959,0.43037939071655273
0,turbo2,16,1,1048576,65536,65536,1000,1,datasets/silesia/sao,7251944,4984603,68.734714,0.5438511371612549,0.4717981815338135
0,turbo2,16,1,1048576,65536,65536,1000,1,AVERAGE,17661548.333333332,5252894.0,29.741979,0.5926869710286459,0.4268539746602376
0,turbo2,16,1,1048576,65536,65536,1000,2,datasets/silesia/ooffice,6152192,2948038,47.918498,0.3697013854980469,0.255826473236084
0,turbo2,16,1,1048576,65536,65536,1000,2,datasets/silesia/xml,5345280,611766,11.444976,0.16692352294921875,0.055887699127197266
0,turbo2,16,1,1048576,65536,65536,1000,2,datasets/silesia/mr,9970564,3429194,34.39318,0.48453712463378906,0.28395962715148926
0,turbo2,16,1,1048576,65536,65536,1000,2,datasets/silesia/nci,33553445,2619392,7.806626,0.518547773361206,0.22219419479370117
0,turbo2,16,1,1048576,65536,65536,1000,2,datasets/silesia/webster,41458703,11711660,28.248978,1.1533591747283936,0.8970386981964111
0,turbo2,16,1,1048576,65536,65536,1000,2,datasets/silesia/reymont,6627202,1776943,26.812869,0.4387664794921875,0.14569878578186035
0,turbo2,16,1,1048576,65536,65536,1000,2,datasets/silesia/dickens,10192446,3742250,36.715917,0.4830920696258545,0.29076337814331055
0,turbo2,16,1,1048576,65536,65536,1000,2,datasets/silesia/mozilla,51220480,17186527,33.554014,1.7883210182189941,1.3928134441375732
0,turbo2,16,1,1048576,65536,65536,1000,2,datasets/silesia/osdb,10085684,3460162,34.307658,0.4279048442840576,0.2911214828491211
0,turbo2,16,1,1048576,65536,65536,1000,2,datasets/silesia/x-ray,8474240,5468545,64.531392,0.5482010841369629,0.4938499927520752
0,turbo2,16,1,1048576,65536,65536,1000,2,datasets/silesia/samba,21606400,4856109,22.475327,0.6231505870819092,0.44278502464294434
0,turbo2,16,1,1048576,65536,65536,1000,2,datasets/silesia/sao,7251944,4993751,68.86086,0.5614957809448242,0.4655129909515381
0,turbo2,16,1,1048576,65536,65536,1000,2,AVERAGE,17661548.333333332,5233694.75,29.633273,0.630333403746287,0.43645431598027545
0,turbo2,16,1,1048576,65536,65536,1000,3,datasets/silesia/ooffice,6152192,2940298,47.792689,0.3973820209503174,0.2497847080230713
0,turbo2,16,1,1048576,65536,65536,1000,3,datasets/silesia/xml,5345280,614518,11.49646,0.2186892032623291,0.05647087097167969
0,turbo2,16,1,1048576,65536,65536,1000,3,datasets/silesia/mr,9970564,3504438,35.147841,0.6110861301422119,0.2895627021789551
0,turbo2,16,1,1048576,65536,65536,1000,3,datasets/silesia/nci,33553445,2612248,7.785335,0.5678396224975586,0.23202991485595703
0,turbo2,16,1,1048576,65536,65536,1000,3,datasets/silesia/webster,41458703,11798716,28.458961,1.192580223083496,0.8961317539215088
0,turbo2,16,1,1048576,65536,65536,1000,3,datasets/silesia/reymont,6627202,1792247,27.043796,0.5101747512817383,0.14728665351867676
0,turbo2,16,1,1048576,65536,65536,1000,3,datasets/silesia/dickens,10192446,3806266,37.34399,0.5436520576477051,0.2906978130340576
0,turbo2,16,1,1048576,65536,65536,1000,3,datasets/silesia/mozilla,51220480,17156485,33.495362,1.8786849975585938,1.3742644786834717
0,turbo2,16,1,1048576,65536,65536,1000,3,datasets/silesia/osdb,10085684,3461046,34.316423,0.4042210578918457,0.29787755012512207
0,turbo2,16,1,1048576,65536,65536,1000,3,datasets/silesia/x-ray,8474240,5493861,64.830132,0.591249942779541,0.5059816837310791
0,turbo2,16,1,1048576,65536,65536,1000,3,datasets/silesia/samba,21606400,4863249,22.508373,0.6672718524932861,0.42704248428344727
0,turbo2,16,1,1048576,65536,65536,1000,3,datasets/silesia/sao,7251944,4994591,68.872443,0.5892088413238525,0.4645860195159912
0,turbo2,16,1,1048576,65536,65536,1000,3,AVERAGE,17661548.333333332,5253163.583333333,29.743505,0.6810033917427063,0.43597638607025146
0,turbo2,16,1,1048576,65536,65536,0,0,datasets/silesia/ooffice,6152192,3000862,48.777119,0.3379206657409668,0.2815694808959961
0,turbo2,16,1,1048576,65536,65536,0,0,datasets/silesia/xml,5345280,652198,12.201381,0.12643861770629883,0.05308032035827637
0,turbo2,16,1,1048576,65536,65536,0,0,datasets/silesia/mr,9970564,3423238,34.333444,0.40595054626464844,0.2616744041442871
0,turbo2,16,1,1048576,65536,65536,0,0,datasets/silesia/nci,33553445,2893424,8.623329,0.4439685344696045,0.21422886848449707
0,turbo2,16,1,1048576,65536,65536,0,0,datasets/silesia/webster,41458703,12020992,28.995099,1.0286915302276611,0.8370587825775146
0,turbo2,16,1,1048576,65536,65536,0,0,datasets/silesia/reymont,6627202,1840563,27.772852,0.2592487335205078,0.13777613639831543
0,turbo2,16,1,1048576,65536,65536,0,0,datasets/silesia/dickens,10192446,3803902,37.320796,0.38205385208129883,0.2568321228027344
0,turbo2,16,1,1048576,65536,65536,0,0,datasets/silesia/mozilla,51220480,17474390,34.116022,1.7168092727661133,1.3275907039642334
0,turbo2,16,1,1048576,65536,65536,0,0,datasets/silesia/osdb,10085684,3554222,35.240267,0.36800098419189453,0.2963755130767822
0,turbo2,16,1,1048576,65536,65536,0,0,datasets/silesia/x-ray,8474240,5507497,64.991043,0.5758030414581299,0.4798088073730469
0,turbo2,16,1,1048576,65536,65536,0,0,datasets/silesia/samba,21606400,5029925,23.279792,0.5545732975006104,0.4150865077972412
0,turbo2,16,1,1048576,65536,65536,0,0,datasets/silesia/sao,7251944,4975747,68.612595,0.5089733600616455,0.46504783630371094
0,turbo2,16,1,1048576,65536,65536,0,0,AVERAGE,17661548.333333332,5348080.0,30.280924,0.5590360363324484,0.4188441236813863
0,turbo2,16,1,1048576,65536,65536,0,1,datasets/silesia/ooffice,6152192,2949766,47.946586,0.3431830406188965,0.25662660598754883
0,turbo2,16,1,1048576,65536,65536,0,1,datasets/silesia/xml,5345280,621854,11.633703,0.15394997596740723,0.05594325065612793
0,turbo2,16,1,1048576,65536,65536,0,1,datasets/silesia/mr,9970564,3396022,34.06048,0.6157107353210449,0.27774739265441895
0,turbo2,16,1,1048576,65536,65536,0,1,datasets/silesia/nci,33553445,2686284,8.005986,0.5935623645782471,0.21430468559265137
0,turbo2,16,1,1048576,65536,65536,0,1,datasets/silesia/webster,41458703,11816608,28.502117,1.0089285373687744,0.8351707458496094
0,turbo2,16,1,1048576,65536,65536,0,1,datasets/silesia/reymont,6627202,1789455,27.001667,0.37230491638183594,0.14156103134155273
0,turbo2,16,1,1048576,65536,65536,0,1,datasets/silesia/dickens,10192446,3765134,36.940436,0.43909358978271484,0.27340269088745117
0,turbo2,16,1,1048576,65536,65536,0,1,datasets/silesia/mozilla,51220480,17202095,33.584408,2.1039724349975586,1.3738222122192383
0,turbo2,16,1,1048576,65536,65536,0,1,datasets/silesia/osdb,10085684,3467090,34.37635,0.4016098976135254,0.29001688957214355
0,turbo2,16,1,1048576,65536,65536,0,1,datasets/silesia/x-ray,8474240,5442141,64.219812,0.5641529560089111,0.4971580505371094
0,turbo2,16,1,1048576,65536,65536,0,1,datasets/silesia/samba,21606400,4895249,22.656477,0.6212384700775146,0.4277985095977783
0,turbo2,16,1,1048576,65536,65536,0,1,datasets/silesia/sao,7251944,4984663,68.735542,0.5347373485565186,0.4687628746032715
0,turbo2,16,1,1048576,65536,65536,0,1,AVERAGE,17661548.333333332,5251363.416666667,29.733313,0.6460370222727457,0.42602624495824176
0,turbo2,16,1,1048576,65536,65536,0,2,datasets/silesia/ooffice,6152192,2947910,47.916417,0.3816947937011719,0.2591884136199951
0,turbo2,16,1,1048576,65536,65536,0,2,datasets/silesia/xml,5345280,611546,11.44086,0.17711400985717773,0.056424856185913086
0,turbo2,16,1,1048576,65536,65536,0,2,datasets/silesia/mr,9970564,3414686,34.247671,0.6712973117828369,0.29361701011657715
0,turbo2,16,1,1048576,65536,65536,0,2,datasets/silesia/nci,33553445,2592984,7.727922,0.6855416297912598,0.2200472354888916
0,turbo2,16,1,1048576,65536,65536,0,2,datasets/silesia/webster,41458703,11711632,28.248911,1.1337816715240479,0.8862266540527344
0,turbo2,16,1,1048576,65536,65536,0,2,datasets/silesia/reymont,6627202,1771795,26.735189,0.4505605697631836,0.13961005210876465
0,turbo2,16,1,1048576,65536,65536,0,2,datasets/silesia/dickens,10192446,3742126,36.7147,0.506969690322876,0.28638672828674316
0,turbo2,16,1,1048576,65536,65536,0,2,datasets/silesia/mozilla,51220480,17199765,33.579859,2.9845809936523438,1.3673076629638672
0,turbo2,16,1,1048576,65536,65536,0,2,datasets/silesia/osdb,10085684,3460162,34.307658,0.38011789321899414,0.2990546226501465
0,turbo2,16,1,1048576,65536,65536,0,2,datasets/silesia/x-ray,8474240,5468545,64.531392,0.5317227840423584,0.49042201042175293
0,turbo2,16,1,1048576,65536,65536,0,2,datasets/silesia/samba,21606400,4854869,22.469588,0.612023115158081,0.4449481964111328
0,turbo2,16,1,1048576,65536,65536,0,2,datasets/silesia/sao,7251944,4993775,68.861191,0.5919125080108643,0.4624443054199219
0,turbo2,16,1,1048576,65536,65536,0,2,AVERAGE,17661548.333333332,5230816.25,29.616974,0.7589430809020996,0.43380647897720337
0,turbo2,16,1,1048576,65536,65536,0,3,datasets/silesia/ooffice,6152192,2940102,47.789503,0.4179348945617676,0.25849199295043945
0,turbo2,16,1,1048576,65536,65536,0,3,datasets/silesia/xml,5345280,614278,11.49197,0.21462488174438477,0.055341243743896484
0,turbo2,16,1,1048576,65536,65536,0,3,datasets/silesia/mr,9970564,3499610,35.099419,0.8845119476318359,0.28856468200683594
0,turbo2,16,1,1048576,65536,65536,0,3,datasets/silesia/nci,33553445,2585536,7.705724,1.0313515663146973,0.222825288772583
0,turbo2,16,1,1048576,65536,65536,0,3,datasets/silesia/webster,41458703,11798688,28.458893,1.2246131896972656,0.8828022480010986
0,turbo2,16,1,1048576,65536,65536,0,3,datasets/silesia/reymont,6627202,1786711,26.960262,0.5884993076324463,0.14691853523254395
0,turbo2,16,1,1048576,65536,65536,0,3,datasets/silesia/dickens,10192446,3806154,37.342891,0.5486080646514893,0.3046267032623291
0,turbo2,16,1,1048576,65536,65536,0,3,datasets/silesia/mozilla,51220480,17169411,33.520598,3.8938655853271484,1.3659734725952148
0,turbo2,16,1,1048576,65536,65536,0,3,datasets/silesia/osdb,10085684,3461046,34.316423,0.4292113780975342,0.2985093593597412
0,turbo2,16,1,1048576,65536,65536,0,3,datasets/silesia/x-ray,8474240,5493861,64.830132,0.5788967609405518,0.5110039710998535
0,turbo2,16,1,1048576,65536,65536,0,3,datasets/silesia/samba,21606400,4862045,22.5028,0.740217924118042,0.43390679359436035
0,turbo2,16,1,1048576,65536,65536,0,3,datasets/silesia/sao,7251944,4994387,68.86963,0.5958445072174072,0.47058773040771484
0,turbo2,16,1,1048576,65536,65536,0,3,AVERAGE,17661548.333333332,5250985.75,29.731174,0.9290150006612142,0.43662933508555096
0,turbo2,16,1,1048576,65536,262144,10,0,datasets/silesia/ooffice,6152192,3052062,49.609342,0.34918713569641113,0.2733309268951416
0,turbo2,16,1,1048576,65536,262144,10,0,datasets/silesia/xml,5345280,764502,14.302375,0.12883996963500977,0.06234931945800781
0,turbo2,16,1,1048576,65536,262144,10,0,datasets/silesia/mr,9970564,3486318,34.966106,0.3561544418334961,0.28153419494628906
0,turbo2,16,1,1048576,65536,262144,10,0,datasets/silesia/nci,33553445,3297196,9.826699,0.44850993156433105,0.2578928470611572
0,turbo2,16,1,1048576,65536,262144,10,0,datasets/silesia/webster,41458703,13032080,31.433883,1.0234298706054688,0.9381201267242432
0,turbo2,16,1,1048576,65536,262144,10,0,datasets/silesia/reymont,6627202,2092899,31.580432,0.22505760192871094,0.16191554069519043
0,turbo2,16,1,1048576,65536,262144,10,0,datasets/silesia/dickens,10192446,4183298,41.043122,0.38590335845947266,0.30561161041259766
0,turbo2,16,1,1048576,65536,262144,10,0,datasets/silesia/mozilla,51220480,17688258,34.533565,1.764763355255127,1.4168751239776611
0,turbo2,16,1,1048576,65536,262144,10,0,datasets/silesia/osdb,10085684,3617282,35.86551,0.38240885734558105,0.29517459869384766
0,turbo2,16,1,1048576,65536,262144,10,0,datasets/silesia/x-ray,8474240,5546681,65.453433,0.51479172706604,0.4899618625640869
0,turbo2,16,1,1048576,65536,262144,10,0,datasets/silesia/samba,21606400,5248873,24.29314,0.574965238571167,0.45505285263061523
0,turbo2,16,1,1048576,65536,262144,10,0,datasets/silesia/sao,7251944,4989195,68.798035,0.5462286472320557,0.4641404151916504
0,turbo2,16,1,1048576,65536,262144,10,0,AVERAGE,17661548.333333332,5583220.333333333,31.612293,0.5583533445994059,0.4501632849375407
0,turbo2,16,1,1048576,65536,262144,10,1,datasets/silesia/ooffice,6152192,3005670,48.85527,0.3351132869720459,0.2810180187225342
0,turbo2,16,1,1048576,65536,262144,10,1,datasets/silesia/xml,5345280,722542,13.517384,0.12778568267822266,0.06151127815246582
0,turbo2,16,1,1048576,65536,262144,10,1,datasets/silesia/mr,9970564,3567762,35.782951,0.3767969608306885,0.2995004653930664
0,turbo2,16,1,1048576,65536,262144,10,1,datasets/silesia/nci,33553445,3036208,9.048871,0.4272150993347168,0.25395894050598145
0,turbo2,16,1,1048576,65536,262144,10,1,datasets/silesia/webster,41458703,12761616,30.781513,1.0723743438720703,0.9676954746246338
0,turbo2,16,1,1048576,65536,262144,10,1,datasets/silesia/reymont,6627202,2029987,30.631132,0.21718406677246094,0.1711440086364746
0,turbo2,16,1,1048576,65536,262144,10,1,datasets/silesia/dickens,10192446,4132214,40.541927,0.4021146297454834,0.31331706047058105
0,turbo2,16,1,1048576,65536,262144,10,1,datasets/silesia/mozilla,51220480,17439857,34.048601,1.788285255432129,1.4010531902313232
0,turbo2,16,1,1048576,65536,262144,10,1,datasets/silesia/osdb,10085684,3598446,35.67875,0.3991563320159912,0.30013346672058105
0,turbo2,16,1,1048576,65536,262144,10,1,datasets/silesia/x-ray,8474240,5537421,65.344161,0.5412275791168213,0.4962754249572754
0,turbo2,16,1,1048576,65536,262144,10,1,datasets/silesia/samba,21606400,5094949,23.58074,0.5730376243591309,0.438129186630249
0,turbo2,16,1,1048576,65536,262144,10,1,datasets/silesia/sao,7251944,5008779,69.068087,0.5015254020690918,0.4828975200653076
0,turbo2,16,1,1048576,65536,262144,10,1,AVERAGE,17661548.333333332,5494620.916666667,31.110641,0.5634846885999044,0.4555528362592061
0,turbo2,16,1,1048576,65536,262144,10,2,datasets/silesia/ooffice,6152192,3006902,48.875295,0.33535289764404297,0.262056827545166
0,turbo2,16,1,1048576,65536,262144,10,2,datasets/silesia/xml,5345280,702554,13.143446,0.1135413646697998,0.06484436988830566
0,turbo2,16,1,1048576,65536,262144,10,2,datasets/silesia/mr,9970564,3576158,35.867159,0.3604583740234375,0.3138267993927002
0,turbo2,16,1,1048576,65536,262144,10,2,datasets/silesia/nci,33553445,2934560,8.745928,0.4134995937347412,0.24656939506530762
0,turbo2,16,1,1048576,65536,262144,10,2,datasets/silesia/webster,41458703,12623664,30.448767,1.1194782257080078,0.9610910415649414
0,turbo2,16,1,1048576,65536,262144,10,2,datasets/silesia/reymont,6627202,2021683,30.50583,0.22114849090576172,0.1718275547027588
0,turbo2,16,1,1048576,65536,262144,10,2,datasets/silesia/dickens,10192446,4093406,40.161174,0.3814857006072998,0.32466650009155273
0,turbo2,16,1,1048576,65536,262144,10,2,datasets/silesia/mozilla,51220480,17460750,34.089392,1.7391607761383057,1.4008493423461914
0,turbo2,16,1,1048576,65536,262144,10,2,datasets/silesia/osdb,10085684,3552270,35.220913,0.3646574020385742,0.30318713188171387
0,turbo2,16,1,1048576,65536,262144,10,2,datasets/silesia/x-ray,8474240,5549829,65.490581,0.5717461109161377,0.5011389255523682
0,turbo2,16,1,1048576,65536,262144,10,2,datasets/silesia/samba,21606400,5048873,23.367488,0.5723800659179688,0.4501311779022217
0,turbo2,16,1,1048576,65536,262144,10,2,datasets/silesia/sao,7251944,5080351,70.055022,0.5043261051177979,0.4815375804901123
0,turbo2,16,1,1048576,65536,262144,10,2,AVERAGE,17661548.333333332,5470916.666666667,30.976427,0.5581029256184896,0.45681055386861164
0,turbo2,16,1,1048576,65536,262144,10,3,datasets/silesia/ooffice,6152192,2997206,48.717693,0.3441014289855957,0.2661473751068115
0,turbo2,16,1,1048576,65536,262144,10,3,datasets/silesia/xml,5345280,702506,13.142548,0.13850998878479004,0.06574749946594238
0,turbo2,16,1,1048576,65536,262144,10,3,datasets/silesia/mr,9970564,3616978,36.276564,0.3891165256500244,0.32443714141845703
0,turbo2,16,1,1048576,65536,262144,10,3,datasets/silesia/nci,33553445,2940900,8.764823,0.44043493270874023,0.24850010871887207
0,turbo2,16,1,1048576,65536,262144,10,3,datasets/silesia/webster,41458703,12658744,30.533382,1.089679479598999,0.9477033615112305
0,turbo2,16,1,1048576,65536,262144,10,3,datasets/silesia/reymont,6627202,2034407,30.697827,0.22095394134521484,0.17162752151489258
0,turbo2,16,1,1048576,65536,262144,10,3,datasets/silesia/dickens,10192446,4133610,40.555623,0.40699315071105957,0.3171203136444092
0,turbo2,16,1,1048576,65536,262144,10,3,datasets/silesia/mozilla,51220480,17411426,33.993094,1.7180380821228027,1.3923614025115967
0,turbo2,16,1,1048576,65536,262144,10,3,datasets/silesia/osdb,10085684,3548266,35.181213,0.3770177364349365,0.3153975009918213
0,turbo2,16,1,1048576,65536,262144,10,3,datasets/silesia/x-ray,8474240,5560233,65.613353,0.5743188858032227,0.5067322254180908
0,turbo2,16,1,1048576,65536,262144,10,3,datasets/silesia/samba,21606400,5047437,23.360842,0.5809764862060547,0.4533565044403076
0,turbo2,16,1,1048576,65536,262144,10,3,datasets/silesia/sao,7251944,5069999,69.912275,0.5243189334869385,0.4795553684234619
0,turbo2,16,1,1048576,65536,262144,10,3,AVERAGE,17661548.333333332,5476809.333333333,31.009792,0.5670382976531982,0.45739052693049115
0,turbo2,16,1,1048576,65536,262144,1000,0,datasets/silesia/ooffice,6152192,3001074,48.780565,0.36615467071533203,0.2662992477416992
0,turbo2,16,1,1048576,65536,262144,1000,0,datasets/silesia/xml,5345280,652302,12.203327,0.12986421585083008,0.0530705451965332
0,turbo2,16,1,1048576,65536,262144,1000,0,datasets/silesia/mr,9970564,3424770,34.348809,0.3767378330230713,0.26808834075927734
0,turbo2,16,1,1048576,65536,262144,1000,0,datasets/silesia/nci,33553445,2905692,8.659892,0.43096923828125,0.21247363090515137
0,turbo2,16,1,1048576,65536,262144,1000,0,datasets/silesia/webster,41458703,12021028,28.995186,0.990206241607666,0.817453145980835
0,turbo2,16,1,1048576,65536,262144,1000,0,datasets/silesia/reymont,6627202,1843367,27.815162,0.2518930435180664,0.12726187705993652
0,turbo2,16,1,1048576,65536,262144,1000,0,datasets/silesia/dickens,10192446,3804002,37.321777,0.3860154151916504,0.2669382095336914
0,turbo2,16,1,1048576,65536,262144,1000,0,datasets/silesia/mozilla,51220480,17470430,34.10829,1.7282910346984863,1.3731722831726074
0,turbo2,16,1,1048576,65536,262144,1000,0,datasets/silesia/osdb,10085684,3554222,35.240267,0.37583112716674805,0.2930574417114258
0,turbo2,16,1,1048576,65536,262144,1000,0,datasets/silesia/x-ray,8474240,5507497,64.991043,0.525942325592041,0.49181580543518066
0,turbo2,16,1,1048576,65536,262144,1000,0,datasets/silesia/samba,21606400,5031569,23.287401,0.5686204433441162,0.41809773445129395
0,turbo2,16,1,1048576,65536,262144,1000,0,datasets/silesia/sao,7251944,4975747,68.612595,0.4916672706604004,0.458850622177124
0,turbo2,16,1,1048576,65536,262144,1000,0,AVERAGE,17661548.333333332,5349308.333333333,30.287879,0.5518494049708048,0.4205482403437297
0,turbo2,16,1,1048576,65536,262144,1000,1,datasets/silesia/ooffice,6152192,2949810,47.947301,0.34606051445007324,0.2658400535583496
0,turbo2,16,1,1048576,65536,262144,1000,1,datasets/silesia/xml,5345280,622022,11.636846,0.14675021171569824,0.05193758010864258
0,turbo2,16,1,1048576,65536,262144,1000,1,datasets/silesia/mr,9970564,3403246,34.132934,0.4638352394104004,0.2717015743255615
0,turbo2,16,1,1048576,65536,262144,1000,1,datasets/silesia/nci,33553445,2705388,8.062922,0.44570207595825195,0.2126140594482422
0,turbo2,16,1,1048576,65536,262144,1000,1,datasets/silesia/webster,41458703,11816644,28.502204,1.0213782787322998,0.8280928134918213
0,turbo2,16,1,1048576,65536,262144,1000,1,datasets/silesia/reymont,6627202,1793199,27.058161,0.33249664306640625,0.14149069786071777
0,turbo2,16,1,1048576,65536,262144,1000,1,datasets/silesia/dickens,10192446,3765226,36.941339,0.42734313011169434,0.277510404586792
0,turbo2,16,1,1048576,65536,262144,1000,1,datasets/silesia/mozilla,51220480,17188666,33.55819,1.7829289436340332,1.3528647422790527
0,turbo2,16,1,1048576,65536,262144,1000,1,datasets/silesia/osdb,10085684,3467090,34.37635,0.36751866340637207,0.2926645278930664
0,turbo2,16,1,1048576,65536,262144,1000,1,datasets/silesia/x-ray,8474240,5442141,64.219812,0.5558290481567383,0.485609769821167
0,turbo2,16,1,1048576,65536,262144,1000,1,datasets/silesia/samba,21606400,4896693,22.66316,0.5722270011901855,0.42334866523742676
0,turbo2,16,1,1048576,65536,262144,1000,1,datasets/silesia/sao,7251944,4984603,68.734714,0.526458740234375,0.4658071994781494
0,turbo2,16,1,1048576,65536,262144,1000,1,AVERAGE,17661548.333333332,5252894.0,29.741979,0.5823773741722107,0.42245684067408246
0,turbo2,16,1,1048576,65536,262144,1000,2,datasets/silesia/ooffice,6152192,2948038,47.918498,0.3912851810455322,0.26186275482177734
0,turbo2,16,1,1048576,65536,262144,1000,2,datasets/silesia/xml,5345280,611766,11.444976,0.15987753868103027,0.05572867393493652
0,turbo2,16,1,1048576,65536,262144,1000,2,datasets/silesia/mr,9970564,3429194,34.39318,0.5360107421875,0.2806837558746338
0,turbo2,16,1,1048576,65536,262144,1000,2,datasets/silesia/nci,33553445,2619392,7.806626,0.4874281883239746,0.21978449821472168
0,turbo2,16,1,1048576,65536,262144,1000,2,datasets/silesia/webster,41458703,11711660,28.248978,1.0884122848510742,0.895819902420044
0,turbo2,16,1,1048576,65536,262144,1000,2,datasets/silesia/reymont,6627202,1776943,26.812869,0.439211368560791,0.14629554748535156
0,turbo2,16,1,1048576,65536,262144,1000,2,datasets/silesia/dickens,10192446,3742250,36.715917,0.5375795364379883,0.2910275459289551
0,turbo2,16,1,1048576,65536,262144,1000,2,datasets/silesia/mozilla,51220480,17186527,33.554014,1.7766718864440918,1.3281354904174805
0,turbo2,16,1,1048576,65536,262144,1000,2,datasets/silesia/osdb,10085684,3460162,34.307658,0.3888099193572998,0.28955531120300293
0,turbo2,16,1,1048576,65536,262144,1000,2,datasets/silesia/x-ray,8474240,5468545,64.531392,0.5489351749420166,0.47826313972473145
0,turbo2,16,1,1048576,65536,262144,1000,2,datasets/silesia/samba,21606400,4856109,22.475327,0.5850682258605957,0.4276423454284668
0,turbo2,16,1,1048576,65536,262144,1000,2,datasets/silesia/sao,7251944,4993751,68.86086,0.5927019119262695,0.47119784355163574
0,turbo2,16,1,1048576,65536,262144,1000,2,AVERAGE,17661548.333333332,5233694.75,29.633273,0.6276659965515137,0.4288330674171448
0,turbo2,16,1,1048576,65536,262144,1000,3,datasets/silesia/ooffice,6152192,2940298,47.792689,0.4187963008880615,0.2623157501220703
0,turbo2,16,1,1048576,65536,262144,1000,3,datasets/silesia/xml,5345280,614518,11.49646,0.2017817497253418,0.05131888389587402
0,turbo2,16,1,1048576,65536,262144,1000,3,datasets/silesia/mr,9970564,3504438,35.147841,0.6638977527618408,0.2852029800415039
0,turbo2,16,1,1048576,65536,262144,1000,3,datasets/silesia/nci,33553445,2612248,7.785335,0.5585691928863525,0.22240161895751953
0,turbo2,16,1,1048576,65536,262144,1000,3,datasets/silesia/webster,41458703,11798716,28.458961,1.1706736087799072,0.8824472427368164
0,turbo2,16,1,1048576,65536,262144,1000,3,datasets/silesia/reymont,6627202,1792247,27.043796,0.5068724155426025,0.14459824562072754
0,turbo2,16,1,1048576,65536,262144,1000,3,datasets/silesia/dickens,10192446,3806266,37.34399,0.5937974452972412,0.29417872428894043
0,turbo2,16,1,1048576,65536,262144,1000,3,datasets/silesia/mozilla,51220480,17156485,33.495362,2.003457546234131,1.348966360092163
0,turbo2,16,1,1048576,65536,262144,1000,3,datasets/silesia/osdb,10085684,3461046,34.316423,0.3969564437866211,0.302837610244751
0,turbo2,16,1,1048576,65536,262144,1000,3,datasets/silesia/x-ray,8474240,5493861,64.830132,0.5811641216278076,0.4917004108428955
0,turbo2,16,1,1048576,65536,262144,1000,3,datasets/silesia/samba,21606400,4863249,22.508373,0.6311156749725342,0.4432649612426758
0,turbo2,16,1,1048576,65536,262144,1000,3,datasets/silesia/sao,7251944,4994591,68.872443,0.580125093460083,0.46738123893737793
0,turbo2,16,1,1048576,65536,262144,1000,3,AVERAGE,17661548.333333332,5253163.583333333,29.743505,0.6922672788302103,0.4330511689186096
0,turbo2,16,1,1048576,65536,262144,0,0,datasets/silesia/ooffice,6152192,3000862,48.777119,0.3542327880859375,0.2672154903411865
0,turbo2,16,1,1048576,65536,262144,0,0,datasets/silesia/xml,5345280,652198,12.201381,0.13078904151916504,0.05207967758178711
0,turbo2,16,1,1048576,65536,262144,0,0,datasets/silesia/mr,9970564,3423238,34.333444,0.3891258239746094,0.26885461807250977
0,turbo2,16,1,1048576,65536,262144,0,0,datasets/silesia/nci,33553445,2893424,8.623329,0.4756290912628174,0.21373224258422852
0,turbo2,16,1,1048576,65536,262144,0,0,datasets/silesia/webster,41458703,12020992,28.995099,1.005042552947998,0.833362340927124
0,turbo2,16,1,1048576,65536,262144,0,0,datasets/silesia/reymont,6627202,1840563,27.772852,0.2919480800628662,0.1354968547821045
0,turbo2,16,1,1048576,65536,262144,0,0,datasets/silesia/dickens,10192446,3803902,37.320796,0.38221216201782227,0.26473140716552734
0,turbo2,16,1,1048576,65536,262144,0,0,datasets/silesia/mozilla,51220480,17474390,34.116022,1.7430505752563477,1.3525123596191406
0,turbo2,16,1,1048576,65536,262144,0,0,datasets/silesia/osdb,10085684,3554222,35.240267,0.36200881004333496,0.2991511821746826
0,turbo2,16,1,1048576,65536,262144,0,0,datasets/silesia/x-ray,8474240,5507497,64.991043,0.5282528400421143,0.4700345993041992
0,turbo2,16,1,1048576,65536,262144,0,0,datasets/silesia/samba,21606400,5029925,23.279792,0.533332109451294,0.42009902000427246
0,turbo2,16,1,1048576,65536,262144,0,0,datasets/silesia/sao,7251944,4975747,68.612595,0.50823974609375,0.4721341133117676
0,turbo2,16,1,1048576,65536,262144,0,0,AVERAGE,17661548.333333332,5348080.0,30.280924,0.558655301729838,0.4207836588223775
0,turbo2,16,1,1048576,65536,262144,0,1,datasets/silesia/ooffice,6152192,2949766,47.946586,0.3583869934082031,0.2582740783691406
0,turbo2,16,1,1048576,65536,262144,0,1,datasets/silesia/xml,5345280,621854,11.633703,0.14534759521484375,0.051194190979003906
0,turbo2,16,1,1048576,65536,262144,0,1,datasets/silesia/mr,9970564,3396022,34.06048,0.6052191257476807,0.27639007568359375
0,turbo2,16,1,1048576,65536,262144,0,1,datasets/silesia/nci,33553445,2686284,8.005986,0.5017180442810059,0.2152104377746582
0,turbo2,16,1,1048576,65536,262144,0,1,datasets/silesia/webster,41458703,11816608,28.502117,1.0144641399383545,0.840301513671875
0,turbo2,16,1,1048576,65536,262144,0,1,datasets/silesia/reymont,6627202,1789455,27.001667,0.3625195026397705,0.1337883472442627
0,turbo2,16,1,1048576,65536,262144,0,1,datasets/silesia/dickens,10192446,3765134,36.940436,0.42498779296875,0.27430009841918945
0,turbo2,16,1,1048576,65536,262144,0,1,datasets/silesia/mozilla,51220480,17202095,33.584408,2.1453943252563477,1.361400842666626
0,turbo2,16,1,1048576,65536,262144,0,1,datasets/silesia/osdb,10085684,3467090,34.37635,0.40930914878845215,0.298006534576416
0,turbo2,16,1,1048576,65536,262144,0,1,datasets/silesia/x-ray,8474240,5442141,64.219812,0.5682981014251709,0.49123597145080566
0,turbo2,16,1,1048576,65536,262144,0,1,datasets/silesia/samba,21606400,4895249,22.656477,0.5730814933776855,0.4245924949645996
0,turbo2,16,1,1048576,65536,262144,0,1,datasets/silesia/sao,7251944,4984663,68.735542,0.5766329765319824,0.4721672534942627
0,turbo2,16,1,1048576,65536,262144,0,1,AVERAGE,17661548.333333332,5251363.416666667,29.733313,0.6404466032981873,0.42473848660786945
0,turbo2,16,1,1048576,65536,262144,0,2,datasets/silesia/ooffice,6152192,2947910,47.916417,0.39087557792663574,0.26508545875549316
0,turbo2,16,1,1048576,65536,262144,0,2,datasets/silesia/xml,5345280,611546,11.44086,0.1940476894378662,0.058135271072387695
0,turbo2,16,1,1048576,65536,262144,0,2,datasets/silesia/mr,9970564,3414686,34.247671,0.6776814460754395,0.28177356719970703
0,turbo2,16,1,1048576,65536,262144,0,2,datasets/silesia/nci,33553445,2592984,7.727922,0.7015478610992432,0.22402691841125488
0,turbo2,16,1,1048576,65536,262144,0,2,datasets/silesia/webster,41458703,11711632,28.248911,1.192619800567627,0.910045862197876
0,turbo2,16,1,1048576,65536,262144,0,2,datasets/silesia/reymont,6627202,1771795,26.735189,0.460115909576416,0.14509916305541992
0,turbo2,16,1,1048576,65536,262144,0,2,datasets/silesia/dickens,10192446,3742126,36.7147,0.4678456783294678,0.29085636138916016
0,turbo2,16,1,1048576,65536,262144,0,2,datasets/silesia/mozilla,51220480,17199765,33.579859,2.9294090270996094,1.3459844589233398
0,turbo2,16,1,1048576,65536,262144,0,2,datasets/silesia/osdb,10085684,3460162,34.307658,0.44461679458618164,0.28860902786254883
0,turbo2,16,1,1048576,65536,262144,0,2,datasets/silesia/x-ray,8474240,5468545,64.531392,0.5615947246551514,0.48387861251831055
0,turbo2,16,1,1048576,65536,262144,0,2,datasets/silesia/samba,21606400,4854869,22.469588,0.6303784847259521,0.4263601303100586
0,turbo2,16,1,1048576,65536,262144,0,2,datasets/silesia/sao,7251944,4993775,68.861191,0.5710546970367432,0.46462297439575195
0,turbo2,16,1,1048576,65536,262144,0,2,AVERAGE,17661548.333333332,5230816.25,29.616974,0.7684823075930277,0.4320398171742757
0,turbo2,16,1,1048576,65536,262144,0,3,datasets/silesia/ooffice,6152192,2940102,47.789503,0.43567991256713867,0.25650811195373535
0,turbo2,16,1,1048576,65536,262144,0,3,datasets/silesia/xml,5345280,614278,11.49197,0.22636032104492188,0.054647207260131836
0,turbo2,16,1,1048576,65536,262144,0,3,datasets/silesia/mr,9970564,3499610,35.099419,0.8688139915466309,0.29273319244384766
0,turbo2,16,1,1048576,65536,262144,0,3,datasets/silesia/nci,33553445,2585536,7.705724,0.978773832321167,0.23306846618652344
0,turbo2,16,1,1048576,65536,262144,0,3,datasets/silesia/webster,41458703,11798688,28.458893,1.2695233821868896,0.8872983455657959
0,turbo2,16,1,1048576,65536,262144,0,3,datasets/silesia/reymont,6627202,1786711,26.960262,0.5750045776367188,0.1444997787475586
0,turbo2,16,1,1048576,65536,262144,0,3,datasets/silesia/dickens,10192446,3806154,37.342891,0.5427844524383545,0.2854189872741699
0,turbo2,16,1,1048576,65536,262144,0,3,datasets/silesia/mozilla,51220480,17169411,33.520598,3.7520852088928223,1.3465032577514648
0,turbo2,16,1,1048576,65536,262144,0,3,datasets/silesia/osdb,10085684,3461046,34.316423,0.43114662170410156,0.2911336421966553
0,turbo2,16,1,1048576,65536,262144,0,3,datasets/silesia/x-ray,8474240,5493861,64.830132,0.5941672325134277,0.49085426330566406
0,turbo2,16,1,1048576,65536,262144,0,3,datasets/silesia/samba,21606400,4862045,22.5028,0.7308001518249512,0.4429140090942383
0,turbo2,16,1,1048576,65536,262144,0,3,datasets/silesia/sao,7251944,4994387,68.86963,0.5966482162475586,0.47979235649108887
0,turbo2,16,1,1048576,65536,262144,0,3,AVERAGE,17661548.333333332,5250985.75,29.731174,0.9168156584103903,0.4337809681892395
0,turbo2,16,1,1048576,65536,1048576,10,0,datasets/silesia/ooffice,6152192,3052062,49.609342,0.3320941925048828,0.26627016067504883
0,turbo2,16,1,1048576,65536,1048576,10,0,datasets/silesia/xml,5345280,764502,14.302375,0.12896466255187988,0.06080317497253418
0,turbo2,16,1,1048576,65536,1048576,10,0,datasets/silesia/mr,9970564,3486318,34.966106,0.3495306968688965,0.2897379398345947
0,turbo2,16,1,1048576,65536,1048576,10,0,datasets/silesia/nci,33553445,3297196,9.826699,0.43296003341674805,0.261307954788208
0,turbo2,16,1,1048576,65536,1048576,10,0,datasets/silesia/webster,41458703,13032080,31.433883,1.0921704769134521,0.9409596920013428
0,turbo2,16,1,1048576,65536,1048576,10,0,datasets/silesia/reymont,6627202,2092899,31.580432,0.21764469146728516,0.16552400588989258
0,turbo2,16,1,1048576,65536,1048576,10,0,datasets/silesia/dickens,10192446,4183298,41.043122,0.3599052429199219,0.30242919921875
0,turbo2,16,1,1048576,65536,1048576,10,0,datasets/silesia/mozilla,51220480,17688258,34.533565,1.7694437503814697,1.4110121726989746
0,turbo2,16,1,1048576,65536,1048576,10,0,datasets/silesia/osdb,10085684,3617282,35.86551,0.37419581413269043,0.30223679542541504
0,turbo2,16,1,1048576,65536,1048576,10,0,datasets/silesia/x-ray,8474240,5546681,65.453433,0.5484561920166016,0.4847221374511719
0,turbo2,16,1,1048576,65536,1048576,10,0,datasets/silesia/samba,21606400,5248873,24.29314,0.6111128330230713,0.4479691982269287
0,turbo2,16,1,1048576,65536,1048576,10,0,datasets/silesia/sao,7251944,4989195,68.798035,0.5104100704193115,0.46837425231933594
0,turbo2,16,1,1048576,65536,1048576,10,0,AVERAGE,17661548.333333332,5583220.333333333,31.612293,0.5605740547180176,0.4501122236251831
0,turbo2,16,1,1048576,65536,1048576,10,1,datasets/silesia/ooffice,6152192,3005670,48.85527,0.3324606418609619,0.26668620109558105
0,turbo2,16,1,1048576,65536,1048576,10,1,datasets/silesia/xml,5345280,722542,13.517384,0.12607359886169434,0.06416678428649902
0,turbo2,16,1,1048576,65536,1048576,10,1,datasets/silesia/mr,9970564,3567762,35.782951,0.34953999519348145,0.29389309883117676
0,turbo2,16,1,1048576,65536,1048576,10,1,datasets/silesia/nci,33553445,3036208,9.048871,0.44983744621276855,0.25156354904174805
0,turbo2,16,1,1048576,65536,1048576,10,1,datasets/silesia/webster,41458703,12761616,30.781513,1.0618619918823242,0.9253289699554443
0,turbo2,16,1,1048576,65536,1048576,10,1,datasets/silesia/reymont,6627202,2029987,30.631132,0.20035362243652344,0.15996551513671875
0,turbo2,16,1,1048576,65536,1048576,10,1,datasets/silesia/dickens,10192446,4132214,40.541927,0.35921549797058105,0.3095705509185791
0,turbo2,16,1,1048576,65536,1048576,10,1,datasets/silesia/mozilla,51220480,17439857,34.048601,1.780233383178711,1.3847661018371582
0,turbo2,16,1,1048576,65536,1048576,10,1,datasets/silesia/osdb,10085684,3598446,35.67875,0.3818342685699463,0.297379732131958
0,turbo2,16,1,1048576,65536,1048576,10,1,datasets/silesia/x-ray,8474240,5537421,65.344161,0.5564963817596436,0.49925684928894043
0,turbo2,16,1,1048576,65536,1048576,10,1,datasets/silesia/samba,21606400,5094949,23.58074,0.5306885242462158,0.444854736328125
0,turbo2,16,1,1048576,65536,1048576,10,1,datasets/silesia/sao,7251944,5008779,69.068087,0.5029752254486084,0.4710409641265869
0,turbo2,16,1,1048576,65536,1048576,10,1,AVERAGE,17661548.333333332,5494620.916666667,31.110641,0.552630881468455,0.4473727544148763
0,turbo2,16,1,1048576,65536,1048576,10,2,datasets/silesia/ooffice,6152192,3006902,48.875295,0.3336641788482666,0.26868247985839844
0,turbo2,16,1,1048576,65536,1048576,10,2,datasets/silesia/xml,5345280,702554,13.143446,0.14324688911437988,0.06784772872924805
0,turbo2,16,1,1048576,65536,1048576,10,2,datasets/silesia/mr,9970564,3576158,35.867159,0.37073540687561035,0.31467747688293457
0,turbo2,16,1,1048576,65536,1048576,10,2,datasets/silesia/nci,33553445,2934560,8.745928,0.44742512702941895,0.25743532180786133
0,turbo2,16,1,1048576,65536,1048576,10,2,datasets/silesia/webster,41458703,12623664,30.448767,1.0555951595306396,0.9694418907165527
0,turbo2,16,1,1048576,65536,1048576,10,2,datasets/silesia/reymont,6627202,2021683,30.50583,0.23260045051574707,0.17419767379760742
0,turbo2,16,1,1048576,65536,1048576,10,2,datasets/silesia/dickens,10192446,4093406,40.161174,0.3762392997741699,0.3288533687591553
0,turbo2,16,1,1048576,65536,1048576,10,2,datasets/silesia/mozilla,51220480,17460750,34.089392,1.8205230236053467,1.3946645259857178
0,turbo2,16,1,1048576,65536,1048576,10,2,datasets/silesia/osdb,10085684,3552270,35.220913,0.3753829002380371,0.31360745429992676
0,turbo2,16,1,1048576,65536,1048576,10,2,datasets/silesia/x-ray,8474240,5549829,65.490581,0.5581696033477783,0.5144457817077637
0,turbo2,16,1,1048576,65536,1048576,10,2,datasets/silesia/samba,21606400,5048873,23.367488,0.588738203048706,0.458362340927124
0,turbo2,16,1,1048576,65536,1048576,10,2,datasets/silesia/sao,7251944,5080351,70.055022,0.5358970165252686,0.49056029319763184
0,turbo2,16,1,1048576,65536,1048576,10,2,AVERAGE,17661548.333333332,5470916.666666667,30.976427,0.5698514382044474,0.46273136138916016
0,turbo2,16,1,1048576,65536,1048576,10,3,datasets/silesia/ooffice,6152192,2997206,48.717693,0.35599493980407715,0.2704935073852539
0,turbo2,16,1,1048576,65536,1048576,10,3,datasets/silesia/xml,5345280,702506,13.142548,0.11696124076843262,0.06487131118774414
0,turbo2,16,1,1048576,65536,1048576,10,3,datasets/silesia/mr,9970564,3616978,36.276564,0.3873879909515381,0.3182337284088135
0,turbo2,16,1,1048576,65536,1048576,10,3,datasets/silesia/nci,33553445,2940900,8.764823,0.4496114253997803,0.25745487213134766
0,turbo2,16,1,1048576,65536,1048576,10,3,datasets/silesia/webster,41458703,12658744,30.533382,1.0910420417785645,0.9691112041473389
0,turbo2,16,1,1048576,65536,1048576,10,3,datasets/silesia/reymont,6627202,2034407,30.697827,0.22025775909423828,0.16811919212341309
0,turbo2,16,1,1048576,65536,1048576,10,3,datasets/silesia/dickens,10192446,4133610,40.555623,0.3826720714569092,0.3197774887084961
0,turbo2,16,1,1048576,65536,1048576,10,3,datasets/silesia/mozilla,51220480,17411426,33.993094,1.7438433170318604,1.4157838821411133
0,turbo2,16,1,1048576,65536,1048576,10,3,datasets/silesia/osdb,10085684,3548266,35.181213,0.403095006942749,0.30528998374938965
0,turbo2,16,1,1048576,65536,1048576,10,3,datasets/silesia/x-ray,8474240,5560233,65.613353,0.5951306819915771,0.5054981708526611
0,turbo2,16,1,1048576,65536,1048576,10,3,datasets/silesia/samba,21606400,5047437,23.360842,0.5608453750610352,0.44893550872802734
0,turbo2,16,1,1048576,65536,1048576,10,3,datasets/silesia/sao,7251944,5069999,69.912275,0.5449724197387695,0.48998427391052246
0,turbo2,16,1,1048576,65536,1048576,10,3,AVERAGE,17661548.333333332,5476809.333333333,31.009792,0.5709845225016276,0.46112942695617676
0,turbo2,16,1,1048576,65536,1048576,1000,0,datasets/silesia/ooffice,6152192,3001074,48.780565,0.35570812225341797,0.25406670570373535
0,turbo2,16,1,1048576,65536,1048576,1000,0,datasets/silesia/xml,5345280,652302,12.203327,0.12270140647888184,0.054074764251708984
0,turbo2,16,1,1048576,65536,1048576,1000,0,datasets/silesia/mr,9970564,3424770,34.348809,0.3616940975189209,0.26868104934692383
0,turbo2,16,1,1048576,65536,1048576,1000,0,datasets/silesia/nci,33553445,2905692,8.659892,0.4664783477783203,0.20894074440002441
0,turbo2,16,1,1048576,65536,1048576,1000,0,datasets/silesia/webster,41458703,12021028,28.995186,1.0099461078643799,0.8368754386901855
0,turbo2,16,1,1048576,65536,1048576,1000,0,datasets/silesia/reymont,6627202,1843367,27.815162,0.23847746849060059,0.1369478702545166
0,turbo2,16,1,1048576,65536,1048576,1000,0,datasets/silesia/dickens,10192446,3804002,37.321777,0.4006168842315674,0.2666614055633545
0,turbo2,16,1,1048576,65536,1048576,1000,0,datasets/silesia/mozilla,51220480,17470430,34.10829,1.7484214305877686,1.35813570022583
0,turbo2,16,1,1048576,65536,1048576,1000,0,datasets/silesia/osdb,10085684,3554222,35.240267,0.36086583137512207,0.28968262672424316
0,turbo2,16,1,1048576,65536,1048576,1000,0,datasets/silesia/x-ray,8474240,5507497,64.991043,0.5259368419647217,0.47931790351867676
0,turbo2,16,1,1048576,65536,1048576,1000,0,datasets/silesia/samba,21606400,5031569,23.287401,0.5493221282958984,0.43314599990844727
0,turbo2,16,1,1048576,65536,1048576,1000,0,datasets/silesia/sao,7251944,4975747,68.612595,0.5154051780700684,0.47524333000183105
0,turbo2,16,1,1048576,65536,1048576,1000,0,AVERAGE,17661548.333333332,5349308.333333333,30.287879,0.5546311537424723,0.4218144615491231
0,turbo2,16,1,1048576,65536,1048576,1000,1,datasets/silesia/ooffice,6152192,2949810,47.947301,0.34502530097961426,0.26297569274902344
0,turbo2,16,1,1048576,65536,1048576,1000,1,datasets/silesia/xml,5345280,622022,11.636846,0.15323615074157715,0.05345964431762695
0,turbo2,16,1,1048576,65536,1048576,1000,1,datasets/silesia/mr,9970564,3403246,34.132934,0.49324965476989746,0.28231120109558105
0,turbo2,16,1,1048576,65536,1048576,1000,1,datasets/silesia/nci,33553445,2705388,8.062922,0.43567466735839844,0.2149357795715332
0,turbo2,16,1,1048576,65536,1048576,1000,1,datasets/silesia/webster,41458703,11816644,28.502204,1.0226795673370361,0.8475809097290039
0,turbo2,16,1,1048576,65536,1048576,1000,1,datasets/silesia/reymont,6627202,1793199,27.058161,0.3237040042877197,0.1428213119506836
0,turbo2,16,1,1048576,65536,1048576,1000,1,datasets/silesia/dickens,10192446,3765226,36.941339,0.4339570999145508,0.2648193836212158
0,turbo2,16,1,1048576,65536,1048576,1000,1,datasets/silesia/mozilla,51220480,17188666,33.55819,1.6917407512664795,1.3377463817596436
0,turbo2,16,1,1048576,65536,1048576,1000,1,datasets/silesia/osdb,10085684,3467090,34.37635,0.4088726043701172,0.2984733581542969
0,turbo2,16,1,1048576,65536,1048576,1000,1,datasets/silesia/x-ray,8474240,5442141,64.219812,0.5522363185882568,0.4903409481048584
0,turbo2,16,1,1048576,65536,1048576,1000,1,datasets/silesia/samba,21606400,4896693,22.66316,0.5600323677062988,0.4228229522705078
0,turbo2,16,1,1048576,65536,1048576,1000,1,datasets/silesia/sao,7251944,4984603,68.734714,0.538529634475708,0.4643416404724121
0,turbo2,16,1,1048576,65536,1048576,1000,1,AVERAGE,17661548.333333332,5252894.0,29.741979,0.5799115101496378,0.4235524336496989
0,turbo2,16,1,1048576,65536,1048576,1000,2,datasets/silesia/ooffice,6152192,2948038,47.918498,0.3732719421386719,0.2617506980895996
0,turbo2,16,1,1048576,65536,1048576,1000,2,datasets/silesia/xml,5345280,611766,11.444976,0.15575599670410156,0.05594444274902344
0,turbo2,16,1,1048576,65536,1048576,1000,2,datasets/silesia/mr,9970564,3429194,34.39318,0.509890079498291,0.29107213020324707
0,turbo2,16,1,1048576,65536,1048576,1000,2,datasets/silesia/nci,33553445,2619392,7.806626,0.5022211074829102,0.23217177391052246
0,turbo2,16,1,1048576,65536,1048576,1000,2,datasets/silesia/webster,41458703,11711660,28.248978,1.0565059185028076,0.8622868061065674
0,turbo2,16,1,1048576,65536,1048576,1000,2,datasets/silesia/reymont,6627202,1776943,26.812869,0.42412304878234863,0.1411600112915039
0,turbo2,16,1,1048576,65536,1048576,1000,2,datasets/silesia/dickens,10192446,3742250,36.715917,0.4980180263519287,0.2868080139160156
0,turbo2,16,1,1048576,65536,1048576,1000,2,datasets/silesia/mozilla,51220480,17186527,33.554014,1.8200581073760986,1.3459527492523193
0,turbo2,16,1,1048576,65536,1048576,1000,2,datasets/silesia/osdb,10085684,3460162,34.307658,0.38414859771728516,0.29076313972473145
0,turbo2,16,1,1048576,65536,1048576,1000,2,datasets/silesia/x-ray,8474240,5468545,64.531392,0.5710549354553223,0.4900856018066406
0,turbo2,16,1,1048576,65536,1048576,1000,2,datasets/silesia/samba,21606400,4856109,22.475327,0.5909700393676758,0.43796396255493164
0,turbo2,16,1,1048576,65536,1048576,1000,2,datasets/silesia/sao,7251944,4993751,68.86086,0.582688570022583,0.4710085391998291
0,turbo2,16,1,1048576,65536,1048576,1000,2,AVERAGE,17661548.333333332,5233694.75,29.633273,0.6223921974500021,0.4305806557337443
0,turbo2,16,1,1048576,65536,1048576,1000,3,datasets/silesia/ooffice,6152192,2940298,47.792689,0.4246664047241211,0.2631094455718994
0,turbo2,16,1,1048576,65536,1048576,1000,3,datasets/silesia/xml,5345280,614518,11.49646,0.19681811332702637,0.056647300720214844
0,turbo2,16,1,1048576,65536,1048576,1000,3,datasets/silesia/mr,9970564,3504438,35.147841,0.6326143741607666,0.286029577255249
0,turbo2,16,1,1048576,65536,1048576,1000,3,datasets/silesia/nci,33553445,2612248,7.785335,0.5661137104034424,0.2227778434753418
0,turbo2,16,1,1048576,65536,1048576,1000,3,datasets/silesia/webster,41458703,11798716,28.458961,1.2193903923034668,0.864335298538208
0,turbo2,16,1,1048576,65536,1048576,1000,3,datasets/silesia/reymont,6627202,1792247,27.043796,0.48905348777770996,0.13955426216125488
0,turbo2,16,1,1048576,65536,1048576,1000,3,datasets/silesia/dickens,10192446,3806266,37.34399,0.5904281139373779,0.281757116317749
0,turbo2,16,1,1048576,65536,1048576,1000,3,datasets/silesia/mozilla,51220480,17156485,33.495362,1.8233439922332764,1.3268153667449951
0,turbo2,16,1,1048576,65536,1048576,1000,3,datasets/silesia/osdb,10085684,3461046,34.316423,0.4118530750274658,0.2852168083190918
0,turbo2,16,1,1048576,65536,1048576,1000,3,datasets/silesia/x-ray,8474240,5493861,64.830132,0.5647859573364258,0.4978508949279785
0,turbo2,16,1,1048576,65536,1048576,1000,3,datasets/silesia/samba,21606400,4863249,22.508373,0.6441161632537842,0.4210364818572998
0,turbo2,16,1,1048576,65536,1048576,1000,3,datasets/silesia/sao,7251944,4994591,68.872443,0.5814237594604492,0.47039365768432617
0,turbo2,16,1,1048576,65536,1048576,1000,3,AVERAGE,17661548.333333332,5253163.583333333,29.743505,0.678717295328776,0.42629367113113403
0,turbo2,16,1,1048576,65536,1048576,0,0,datasets/silesia/ooffice,6152192,3000862,48.777119,0.3209347724914551,0.255352258682251
0,turbo2,16,1,1048576,65536,1048576,0,0,datasets/silesia/xml,5345280,652198,12.201381,0.1225278377532959,0.05045652389526367
0,turbo2,16,1,1048576,65536,1048576,0,0,datasets/silesia/mr,9970564,3423238,34.333444,0.3826889991760254,0.2542259693145752
0,turbo2,16,1,1048576,65536,1048576,0,0,datasets/silesia/nci,33553445,2893424,8.623329,0.4532778263092041,0.21150851249694824
0,turbo2,16,1,1048576,65536,1048576,0,0,datasets/silesia/webster,41458703,12020992,28.995099,0.9316020011901855,0.8075923919677734
0,turbo2,16,1,1048576,65536,1048576,0,0,datasets/silesia/reymont,6627202,1840563,27.772852,0.25994157791137695,0.13356781005859375
0,turbo2,16,1,1048576,65536,1048576,0,0,datasets/silesia/dickens,10192446,3803902,37.320796,0.3974184989929199,0.25836896896362305
0,turbo2,16,1,1048576,65536,1048576,0,0,datasets/silesia/mozilla,51220480,17474390,34.116022,1.6518783569335938,1.3231775760650635
0,turbo2,16,1,1048576,65536,1048576,0,0,datasets/silesia/osdb,10085684,3554222,35.240267,0.35390353202819824,0.28897833824157715
0,turbo2,16,1,1048576,65536,1048576,0,0,datasets/silesia/x-ray,8474240,5507497,64.991043,0.5121116638183594,0.47246241569519043
0,turbo2,16,1,1048576,65536,1048576,0,0,datasets/silesia/samba,21606400,5029925,23.279792,0.5654025077819824,0.4130678176879883
0,turbo2,16,1,1048576,65536,1048576,0,0,datasets/silesia/sao,7251944,4975747,68.612595,0.49356985092163086,0.47652602195739746
0,turbo2,16,1,1048576,65536,1048576,0,0,AVERAGE,17661548.333333332,5348080.0,30.280924,0.5371047854423523,0.41210705041885376
0,turbo2,16,1,1048576,65536,1048576,0,1,datasets/silesia/ooffice,6152192,2949766,47.946586,0.34496498107910156,0.26250624656677246
0,turbo2,16,1,1048576,65536,1048576,0,1,datasets/silesia/xml,5345280,621854,11.633703,0.144819974899292,0.05069851875305176
0,turbo2,16,1,1048576,65536,1048576,0,1,datasets/silesia/mr,9970564,3396022,34.06048,0.5670380592346191,0.2693297863006592
0,turbo2,16,1,1048576,65536,1048576,0,1,datasets/silesia/nci,33553445,2686284,8.005986,0.5249645709991455,0.2096538543701172
0,turbo2,16,1,1048576,65536,1048576,0,1,datasets/silesia/webster,41458703,11816608,28.502117,0.9902772903442383,0.8499062061309814
0,turbo2,16,1,1048576,65536,1048576,0,1,datasets/silesia/reymont,6627202,1789455,27.001667,0.36566662788391113,0.13187170028686523
0,turbo2,16,1,1048576,65536,1048576,0,1,datasets/silesia/dickens,10192446,3765134,36.940436,0.4214141368865967,0.2621281147003174
0,turbo2,16,1,1048576,65536,1048576,0,1,datasets/silesia/mozilla,51220480,17202095,33.584408,2.0952043533325195,1.3378424644470215
0,turbo2,16,1,1048576,65536,1048576,0,1,datasets/silesia/osdb,10085684,3467090,34.37635,0.3666548728942871,0.2933468818664551
0,turbo2,16,1,1048576,65536,1048576,0,1,datasets/silesia/x-ray,8474240,5442141,64.219812,0.5411789417266846,0.48630642890930176
0,turbo2,16,1,1048576,65536,1048576,0,1,datasets/silesia/samba,21606400,4895249,22.656477,0.5751426219940186,0.4230227470397949
0,turbo2,16,1,1048576,65536,1048576,0,1,datasets/silesia/sao,7251944,4984663,68.735542,0.5387797355651855,0.4626424312591553
0,turbo2,16,1,1048576,65536,1048576,0,1,AVERAGE,17661548.333333332,5251363.416666667,29.733313,0.6230088472366333,0.41993794838587445
0,turbo2,16,1,1048576,65536,1048576,0,2,datasets/silesia/ooffice,6152192,2947910,47.916417,0.36994338035583496,0.25501537322998047
0,turbo2,16,1,1048576,65536,1048576,0,2,datasets/silesia/xml,5345280,611546,11.44086,0.17441248893737793,0.05535411834716797
0,turbo2,16,1,1048576,65536,1048576,0,2,datasets/silesia/mr,9970564,3414686,34.247671,0.6605343818664551,0.27428698539733887
0,turbo2,16,1,1048576,65536,1048576,0,2,datasets/silesia/nci,33553445,2592984,7.727922,0.7018373012542725,0.21973156929016113
0,turbo2,16,1,1048576,65536,1048576,0,2,datasets/silesia/webster,41458703,11711632,28.248911,1.0813343524932861,0.8686084747314453
0,turbo2,16,1,1048576,65536,1048576,0,2,datasets/silesia/reymont,6627202,1771795,26.735189,0.45427870750427246,0.1448676586151123
0,turbo2,16,1,1048576,65536,1048576,0,2,datasets/silesia/dickens,10192446,3742126,36.7147,0.48001909255981445,0.2833850383758545
0,turbo2,16,1,1048576,65536,1048576,0,2,datasets/silesia/mozilla,51220480,17199765,33.579859,2.88041615486145,1.3157539367675781
0,turbo2,16,1,1048576,65536,1048576,0,2,datasets/silesia/osdb,10085684,3460162,34.307658,0.3775174617767334,0.2914423942565918
0,turbo2,16,1,1048576,65536,1048576,0,2,datasets/silesia/x-ray,8474240,5468545,64.531392,0.5269155502319336,0.4762380123138428
0,turbo2,16,1,1048576,65536,1048576,0,2,datasets/silesia/samba,21606400,4854869,22.469588,0.5915839672088623,0.42949676513671875
0,turbo2,16,1,1048576,65536,1048576,0,2,datasets/silesia/sao,7251944,4993775,68.861191,0.565685510635376,0.46234679222106934
0,turbo2,16,1,1048576,65536,1048576,0,2,AVERAGE,17661548.333333332,5230816.25,29.616974,0.7387065291404724,0.4230439265569051
0,turbo2,16,1,1048576,65536,1048576,0,3,datasets/silesia/ooffice,6152192,2940102,47.789503,0.4389522075653076,0.26183652877807617
0,turbo2,16,1,1048576,65536,1048576,0,3,datasets/silesia/xml,5345280,614278,11.49197,0.22680902481079102,0.056578636169433594
0,turbo2,16,1,1048576,65536,1048576,0,3,datasets/silesia/mr,9970564,3499610,35.099419,0.8568024635314941,0.29009246826171875
0,turbo2,16,1,1048576,65536,1048576,0,3,datasets/silesia/nci,33553445,2585536,7.705724,0.9803485870361328,0.23450016975402832
0,turbo2,16,1,1048576,65536,1048576,0,3,datasets/silesia/webster,41458703,11798688,28.458893,1.16050386428833,0.9181551933288574
0,turbo2,16,1,1048576,65536,1048576,0,3,datasets/silesia/reymont,6627202,1786711,26.960262,0.5818219184875488,0.15001583099365234
0,turbo2,16,1,1048576,65536,1048576,0,3,datasets/silesia/dickens,10192446,3806154,37.342891,0.6380200386047363,0.3169693946838379
0,turbo2,16,1,1048576,65536,1048576,0,3,datasets/silesia/mozilla,51220480,17169411,33.520598,4.068588018417358,1.3950996398925781
0,turbo2,16,1,1048576,65536,1048576,0,3,datasets/silesia/osdb,10085684,3461046,34.316423,0.43110227584838867,0.2977406978607178
0,turbo2,16,1,1048576,65536,1048576,0,3,datasets/silesia/x-ray,8474240,5493861,64.830132,0.5927915573120117,0.5209929943084717
0,turbo2,16,1,1048576,65536,1048576,0,3,datasets/silesia/samba,21606400,4862045,22.5028,0.7271628379821777,0.4457988739013672
0,turbo2,16,1,1048576,65536,1048576,0,3,datasets/silesia/sao,7251944,4994387,68.86963,0.6106340885162354,0.46982455253601074
0,turbo2,16,1,1048576,65536,1048576,0,3,AVERAGE,17661548.333333332,5250985.75,29.731174,0.9427947402000427,0.4464670817057292
0,turbo2,16,1,1048576,262144,65536,10,0,datasets/silesia/ooffice,6152192,3026822,49.199082,0.34642720222473145,0.26650404930114746
0,turbo2,16,1,1048576,262144,65536,10,0,datasets/silesia/xml,5345280,703290,13.157215,0.12756919860839844,0.057291269302368164
0,turbo2,16,1,1048576,262144,65536,10,0,datasets/silesia/mr,9970564,3459758,34.699722,0.3456251621246338,0.2879788875579834
0,turbo2,16,1,1048576,262144,65536,10,0,datasets/silesia/nci,33553445,3260436,9.717142,0.44411516189575195,0.24949860572814941
0,turbo2,16,1,1048576,262144,65536,10,0,datasets/silesia/webster,41458703,12813736,30.907228,1.0060017108917236,0.8857424259185791
0,turbo2,16,1,1048576,262144,65536,10,0,datasets/silesia/reymont,6627202,2076731,31.336467,0.22465896606445312,0.16118860244750977
0,turbo2,16,1,1048576,262144,65536,10,0,datasets/silesia/dickens,10192446,4131694,40.536825,0.3871793746948242,0.2978544235229492
0,turbo2,16,1,1048576,262144,65536,10,0,datasets/silesia/mozilla,51220480,17416611,34.003217,1.755671739578247,1.3603591918945312
0,turbo2,16,1,1048576,262144,65536,10,0,datasets/silesia/osdb,10085684,3622838,35.920598,0.4000241756439209,0.3075578212738037
0,turbo2,16,1,1048576,262144,65536,10,0,datasets/silesia/x-ray,8474240,5539437,65.36795,0.5999114513397217,0.4815659523010254
0,turbo2,16,1,1048576,262144,65536,10,0,datasets/silesia/samba,21606400,5102781,23.616988,0.5432546138763428,0.43025732040405273
0,turbo2,16,1,1048576,262144,65536,10,0,datasets/silesia/sao,7251944,5035255,69.433175,0.5254507064819336,0.47262120246887207
0,turbo2,16,1,1048576,262144,65536,10,0,AVERAGE,17661548.333333332,5515782.416666667,31.230458,0.5588241219520569,0.438201646010081
0,turbo2,16,1,1048576,262144,65536,10,1,datasets/silesia/ooffice,6152192,2970190,48.278565,0.3376789093017578,0.25864410400390625
0,turbo2,16,1,1048576,262144,65536,10,1,datasets/silesia/xml,5345280,661214,12.370054,0.1238703727722168,0.05833745002746582
0,turbo2,16,1,1048576,262144,65536,10,1,datasets/silesia/mr,9970564,3563438,35.739583,0.39102625846862793,0.3006877899169922
0,turbo2,16,1,1048576,262144,65536,10,1,datasets/silesia/nci,33553445,3008788,8.967151,0.48465633392333984,0.2479865550994873
0,turbo2,16,1,1048576,262144,65536,10,1,datasets/silesia/webster,41458703,12540076,30.24715,1.0449891090393066,0.909642219543457
0,turbo2,16,1,1048576,262144,65536,10,1,datasets/silesia/reymont,6627202,2017039,30.435756,0.24248385429382324,0.16472506523132324
0,turbo2,16,1,1048576,262144,65536,10,1,datasets/silesia/dickens,10192446,4080266,40.032255,0.4145481586456299,0.30626726150512695
0,turbo2,16,1,1048576,262144,65536,10,1,datasets/silesia/mozilla,51220480,17084180,33.354197,1.771538496017456,1.3571906089782715
0,turbo2,16,1,1048576,262144,65536,10,1,datasets/silesia/osdb,10085684,3608054,35.774014,0.4042181968688965,0.30490541458129883
0,turbo2,16,1,1048576,262144,65536,10,1,datasets/silesia/x-ray,8474240,5574089,65.77686,0.5978214740753174,0.517324686050415
0,turbo2,16,1,1048576,262144,65536,10,1,datasets/silesia/samba,21606400,4950173,22.910679,0.5746850967407227,0.4310283660888672
0,turbo2,16,1,1048576,262144,65536,10,1,datasets/silesia/sao,7251944,5026575,69.313483,0.5345730781555176,0.48946404457092285
0,turbo2,16,1,1048576,262144,65536,10,1,AVERAGE,17661548.333333332,5423673.5,30.708936,0.5768407781918844,0.4455169637997945
0,turbo2,16,1,1048576,262144,65536,10,2,datasets/silesia/ooffice,6152192,2967062,48.227721,0.3506622314453125,0.2632167339324951
0,turbo2,16,1,1048576,262144,65536,10,2,datasets/silesia/xml,5345280,641582,12.002776,0.12999963760375977,0.060129642486572266
0,turbo2,16,1,1048576,262144,65536,10,2,datasets/silesia/mr,9970564,3570106,35.80646,0.4077439308166504,0.31307554244995117
0,turbo2,16,1,1048576,262144,65536,10,2,datasets/silesia/nci,33553445,2904144,8.655278,0.4263303279876709,0.2507004737854004
0,turbo2,16,1,1048576,262144,65536,10,2,datasets/silesia/webster,41458703,12392160,29.890371,1.044337272644043,0.9535694122314453
0,turbo2,16,1,1048576,262144,65536,10,2,datasets/silesia/reymont,6627202,2006931,30.283233,0.23691105842590332,0.17001891136169434
0,turbo2,16,1,1048576,262144,65536,10,2,datasets/silesia/dickens,10192446,4038370,39.621206,0.40201544761657715,0.3299674987792969
0,turbo2,16,1,1048576,262144,65536,10,2,datasets/silesia/mozilla,51220480,17093225,33.371856,1.752180814743042,1.4010584354400635
0,turbo2,16,1,1048576,262144,65536,10,2,datasets/silesia/osdb,10085684,3585334,35.548744,0.39665675163269043,0.3098435401916504
0,turbo2,16,1,1048576,262144,65536,10,2,datasets/silesia/x-ray,8474240,5586949,65.928614,0.5491421222686768,0.5142221450805664
0,turbo2,16,1,1048576,262144,65536,10,2,datasets/silesia/samba,21606400,4895601,22.658106,0.5847444534301758,0.43897271156311035
0,turbo2,16,1,1048576,262144,65536,10,2,datasets/silesia/sao,7251944,5116419,70.552379,0.5562095642089844,0.4911074638366699
0,turbo2,16,1,1048576,262144,65536,10,2,AVERAGE,17661548.333333332,5399823.583333333,30.573897,0.5697444677352905,0.45799020926157635
0,turbo2,16,1,1048576,262144,65536,10,3,datasets/silesia/ooffice,6152192,2957026,48.064592,0.33710575103759766,0.26323795318603516
0,turbo2,16,1,1048576,262144,65536,10,3,datasets/silesia/xml,5345280,641246,11.99649,0.1343390941619873,0.05777239799499512
0,turbo2,16,1,1048576,262144,65536,10,3,datasets/silesia/mr,9970564,3616406,36.270827,0.40016603469848633,0.32210350036621094
0,turbo2,16,1,1048576,262144,65536,10,3,datasets/silesia/nci,33553445,2916460,8.691984,0.45792484283447266,0.24602103233337402
0,turbo2,16,1,1048576,262144,65536,10,3,datasets/silesia/webster,41458703,12439880,30.005473,1.1198954582214355,0.9379334449768066
0,turbo2,16,1,1048576,262144,65536,10,3,datasets/silesia/reymont,6627202,2018291,30.454647,0.22188615798950195,0.17015504837036133
0,turbo2,16,1,1048576,262144,65536,10,3,datasets/silesia/dickens,10192446,4083050,40.05957,0.3885681629180908,0.31786584854125977
0,turbo2,16,1,1048576,262144,65536,10,3,datasets/silesia/mozilla,51220480,17056355,33.299873,1.7406575679779053,1.367192268371582
0,turbo2,16,1,1048576,262144,65536,10,3,datasets/silesia/osdb,10085684,3557606,35.27382,0.3990635871887207,0.3078486919403076
0,turbo2,16,1,1048576,262144,65536,10,3,datasets/silesia/x-ray,8474240,5601949,66.105621,0.5532321929931641,0.505821943283081
0,turbo2,16,1,1048576,262144,65536,10,3,datasets/silesia/samba,21606400,4890141,22.632836,0.6026380062103271,0.4465005397796631
0,turbo2,16,1,1048576,262144,65536,10,3,datasets/silesia/sao,7251944,5105359,70.399868,0.5306768417358398,0.49219679832458496
0,turbo2,16,1,1048576,262144,65536,10,3,AVERAGE,17661548.333333332,5406980.75,30.614421,0.5738461414972941,0.45288745562235516
0,turbo2,16,1,1048576,262144,65536,1000,0,datasets/silesia/ooffice,6152192,2953098,48.000745,0.38080620765686035,0.24852418899536133
0,turbo2,16,1,1048576,262144,65536,1000,0,datasets/silesia/xml,5345280,559546,10.468039,0.1444416046142578,0.04339170455932617
0,turbo2,16,1,1048576,262144,65536,1000,0,datasets/silesia/mr,9970564,3381582,33.915654,0.4246683120727539,0.250913143157959
0,turbo2,16,1,1048576,262144,65536,1000,0,datasets/silesia/nci,33553445,2694600,8.03077,0.47912073135375977,0.19402456283569336
0,turbo2,16,1,1048576,262144,65536,1000,0,datasets/silesia/webster,41458703,11314056,27.289942,1.1505424976348877,0.7364976406097412
0,turbo2,16,1,1048576,262144,65536,1000,0,datasets/silesia/reymont,6627202,1744887,26.329166,0.37008070945739746,0.12789058685302734
0,turbo2,16,1,1048576,262144,65536,1000,0,datasets/silesia/dickens,10192446,3547562,34.805796,0.5021286010742188,0.2415788173675537
0,turbo2,16,1,1048576,262144,65536,1000,0,datasets/silesia/mozilla,51220480,17149637,33.481992,1.726658582687378,1.3124768733978271
0,turbo2,16,1,1048576,262144,65536,1000,0,datasets/silesia/osdb,10085684,3483774,34.541772,0.3824913501739502,0.28861212730407715
0,turbo2,16,1,1048576,262144,65536,1000,0,datasets/silesia/x-ray,8474240,5463965,64.477345,0.5325143337249756,0.4509766101837158
0,turbo2,16,1,1048576,262144,65536,1000,0,datasets/silesia/samba,21606400,4812141,22.271831,0.6020023822784424,0.3960111141204834
0,turbo2,16,1,1048576,262144,65536,1000,0,datasets/silesia/sao,7251944,5036031,69.443876,0.6052584648132324,0.47081708908081055
0,turbo2,16,1,1048576,262144,65536,1000,0,AVERAGE,17661548.333333332,5178406.583333333,29.32023,0.6083928147951762,0.39680953820546466
0,turbo2,16,1,1048576,262144,65536,1000,1,datasets/silesia/ooffice,6152192,2892246,47.011634,0.4535956382751465,0.24492979049682617
0,turbo2,16,1,1048576,262144,65536,1000,1,datasets/silesia/xml,5345280,535442,10.017099,0.19238972663879395,0.045807838439941406
0,turbo2,16,1,1048576,262144,65536,1000,1,datasets/silesia/mr,9970564,3378934,33.889096,0.604276180267334,0.26814937591552734
0,turbo2,16,1,1048576,262144,65536,1000,1,datasets/silesia/nci,33553445,2520836,7.512898,0.5462572574615479,0.19320082664489746
0,turbo2,16,1,1048576,262144,65536,1000,1,datasets/silesia/webster,41458703,11156792,26.910615,1.4596381187438965,0.7737112045288086
0,turbo2,16,1,1048576,262144,65536,1000,1,datasets/silesia/reymont,6627202,1703511,25.70483,0.5331311225891113,0.12856483459472656
0,turbo2,16,1,1048576,262144,65536,1000,1,datasets/silesia/dickens,10192446,3521162,34.546781,0.71396803855896,0.25231361389160156
0,turbo2,16,1,1048576,262144,65536,1000,1,datasets/silesia/mozilla,51220480,16763160,32.727456,1.7531261444091797,1.2954661846160889
0,turbo2,16,1,1048576,262144,65536,1000,1,datasets/silesia/osdb,10085684,3424894,33.957974,0.49588942527770996,0.29117822647094727
0,turbo2,16,1,1048576,262144,65536,1000,1,datasets/silesia/x-ray,8474240,5386813,63.566916,0.6483075618743896,0.4657106399536133
0,turbo2,16,1,1048576,262144,65536,1000,1,datasets/silesia/samba,21606400,4684873,21.682802,0.709855318069458,0.41194820404052734
0,turbo2,16,1,1048576,262144,65536,1000,1,datasets/silesia/sao,7251944,4993995,68.864225,0.6842873096466064,0.4726088047027588
0,turbo2,16,1,1048576,262144,65536,1000,1,AVERAGE,17661548.333333332,5080221.5,28.764304,0.7328934868176779,0.4036324620246887
0,turbo2,16,1,1048576,262144,65536,1000,2,datasets/silesia/ooffice,6152192,2884946,46.892977,0.5055432319641113,0.25084447860717773
0,turbo2,16,1,1048576,262144,65536,1000,2,datasets/silesia/xml,5345280,524942,9.820664,0.24989891052246094,0.04684042930603027
0,turbo2,16,1,1048576,262144,65536,1000,2,datasets/silesia/mr,9970564,3409790,34.198567,0.6914055347442627,0.2751467227935791
0,turbo2,16,1,1048576,262144,65536,1000,2,datasets/silesia/nci,33553445,2444868,7.286489,0.5632953643798828,0.20674443244934082
0,turbo2,16,1,1048576,262144,65536,1000,2,datasets/silesia/webster,41458703,11073868,26.710599,1.9128592014312744,0.8218109607696533
0,turbo2,16,1,1048576,262144,65536,1000,2,datasets/silesia/reymont,6627202,1686239,25.444207,0.6974143981933594,0.13620567321777344
0,turbo2,16,1,1048576,262144,65536,1000,2,datasets/silesia/dickens,10192446,3504730,34.385564,0.924041748046875,0.2643430233001709
0,turbo2,16,1,1048576,262144,65536,1000,2,datasets/silesia/mozilla,51220480,16733549,32.669645,1.8930249214172363,1.3129878044128418
0,turbo2,16,1,1048576,262144,65536,1000,2,datasets/silesia/osdb,10085684,3414942,33.8593,0.4762716293334961,0.2946360111236572
0,turbo2,16,1,1048576,262144,65536,1000,2,datasets/silesia/x-ray,8474240,5418825,63.944672,0.650414228439331,0.45908260345458984
0,turbo2,16,1,1048576,262144,65536,1000,2,datasets/silesia/samba,21606400,4645245,21.499394,0.8085048198699951,0.4302513599395752
0,turbo2,16,1,1048576,262144,65536,1000,2,datasets/silesia/sao,7251944,5009815,69.082373,0.7608640193939209,0.47435498237609863
0,turbo2,16,1,1048576,262144,65536,1000,2,AVERAGE,17661548.333333332,5062646.583333333,28.664795,0.8444615006446838,0.41443737347920734
0,turbo2,16,1,1048576,262144,65536,1000,3,datasets/silesia/ooffice,6152192,2877390,46.770159,0.5860567092895508,0.2508525848388672
0,turbo2,16,1,1048576,262144,65536,1000,3,datasets/silesia/xml,5345280,528294,9.883374,0.3026773929595947,0.04654288291931152
0,turbo2,16,1,1048576,262144,65536,1000,3,datasets/silesia/mr,9970564,3487770,34.980669,0.8918344974517822,0.27516865730285645
0,turbo2,16,1,1048576,262144,65536,1000,3,datasets/silesia/nci,33553445,2442856,7.280492,0.7163562774658203,0.20438885688781738
0,turbo2,16,1,1048576,262144,65536,1000,3,datasets/silesia/webster,41458703,11201028,27.017314,2.345221757888794,0.8100426197052002
0,turbo2,16,1,1048576,262144,65536,1000,3,datasets/silesia/reymont,6627202,1706291,25.746778,0.8899428844451904,0.13368010520935059
0,turbo2,16,1,1048576,262144,65536,1000,3,datasets/silesia/dickens,10192446,3579270,35.11689,1.1358413696289062,0.2628028392791748
0,turbo2,16,1,1048576,262144,65536,1000,3,datasets/silesia/mozilla,51220480,16714812,32.633064,1.932389259338379,1.30202317237854
0,turbo2,16,1,1048576,262144,65536,1000,3,datasets/silesia/osdb,10085684,3418506,33.894637,0.5242612361907959,0.288165807723999
0,turbo2,16,1,1048576,262144,65536,1000,3,datasets/silesia/x-ray,8474240,5473533,64.590252,0.7638132572174072,0.48122501373291016
0,turbo2,16,1,1048576,262144,65536,1000,3,datasets/silesia/samba,21606400,4653397,21.537123,0.9550628662109375,0.41413331031799316
0,turbo2,16,1,1048576,262144,65536,1000,3,datasets/silesia/sao,7251944,5015755,69.164282,0.8008213043212891,0.45757412910461426
0,turbo2,16,1,1048576,262144,65536,1000,3,AVERAGE,17661548.333333332,5091575.166666667,28.828589,0.9870232343673706,0.41054999828338623
0,turbo2,16,1,1048576,262144,65536,0,0,datasets/silesia/ooffice,6152192,2951602,47.976429,0.38822317123413086,0.24854707717895508
0,turbo2,16,1,1048576,262144,65536,0,0,datasets/silesia/xml,5345280,557586,10.431371,0.17981457710266113,0.0435788631439209
0,turbo2,16,1,1048576,262144,65536,0,0,datasets/silesia/mr,9970564,3380306,33.902856,0.5398132801055908,0.2501089572906494
0,turbo2,16,1,1048576,262144,65536,0,0,datasets/silesia/nci,33553445,2669936,7.957263,0.5829753875732422,0.19030499458312988
0,turbo2,16,1,1048576,262144,65536,0,0,datasets/silesia/webster,41458703,11278380,27.20389,1.4659194946289062,0.7375922203063965
0,turbo2,16,1,1048576,262144,65536,0,0,datasets/silesia/reymont,6627202,1724099,26.015489,0.5251820087432861,0.1252913475036621
0,turbo2,16,1,1048576,262144,65536,0,0,datasets/silesia/dickens,10192446,3535094,34.68347,0.6001074314117432,0.23923540115356445
0,turbo2,16,1,1048576,262144,65536,0,0,datasets/silesia/mozilla,51220480,17155001,33.492464,1.9665753841400146,1.3033318519592285
0,turbo2,16,1,1048576,262144,65536,0,0,datasets/silesia/osdb,10085684,3483774,34.541772,0.38879966735839844,0.2916238307952881
0,turbo2,16,1,1048576,262144,65536,0,0,datasets/silesia/x-ray,8474240,5463965,64.477345,0.534536600112915,0.44130730628967285
0,turbo2,16,1,1048576,262144,65536,0,0,datasets/silesia/samba,21606400,4808349,22.254281,0.6632635593414307,0.39617133140563965
0,turbo2,16,1,1048576,262144,65536,0,0,datasets/silesia/sao,7251944,5036003,69.44349,0.5674712657928467,0.45892834663391113
0,turbo2,16,1,1048576,262144,65536,0,0,AVERAGE,17661548.333333332,5170341.25,29.274564,0.7002234856287638,0.3938351273536682
0,turbo2,16,1,1048576,262144,65536,0,1,datasets/silesia/ooffice,6152192,2890426,46.982051,0.5182242393493652,0.25061535835266113
0,turbo2,16,1,1048576,262144,65536,0,1,datasets/silesia/xml,5345280,533242,9.975941,0.27432823181152344,0.04892754554748535
0,turbo2,16,1,1048576,262144,65536,0,1,datasets/silesia/mr,9970564,3362410,33.723368,1.3516895771026611,0.2641935348510742
0,turbo2,16,1,1048576,262144,65536,0,1,datasets/silesia/nci,33553445,2489504,7.419518,0.9869096279144287,0.1978600025177002
0,turbo2,16,1,1048576,262144,65536,0,1,datasets/silesia/webster,41458703,11120940,26.824139,2.115403413772583,0.75872802734375
0,turbo2,16,1,1048576,262144,65536,0,1,datasets/silesia/reymont,6627202,1683203,25.398396,1.0685198307037354,0.12777090072631836
0,turbo2,16,1,1048576,262144,65536,0,1,datasets/silesia/dickens,10192446,3508246,34.42006,0.9014043807983398,0.24327564239501953
0,turbo2,16,1,1048576,262144,65536,0,1,datasets/silesia/mozilla,51220480,16775964,32.752454,3.1166956424713135,1.3077127933502197
0,turbo2,16,1,1048576,262144,65536,0,1,datasets/silesia/osdb,10085684,3422390,33.933147,0.6012475490570068,0.2917599678039551
0,turbo2,16,1,1048576,262144,65536,0,1,datasets/silesia/x-ray,8474240,5386765,63.566349,0.6318745613098145,0.4623241424560547
0,turbo2,16,1,1048576,262144,65536,0,1,datasets/silesia/samba,21606400,4683697,21.677359,0.8525404930114746,0.39777469635009766
0,turbo2,16,1,1048576,262144,65536,0,1,datasets/silesia/sao,7251944,4994031,68.864721,0.6720616817474365,0.4669373035430908
0,turbo2,16,1,1048576,262144,65536,0,1,AVERAGE,17661548.333333332,5070901.5,28.711534,1.0909082690874736,0.4014899929364522
0,turbo2,16,1,1048576,262144,65536,0,2,datasets/silesia/ooffice,6152192,2882754,46.857348,0.6963984966278076,0.2541952133178711
0,turbo2,16,1,1048576,262144,65536,0,2,datasets/silesia/xml,5345280,522162,9.768656,0.3657112121582031,0.046523332595825195
0,turbo2,16,1,1048576,262144,65536,0,2,datasets/silesia/mr,9970564,3379654,33.896317,1.6883666515350342,0.27495312690734863
0,turbo2,16,1,1048576,262144,65536,0,2,datasets/silesia/nci,33553445,2407476,7.175049,1.6280629634857178,0.19641757011413574
0,turbo2,16,1,1048576,262144,65536,0,2,datasets/silesia/webster,41458703,11037052,26.621798,2.913876533508301,0.8048686981201172
0,turbo2,16,1,1048576,262144,65536,0,2,datasets/silesia/reymont,6627202,1663871,25.106689,1.4136030673980713,0.13332414627075195
0,turbo2,16,1,1048576,262144,65536,0,2,datasets/silesia/dickens,10192446,3492190,34.262531,1.0491409301757812,0.25717902183532715
0,turbo2,16,1,1048576,262144,65536,0,2,datasets/silesia/mozilla,51220480,16747702,32.697277,5.500965118408203,1.305448293685913
0,turbo2,16,1,1048576,262144,65536,0,2,datasets/silesia/osdb,10085684,3403710,33.747934,0.6644642353057861,0.2918365001678467
0,turbo2,16,1,1048576,262144,65536,0,2,datasets/silesia/x-ray,8474240,5418765,63.943964,0.6412842273712158,0.46294260025024414
0,turbo2,16,1,1048576,262144,65536,0,2,datasets/silesia/samba,21606400,4644685,21.496802,1.5899646282196045,0.41333532333374023
0,turbo2,16,1,1048576,262144,65536,0,2,datasets/silesia/sao,7251944,5011343,69.103443,0.8920831680297852,0.46268343925476074
0,turbo2,16,1,1048576,262144,65536,0,2,AVERAGE,17661548.333333332,5050947.0,28.598552,1.586993436018626,0.40864227215449017
0,turbo2,16,1,1048576,262144,65536,0,3,datasets/silesia/ooffice,6152192,2875266,46.735635,1.1732864379882812,0.25037169456481934
0,turbo2,16,1,1048576,262144,65536,0,3,datasets/silesia/xml,5345280,525230,9.826052,0.5156676769256592,0.04895925521850586
0,turbo2,16,1,1048576,262144,65536,0,3,datasets/silesia/mr,9970564,3478650,34.8892,2.2592408657073975,0.2740976810455322
0,turbo2,16,1,1048576,262144,65536,0,3,datasets/silesia/nci,33553445,2404308,7.165607,2.775717258453369,0.2035503387451172
0,turbo2,16,1,1048576,262144,65536,0,3,datasets/silesia/webster,41458703,11165192,26.930876,3.3353188037872314,0.8257205486297607
0,turbo2,16,1,1048576,262144,65536,0,3,datasets/silesia/reymont,6627202,1683131,25.397309,1.9470305442810059,0.133925199508667
0,turbo2,16,1,1048576,262144,65536,0,3,datasets/silesia/dickens,10192446,3567450,35.000921,1.4323182106018066,0.26132631301879883
0,turbo2,16,1,1048576,262144,65536,0,3,datasets/silesia/mozilla,51220480,16728146,32.659097,8.423255205154419,1.3049750328063965
0,turbo2,16,1,1048576,262144,65536,0,3,datasets/silesia/osdb,10085684,3404886,33.759594,0.6509613990783691,0.2893984317779541
0,turbo2,16,1,1048576,262144,65536,0,3,datasets/silesia/x-ray,8474240,5473517,64.590064,0.7985787391662598,0.4816625118255615
0,turbo2,16,1,1048576,262144,65536,0,3,datasets/silesia/samba,21606400,4650625,21.524294,2.046917200088501,0.4140195846557617
0,turbo2,16,1,1048576,262144,65536,0,3,datasets/silesia/sao,7251944,5013367,69.131353,0.9781136512756348,0.47010064125061035
0,turbo2,16,1,1048576,262144,65536,0,3,AVERAGE,17661548.333333332,5080814.0,28.767659,2.1947004993756614,0.4131756027539571
0,turbo2,16,1,1048576,262144,262144,10,0,datasets/silesia/ooffice,6152192,3026822,49.199082,0.3271012306213379,0.25532960891723633
0,turbo2,16,1,1048576,262144,262144,10,0,datasets/silesia/xml,5345280,703290,13.157215,0.1152958869934082,0.055612802505493164
0,turbo2,16,1,1048576,262144,262144,10,0,datasets/silesia/mr,9970564,3459758,34.699722,0.33540868759155273,0.2667710781097412
0,turbo2,16,1,1048576,262144,262144,10,0,datasets/silesia/nci,33553445,3260436,9.717142,0.44071197509765625,0.24283576011657715
0,turbo2,16,1,1048576,262144,262144,10,0,datasets/silesia/webster,41458703,12813736,30.907228,1.0405635833740234,0.8521213531494141
0,turbo2,16,1,1048576,262144,262144,10,0,datasets/silesia/reymont,6627202,2076731,31.336467,0.21806883811950684,0.16412854194641113
0,turbo2,16,1,1048576,262144,262144,10,0,datasets/silesia/dickens,10192446,4131694,40.536825,0.37775349617004395,0.29618358612060547
0,turbo2,16,1,1048576,262144,262144,10,0,datasets/silesia/mozilla,51220480,17416611,34.003217,1.8255739212036133,1.366992712020874
0,turbo2,16,1,1048576,262144,262144,10,0,datasets/silesia/osdb,10085684,3622838,35.920598,0.38237643241882324,0.3031909465789795
0,turbo2,16,1,1048576,262144,262144,10,0,datasets/silesia/x-ray,8474240,5539437,65.36795,0.5459039211273193,0.4657893180847168
0,turbo2,16,1,1048576,262144,262144,10,0,datasets/silesia/samba,21606400,5102781,23.616988,0.5662751197814941,0.42645955085754395
0,turbo2,16,1,1048576,262144,262144,10,0,datasets/silesia/sao,7251944,5035255,69.433175,0.5466616153717041,0.4681417942047119
0,turbo2,16,1,1048576,262144,262144,10,0,AVERAGE,17661548.333333332,5515782.416666667,31.230458,0.5601412256558737,0.4302964210510254
0,turbo2,16,1,1048576,262144,262144,10,1,datasets/silesia/ooffice,6152192,2970190,48.278565,0.33881449699401855,0.26717638969421387
0,turbo2,16,1,1048576,262144,262144,10,1,datasets/silesia/xml,5345280,661214,12.370054,0.12355422973632812,0.0554502010345459
0,turbo2,16,1,1048576,262144,262144,10,1,datasets/silesia/mr,9970564,3563438,35.739583,0.37555646896362305,0.3013274669647217
0,turbo2,16,1,1048576,262144,262144,10,1,datasets/silesia/nci,33553445,3008788,8.967151,0.4266808032989502,0.24398541450500488
0,turbo2,16,1,1048576,262144,262144,10,1,datasets/silesia/webster,41458703,12540076,30.24715,1.0573232173919678,0.9008409976959229
0,turbo2,16,1,1048576,262144,262144,10,1,datasets/silesia/reymont,6627202,2017039,30.435756,0.21750831604003906,0.16116738319396973
0,turbo2,16,1,1048576,262144,262144,10,1,datasets/silesia/dickens,10192446,4080266,40.032255,0.38018083572387695,0.30541157722473145
0,turbo2,16,1,1048576,262144,262144,10,1,datasets/silesia/mozilla,51220480,17084180,33.354197,1.807044506072998,1.3769137859344482
0,turbo2,16,1,1048576,262144,262144,10,1,datasets/silesia/osdb,10085684,3608054,35.774014,0.37065839767456055,0.30416226387023926
0,turbo2,16,1,1048576,262144,262144,10,1,datasets/silesia/x-ray,8474240,5574089,65.77686,0.5833706855773926,0.48688292503356934
0,turbo2,16,1,1048576,262144,262144,10,1,datasets/silesia/samba,21606400,4950173,22.910679,0.5928051471710205,0.45080065727233887
0,turbo2,16,1,1048576,262144,262144,10,1,datasets/silesia/sao,7251944,5026575,69.313483,0.5532989501953125,0.502997875213623
0,turbo2,16,1,1048576,262144,262144,10,1,AVERAGE,17661548.333333332,5423673.5,30.708936,0.568899671236674,0.4464264114697774
0,turbo2,16,1,1048576,262144,262144,10,2,datasets/silesia/ooffice,6152192,2967062,48.227721,0.3453328609466553,0.2682485580444336
0,turbo2,16,1,1048576,262144,262144,10,2,datasets/silesia/xml,5345280,641582,12.002776,0.11431574821472168,0.056833744049072266
0,turbo2,16,1,1048576,262144,262144,10,2,datasets/silesia/mr,9970564,3570106,35.80646,0.38501858711242676,0.3112003803253174
0,turbo2,16,1,1048576,262144,262144,10,2,datasets/silesia/nci,33553445,2904144,8.655278,0.4418022632598877,0.2380983829498291
0,turbo2,16,1,1048576,262144,262144,10,2,datasets/silesia/webster,41458703,12392160,29.890371,1.0938777923583984,0.9232497215270996
0,turbo2,16,1,1048576,262144,262144,10,2,datasets/silesia/reymont,6627202,2006931,30.283233,0.21634268760681152,0.1767570972442627
0,turbo2,16,1,1048576,262144,262144,10,2,datasets/silesia/dickens,10192446,4038370,39.621206,0.3826429843902588,0.3224678039550781
0,turbo2,16,1,1048576,262144,262144,10,2,datasets/silesia/mozilla,51220480,17093225,33.371856,1.6618218421936035,1.3571054935455322
0,turbo2,16,1,1048576,262144,262144,10,2,datasets/silesia/osdb,10085684,3585334,35.548744,0.3981587886810303,0.3078303337097168
0,turbo2,16,1,1048576,262144,262144,10,2,datasets/silesia/x-ray,8474240,5586949,65.928614,0.5311853885650635,0.4748363494873047
0,turbo2,16,1,1048576,262144,262144,10,2,datasets/silesia/samba,21606400,4895601,22.658106,0.5581202507019043,0.4314103126525879
0,turbo2,16,1,1048576,262144,262144,10,2,datasets/silesia/sao,7251944,5116419,70.552379,0.5328741073608398,0.49438905715942383
0,turbo2,16,1,1048576,262144,262144,10,2,AVERAGE,17661548.333333332,5399823.583333333,30.573897,0.5551244417826334,0.44686893622080487
0,turbo2,16,1,1048576,262144,262144,10,3,datasets/silesia/ooffice,6152192,2957026,48.064592,0.3364262580871582,0.2634122371673584
0,turbo2,16,1,1048576,262144,262144,10,3,datasets/silesia/xml,5345280,641246,11.99649,0.1552751064300537,0.05709481239318848
0,turbo2,16,1,1048576,262144,262144,10,3,datasets/silesia/mr,9970564,3616406,36.270827,0.37258052825927734,0.32620763778686523
0,turbo2,16,1,1048576,262144,262144,10,3,datasets/silesia/nci,33553445,2916460,8.691984,0.47978782653808594,0.24637198448181152
0,turbo2,16,1,1048576,262144,262144,10,3,datasets/silesia/webster,41458703,12439880,30.005473,1.1956524848937988,0.9418396949768066
0,turbo2,16,1,1048576,262144,262144,10,3,datasets/silesia/reymont,6627202,2018291,30.454647,0.2284996509552002,0.16965484619140625
0,turbo2,16,1,1048576,262144,262144,10,3,datasets/silesia/dickens,10192446,4083050,40.05957,0.4203641414642334,0.31199002265930176
0,turbo2,16,1,1048576,262144,262144,10,3,datasets/silesia/mozilla,51220480,17056355,33.299873,1.7369987964630127,1.3638725280761719
0,turbo2,16,1,1048576,262144,262144,10,3,datasets/silesia/osdb,10085684,3557606,35.27382,0.4016401767730713,0.31043481826782227
0,turbo2,16,1,1048576,262144,262144,10,3,datasets/silesia/x-ray,8474240,5601949,66.105621,0.5683555603027344,0.506493330001831
0,turbo2,16,1,1048576,262144,262144,10,3,datasets/silesia/samba,21606400,4890141,22.632836,0.5734310150146484,0.44489312171936035
0,turbo2,16,1,1048576,262144,262144,10,3,datasets/silesia/sao,7251944,5105359,70.399868,0.5463745594024658,0.5015859603881836
0,turbo2,16,1,1048576,262144,262144,10,3,AVERAGE,17661548.333333332,5406980.75,30.614421,0.5846155087153116,0.4536542495091756
0,turbo2,16,1,1048576,262144,262144,1000,0,datasets/silesia/ooffice,6152192,2953098,48.000745,0.3776226043701172,0.25108909606933594
0,turbo2,16,1,1048576,262144,262144,1000,0,datasets/silesia/xml,5345280,559546,10.468039,0.14580607414245605,0.04608607292175293
0,turbo2,16,1,1048576,262144,262144,1000,0,datasets/silesia/mr,9970564,3381582,33.915654,0.41732335090637207,0.25075459480285645
0,turbo2,16,1,1048576,262144,262144,1000,0,datasets/silesia/nci,33553445,2694600,8.03077,0.4867260456085205,0.19106531143188477
0,turbo2,16,1,1048576,262144,262144,1000,0,datasets/silesia/webster,41458703,11314056,27.289942,1.2027826309204102,0.7424511909484863
0,turbo2,16,1,1048576,262144,262144,1000,0,datasets/silesia/reymont,6627202,1744887,26.329166,0.351787805557251,0.12465763092041016
0,turbo2,16,1,1048576,262144,262144,1000,0,datasets/silesia/dickens,10192446,3547562,34.805796,0.5389714241027832,0.23665881156921387
0,turbo2,16,1,1048576,262144,262144,1000,0,datasets/silesia/mozilla,51220480,17149637,33.481992,1.7183947563171387,1.2991347312927246
0,turbo2,16,1,1048576,262144,262144,1000,0,datasets/silesia/osdb,10085684,3483774,34.541772,0.37323474884033203,0.29947519302368164
0,turbo2,16,1,1048576,262144,262144,1000,0,datasets/silesia/x-ray,8474240,5463965,64.477345,0.5290341377258301,0.4408268928527832
0,turbo2,16,1,1048576,262144,262144,1000,0,datasets/silesia/samba,21606400,4812141,22.271831,0.6414332389831543,0.39836621284484863
0,turbo2,16,1,1048576,262144,262144,1000,0,datasets/silesia/sao,7251944,5036031,69.443876,0.5810062885284424,0.4645252227783203
0,turbo2,16,1,1048576,262144,262144,1000,0,AVERAGE,17661548.333333332,5178406.583333333,29.32023,0.613676925500234,0.3954242467880249
0,turbo2,16,1,1048576,262144,262144,1000,1,datasets/silesia/ooffice,6152192,2892246,47.011634,0.449099063873291,0.24895882606506348
0,turbo2,16,1,1048576,262144,262144,1000,1,datasets/silesia/xml,5345280,535442,10.017099,0.18456006050109863,0.045427560806274414
0,turbo2,16,1,1048576,262144,262144,1000,1,datasets/silesia/mr,9970564,3378934,33.889096,0.5986649990081787,0.27231264114379883
0,turbo2,16,1,1048576,262144,262144,1000,1,datasets/silesia/nci,33553445,2520836,7.512898,0.5081331729888916,0.1860978603363037
0,turbo2,16,1,1048576,262144,262144,1000,1,datasets/silesia/webster,41458703,11156792,26.910615,1.3463671207427979,0.742260217666626
0,turbo2,16,1,1048576,262144,262144,1000,1,datasets/silesia/reymont,6627202,1703511,25.70483,0.49776244163513184,0.12069511413574219
0,turbo2,16,1,1048576,262144,262144,1000,1,datasets/silesia/dickens,10192446,3521162,34.546781,0.665290117263794,0.22935080528259277
0,turbo2,16,1,1048576,262144,262144,1000,1,datasets/silesia/mozilla,51220480,16763160,32.727456,1.6754777431488037,1.2564356327056885
0,turbo2,16,1,1048576,262144,262144,1000,1,datasets/silesia/osdb,10085684,3424894,33.957974,0.4468231201171875,0.28899097442626953
0,turbo2,16,1,1048576,262144,262144,1000,1,datasets/silesia/x-ray,8474240,5386813,63.566916,0.641207218170166,0.4583113193511963
0,turbo2,16,1,1048576,262144,262144,1000,1,datasets/silesia/samba,21606400,4684873,21.682802,0.7108018398284912,0.4024384021759033
0,turbo2,16,1,1048576,262144,262144,1000,1,datasets/silesia/sao,7251944,4993995,68.864225,0.6537148952484131,0.46392345428466797
0,turbo2,16,1,1048576,262144,262144,1000,1,AVERAGE,17661548.333333332,5080221.5,28.764304,0.6981584827105204,0.39293356736501056
0,turbo2,16,1,1048576,262144,262144,1000,2,datasets/silesia/ooffice,6152192,2884946,46.892977,0.5624394416809082,0.25463438034057617
0,turbo2,16,1,1048576,262144,262144,1000,2,datasets/silesia/xml,5345280,524942,9.820664,0.2328348159790039,0.04770183563232422
0,turbo2,16,1,1048576,262144,262144,1000,2,datasets/silesia/mr,9970564,3409790,34.198567,0.7317583560943604,0.2752411365509033
0,turbo2,16,1,1048576,262144,262144,1000,2,datasets/silesia/nci,33553445,2444868,7.286489,0.5626659393310547,0.20051884651184082
0,turbo2,16,1,1048576,262144,262144,1000,2,datasets/silesia/webster,41458703,11073868,26.710599,1.787613868713379,0.8042690753936768
0,turbo2,16,1,1048576,262144,262144,1000,2,datasets/silesia/reymont,6627202,1686239,25.444207,0.6992089748382568,0.13558721542358398
0,turbo2,16,1,1048576,262144,262144,1000,2,datasets/silesia/dickens,10192446,3504730,34.385564,0.8305048942565918,0.2577810287475586
0,turbo2,16,1,1048576,262144,262144,1000,2,datasets/silesia/mozilla,51220480,16733549,32.669645,1.8165128231048584,1.3014097213745117
0,turbo2,16,1,1048576,262144,262144,1000,2,datasets/silesia/osdb,10085684,3414942,33.8593,0.467238187789917,0.28885531425476074
0,turbo2,16,1,1048576,262144,262144,1000,2,datasets/silesia/x-ray,8474240,5418825,63.944672,0.6535961627960205,0.463193416595459
0,turbo2,16,1,1048576,262144,262144,1000,2,datasets/silesia/samba,21606400,4645245,21.499394,0.7737183570861816,0.4090399742126465
0,turbo2,16,1,1048576,262144,262144,1000,2,datasets/silesia/sao,7251944,5009815,69.082373,0.7648823261260986,0.4667634963989258
0,turbo2,16,1,1048576,262144,262144,1000,2,AVERAGE,17661548.333333332,5062646.583333333,28.664795,0.8235811789830526,0.40874962011973065
0,turbo2,16,1,1048576,262144,262144,1000,3,datasets/silesia/ooffice,6152192,2877390,46.770159,0.583031415939331,0.24952149391174316
0,turbo2,16,1,1048576,262144,262144,1000,3,datasets/silesia/xml,5345280,528294,9.883374,0.2877316474914551,0.045984745025634766
0,turbo2,16,1,1048576,262144,262144,1000,3,datasets/silesia/mr,9970564,3487770,34.980669,0.8713831901550293,0.2772705554962158
0,turbo2,16,1,1048576,262144,262144,1000,3,datasets/silesia/nci,33553445,2442856,7.280492,0.7228496074676514,0.20786261558532715
0,turbo2,16,1,1048576,262144,262144,1000,3,datasets/silesia/webster,41458703,11201028,27.017314,2.2313950061798096,0.8052520751953125
0,turbo2,16,1,1048576,262144,262144,1000,3,datasets/silesia/reymont,6627202,1706291,25.746778,0.9147038459777832,0.13401484489440918
0,turbo2,16,1,1048576,262144,262144,1000,3,datasets/silesia/dickens,10192446,3579270,35.11689,1.1364719867706299,0.25964856147766113
0,turbo2,16,1,1048576,262144,262144,1000,3,datasets/silesia/mozilla,51220480,16714812,32.633064,2.0061676502227783,1.3592543601989746
0,turbo2,16,1,1048576,262144,262144,1000,3,datasets/silesia/osdb,10085684,3418506,33.894637,0.5269091129302979,0.2899050712585449
0,turbo2,16,1,1048576,262144,262144,1000,3,datasets/silesia/x-ray,8474240,5473533,64.590252,0.7284145355224609,0.4736919403076172
0,turbo2,16,1,1048576,262144,262144,1000,3,datasets/silesia/samba,21606400,4653397,21.537123,0.9034831523895264,0.4099390506744385
0,turbo2,16,1,1048576,262144,262144,1000,3,datasets/silesia/sao,7251944,5015755,69.164282,0.8159492015838623,0.4592010974884033
0,turbo2,16,1,1048576,262144,262144,1000,3,AVERAGE,17661548.333333332,5091575.166666667,28.828589,0.9773741960525513,0.41429553429285687
0,turbo2,16,1,1048576,262144,262144,0,0,datasets/silesia/ooffice,6152192,2951602,47.976429,0.3957512378692627,0.2504284381866455
0,turbo2,16,1,1048576,262144,262144,0,0,datasets/silesia/xml,5345280,557586,10.431371,0.1822216510772705,0.04656052589416504
0,turbo2,16,1,1048576,262144,262144,0,0,datasets/silesia/mr,9970564,3380306,33.902856,0.5448880195617676,0.2504565715789795
0,turbo2,16,1,1048576,262144,262144,0,0,datasets/silesia/nci,33553445,2669936,7.957263,0.5905656814575195,0.18996953964233398
0,turbo2,16,1,1048576,262144,262144,0,0,datasets/silesia/webster,41458703,11278380,27.20389,1.4371492862701416,0.7339189052581787
0,turbo2,16,1,1048576,262144,262144,0,0,datasets/silesia/reymont,6627202,1724099,26.015489,0.5438647270202637,0.1240530014038086
0,turbo2,16,1,1048576,262144,262144,0,0,datasets/silesia/dickens,10192446,3535094,34.68347,0.6035521030426025,0.23647284507751465
0,turbo2,16,1,1048576,262144,262144,0,0,datasets/silesia/mozilla,51220480,17155001,33.492464,1.852424144744873,1.238187551498413
0,turbo2,16,1,1048576,262144,262144,0,0,datasets/silesia/osdb,10085684,3483774,34.541772,0.38495755195617676,0.2711491584777832
0,turbo2,16,1,1048576,262144,262144,0,0,datasets/silesia/x-ray,8474240,5463965,64.477345,0.48075246810913086,0.4265320301055908
0,turbo2,16,1,1048576,262144,262144,0,0,datasets/silesia/samba,21606400,4808349,22.254281,0.5794451236724854,0.37937235832214355
0,turbo2,16,1,1048576,262144,262144,0,0,datasets/silesia/sao,7251944,5036003,69.44349,0.5186913013458252,0.44306278228759766
0,turbo2,16,1,1048576,262144,262144,0,0,AVERAGE,17661548.333333332,5170341.25,29.274564,0.67618860801061,0.3825136423110962
0,turbo2,16,1,1048576,262144,262144,0,1,datasets/silesia/ooffice,6152192,2890426,46.982051,0.48357248306274414,0.23689794540405273
0,turbo2,16,1,1048576,262144,262144,0,1,datasets/silesia/xml,5345280,533242,9.975941,0.23964428901672363,0.04268169403076172
0,turbo2,16,1,1048576,262144,262144,0,1,datasets/silesia/mr,9970564,3362410,33.723368,1.4370460510253906,0.25351548194885254
0,turbo2,16,1,1048576,262144,262144,0,1,datasets/silesia/nci,33553445,2489504,7.419518,0.9289071559906006,0.18718862533569336
0,turbo2,16,1,1048576,262144,262144,0,1,datasets/silesia/webster,41458703,11120940,26.824139,1.8809788227081299,0.730262279510498
0,turbo2,16,1,1048576,262144,262144,0,1,datasets/silesia/reymont,6627202,1683203,25.398396,0.9651834964752197,0.12291669845581055
0,turbo2,16,1,1048576,262144,262144,0,1,datasets/silesia/dickens,10192446,3508246,34.42006,1.092310905456543,0.24270367622375488
0,turbo2,16,1,1048576,262144,262144,0,1,datasets/silesia/mozilla,51220480,16775964,32.752454,3.3647193908691406,1.2923905849456787
0,turbo2,16,1,1048576,262144,262144,0,1,datasets/silesia/osdb,10085684,3422390,33.933147,0.5731289386749268,0.287675142288208
0,turbo2,16,1,1048576,262144,262144,0,1,datasets/silesia/x-ray,8474240,5386765,63.566349,0.6221878528594971,0.45310091972351074
0,turbo2,16,1,1048576,262144,262144,0,1,datasets/silesia/samba,21606400,4683697,21.677359,0.7926692962646484,0.4019036293029785
0,turbo2,16,1,1048576,262144,262144,0,1,datasets/silesia/sao,7251944,4994031,68.864721,0.6539452075958252,0.46112513542175293
0,turbo2,16,1,1048576,262144,262144,0,1,AVERAGE,17661548.333333332,5070901.5,28.711534,1.0861911574999492,0.3926968177159627
0,turbo2,16,1,1048576,262144,262144,0,2,datasets/silesia/ooffice,6152192,2882754,46.857348,0.6792676448822021,0.24907636642456055
0,turbo2,16,1,1048576,262144,262144,0,2,datasets/silesia/xml,5345280,522162,9.768656,0.36508798599243164,0.048883914947509766
0,turbo2,16,1,1048576,262144,262144,0,2,datasets/silesia/mr,9970564,3379654,33.896317,1.5790846347808838,0.2676844596862793
0,turbo2,16,1,1048576,262144,262144,0,2,datasets/silesia/nci,33553445,2407476,7.175049,1.587825059890747,0.19942498207092285
0,turbo2,16,1,1048576,262144,262144,0,2,datasets/silesia/webster,41458703,11037052,26.621798,2.504406213760376,0.8028240203857422
0,turbo2,16,1,1048576,262144,262144,0,2,datasets/silesia/reymont,6627202,1663871,25.106689,1.467160940170288,0.13520455360412598
0,turbo2,16,1,1048576,262144,262144,0,2,datasets/silesia/dickens,10192446,3492190,34.262531,1.1448538303375244,0.26142239570617676
0,turbo2,16,1,1048576,262144,262144,0,2,datasets/silesia/mozilla,51220480,16747702,32.697277,5.537832021713257,1.2993152141571045
0,turbo2,16,1,1048576,262144,262144,0,2,datasets/silesia/osdb,10085684,3403710,33.747934,0.5739052295684814,0.2906315326690674
0,turbo2,16,1,1048576,262144,262144,0,2,datasets/silesia/x-ray,8474240,5418765,63.943964,0.6500253677368164,0.45737266540527344
0,turbo2,16,1,1048576,262144,262144,0,2,datasets/silesia/samba,21606400,4644685,21.496802,1.5737597942352295,0.41160106658935547
0,turbo2,16,1,1048576,262144,262144,0,2,datasets/silesia/sao,7251944,5011343,69.103443,0.9604206085205078,0.46966099739074707
0,turbo2,16,1,1048576,262144,262144,0,2,AVERAGE,17661548.333333332,5050947.0,28.598552,1.5519691109657288,0.40775851408640545
0,turbo2,16,1,1048576,262144,262144,0,3,datasets/silesia/ooffice,6152192,2875266,46.735635,1.2087953090667725,0.2502262592315674
0,turbo2,16,1,1048576,262144,262144,0,3,datasets/silesia/xml,5345280,525230,9.826052,0.5312566757202148,0.049715518951416016
0,turbo2,16,1,1048576,262144,262144,0,3,datasets/silesia/mr,9970564,3478650,34.8892,2.3143906593322754,0.2888352870941162
0,turbo2,16,1,1048576,262144,262144,0,3,datasets/silesia/nci,33553445,2404308,7.165607,2.8352811336517334,0.20650267601013184
0,turbo2,16,1,1048576,262144,262144,0,3,datasets/silesia/webster,41458703,11165192,26.930876,3.88495135307312,0.8112666606903076
0,turbo2,16,1,1048576,262144,262144,0,3,datasets/silesia/reymont,6627202,1683131,25.397309,1.950451135635376,0.13796210289001465
0,turbo2,16,1,1048576,262144,262144,0,3,datasets/silesia/dickens,10192446,3567450,35.000921,1.708087682723999,0.26081013679504395
0,turbo2,16,1,1048576,262144,262144,0,3,datasets/silesia/mozilla,51220480,16728146,32.659097,8.667490720748901,1.2708287239074707
0,turbo2,16,1,1048576,262144,262144,0,3,datasets/silesia/osdb,10085684,3404886,33.759594,0.6850473880767822,0.28299546241760254
0,turbo2,16,1,1048576,262144,262144,0,3,datasets/silesia/x-ray,8474240,5473517,64.590064,0.684150218963623,0.4756488800048828
0,turbo2,16,1,1048576,262144,262144,0,3,datasets/silesia/samba,21606400,4650625,21.524294,2.2111330032348633,0.41942739486694336
0,turbo2,16,1,1048576,262144,262144,0,3,datasets/silesia/sao,7251944,5013367,69.131353,1.0281982421875,0.470935583114624
0,turbo2,16,1,1048576,262144,262144,0,3,AVERAGE,17661548.333333332,5080814.0,28.767659,2.309102793534597,0.4104295571645101
0,turbo2,16,1,1048576,262144,1048576,10,0,datasets/silesia/ooffice,6152192,3026822,49.199082,0.353010892868042,0.26062893867492676
0,turbo2,16,1,1048576,262144,1048576,10,0,datasets/silesia/xml,5345280,703290,13.157215,0.13368916511535645,0.05731654167175293
0,turbo2,16,1,1048576,262144,1048576,10,0,datasets/silesia/mr,9970564,3459758,34.699722,0.3475644588470459,0.2772409915924072
0,turbo2,16,1,1048576,262144,1048576,10,0,datasets/silesia/nci,33553445,3260436,9.717142,0.47883129119873047,0.25642895698547363
0,turbo2,16,1,1048576,262144,1048576,10,0,datasets/silesia/webster,41458703,12813736,30.907228,1.0559513568878174,0.8985435962677002
0,turbo2,16,1,1048576,262144,1048576,10,0,datasets/silesia/reymont,6627202,2076731,31.336467,0.23032307624816895,0.1599140167236328
0,turbo2,16,1,1048576,262144,1048576,10,0,datasets/silesia/dickens,10192446,4131694,40.536825,0.39903759956359863,0.3022017478942871
0,turbo2,16,1,1048576,262144,1048576,10,0,datasets/silesia/mozilla,51220480,17416611,34.003217,1.7520532608032227,1.3585965633392334
0,turbo2,16,1,1048576,262144,1048576,10,0,datasets/silesia/osdb,10085684,3622838,35.920598,0.3615267276763916,0.31051087379455566
0,turbo2,16,1,1048576,262144,1048576,10,0,datasets/silesia/x-ray,8474240,5539437,65.36795,0.5300509929656982,0.46373462677001953
0,turbo2,16,1,1048576,262144,1048576,10,0,datasets/silesia/samba,21606400,5102781,23.616988,0.538153886795044,0.42693018913269043
0,turbo2,16,1,1048576,262144,1048576,10,0,datasets/silesia/sao,7251944,5035255,69.433175,0.5431859493255615,0.4779689311981201
0,turbo2,16,1,1048576,262144,1048576,10,0,AVERAGE,17661548.333333332,5515782.416666667,31.230458,0.5602815548578898,0.43750133117039997
0,turbo2,16,1,1048576,262144,1048576,10,1,datasets/silesia/ooffice,6152192,2970190,48.278565,0.33520078659057617,0.26682162284851074
0,turbo2,16,1,1048576,262144,1048576,10,1,datasets/silesia/xml,5345280,661214,12.370054,0.11719369888305664,0.0602414608001709
0,turbo2,16,1,1048576,262144,1048576,10,1,datasets/silesia/mr,9970564,3563438,35.739583,0.38175511360168457,0.29877758026123047
0,turbo2,16,1,1048576,262144,1048576,10,1,datasets/silesia/nci,33553445,3008788,8.967151,0.414792537689209,0.24492287635803223
0,turbo2,16,1,1048576,262144,1048576,10,1,datasets/silesia/webster,41458703,12540076,30.24715,1.0183219909667969,0.8970081806182861
0,turbo2,16,1,1048576,262144,1048576,10,1,datasets/silesia/reymont,6627202,2017039,30.435756,0.22003793716430664,0.16037273406982422
0,turbo2,16,1,1048576,262144,1048576,10,1,datasets/silesia/dickens,10192446,4080266,40.032255,0.40010690689086914,0.3190314769744873
0,turbo2,16,1,1048576,262144,1048576,10,1,datasets/silesia/mozilla,51220480,17084180,33.354197,1.785229206085205,1.3624160289764404
0,turbo2,16,1,1048576,262144,1048576,10,1,datasets/silesia/osdb,10085684,3608054,35.774014,0.4317128658294678,0.30795836448669434
0,turbo2,16,1,1048576,262144,1048576,10,1,datasets/silesia/x-ray,8474240,5574089,65.77686,0.540184497833252,0.4838688373565674
0,turbo2,16,1,1048576,262144,1048576,10,1,datasets/silesia/samba,21606400,4950173,22.910679,0.5272068977355957,0.43631720542907715
0,turbo2,16,1,1048576,262144,1048576,10,1,datasets/silesia/sao,7251944,5026575,69.313483,0.5373990535736084,0.48359251022338867
0,turbo2,16,1,1048576,262144,1048576,10,1,AVERAGE,17661548.333333332,5423673.5,30.708936,0.5590951244036356,0.44344407320022583
0,turbo2,16,1,1048576,262144,1048576,10,2,datasets/silesia/ooffice,6152192,2967062,48.227721,0.3531985282897949,0.2721426486968994
0,turbo2,16,1,1048576,262144,1048576,10,2,datasets/silesia/xml,5345280,641582,12.002776,0.13122344017028809,0.0579991340637207
0,turbo2,16,1,1048576,262144,1048576,10,2,datasets/silesia/mr,9970564,3570106,35.80646,0.39675331115722656,0.31496572494506836
0,turbo2,16,1,1048576,262144,1048576,10,2,datasets/silesia/nci,33553445,2904144,8.655278,0.42490291595458984,0.24673104286193848
0,turbo2,16,1,1048576,262144,1048576,10,2,datasets/silesia/webster,41458703,12392160,29.890371,1.1150877475738525,0.9769811630249023
0,turbo2,16,1,1048576,262144,1048576,10,2,datasets/silesia/reymont,6627202,2006931,30.283233,0.24402356147766113,0.17111992835998535
0,turbo2,16,1,1048576,262144,1048576,10,2,datasets/silesia/dickens,10192446,4038370,39.621206,0.3930070400238037,0.32152390480041504
0,turbo2,16,1,1048576,262144,1048576,10,2,datasets/silesia/mozilla,51220480,17093225,33.371856,1.7564091682434082,1.3586013317108154
0,turbo2,16,1,1048576,262144,1048576,10,2,datasets/silesia/osdb,10085684,3585334,35.548744,0.3779876232147217,0.31182169914245605
0,turbo2,16,1,1048576,262144,1048576,10,2,datasets/silesia/x-ray,8474240,5586949,65.928614,0.5633695125579834,0.5008165836334229
0,turbo2,16,1,1048576,262144,1048576,10,2,datasets/silesia/samba,21606400,4895601,22.658106,0.5971927642822266,0.43778395652770996
0,turbo2,16,1,1048576,262144,1048576,10,2,datasets/silesia/sao,7251944,5116419,70.552379,0.5631544589996338,0.4963066577911377
0,turbo2,16,1,1048576,262144,1048576,10,2,AVERAGE,17661548.333333332,5399823.583333333,30.573897,0.5763591726620992,0.455566147963206
0,turbo2,16,1,1048576,262144,1048576,10,3,datasets/silesia/ooffice,6152192,2957026,48.064592,0.3388957977294922,0.2705872058868408
0,turbo2,16,1,1048576,262144,1048576,10,3,datasets/silesia/xml,5345280,641246,11.99649,0.1200110912322998,0.058203697204589844
0,turbo2,16,1,1048576,262144,1048576,10,3,datasets/silesia/mr,9970564,3616406,36.270827,0.4125392436981201,0.31918978691101074
0,turbo2,16,1,1048576,262144,1048576,10,3,datasets/silesia/nci,33553445,2916460,8.691984,0.42287516593933105,0.2461860179901123
0,turbo2,16,1,1048576,262144,1048576,10,3,datasets/silesia/webster,41458703,12439880,30.005473,1.113420009613037,0.9676227569580078
0,turbo2,16,1,1048576,262144,1048576,10,3,datasets/silesia/reymont,6627202,2018291,30.454647,0.23056411743164062,0.16966009140014648
0,turbo2,16,1,1048576,262144,1048576,10,3,datasets/silesia/dickens,10192446,4083050,40.05957,0.4101827144622803,0.3219168186187744
0,turbo2,16,1,1048576,262144,1048576,10,3,datasets/silesia/mozilla,51220480,17056355,33.299873,1.6760368347167969,1.3715636730194092
0,turbo2,16,1,1048576,262144,1048576,10,3,datasets/silesia/osdb,10085684,3557606,35.27382,0.4114038944244385,0.30727267265319824
0,turbo2,16,1,1048576,262144,1048576,10,3,datasets/silesia/x-ray,8474240,5601949,66.105621,0.563446044921875,0.503570556640625
0,turbo2,16,1,1048576,262144,1048576,10,3,datasets/silesia/samba,21606400,4890141,22.632836,0.5524928569793701,0.435133695602417
0,turbo2,16,1,1048576,262144,1048576,10,3,datasets/silesia/sao,7251944,5105359,70.399868,0.5297713279724121,0.4862189292907715
0,turbo2,16,1,1048576,262144,1048576,10,3,AVERAGE,17661548.333333332,5406980.75,30.614421,0.5651365915934244,0.45476049184799194
0,turbo2,16,1,1048576,262144,1048576,1000,0,datasets/silesia/ooffice,6152192,2953098,48.000745,0.3647308349609375,0.2498946189880371
0,turbo2,16,1,1048576,262144,1048576,1000,0,datasets/silesia/xml,5345280,559546,10.468039,0.14142298698425293,0.04561352729797363
0,turbo2,16,1,1048576,262144,1048576,1000,0,datasets/silesia/mr,9970564,3381582,33.915654,0.4391751289367676,0.25574421882629395
0,turbo2,16,1,1048576,262144,1048576,1000,0,datasets/silesia/nci,33553445,2694600,8.03077,0.48846912384033203,0.19054746627807617
0,turbo2,16,1,1048576,262144,1048576,1000,0,datasets/silesia/webster,41458703,11314056,27.289942,1.158712387084961,0.7420649528503418
0,turbo2,16,1,1048576,262144,1048576,1000,0,datasets/silesia/reymont,6627202,1744887,26.329166,0.35285186767578125,0.12614798545837402
0,turbo2,16,1,1048576,262144,1048576,1000,0,datasets/silesia/dickens,10192446,3547562,34.805796,0.5541641712188721,0.23570561408996582
0,turbo2,16,1,1048576,262144,1048576,1000,0,datasets/silesia/mozilla,51220480,17149637,33.481992,1.6834194660186768,1.2882421016693115
0,turbo2,16,1,1048576,262144,1048576,1000,0,datasets/silesia/osdb,10085684,3483774,34.541772,0.3730485439300537,0.2907836437225342
0,turbo2,16,1,1048576,262144,1048576,1000,0,datasets/silesia/x-ray,8474240,5463965,64.477345,0.5232985019683838,0.44339418411254883
0,turbo2,16,1,1048576,262144,1048576,1000,0,datasets/silesia/samba,21606400,4812141,22.271831,0.6129350662231445,0.3953895568847656
0,turbo2,16,1,1048576,262144,1048576,1000,0,datasets/silesia/sao,7251944,5036031,69.443876,0.5625574588775635,0.4652993679046631
0,turbo2,16,1,1048576,262144,1048576,1000,0,AVERAGE,17661548.333333332,5178406.583333333,29.32023,0.6045654614766439,0.39406893650690716
0,turbo2,16,1,1048576,262144,1048576,1000,1,datasets/silesia/ooffice,6152192,2892246,47.011634,0.44802069664001465,0.2512085437774658
0,turbo2,16,1,1048576,262144,1048576,1000,1,datasets/silesia/xml,5345280,535442,10.017099,0.18747258186340332,0.04631376266479492
0,turbo2,16,1,1048576,262144,1048576,1000,1,datasets/silesia/mr,9970564,3378934,33.889096,0.602144718170166,0.2673766613006592
0,turbo2,16,1,1048576,262144,1048576,1000,1,datasets/silesia/nci,33553445,2520836,7.512898,0.5104212760925293,0.1956465244293213
0,turbo2,16,1,1048576,262144,1048576,1000,1,datasets/silesia/webster,41458703,11156792,26.910615,1.461974859237671,0.7669527530670166
0,turbo2,16,1,1048576,262144,1048576,1000,1,datasets/silesia/reymont,6627202,1703511,25.70483,0.5353984832763672,0.13136529922485352
0,turbo2,16,1,1048576,262144,1048576,1000,1,datasets/silesia/dickens,10192446,3521162,34.546781,0.711345911026001,0.24538183212280273
0,turbo2,16,1,1048576,262144,1048576,1000,1,datasets/silesia/mozilla,51220480,16763160,32.727456,1.7435588836669922,1.2913544178009033
0,turbo2,16,1,1048576,262144,1048576,1000,1,datasets/silesia/osdb,10085684,3424894,33.957974,0.4493575096130371,0.2840454578399658
0,turbo2,16,1,1048576,262144,1048576,1000,1,datasets/silesia/x-ray,8474240,5386813,63.566916,0.6221623420715332,0.4545121192932129
0,turbo2,16,1,1048576,262144,1048576,1000,1,datasets/silesia/samba,21606400,4684873,21.682802,0.6988718509674072,0.3967604637145996
0,turbo2,16,1,1048576,262144,1048576,1000,1,datasets/silesia/sao,7251944,4993995,68.864225,0.6345212459564209,0.4593186378479004
0,turbo2,16,1,1048576,262144,1048576,1000,1,AVERAGE,17661548.333333332,5080221.5,28.764304,0.7171041965484619,0.399186372756958
0,turbo2,16,1,1048576,262144,1048576,1000,2,datasets/silesia/ooffice,6152192,2884946,46.892977,0.5475773811340332,0.2541539669036865
0,turbo2,16,1,1048576,262144,1048576,1000,2,datasets/silesia/xml,5345280,524942,9.820664,0.22820019721984863,0.04777836799621582
0,turbo2,16,1,1048576,262144,1048576,1000,2,datasets/silesia/mr,9970564,3409790,34.198567,0.6879358291625977,0.2727773189544678
0,turbo2,16,1,1048576,262144,1048576,1000,2,datasets/silesia/nci,33553445,2444868,7.286489,0.5574774742126465,0.19935059547424316
0,turbo2,16,1,1048576,262144,1048576,1000,2,datasets/silesia/webster,41458703,11073868,26.710599,1.7750964164733887,0.8051252365112305
0,turbo2,16,1,1048576,262144,1048576,1000,2,datasets/silesia/reymont,6627202,1686239,25.444207,0.6693885326385498,0.13811397552490234
0,turbo2,16,1,1048576,262144,1048576,1000,2,datasets/silesia/dickens,10192446,3504730,34.385564,0.8811776638031006,0.26082921028137207
0,turbo2,16,1,1048576,262144,1048576,1000,2,datasets/silesia/mozilla,51220480,16733549,32.669645,1.809035062789917,1.3469648361206055
0,turbo2,16,1,1048576,262144,1048576,1000,2,datasets/silesia/osdb,10085684,3414942,33.8593,0.593419075012207,0.34174203872680664
0,turbo2,16,1,1048576,262144,1048576,1000,2,datasets/silesia/x-ray,8474240,5418825,63.944672,0.7436716556549072,0.48689889907836914
0,turbo2,16,1,1048576,262144,1048576,1000,2,datasets/silesia/samba,21606400,4645245,21.499394,0.9599237442016602,0.442795991897583
0,turbo2,16,1,1048576,262144,1048576,1000,2,datasets/silesia/sao,7251944,5009815,69.082373,0.7609901428222656,0.4626810550689697
0,turbo2,16,1,1048576,262144,1048576,1000,2,AVERAGE,17661548.333333332,5062646.583333333,28.664795,0.8511577645937601,0.42160095771153766
0,turbo2,16,1,1048576,262144,1048576,1000,3,datasets/silesia/ooffice,6152192,2877390,46.770159,0.5951724052429199,0.2467660903930664
0,turbo2,16,1,1048576,262144,1048576,1000,3,datasets/silesia/xml,5345280,528294,9.883374,0.2938573360443115,0.050290584564208984
0,turbo2,16,1,1048576,262144,1048576,1000,3,datasets/silesia/mr,9970564,3487770,34.980669,0.8688242435455322,0.2787964344024658
0,turbo2,16,1,1048576,262144,1048576,1000,3,datasets/silesia/nci,33553445,2442856,7.280492,0.6664061546325684,0.20593953132629395
0,turbo2,16,1,1048576,262144,1048576,1000,3,datasets/silesia/webster,41458703,11201028,27.017314,2.306663990020752,0.8040924072265625
0,turbo2,16,1,1048576,262144,1048576,1000,3,datasets/silesia/reymont,6627202,1706291,25.746778,0.9364585876464844,0.13224554061889648
0,turbo2,16,1,1048576,262144,1048576,1000,3,datasets/silesia/dickens,10192446,3579270,35.11689,1.1767032146453857,0.26334261894226074
0,turbo2,16,1,1048576,262144,1048576,1000,3,datasets/silesia/mozilla,51220480,16714812,32.633064,2.021883487701416,1.3008038997650146
0,turbo2,16,1,1048576,262144,1048576,1000,3,datasets/silesia/osdb,10085684,3418506,33.894637,0.5602383613586426,0.29559755325317383
0,turbo2,16,1,1048576,262144,1048576,1000,3,datasets/silesia/x-ray,8474240,5473533,64.590252,0.7156128883361816,0.49007606506347656
0,turbo2,16,1,1048576,262144,1048576,1000,3,datasets/silesia/samba,21606400,4653397,21.537123,0.9045262336730957,0.41615819931030273
0,turbo2,16,1,1048576,262144,1048576,1000,3,datasets/silesia/sao,7251944,5015755,69.164282,0.9409067630767822,0.49666929244995117
0,turbo2,16,1,1048576,262144,1048576,1000,3,AVERAGE,17661548.333333332,5091575.166666667,28.828589,0.9989378054936727,0.41506485144297284
0,turbo2,16,1,1048576,262144,1048576,0,0,datasets/silesia/ooffice,6152192,2951602,47.976429,0.4377400875091553,0.24879813194274902
0,turbo2,16,1,1048576,262144,1048576,0,0,datasets/silesia/xml,5345280,557586,10.431371,0.17962384223937988,0.04633951187133789
0,turbo2,16,1,1048576,262144,1048576,0,0,datasets/silesia/mr,9970564,3380306,33.902856,0.5372793674468994,0.25135064125061035
0,turbo2,16,1,1048576,262144,1048576,0,0,datasets/silesia/nci,33553445,2669936,7.957263,0.5995686054229736,0.18836092948913574
0,turbo2,16,1,1048576,262144,1048576,0,0,datasets/silesia/webster,41458703,11278380,27.20389,1.4574487209320068,0.7300591468811035
0,turbo2,16,1,1048576,262144,1048576,0,0,datasets/silesia/reymont,6627202,1724099,26.015489,0.5371716022491455,0.12147188186645508
0,turbo2,16,1,1048576,262144,1048576,0,0,datasets/silesia/dickens,10192446,3535094,34.68347,0.6504249572753906,0.23963713645935059
0,turbo2,16,1,1048576,262144,1048576,0,0,datasets/silesia/mozilla,51220480,17155001,33.492464,1.8919947147369385,1.295090675354004
0,turbo2,16,1,1048576,262144,1048576,0,0,datasets/silesia/osdb,10085684,3483774,34.541772,0.3764326572418213,0.28695201873779297
0,turbo2,16,1,1048576,262144,1048576,0,0,datasets/silesia/x-ray,8474240,5463965,64.477345,0.5184190273284912,0.4497506618499756
0,turbo2,16,1,1048576,262144,1048576,0,0,datasets/silesia/samba,21606400,4808349,22.254281,0.6737921237945557,0.3928067684173584
0,turbo2,16,1,1048576,262144,1048576,0,0,datasets/silesia/sao,7251944,5036003,69.44349,0.561668872833252,0.4571495056152344
0,turbo2,16,1,1048576,262144,1048576,0,0,AVERAGE,17661548.333333332,5170341.25,29.274564,0.7017970482508341,0.3923139174779256
0,turbo2,16,1,1048576,262144,1048576,0,1,datasets/silesia/ooffice,6152192,2890426,46.982051,0.5090856552124023,0.24695777893066406
0,turbo2,16,1,1048576,262144,1048576,0,1,datasets/silesia/xml,5345280,533242,9.975941,0.2695317268371582,0.046627044677734375
0,turbo2,16,1,1048576,262144,1048576,0,1,datasets/silesia/mr,9970564,3362410,33.723368,1.3490793704986572,0.2643914222717285
0,turbo2,16,1,1048576,262144,1048576,0,1,datasets/silesia/nci,33553445,2489504,7.419518,1.0598769187927246,0.19507956504821777
0,turbo2,16,1,1048576,262144,1048576,0,1,datasets/silesia/webster,41458703,11120940,26.824139,1.9849112033843994,0.7555601596832275
0,turbo2,16,1,1048576,262144,1048576,0,1,datasets/silesia/reymont,6627202,1683203,25.398396,1.0553548336029053,0.12587523460388184
0,turbo2,16,1,1048576,262144,1048576,0,1,datasets/silesia/dickens,10192446,3508246,34.42006,0.8403878211975098,0.24842238426208496
0,turbo2,16,1,1048576,262144,1048576,0,1,datasets/silesia/mozilla,51220480,16775964,32.752454,3.035776376724243,1.2881083488464355
0,turbo2,16,1,1048576,262144,1048576,0,1,datasets/silesia/osdb,10085684,3422390,33.933147,0.5083298683166504,0.28705739974975586
0,turbo2,16,1,1048576,262144,1048576,0,1,datasets/silesia/x-ray,8474240,5386765,63.566349,0.6403999328613281,0.45791029930114746
0,turbo2,16,1,1048576,262144,1048576,0,1,datasets/silesia/samba,21606400,4683697,21.677359,0.867058277130127,0.3990464210510254
0,turbo2,16,1,1048576,262144,1048576,0,1,datasets/silesia/sao,7251944,4994031,68.864721,0.6658363342285156,0.4674670696258545
0,turbo2,16,1,1048576,262144,1048576,0,1,AVERAGE,17661548.333333332,5070901.5,28.711534,1.0654690265655518,0.3985419273376465
0,turbo2,16,1,1048576,262144,1048576,0,2,datasets/silesia/ooffice,6152192,2882754,46.857348,0.6934483051300049,0.2477095127105713
0,turbo2,16,1,1048576,262144,1048576,0,2,datasets/silesia/xml,5345280,522162,9.768656,0.37845635414123535,0.04773879051208496
0,turbo2,16,1,1048576,262144,1048576,0,2,datasets/silesia/mr,9970564,3379654,33.896317,1.788787603378296,0.26761651039123535
0,turbo2,16,1,1048576,262144,1048576,0,2,datasets/silesia/nci,33553445,2407476,7.175049,1.6587514877319336,0.1972506046295166
0,turbo2,16,1,1048576,262144,1048576,0,2,datasets/silesia/webster,41458703,11037052,26.621798,2.5134925842285156,0.8053734302520752
0,turbo2,16,1,1048576,262144,1048576,0,2,datasets/silesia/reymont,6627202,1663871,25.106689,1.410804033279419,0.13347649574279785
0,turbo2,16,1,1048576,262144,1048576,0,2,datasets/silesia/dickens,10192446,3492190,34.262531,1.0574636459350586,0.26594090461730957
0,turbo2,16,1,1048576,262144,1048576,0,2,datasets/silesia/mozilla,51220480,16747702,32.697277,5.566317081451416,1.288764476776123
0,turbo2,16,1,1048576,262144,1048576,0,2,datasets/silesia/osdb,10085684,3403710,33.747934,0.6432466506958008,0.3021352291107178
0,turbo2,16,1,1048576,262144,1048576,0,2,datasets/silesia/x-ray,8474240,5418765,63.943964,0.6295785903930664,0.4440004825592041
0,turbo2,16,1,1048576,262144,1048576,0,2,datasets/silesia/samba,21606400,4644685,21.496802,1.481907606124878,0.4072239398956299
0,turbo2,16,1,1048576,262144,1048576,0,2,datasets/silesia/sao,7251944,5011343,69.103443,0.8750009536743164,0.4524257183074951
0,turbo2,16,1,1048576,262144,1048576,0,2,AVERAGE,17661548.333333332,5050947.0,28.598552,1.5581045746803284,0.4049713412920634
0,turbo2,16,1,1048576,262144,1048576,0,3,datasets/silesia/ooffice,6152192,2875266,46.735635,1.095761775970459,0.24023962020874023
0,turbo2,16,1,1048576,262144,1048576,0,3,datasets/silesia/xml,5345280,525230,9.826052,0.47216176986694336,0.04511141777038574
0,turbo2,16,1,1048576,262144,1048576,0,3,datasets/silesia/mr,9970564,3478650,34.8892,2.4559216499328613,0.2655680179595947
0,turbo2,16,1,1048576,262144,1048576,0,3,datasets/silesia/nci,33553445,2404308,7.165607,2.6788463592529297,0.20157718658447266
0,turbo2,16,1,1048576,262144,1048576,0,3,datasets/silesia/webster,41458703,11165192,26.930876,3.446091890335083,0.8074181079864502
0,turbo2,16,1,1048576,262144,1048576,0,3,datasets/silesia/reymont,6627202,1683131,25.397309,1.9174904823303223,0.13211417198181152
0,turbo2,16,1,1048576,262144,1048576,0,3,datasets/silesia/dickens,10192446,3567450,35.000921,1.4196550846099854,0.26009178161621094
0,turbo2,16,1,1048576,262144,1048576,0,3,datasets/silesia/mozilla,51220480,16728146,32.659097,8.461410760879517,1.3419437408447266
0,turbo2,16,1,1048576,262144,1048576,0,3,datasets/silesia/osdb,10085684,3404886,33.759594,0.7236752510070801,0.28970789909362793
0,turbo2,16,1,1048576,262144,1048576,0,3,datasets/silesia/x-ray,8474240,5473517,64.590064,0.7357072830200195,0.4766097068786621
0,turbo2,16,1,1048576,262144,1048576,0,3,datasets/silesia/samba,21606400,4650625,21.524294,1.997835636138916,0.4151630401611328
0,turbo2,16,1,1048576,262144,1048576,0,3,datasets/silesia/sao,7251944,5013367,69.131353,0.9744102954864502,0.4685695171356201
0,turbo2,16,1,1048576,262144,1048576,0,3,AVERAGE,17661548.333333332,5080814.0,28.767659,2.1982473532358804,0.4120095173517863
0,turbo2,16,1,1048576,1048576,65536,10,0,datasets/silesia/ooffice,6152192,3011646,48.952406,0.32648777961730957,0.26045823097229004
0,turbo2,16,1,1048576,1048576,65536,10,0,datasets/silesia/xml,5345280,698062,13.059409,0.12491321563720703,0.057875633239746094
0,turbo2,16,1,1048576,1048576,65536,10,0,datasets/silesia/mr,9970564,3438362,34.48513,0.3656764030456543,0.27615928649902344
0,turbo2,16,1,1048576,1048576,65536,10,0,datasets/silesia/nci,33553445,3263652,9.726727,0.4804368019104004,0.251802921295166
0,turbo2,16,1,1048576,1048576,65536,10,0,datasets/silesia/webster,41458703,12778408,30.822016,1.0791730880737305,0.8799488544464111
0,turbo2,16,1,1048576,1048576,65536,10,0,datasets/silesia/reymont,6627202,2073683,31.290475,0.22167229652404785,0.159895658493042
0,turbo2,16,1,1048576,1048576,65536,10,0,datasets/silesia/dickens,10192446,4121550,40.4373,0.4104750156402588,0.2979464530944824
0,turbo2,16,1,1048576,1048576,65536,10,0,datasets/silesia/mozilla,51220480,17296601,33.768916,1.7255349159240723,1.3226475715637207
0,turbo2,16,1,1048576,1048576,65536,10,0,datasets/silesia/osdb,10085684,3636234,36.05342,0.3970019817352295,0.3153965473175049
0,turbo2,16,1,1048576,1048576,65536,10,0,datasets/silesia/x-ray,8474240,5504649,64.957436,0.5188014507293701,0.44098591804504395
0,turbo2,16,1,1048576,1048576,65536,10,0,datasets/silesia/samba,21606400,5063193,23.433765,0.5612568855285645,0.4220008850097656
0,turbo2,16,1,1048576,1048576,65536,10,0,datasets/silesia/sao,7251944,5048555,69.616575,0.5281317234039307,0.4658539295196533
0,turbo2,16,1,1048576,1048576,65536,10,0,AVERAGE,17661548.333333332,5494549.583333333,31.110237,0.561630129814148,0.4292476574579875
0,turbo2,16,1,1048576,1048576,65536,10,1,datasets/silesia/ooffice,6152192,2950466,47.957964,0.3304414749145508,0.26001524925231934
0,turbo2,16,1,1048576,1048576,65536,10,1,datasets/silesia/xml,5345280,656342,12.278908,0.11878085136413574,0.05705618858337402
0,turbo2,16,1,1048576,1048576,65536,10,1,datasets/silesia/mr,9970564,3559606,35.70115,0.3653895854949951,0.29788684844970703
0,turbo2,16,1,1048576,1048576,65536,10,1,datasets/silesia/nci,33553445,3011744,8.975961,0.4549217224121094,0.23922204971313477
0,turbo2,16,1,1048576,1048576,65536,10,1,datasets/silesia/webster,41458703,12501444,30.153968,1.0699450969696045,0.8875632286071777
0,turbo2,16,1,1048576,1048576,65536,10,1,datasets/silesia/reymont,6627202,2014775,30.401593,0.2347581386566162,0.16135597229003906
0,turbo2,16,1,1048576,1048576,65536,10,1,datasets/silesia/dickens,10192446,4069698,39.928571,0.3841848373413086,0.3024942874908447
0,turbo2,16,1,1048576,1048576,65536,10,1,datasets/silesia/mozilla,51220480,16917978,33.029714,1.6980621814727783,1.3345906734466553
0,turbo2,16,1,1048576,1048576,65536,10,1,datasets/silesia/osdb,10085684,3616618,35.858926,0.3708469867706299,0.3023509979248047
0,turbo2,16,1,1048576,1048576,65536,10,1,datasets/silesia/x-ray,8474240,5582461,65.875654,0.5673246383666992,0.4758937358856201
0,turbo2,16,1,1048576,1048576,65536,10,1,datasets/silesia/samba,21606400,4908385,22.717274,0.5297708511352539,0.4291055202484131
0,turbo2,16,1,1048576,1048576,65536,10,1,datasets/silesia/sao,7251944,5033827,69.413484,0.5385308265686035,0.471665620803833
0,turbo2,16,1,1048576,1048576,65536,10,1,AVERAGE,17661548.333333332,5401945.333333333,30.58591,0.5552464326222738,0.4349333643913269
0,turbo2,16,1,1048576,1048576,65536,10,2,datasets/silesia/ooffice,6152192,2943614,47.846589,0.36135029792785645,0.2602212429046631
0,turbo2,16,1,1048576,1048576,65536,10,2,datasets/silesia/xml,5345280,637034,11.917692,0.13576078414916992,0.05764007568359375
0,turbo2,16,1,1048576,1048576,65536,10,2,datasets/silesia/mr,9970564,3564526,35.750495,0.3902449607849121,0.3191521167755127
0,turbo2,16,1,1048576,1048576,65536,10,2,datasets/silesia/nci,33553445,2905124,8.658199,0.4584038257598877,0.2513291835784912
0,turbo2,16,1,1048576,1048576,65536,10,2,datasets/silesia/webster,41458703,12351856,29.793156,1.028029203414917,0.9568684101104736
0,turbo2,16,1,1048576,1048576,65536,10,2,datasets/silesia/reymont,6627202,2004519,30.246837,0.2606625556945801,0.17087435722351074
0,turbo2,16,1,1048576,1048576,65536,10,2,datasets/silesia/dickens,10192446,4027754,39.51705,0.4473717212677002,0.32041168212890625
0,turbo2,16,1,1048576,1048576,65536,10,2,datasets/silesia/mozilla,51220480,16917254,33.0283,1.7038447856903076,1.3054428100585938
0,turbo2,16,1,1048576,1048576,65536,10,2,datasets/silesia/osdb,10085684,3623262,35.924802,0.36223888397216797,0.3022592067718506
0,turbo2,16,1,1048576,1048576,65536,10,2,datasets/silesia/x-ray,8474240,5597721,66.055729,0.5150299072265625,0.46414828300476074
0,turbo2,16,1,1048576,1048576,65536,10,2,datasets/silesia/samba,21606400,4850273,22.448316,0.5421249866485596,0.41985607147216797
0,turbo2,16,1,1048576,1048576,65536,10,2,datasets/silesia/sao,7251944,5130851,70.751387,0.5305414199829102,0.47183752059936523
0,turbo2,16,1,1048576,1048576,65536,10,2,AVERAGE,17661548.333333332,5379482.333333333,30.458724,0.5613002777099609,0.4416700800259908
0,turbo2,16,1,1048576,1048576,65536,10,3,datasets/silesia/ooffice,6152192,2932898,47.672407,0.32923364639282227,0.252150297164917
0,turbo2,16,1,1048576,1048576,65536,10,3,datasets/silesia/xml,5345280,636678,11.911032,0.1187887191772461,0.05379319190979004
0,turbo2,16,1,1048576,1048576,65536,10,3,datasets/silesia/mr,9970564,3611414,36.220759,0.3616950511932373,0.3123049736022949
0,turbo2,16,1,1048576,1048576,65536,10,3,datasets/silesia/nci,33553445,2918660,8.69854,0.487717866897583,0.22779297828674316
0,turbo2,16,1,1048576,1048576,65536,10,3,datasets/silesia/webster,41458703,12400488,29.910458,1.0687663555145264,0.8886713981628418
0,turbo2,16,1,1048576,1048576,65536,10,3,datasets/silesia/reymont,6627202,2015327,30.409923,0.21025323867797852,0.16025018692016602
0,turbo2,16,1,1048576,1048576,65536,10,3,datasets/silesia/dickens,10192446,4072778,39.958789,0.37145113945007324,0.29804158210754395
0,turbo2,16,1,1048576,1048576,65536,10,3,datasets/silesia/mozilla,51220480,16894178,32.983248,1.6123182773590088,1.2909011840820312
0,turbo2,16,1,1048576,1048576,65536,10,3,datasets/silesia/osdb,10085684,3564466,35.341837,0.37674856185913086,0.28794336318969727
0,turbo2,16,1,1048576,1048576,65536,10,3,datasets/silesia/x-ray,8474240,5612933,66.235238,0.5251202583312988,0.4703514575958252
0,turbo2,16,1,1048576,1048576,65536,10,3,datasets/silesia/samba,21606400,4843201,22.415585,0.5630345344543457,0.41056084632873535
0,turbo2,16,1,1048576,1048576,65536,10,3,datasets/silesia/sao,7251944,5117203,70.56319,0.5350091457366943,0.47022414207458496
0,turbo2,16,1,1048576,1048576,65536,10,3,AVERAGE,17661548.333333332,5385018.666666667,30.490071,0.5466780662536621,0.4269154667854309
0,turbo2,16,1,1048576,1048576,65536,1000,0,datasets/silesia/ooffice,6152192,2923938,47.526768,0.4712986946105957,0.2575521469116211
0,turbo2,16,1,1048576,1048576,65536,1000,0,datasets/silesia/xml,5345280,550490,10.298619,0.20726728439331055,0.04353451728820801
0,turbo2,16,1,1048576,1048576,65536,1000,0,datasets/silesia/mr,9970564,3336418,33.462681,0.7587287425994873,0.23856568336486816
0,turbo2,16,1,1048576,1048576,65536,1000,0,datasets/silesia/nci,33553445,2599236,7.746555,0.7540760040283203,0.18274402618408203
0,turbo2,16,1,1048576,1048576,65536,1000,0,datasets/silesia/webster,41458703,11053820,26.662243,3.6476640701293945,0.6999402046203613
0,turbo2,16,1,1048576,1048576,65536,1000,0,datasets/silesia/reymont,6627202,1708755,25.783958,0.6947581768035889,0.12262916564941406
0,turbo2,16,1,1048576,1048576,65536,1000,0,datasets/silesia/dickens,10192446,3465310,33.998807,1.8762710094451904,0.22544360160827637
0,turbo2,16,1,1048576,1048576,65536,1000,0,datasets/silesia/mozilla,51220480,16999111,33.188113,1.7474992275238037,1.2413897514343262
0,turbo2,16,1,1048576,1048576,65536,1000,0,datasets/silesia/osdb,10085684,3436770,34.075726,0.5854730606079102,0.2800791263580322
0,turbo2,16,1,1048576,1048576,65536,1000,0,datasets/silesia/x-ray,8474240,5418545,63.941368,0.6238033771514893,0.4129629135131836
0,turbo2,16,1,1048576,1048576,65536,1000,0,datasets/silesia/samba,21606400,4743113,21.952352,1.0568571090698242,0.38512563705444336
0,turbo2,16,1,1048576,1048576,65536,1000,0,datasets/silesia/sao,7251944,5061863,69.800084,0.7807362079620361,0.458676815032959
0,turbo2,16,1,1048576,1048576,65536,1000,0,AVERAGE,17661548.333333332,5108114.083333333,28.922233,1.1003694136937459,0.37905363241831463
0,turbo2,16,1,1048576,1048576,65536,1000,1,datasets/silesia/ooffice,6152192,2859146,46.473615,0.6732487678527832,0.24042701721191406
0,turbo2,16,1,1048576,1048576,65536,1000,1,datasets/silesia/xml,5345280,527346,9.865638,0.34082603454589844,0.04340481758117676
0,turbo2,16,1,1048576,1048576,65536,1000,1,datasets/silesia/mr,9970564,3349826,33.597157,1.2333521842956543,0.25116395950317383
0,turbo2,16,1,1048576,1048576,65536,1000,1,datasets/silesia/nci,33553445,2436724,7.262217,0.9461236000061035,0.18760299682617188
0,turbo2,16,1,1048576,1048576,65536,1000,1,datasets/silesia/webster,41458703,10914012,26.32502,5.519082307815552,0.7224774360656738
0,turbo2,16,1,1048576,1048576,65536,1000,1,datasets/silesia/reymont,6627202,1669747,25.195354,1.011523962020874,0.1232602596282959
0,turbo2,16,1,1048576,1048576,65536,1000,1,datasets/silesia/dickens,10192446,3442038,33.770481,2.8700389862060547,0.2340390682220459
0,turbo2,16,1,1048576,1048576,65536,1000,1,datasets/silesia/mozilla,51220480,16574634,32.359388,2.279010772705078,1.2601392269134521
0,turbo2,16,1,1048576,1048576,65536,1000,1,datasets/silesia/osdb,10085684,3379662,33.509497,0.8560068607330322,0.2764933109283447
0,turbo2,16,1,1048576,1048576,65536,1000,1,datasets/silesia/x-ray,8474240,5333201,62.934269,1.0509147644042969,0.44072675704956055
0,turbo2,16,1,1048576,1048576,65536,1000,1,datasets/silesia/samba,21606400,4613921,21.354418,1.5008563995361328,0.3917732238769531
0,turbo2,16,1,1048576,1048576,65536,1000,1,datasets/silesia/sao,7251944,5001703,68.970513,1.1434929370880127,0.4548182487487793
0,turbo2,16,1,1048576,1048576,65536,1000,1,AVERAGE,17661548.333333332,5008496.666666667,28.358197,1.618706464767456,0.38552719354629517
0,turbo2,16,1,1048576,1048576,65536,1000,2,datasets/silesia/ooffice,6152192,2847918,46.291111,0.895721435546875,0.24351835250854492
0,turbo2,16,1,1048576,1048576,65536,1000,2,datasets/silesia/xml,5345280,517446,9.680428,0.3475339412689209,0.04667305946350098
0,turbo2,16,1,1048576,1048576,65536,1000,2,datasets/silesia/mr,9970564,3377046,33.87016,1.593470573425293,0.2618522644042969
0,turbo2,16,1,1048576,1048576,65536,1000,2,datasets/silesia/nci,33553445,2363156,7.042961,1.0701184272766113,0.19080376625061035
0,turbo2,16,1,1048576,1048576,65536,1000,2,datasets/silesia/webster,41458703,10842492,26.152511,7.186847686767578,0.7688729763031006
0,turbo2,16,1,1048576,1048576,65536,1000,2,datasets/silesia/reymont,6627202,1653535,24.950726,1.3737022876739502,0.13066458702087402
0,turbo2,16,1,1048576,1048576,65536,1000,2,datasets/silesia/dickens,10192446,3427610,33.628925,3.9093215465545654,0.26101231575012207
0,turbo2,16,1,1048576,1048576,65536,1000,2,datasets/silesia/mozilla,51220480,16515797,32.244518,2.97552227973938,1.2759439945220947
0,turbo2,16,1,1048576,1048576,65536,1000,2,datasets/silesia/osdb,10085684,3372418,33.437673,0.8953070640563965,0.28962063789367676
0,turbo2,16,1,1048576,1048576,65536,1000,2,datasets/silesia/x-ray,8474240,5370693,63.376692,1.1209871768951416,0.44397807121276855
0,turbo2,16,1,1048576,1048576,65536,1000,2,datasets/silesia/samba,21606400,4575693,21.177489,2.0608949661254883,0.3998394012451172
0,turbo2,16,1,1048576,1048576,65536,1000,2,datasets/silesia/sao,7251944,5024687,69.287449,1.586108684539795,0.4576740264892578
0,turbo2,16,1,1048576,1048576,65536,1000,2,AVERAGE,17661548.333333332,4990707.583333333,28.257475,2.0846280058224997,0.3975377877553304
0,turbo2,16,1,1048576,1048576,65536,1000,3,datasets/silesia/ooffice,6152192,2840282,46.166992,1.0480427742004395,0.2475903034210205
0,turbo2,16,1,1048576,1048576,65536,1000,3,datasets/silesia/xml,5345280,520822,9.743587,0.4489316940307617,0.04608869552612305
0,turbo2,16,1,1048576,1048576,65536,1000,3,datasets/silesia/mr,9970564,3462590,34.728126,1.9442460536956787,0.27361512184143066
0,turbo2,16,1,1048576,1048576,65536,1000,3,datasets/silesia/nci,33553445,2362624,7.041375,1.4369125366210938,0.19678044319152832
0,turbo2,16,1,1048576,1048576,65536,1000,3,datasets/silesia/webster,41458703,10978664,26.480963,9.61931824684143,0.7788362503051758
0,turbo2,16,1,1048576,1048576,65536,1000,3,datasets/silesia/reymont,6627202,1676087,25.29102,1.7159295082092285,0.12414932250976562
0,turbo2,16,1,1048576,1048576,65536,1000,3,datasets/silesia/dickens,10192446,3503562,34.374104,4.771193265914917,0.2499392032623291
0,turbo2,16,1,1048576,1048576,65536,1000,3,datasets/silesia/mozilla,51220480,16504076,32.221635,3.1531760692596436,1.3078460693359375
0,turbo2,16,1,1048576,1048576,65536,1000,3,datasets/silesia/osdb,10085684,3374266,33.455996,1.0311164855957031,0.28289222717285156
0,turbo2,16,1,1048576,1048576,65536,1000,3,datasets/silesia/x-ray,8474240,5442917,64.228969,1.3210837841033936,0.45976996421813965
0,turbo2,16,1,1048576,1048576,65536,1000,3,datasets/silesia/samba,21606400,4585469,21.222735,2.2558205127716064,0.40030741691589355
0,turbo2,16,1,1048576,1048576,65536,1000,3,datasets/silesia/sao,7251944,5037315,69.461582,1.9241366386413574,0.4590160846710205
0,turbo2,16,1,1048576,1048576,65536,1000,3,AVERAGE,17661548.333333332,5024056.166666667,28.446295,2.555825630823771,0.4022359251976013
0,turbo2,16,1,1048576,1048576,65536,0,0,datasets/silesia/ooffice,6152192,2920850,47.476574,0.863426685333252,0.24305176734924316
0,turbo2,16,1,1048576,1048576,65536,0,0,datasets/silesia/xml,5345280,544454,10.185697,0.3083779811859131,0.04395794868469238
0,turbo2,16,1,1048576,1048576,65536,0,0,datasets/silesia/mr,9970564,3333642,33.434839,1.574366807937622,0.23815298080444336
0,turbo2,16,1,1048576,1048576,65536,0,0,datasets/silesia/nci,33553445,2563092,7.638834,1.914640188217163,0.17673373222351074
0,turbo2,16,1,1048576,1048576,65536,0,0,datasets/silesia/webster,41458703,10970448,26.461146,12.043687582015991,0.6995749473571777
0,turbo2,16,1,1048576,1048576,65536,0,0,datasets/silesia/reymont,6627202,1666459,25.14574,2.7212860584259033,0.12155365943908691
0,turbo2,16,1,1048576,1048576,65536,0,0,datasets/silesia/dickens,10192446,3430642,33.658672,4.314296722412109,0.22788071632385254
0,turbo2,16,1,1048576,1048576,65536,0,0,datasets/silesia/mozilla,51220480,17004943,33.199499,2.936178207397461,1.2423741817474365
0,turbo2,16,1,1048576,1048576,65536,0,0,datasets/silesia/osdb,10085684,3435802,34.066128,0.7700040340423584,0.28033018112182617
0,turbo2,16,1,1048576,1048576,65536,0,0,datasets/silesia/x-ray,8474240,5418557,63.94151,0.6516642570495605,0.4211406707763672
0,turbo2,16,1,1048576,1048576,65536,0,0,datasets/silesia/samba,21606400,4735461,21.916937,1.666092872619629,0.3863072395324707
0,turbo2,16,1,1048576,1048576,65536,0,0,datasets/silesia/sao,7251944,5062407,69.807585,1.1031296253204346,0.45542478561401367
0,turbo2,16,1,1048576,1048576,65536,0,0,AVERAGE,17661548.333333332,5090563.083333333,28.822858,2.5722625851631165,0.37804023424784344
0,turbo2,16,1,1048576,1048576,65536,0,1,datasets/silesia/ooffice,6152192,2855046,46.406972,1.5261235237121582,0.2454674243927002
0,turbo2,16,1,1048576,1048576,65536,0,1,datasets/silesia/xml,5345280,522038,9.766336,0.46588850021362305,0.04310321807861328
0,turbo2,16,1,1048576,1048576,65536,0,1,datasets/silesia/mr,9970564,3318174,33.279702,4.981983423233032,0.25583362579345703
0,turbo2,16,1,1048576,1048576,65536,0,1,datasets/silesia/nci,33553445,2394692,7.136948,4.746800899505615,0.1825249195098877
0,turbo2,16,1,1048576,1048576,65536,0,1,datasets/silesia/webster,41458703,10833248,26.130214,17.377706050872803,0.7200312614440918
0,turbo2,16,1,1048576,1048576,65536,0,1,datasets/silesia/reymont,6627202,1629319,24.585323,6.1267266273498535,0.11903119087219238
0,turbo2,16,1,1048576,1048576,65536,0,1,datasets/silesia/dickens,10192446,3407998,33.436508,6.844577312469482,0.23144173622131348
0,turbo2,16,1,1048576,1048576,65536,0,1,datasets/silesia/mozilla,51220480,16582681,32.375099,6.949159860610962,1.2552917003631592
0,turbo2,16,1,1048576,1048576,65536,0,1,datasets/silesia/osdb,10085684,3375810,33.471304,1.7403028011322021,0.28244948387145996
0,turbo2,16,1,1048576,1048576,65536,0,1,datasets/silesia/x-ray,8474240,5331793,62.917654,1.0631766319274902,0.43198180198669434
0,turbo2,16,1,1048576,1048576,65536,0,1,datasets/silesia/samba,21606400,4613705,21.353418,2.59521746635437,0.39054322242736816
0,turbo2,16,1,1048576,1048576,65536,0,1,datasets/silesia/sao,7251944,5000983,68.960585,1.7708377838134766,0.45900893211364746
0,turbo2,16,1,1048576,1048576,65536,0,1,AVERAGE,17661548.333333332,4988790.583333333,28.246621,4.682375073432922,0.3847257097562154
0,turbo2,16,1,1048576,1048576,65536,0,2,datasets/silesia/ooffice,6152192,2843170,46.213935,1.9861135482788086,0.24118256568908691
0,turbo2,16,1,1048576,1048576,65536,0,2,datasets/silesia/xml,5345280,511742,9.573717,0.6486177444458008,0.04626345634460449
0,turbo2,16,1,1048576,1048576,65536,0,2,datasets/silesia/mr,9970564,3334154,33.439974,5.58860445022583,0.2560863494873047
0,turbo2,16,1,1048576,1048576,65536,0,2,datasets/silesia/nci,33553445,2316960,6.905282,8.250295639038086,0.18935179710388184
0,turbo2,16,1,1048576,1048576,65536,0,2,datasets/silesia/webster,41458703,10763424,25.961796,24.171665906906128,0.771754264831543
0,turbo2,16,1,1048576,1048576,65536,0,2,datasets/silesia/reymont,6627202,1610887,24.307196,8.844399690628052,0.13176679611206055
0,turbo2,16,1,1048576,1048576,65536,0,2,datasets/silesia/dickens,10192446,3395610,33.314967,9.078557014465332,0.2541615962982178
0,turbo2,16,1,1048576,1048576,65536,0,2,datasets/silesia/mozilla,51220480,16526434,32.265285,13.299890995025635,1.2826788425445557
0,turbo2,16,1,1048576,1048576,65536,0,2,datasets/silesia/osdb,10085684,3349798,33.213394,2.635181188583374,0.28752613067626953
0,turbo2,16,1,1048576,1048576,65536,0,2,datasets/silesia/x-ray,8474240,5368105,63.346153,1.136054277420044,0.4371669292449951
0,turbo2,16,1,1048576,1048576,65536,0,2,datasets/silesia/samba,21606400,4578185,21.189023,3.6657493114471436,0.40198564529418945
0,turbo2,16,1,1048576,1048576,65536,0,2,datasets/silesia/sao,7251944,5027195,69.322033,2.704662322998047,0.46334266662597656
0,turbo2,16,1,1048576,1048576,65536,0,2,AVERAGE,17661548.333333332,4968805.333333333,28.133464,6.834149340788524,0.39693892002105713
0,turbo2,16,1,1048576,1048576,65536,0,3,datasets/silesia/ooffice,6152192,2835630,46.091377,2.539585590362549,0.2441115379333496
0,turbo2,16,1,1048576,1048576,65536,0,3,datasets/silesia/xml,5345280,514842,9.631712,0.9239397048950195,0.045615434646606445
0,turbo2,16,1,1048576,1048576,65536,0,3,datasets/silesia/mr,9970564,3445602,34.557744,8.082736015319824,0.2716355323791504
0,turbo2,16,1,1048576,1048576,65536,0,3,datasets/silesia/nci,33553445,2315896,6.902111,15.610739469528198,0.19189453125
0,turbo2,16,1,1048576,1048576,65536,0,3,datasets/silesia/webster,41458703,10903612,26.299935,32.14608144760132,0.7696657180786133
0,turbo2,16,1,1048576,1048576,65536,0,3,datasets/silesia/reymont,6627202,1631943,24.624917,10.463770866394043,0.1236581802368164
0,turbo2,16,1,1048576,1048576,65536,0,3,datasets/silesia/dickens,10192446,3472750,34.071802,10.442258834838867,0.2368757724761963
0,turbo2,16,1,1048576,1048576,65536,0,3,datasets/silesia/mozilla,51220480,16514188,32.241377,19.80698871612549,1.2783377170562744
0,turbo2,16,1,1048576,1048576,65536,0,3,datasets/silesia/osdb,10085684,3350042,33.215814,2.5343177318573,0.2857515811920166
0,turbo2,16,1,1048576,1048576,65536,0,3,datasets/silesia/x-ray,8474240,5442489,64.223919,1.3629865646362305,0.448345422744751
0,turbo2,16,1,1048576,1048576,65536,0,3,datasets/silesia/samba,21606400,4581357,21.203704,4.7229835987091064,0.40216732025146484
0,turbo2,16,1,1048576,1048576,65536,0,3,datasets/silesia/sao,7251944,5029675,69.356231,2.9557394981384277,0.4665486812591553
0,turbo2,16,1,1048576,1048576,65536,0,3,AVERAGE,17661548.333333332,5003168.833333333,28.328031,9.299344003200531,0.3970506191253662
0,turbo2,16,1,1048576,1048576,262144,10,0,datasets/silesia/ooffice,6152192,3011646,48.952406,0.3270580768585205,0.26119470596313477
0,turbo2,16,1,1048576,1048576,262144,10,0,datasets/silesia/xml,5345280,698062,13.059409,0.11399435997009277,0.05719470977783203
0,turbo2,16,1,1048576,1048576,262144,10,0,datasets/silesia/mr,9970564,3438362,34.48513,0.35065221786499023,0.27877259254455566
0,turbo2,16,1,1048576,1048576,262144,10,0,datasets/silesia/nci,33553445,3263652,9.726727,0.5313758850097656,0.24800467491149902
0,turbo2,16,1,1048576,1048576,262144,10,0,datasets/silesia/webster,41458703,12778408,30.822016,1.0495412349700928,0.8725383281707764
0,turbo2,16,1,1048576,1048576,262144,10,0,datasets/silesia/reymont,6627202,2073683,31.290475,0.21833539009094238,0.16016435623168945
0,turbo2,16,1,1048576,1048576,262144,10,0,datasets/silesia/dickens,10192446,4121550,40.4373,0.3701465129852295,0.2933838367462158
0,turbo2,16,1,1048576,1048576,262144,10,0,datasets/silesia/mozilla,51220480,17296601,33.768916,1.7069122791290283,1.3077411651611328
0,turbo2,16,1,1048576,1048576,262144,10,0,datasets/silesia/osdb,10085684,3636234,36.05342,0.38105297088623047,0.29862499237060547
0,turbo2,16,1,1048576,1048576,262144,10,0,datasets/silesia/x-ray,8474240,5504649,64.957436,0.5329408645629883,0.4336988925933838
0,turbo2,16,1,1048576,1048576,262144,10,0,datasets/silesia/samba,21606400,5063193,23.433765,0.5420746803283691,0.42167139053344727
0,turbo2,16,1,1048576,1048576,262144,10,0,datasets/silesia/sao,7251944,5048555,69.616575,0.5509097576141357,0.46929097175598145
0,turbo2,16,1,1048576,1048576,262144,10,0,AVERAGE,17661548.333333332,5494549.583333333,31.110237,0.5562495191891988,0.4251900513966878
0,turbo2,16,1,1048576,1048576,262144,10,1,datasets/silesia/ooffice,6152192,2950466,47.957964,0.33964991569519043,0.2608368396759033
0,turbo2,16,1,1048576,1048576,262144,10,1,datasets/silesia/xml,5345280,656342,12.278908,0.11994433403015137,0.05490469932556152
0,turbo2,16,1,1048576,1048576,262144,10,1,datasets/silesia/mr,9970564,3559606,35.70115,0.377608060836792,0.2930154800415039
0,turbo2,16,1,1048576,1048576,262144,10,1,datasets/silesia/nci,33553445,3011744,8.975961,0.4609818458557129,0.2427983283996582
0,turbo2,16,1,1048576,1048576,262144,10,1,datasets/silesia/webster,41458703,12501444,30.153968,1.0253469944000244,0.9329276084899902
0,turbo2,16,1,1048576,1048576,262144,10,1,datasets/silesia/reymont,6627202,2014775,30.401593,0.2258315086364746,0.16265416145324707
0,turbo2,16,1,1048576,1048576,262144,10,1,datasets/silesia/dickens,10192446,4069698,39.928571,0.3718862533569336,0.30701470375061035
0,turbo2,16,1,1048576,1048576,262144,10,1,datasets/silesia/mozilla,51220480,16917978,33.029714,1.6936311721801758,1.340667963027954
0,turbo2,16,1,1048576,1048576,262144,10,1,datasets/silesia/osdb,10085684,3616618,35.858926,0.3692615032196045,0.30945920944213867
0,turbo2,16,1,1048576,1048576,262144,10,1,datasets/silesia/x-ray,8474240,5582461,65.875654,0.536200761795044,0.48297786712646484
0,turbo2,16,1,1048576,1048576,262144,10,1,datasets/silesia/samba,21606400,4908385,22.717274,0.5209670066833496,0.42800068855285645
0,turbo2,16,1,1048576,1048576,262144,10,1,datasets/silesia/sao,7251944,5033827,69.413484,0.5308387279510498,0.47576403617858887
0,turbo2,16,1,1048576,1048576,262144,10,1,AVERAGE,17661548.333333332,5401945.333333333,30.58591,0.5476790070533752,0.4409184654553731
0,turbo2,16,1,1048576,1048576,262144,10,2,datasets/silesia/ooffice,6152192,2943614,47.846589,0.33849334716796875,0.26345181465148926
0,turbo2,16,1,1048576,1048576,262144,10,2,datasets/silesia/xml,5345280,637034,11.917692,0.12070631980895996,0.05696392059326172
0,turbo2,16,1,1048576,1048576,262144,10,2,datasets/silesia/mr,9970564,3564526,35.750495,0.3645777702331543,0.31531524658203125
0,turbo2,16,1,1048576,1048576,262144,10,2,datasets/silesia/nci,33553445,2905124,8.658199,0.44655323028564453,0.24624848365783691
0,turbo2,16,1,1048576,1048576,262144,10,2,datasets/silesia/webster,41458703,12351856,29.793156,1.0628068447113037,0.9404685497283936
0,turbo2,16,1,1048576,1048576,262144,10,2,datasets/silesia/reymont,6627202,2004519,30.246837,0.23716998100280762,0.16966938972473145
0,turbo2,16,1,1048576,1048576,262144,10,2,datasets/silesia/dickens,10192446,4027754,39.51705,0.4102320671081543,0.31560587882995605
0,turbo2,16,1,1048576,1048576,262144,10,2,datasets/silesia/mozilla,51220480,16917254,33.0283,1.6783702373504639,1.3339152336120605
0,turbo2,16,1,1048576,1048576,262144,10,2,datasets/silesia/osdb,10085684,3623262,35.924802,0.3800084590911865,0.3061544895172119
0,turbo2,16,1,1048576,1048576,262144,10,2,datasets/silesia/x-ray,8474240,5597721,66.055729,0.5623221397399902,0.47971010208129883
0,turbo2,16,1,1048576,1048576,262144,10,2,datasets/silesia/samba,21606400,4850273,22.448316,0.561943531036377,0.43493151664733887
0,turbo2,16,1,1048576,1048576,262144,10,2,datasets/silesia/sao,7251944,5130851,70.751387,0.5401334762573242,0.490311861038208
0,turbo2,16,1,1048576,1048576,262144,10,2,AVERAGE,17661548.333333332,5379482.333333333,30.458724,0.5586097836494446,0.44606220722198486
0,turbo2,16,1,1048576,1048576,262144,10,3,datasets/silesia/ooffice,6152192,2932898,47.672407,0.33776092529296875,0.2594633102416992
0,turbo2,16,1,1048576,1048576,262144,10,3,datasets/silesia/xml,5345280,636678,11.911032,0.12761616706848145,0.05598926544189453
0,turbo2,16,1,1048576,1048576,262144,10,3,datasets/silesia/mr,9970564,3611414,36.220759,0.3717646598815918,0.3110015392303467
0,turbo2,16,1,1048576,1048576,262144,10,3,datasets/silesia/nci,33553445,2918660,8.69854,0.44872450828552246,0.24001669883728027
0,turbo2,16,1,1048576,1048576,262144,10,3,datasets/silesia/webster,41458703,12400488,29.910458,1.0499992370605469,0.9149479866027832
0,turbo2,16,1,1048576,1048576,262144,10,3,datasets/silesia/reymont,6627202,2015327,30.409923,0.22003412246704102,0.1694791316986084
0,turbo2,16,1,1048576,1048576,262144,10,3,datasets/silesia/dickens,10192446,4072778,39.958789,0.38982129096984863,0.31831979751586914
0,turbo2,16,1,1048576,1048576,262144,10,3,datasets/silesia/mozilla,51220480,16894178,32.983248,1.734288215637207,1.334000825881958
0,turbo2,16,1,1048576,1048576,262144,10,3,datasets/silesia/osdb,10085684,3564466,35.341837,0.3812270164489746,0.3208622932434082
0,turbo2,16,1,1048576,1048576,262144,10,3,datasets/silesia/x-ray,8474240,5612933,66.235238,0.585134744644165,0.490588903427124
0,turbo2,16,1,1048576,1048576,262144,10,3,datasets/silesia/samba,21606400,4843201,22.415585,0.5665237903594971,0.4384927749633789
0,turbo2,16,1,1048576,1048576,262144,10,3,datasets/silesia/sao,7251944,5117203,70.56319,0.5591309070587158,0.48308324813842773
0,turbo2,16,1,1048576,1048576,262144,10,3,AVERAGE,17661548.333333332,5385018.666666667,30.490071,0.5643354654312134,0.4446871479352315
0,turbo2,16,1,1048576,1048576,262144,1000,0,datasets/silesia/ooffice,6152192,2923938,47.526768,0.5020010471343994,0.23970246315002441
0,turbo2,16,1,1048576,1048576,262144,1000,0,datasets/silesia/xml,5345280,550490,10.298619,0.20592880249023438,0.043143510818481445
0,turbo2,16,1,1048576,1048576,262144,1000,0,datasets/silesia/mr,9970564,3336418,33.462681,0.7091739177703857,0.24355673789978027
0,turbo2,16,1,1048576,1048576,262144,1000,0,datasets/silesia/nci,33553445,2599236,7.746555,0.7405579090118408,0.17783546447753906
0,turbo2,16,1,1048576,1048576,262144,1000,0,datasets/silesia/webster,41458703,11053820,26.662243,3.6336512565612793,0.702744722366333
0,turbo2,16,1,1048576,1048576,262144,1000,0,datasets/silesia/reymont,6627202,1708755,25.783958,0.6941888332366943,0.1219031810760498
0,turbo2,16,1,1048576,1048576,262144,1000,0,datasets/silesia/dickens,10192446,3465310,33.998807,1.8665213584899902,0.22850322723388672
0,turbo2,16,1,1048576,1048576,262144,1000,0,datasets/silesia/mozilla,51220480,16999111,33.188113,1.7474982738494873,1.2912859916687012
0,turbo2,16,1,1048576,1048576,262144,1000,0,datasets/silesia/osdb,10085684,3436770,34.075726,0.6820001602172852,0.2901465892791748
0,turbo2,16,1,1048576,1048576,262144,1000,0,datasets/silesia/x-ray,8474240,5418545,63.941368,0.6471595764160156,0.4240298271179199
0,turbo2,16,1,1048576,1048576,262144,1000,0,datasets/silesia/samba,21606400,4743113,21.952352,1.0493888854980469,0.38240909576416016
0,turbo2,16,1,1048576,1048576,262144,1000,0,datasets/silesia/sao,7251944,5061863,69.800084,0.8119614124298096,0.45461416244506836
0,turbo2,16,1,1048576,1048576,262144,1000,0,AVERAGE,17661548.333333332,5108114.083333333,28.922233,1.1075026194254558,0.3833229144414266
0,turbo2,16,1,1048576,1048576,262144,1000,1,datasets/silesia/ooffice,6152192,2859146,46.473615,0.7158055305480957,0.24110674858093262
0,turbo2,16,1,1048576,1048576,262144,1000,1,datasets/silesia/xml,5345280,527346,9.865638,0.2752807140350342,0.04568171501159668
0,turbo2,16,1,1048576,1048576,262144,1000,1,datasets/silesia/mr,9970564,3349826,33.597157,1.3618671894073486,0.25301575660705566
0,turbo2,16,1,1048576,1048576,262144,1000,1,datasets/silesia/nci,33553445,2436724,7.262217,0.9707760810852051,0.182053804397583
0,turbo2,16,1,1048576,1048576,262144,1000,1,datasets/silesia/webster,41458703,10914012,26.32502,6.221280813217163,0.7252912521362305
0,turbo2,16,1,1048576,1048576,262144,1000,1,datasets/silesia/reymont,6627202,1669747,25.195354,1.0410349369049072,0.12449336051940918
0,turbo2,16,1,1048576,1048576,262144,1000,1,datasets/silesia/dickens,10192446,3442038,33.770481,3.01790189743042,0.22998428344726562
0,turbo2,16,1,1048576,1048576,262144,1000,1,datasets/silesia/mozilla,51220480,16574634,32.359388,2.3885319232940674,1.2636349201202393
0,turbo2,16,1,1048576,1048576,262144,1000,1,datasets/silesia/osdb,10085684,3379662,33.509497,0.7333850860595703,0.2829320430755615
0,turbo2,16,1,1048576,1048576,262144,1000,1,datasets/silesia/x-ray,8474240,5333201,62.934269,1.080420970916748,0.4300858974456787
0,turbo2,16,1,1048576,1048576,262144,1000,1,datasets/silesia/samba,21606400,4613921,21.354418,1.522305965423584,0.3951241970062256
0,turbo2,16,1,1048576,1048576,262144,1000,1,datasets/silesia/sao,7251944,5001703,68.970513,1.2230658531188965,0.4651601314544678
0,turbo2,16,1,1048576,1048576,262144,1000,1,AVERAGE,17661548.333333332,5008496.666666667,28.358197,1.7126380801200867,0.3865470091501872
0,turbo2,16,1,1048576,1048576,262144,1000,2,datasets/silesia/ooffice,6152192,2847918,46.291111,0.8900456428527832,0.24551606178283691
0,turbo2,16,1,1048576,1048576,262144,1000,2,datasets/silesia/xml,5345280,517446,9.680428,0.3641533851623535,0.04697251319885254
0,turbo2,16,1,1048576,1048576,262144,1000,2,datasets/silesia/mr,9970564,3377046,33.87016,1.6747236251831055,0.26430320739746094
0,turbo2,16,1,1048576,1048576,262144,1000,2,datasets/silesia/nci,33553445,2363156,7.042961,1.1397099494934082,0.19179987907409668
0,turbo2,16,1,1048576,1048576,262144,1000,2,datasets/silesia/webster,41458703,10842492,26.152511,7.580746650695801,0.7818400859832764
0,turbo2,16,1,1048576,1048576,262144,1000,2,datasets/silesia/reymont,6627202,1653535,24.950726,1.8828458786010742,0.13027358055114746
0,turbo2,16,1,1048576,1048576,262144,1000,2,datasets/silesia/dickens,10192446,3427610,33.628925,4.658189296722412,0.2501251697540283
0,turbo2,16,1,1048576,1048576,262144,1000,2,datasets/silesia/mozilla,51220480,16515797,32.244518,2.936328887939453,1.313612699508667
0,turbo2,16,1,1048576,1048576,262144,1000,2,datasets/silesia/osdb,10085684,3372418,33.437673,0.8434810638427734,0.289170503616333
0,turbo2,16,1,1048576,1048576,262144,1000,2,datasets/silesia/x-ray,8474240,5370693,63.376692,1.1777985095977783,0.4497947692871094
0,turbo2,16,1,1048576,1048576,262144,1000,2,datasets/silesia/samba,21606400,4575693,21.177489,2.465909004211426,0.4172952175140381
0,turbo2,16,1,1048576,1048576,262144,1000,2,datasets/silesia/sao,7251944,5024687,69.287449,1.5671017169952393,0.4683704376220703
0,turbo2,16,1,1048576,1048576,262144,1000,2,AVERAGE,17661548.333333332,4990707.583333333,28.257475,2.2650861342748008,0.4040895104408264
0,turbo2,16,1,1048576,1048576,262144,1000,3,datasets/silesia/ooffice,6152192,2840282,46.166992,1.5310249328613281,0.25475621223449707
0,turbo2,16,1,1048576,1048576,262144,1000,3,datasets/silesia/xml,5345280,520822,9.743587,0.48044562339782715,0.04573988914489746
0,turbo2,16,1,1048576,1048576,262144,1000,3,datasets/silesia/mr,9970564,3462590,34.728126,2.118263006210327,0.27438998222351074
0,turbo2,16,1,1048576,1048576,262144,1000,3,datasets/silesia/nci,33553445,2362624,7.041375,1.3697757720947266,0.19330668449401855
0,turbo2,16,1,1048576,1048576,262144,1000,3,datasets/silesia/webster,41458703,10978664,26.480963,9.068055868148804,0.7763803005218506
0,turbo2,16,1,1048576,1048576,262144,1000,3,datasets/silesia/reymont,6627202,1676087,25.29102,1.6445722579956055,0.12784051895141602
0,turbo2,16,1,1048576,1048576,262144,1000,3,datasets/silesia/dickens,10192446,3503562,34.374104,4.14441990852356,0.24382448196411133
0,turbo2,16,1,1048576,1048576,262144,1000,3,datasets/silesia/mozilla,51220480,16504076,32.221635,2.8839902877807617,1.2578742504119873
0,turbo2,16,1,1048576,1048576,262144,1000,3,datasets/silesia/osdb,10085684,3374266,33.455996,1.2547767162322998,0.30037569999694824
0,turbo2,16,1,1048576,1048576,262144,1000,3,datasets/silesia/x-ray,8474240,5442917,64.228969,1.483201265335083,0.4489874839782715
0,turbo2,16,1,1048576,1048576,262144,1000,3,datasets/silesia/samba,21606400,4585469,21.222735,2.073152780532837,0.38973426818847656
0,turbo2,16,1,1048576,1048576,262144,1000,3,datasets/silesia/sao,7251944,5037315,69.461582,1.6290454864501953,0.46799683570861816
0,turbo2,16,1,1048576,1048576,262144,1000,3,AVERAGE,17661548.333333332,5024056.166666667,28.446295,2.473393658796946,0.3984338839848836
0,turbo2,16,1,1048576,1048576,262144,0,0,datasets/silesia/ooffice,6152192,2920850,47.476574,0.7160904407501221,0.2434864044189453
0,turbo2,16,1,1048576,1048576,262144,0,0,datasets/silesia/xml,5345280,544454,10.185697,0.29187679290771484,0.043969154357910156
0,turbo2,16,1,1048576,1048576,262144,0,0,datasets/silesia/mr,9970564,3333642,33.434839,1.512197494506836,0.2412865161895752
0,turbo2,16,1,1048576,1048576,262144,0,0,datasets/silesia/nci,33553445,2563092,7.638834,2.030228853225708,0.17715024948120117
0,turbo2,16,1,1048576,1048576,262144,0,0,datasets/silesia/webster,41458703,10970448,26.461146,12.489837646484375,0.7324583530426025
0,turbo2,16,1,1048576,1048576,262144,0,0,datasets/silesia/reymont,6627202,1666459,25.14574,3.322903633117676,0.12076783180236816
0,turbo2,16,1,1048576,1048576,262144,0,0,datasets/silesia/dickens,10192446,3430642,33.658672,5.013251781463623,0.23872661590576172
0,turbo2,16,1,1048576,1048576,262144,0,0,datasets/silesia/mozilla,51220480,17004943,33.199499,3.144299268722534,1.2771639823913574
0,turbo2,16,1,1048576,1048576,262144,0,0,datasets/silesia/osdb,10085684,3435802,34.066128,0.7536122798919678,0.29554176330566406
0,turbo2,16,1,1048576,1048576,262144,0,0,datasets/silesia/x-ray,8474240,5418557,63.94151,0.7266674041748047,0.43448591232299805
0,turbo2,16,1,1048576,1048576,262144,0,0,datasets/silesia/samba,21606400,4735461,21.916937,1.6675400733947754,0.38796067237854004
0,turbo2,16,1,1048576,1048576,262144,0,0,datasets/silesia/sao,7251944,5062407,69.807585,1.038527011871338,0.46904921531677246
0,turbo2,16,1,1048576,1048576,262144,0,0,AVERAGE,17661548.333333332,5090563.083333333,28.822858,2.7255860567092896,0.38850388924280804
0,turbo2,16,1,1048576,1048576,262144,0,1,datasets/silesia/ooffice,6152192,2855046,46.406972,1.5399112701416016,0.2517821788787842
0,turbo2,16,1,1048576,1048576,262144,0,1,datasets/silesia/xml,5345280,522038,9.766336,0.5537211894989014,0.04468059539794922
0,turbo2,16,1,1048576,1048576,262144,0,1,datasets/silesia/mr,9970564,3318174,33.279702,5.228578805923462,0.2604367733001709
0,turbo2,16,1,1048576,1048576,262144,0,1,datasets/silesia/nci,33553445,2394692,7.136948,4.496950149536133,0.1820206642150879
0,turbo2,16,1,1048576,1048576,262144,0,1,datasets/silesia/webster,41458703,10833248,26.130214,17.78036904335022,0.7360889911651611
0,turbo2,16,1,1048576,1048576,262144,0,1,datasets/silesia/reymont,6627202,1629319,24.585323,6.134873867034912,0.12249255180358887
0,turbo2,16,1,1048576,1048576,262144,0,1,datasets/silesia/dickens,10192446,3407998,33.436508,7.046034336090088,0.2328641414642334
0,turbo2,16,1,1048576,1048576,262144,0,1,datasets/silesia/mozilla,51220480,16582681,32.375099,7.172932863235474,1.2697162628173828
0,turbo2,16,1,1048576,1048576,262144,0,1,datasets/silesia/osdb,10085684,3375810,33.471304,1.6635890007019043,0.28123021125793457
0,turbo2,16,1,1048576,1048576,262144,0,1,datasets/silesia/x-ray,8474240,5331793,62.917654,1.0412683486938477,0.4307265281677246
0,turbo2,16,1,1048576,1048576,262144,0,1,datasets/silesia/samba,21606400,4613705,21.353418,2.507827043533325,0.3940286636352539
0,turbo2,16,1,1048576,1048576,262144,0,1,datasets/silesia/sao,7251944,5000983,68.960585,1.9059274196624756,0.46527099609375
0,turbo2,16,1,1048576,1048576,262144,0,1,AVERAGE,17661548.333333332,4988790.583333333,28.246621,4.755998611450195,0.38927821318308514
0,turbo2,16,1,1048576,1048576,262144,0,2,datasets/silesia/ooffice,6152192,2843170,46.213935,1.9387454986572266,0.2482926845550537
0,turbo2,16,1,1048576,1048576,262144,0,2,datasets/silesia/xml,5345280,511742,9.573717,0.6227643489837646,0.0473628044128418
0,turbo2,16,1,1048576,1048576,262144,0,2,datasets/silesia/mr,9970564,3334154,33.439974,5.524114608764648,0.25435900688171387
0,turbo2,16,1,1048576,1048576,262144,0,2,datasets/silesia/nci,33553445,2316960,6.905282,7.795838117599487,0.19345879554748535
0,turbo2,16,1,1048576,1048576,262144,0,2,datasets/silesia/webster,41458703,10763424,25.961796,22.975837230682373,0.8438308238983154
0,turbo2,16,1,1048576,1048576,262144,0,2,datasets/silesia/reymont,6627202,1610887,24.307196,9.393115043640137,0.14798426628112793
0,turbo2,16,1,1048576,1048576,262144,0,2,datasets/silesia/dickens,10192446,3395610,33.314967,9.548882007598877,0.2627372741699219
0,turbo2,16,1,1048576,1048576,262144,0,2,datasets/silesia/mozilla,51220480,16526434,32.265285,17.200599431991577,1.3403639793395996
0,turbo2,16,1,1048576,1048576,262144,0,2,datasets/silesia/osdb,10085684,3349798,33.213394,2.7003514766693115,0.2901167869567871
0,turbo2,16,1,1048576,1048576,262144,0,2,datasets/silesia/x-ray,8474240,5368105,63.346153,1.2098701000213623,0.46282052993774414
0,turbo2,16,1,1048576,1048576,262144,0,2,datasets/silesia/samba,21606400,4578185,21.189023,4.1425886154174805,0.41669678688049316
0,turbo2,16,1,1048576,1048576,262144,0,2,datasets/silesia/sao,7251944,5027195,69.322033,3.0023281574249268,0.5093715190887451
0,turbo2,16,1,1048576,1048576,262144,0,2,AVERAGE,17661548.333333332,4968805.333333333,28.133464,7.171252886454265,0.4181162714958191
0,turbo2,16,1,1048576,1048576,262144,0,3,datasets/silesia/ooffice,6152192,2835630,46.091377,2.8509433269500732,0.24529147148132324
0,turbo2,16,1,1048576,1048576,262144,0,3,datasets/silesia/xml,5345280,514842,9.631712,1.0216104984283447,0.052660465240478516
0,turbo2,16,1,1048576,1048576,262144,0,3,datasets/silesia/mr,9970564,3445602,34.557744,9.756052017211914,0.2936971187591553
0,turbo2,16,1,1048576,1048576,262144,0,3,datasets/silesia/nci,33553445,2315896,6.902111,15.31972622871399,0.19215941429138184
0,turbo2,16,1,1048576,1048576,262144,0,3,datasets/silesia/webster,41458703,10903612,26.299935,30.872182369232178,0.7884373664855957
0,turbo2,16,1,1048576,1048576,262144,0,3,datasets/silesia/reymont,6627202,1631943,24.624917,11.929775953292847,0.1279277801513672
0,turbo2,16,1,1048576,1048576,262144,0,3,datasets/silesia/dickens,10192446,3472750,34.071802,11.976049423217773,0.24964380264282227
0,turbo2,16,1,1048576,1048576,262144,0,3,datasets/silesia/mozilla,51220480,16514188,32.241377,21.064555644989014,1.3340113162994385
0,turbo2,16,1,1048576,1048576,262144,0,3,datasets/silesia/osdb,10085684,3350042,33.215814,3.031285285949707,0.28275084495544434
0,turbo2,16,1,1048576,1048576,262144,0,3,datasets/silesia/x-ray,8474240,5442489,64.223919,1.5172410011291504,0.47763943672180176
0,turbo2,16,1,1048576,1048576,262144,0,3,datasets/silesia/samba,21606400,4581357,21.203704,5.3548970222473145,0.4354410171508789
0,turbo2,16,1,1048576,1048576,262144,0,3,datasets/silesia/sao,7251944,5029675,69.356231,3.1777117252349854,0.48326706886291504
0,turbo2,16,1,1048576,1048576,262144,0,3,AVERAGE,17661548.333333332,5003168.833333333,28.328031,9.822669208049774,0.41357725858688354
0,turbo2,16,1,1048576,1048576,1048576,10,0,datasets/silesia/ooffice,6152192,3011646,48.952406,0.34874963760375977,0.25787830352783203
0,turbo2,16,1,1048576,1048576,1048576,10,0,datasets/silesia/xml,5345280,698062,13.059409,0.12585997581481934,0.06160783767700195
0,turbo2,16,1,1048576,1048576,1048576,10,0,datasets/silesia/mr,9970564,3438362,34.48513,0.34433579444885254,0.2916293144226074
0,turbo2,16,1,1048576,1048576,1048576,10,0,datasets/silesia/nci,33553445,3263652,9.726727,0.5226342678070068,0.25033116340637207
0,turbo2,16,1,1048576,1048576,1048576,10,0,datasets/silesia/webster,41458703,12778408,30.822016,1.2604374885559082,1.1011269092559814
0,turbo2,16,1,1048576,1048576,1048576,10,0,datasets/silesia/reymont,6627202,2073683,31.290475,0.30606842041015625,0.17730951309204102
0,turbo2,16,1,1048576,1048576,1048576,10,0,datasets/silesia/dickens,10192446,4121550,40.4373,0.41292905807495117,0.3107640743255615
0,turbo2,16,1,1048576,1048576,1048576,10,0,datasets/silesia/mozilla,51220480,17296601,33.768916,2.1141223907470703,1.4221792221069336
0,turbo2,16,1,1048576,1048576,1048576,10,0,datasets/silesia/osdb,10085684,3636234,36.05342,0.4109044075012207,0.32678771018981934
0,turbo2,16,1,1048576,1048576,1048576,10,0,datasets/silesia/x-ray,8474240,5504649,64.957436,0.7059979438781738,0.5793447494506836
0,turbo2,16,1,1048576,1048576,1048576,10,0,datasets/silesia/samba,21606400,5063193,23.433765,0.6002840995788574,0.4312427043914795
0,turbo2,16,1,1048576,1048576,1048576,10,0,datasets/silesia/sao,7251944,5048555,69.616575,0.5752208232879639,0.49236178398132324
0,turbo2,16,1,1048576,1048576,1048576,10,0,AVERAGE,17661548.333333332,5494549.583333333,31.110237,0.643962025642395,0.47521360715230304
0,turbo2,16,1,1048576,1048576,1048576,10,1,datasets/silesia/ooffice,6152192,2950466,47.957964,0.33480167388916016,0.27971744537353516
0,turbo2,16,1,1048576,1048576,1048576,10,1,datasets/silesia/xml,5345280,656342,12.278908,0.13393306732177734,0.056466102600097656
0,turbo2,16,1,1048576,1048576,1048576,10,1,datasets/silesia/mr,9970564,3559606,35.70115,0.347581148147583,0.31698107719421387
0,turbo2,16,1,1048576,1048576,1048576,10,1,datasets/silesia/nci,33553445,3011744,8.975961,0.4625661373138428,0.23741817474365234
0,turbo2,16,1,1048576,1048576,1048576,10,1,datasets/silesia/webster,41458703,12501444,30.153968,1.0939409732818604,0.929358959197998
0,turbo2,16,1,1048576,1048576,1048576,10,1,datasets/silesia/reymont,6627202,2014775,30.401593,0.2266068458557129,0.1827099323272705
0,turbo2,16,1,1048576,1048576,1048576,10,1,datasets/silesia/dickens,10192446,4069698,39.928571,0.41213202476501465,0.3126192092895508
0,turbo2,16,1,1048576,1048576,1048576,10,1,datasets/silesia/mozilla,51220480,16917978,33.029714,1.7658066749572754,1.3876619338989258
0,turbo2,16,1,1048576,1048576,1048576,10,1,datasets/silesia/osdb,10085684,3616618,35.858926,0.42630577087402344,0.2981138229370117
0,turbo2,16,1,1048576,1048576,1048576,10,1,datasets/silesia/x-ray,8474240,5582461,65.875654,0.5736525058746338,0.5052406787872314
0,turbo2,16,1,1048576,1048576,1048576,10,1,datasets/silesia/samba,21606400,4908385,22.717274,0.5704727172851562,0.4266195297241211
0,turbo2,16,1,1048576,1048576,1048576,10,1,datasets/silesia/sao,7251944,5033827,69.413484,0.5601060390472412,0.4742863178253174
0,turbo2,16,1,1048576,1048576,1048576,10,1,AVERAGE,17661548.333333332,5401945.333333333,30.58591,0.5756587982177734,0.45059943199157715
0,turbo2,16,1,1048576,1048576,1048576,10,2,datasets/silesia/ooffice,6152192,2943614,47.846589,0.33574581146240234,0.26290178298950195
0,turbo2,16,1,1048576,1048576,1048576,10,2,datasets/silesia/xml,5345280,637034,11.917692,0.127760648727417,0.0583491325378418
0,turbo2,16,1,1048576,1048576,1048576,10,2,datasets/silesia/mr,9970564,3564526,35.750495,0.39745116233825684,0.3265700340270996
0,turbo2,16,1,1048576,1048576,1048576,10,2,datasets/silesia/nci,33553445,2905124,8.658199,0.48186492919921875,0.24144363403320312
0,turbo2,16,1,1048576,1048576,1048576,10,2,datasets/silesia/webster,41458703,12351856,29.793156,1.1355235576629639,0.9374697208404541
0,turbo2,16,1,1048576,1048576,1048576,10,2,datasets/silesia/reymont,6627202,2004519,30.246837,0.22492027282714844,0.17854523658752441
0,turbo2,16,1,1048576,1048576,1048576,10,2,datasets/silesia/dickens,10192446,4027754,39.51705,0.41969871520996094,0.32347822189331055
0,turbo2,16,1,1048576,1048576,1048576,10,2,datasets/silesia/mozilla,51220480,16917254,33.0283,1.7367644309997559,1.3492305278778076
0,turbo2,16,1,1048576,1048576,1048576,10,2,datasets/silesia/osdb,10085684,3623262,35.924802,0.3775618076324463,0.30986952781677246
0,turbo2,16,1,1048576,1048576,1048576,10,2,datasets/silesia/x-ray,8474240,5597721,66.055729,0.5987236499786377,0.4815495014190674
0,turbo2,16,1,1048576,1048576,1048576,10,2,datasets/silesia/samba,21606400,4850273,22.448316,0.5694684982299805,0.45368480682373047
0,turbo2,16,1,1048576,1048576,1048576,10,2,datasets/silesia/sao,7251944,5130851,70.751387,0.6050441265106201,0.5040566921234131
0,turbo2,16,1,1048576,1048576,1048576,10,2,AVERAGE,17661548.333333332,5379482.333333333,30.458724,0.5842106342315674,0.45226240158081055
0,turbo2,16,1,1048576,1048576,1048576,10,3,datasets/silesia/ooffice,6152192,2932898,47.672407,0.333162784576416,0.2668468952178955
0,turbo2,16,1,1048576,1048576,1048576,10,3,datasets/silesia/xml,5345280,636678,11.911032,0.12558746337890625,0.058190345764160156
0,turbo2,16,1,1048576,1048576,1048576,10,3,datasets/silesia/mr,9970564,3611414,36.220759,0.4115457534790039,0.34007763862609863
0,turbo2,16,1,1048576,1048576,1048576,10,3,datasets/silesia/nci,33553445,2918660,8.69854,0.4618656635284424,0.24972248077392578
0,turbo2,16,1,1048576,1048576,1048576,10,3,datasets/silesia/webster,41458703,12400488,29.910458,1.080784559249878,0.9310348033905029
0,turbo2,16,1,1048576,1048576,1048576,10,3,datasets/silesia/reymont,6627202,2015327,30.409923,0.23529720306396484,0.17769336700439453
0,turbo2,16,1,1048576,1048576,1048576,10,3,datasets/silesia/dickens,10192446,4072778,39.958789,0.4400198459625244,0.3275296688079834
0,turbo2,16,1,1048576,1048576,1048576,10,3,datasets/silesia/mozilla,51220480,16894178,32.983248,1.7438313961029053,1.3527891635894775
0,turbo2,16,1,1048576,1048576,1048576,10,3,datasets/silesia/osdb,10085684,3564466,35.341837,0.38691282272338867,0.3049497604370117
0,turbo2,16,1,1048576,1048576,1048576,10,3,datasets/silesia/x-ray,8474240,5612933,66.235238,0.5994069576263428,0.49069857597351074
0,turbo2,16,1,1048576,1048576,1048576,10,3,datasets/silesia/samba,21606400,4843201,22.415585,0.5708575248718262,0.4384028911590576
0,turbo2,16,1,1048576,1048576,1048576,10,3,datasets/silesia/sao,7251944,5117203,70.56319,0.5841045379638672,0.493344783782959
0,turbo2,16,1,1048576,1048576,1048576,10,3,AVERAGE,17661548.333333332,5385018.666666667,30.490071,0.5811147093772888,0.4526066978772481
0,turbo2,16,1,1048576,1048576,1048576,1000,0,datasets/silesia/ooffice,6152192,2923938,47.526768,0.45441126823425293,0.24135565757751465
0,turbo2,16,1,1048576,1048576,1048576,1000,0,datasets/silesia/xml,5345280,550490,10.298619,0.18476629257202148,0.044040679931640625
0,turbo2,16,1,1048576,1048576,1048576,1000,0,datasets/silesia/mr,9970564,3336418,33.462681,0.7717101573944092,0.2456226348876953
0,turbo2,16,1,1048576,1048576,1048576,1000,0,datasets/silesia/nci,33553445,2599236,7.746555,0.7433185577392578,0.17853426933288574
0,turbo2,16,1,1048576,1048576,1048576,1000,0,datasets/silesia/webster,41458703,11053820,26.662243,3.871890068054199,0.6980130672454834
0,turbo2,16,1,1048576,1048576,1048576,1000,0,datasets/silesia/reymont,6627202,1708755,25.783958,0.6534404754638672,0.12258386611938477
0,turbo2,16,1,1048576,1048576,1048576,1000,0,datasets/silesia/dickens,10192446,3465310,33.998807,1.852649211883545,0.2265305519104004
0,turbo2,16,1,1048576,1048576,1048576,1000,0,datasets/silesia/mozilla,51220480,16999111,33.188113,1.6244170665740967,1.2790744304656982
0,turbo2,16,1,1048576,1048576,1048576,1000,0,datasets/silesia/osdb,10085684,3436770,34.075726,0.6409180164337158,0.28355908393859863
0,turbo2,16,1,1048576,1048576,1048576,1000,0,datasets/silesia/x-ray,8474240,5418545,63.941368,0.6149208545684814,0.42176151275634766
0,turbo2,16,1,1048576,1048576,1048576,1000,0,datasets/silesia/samba,21606400,4743113,21.952352,1.257683515548706,0.4093763828277588
0,turbo2,16,1,1048576,1048576,1048576,1000,0,datasets/silesia/sao,7251944,5061863,69.800084,1.173621654510498,0.46254611015319824
0,turbo2,16,1,1048576,1048576,1048576,1000,0,AVERAGE,17661548.333333332,5108114.083333333,28.922233,1.1536455949147542,0.38441652059555054
0,turbo2,16,1,1048576,1048576,1048576,1000,1,datasets/silesia/ooffice,6152192,2859146,46.473615,0.6902942657470703,0.24581503868103027
0,turbo2,16,1,1048576,1048576,1048576,1000,1,datasets/silesia/xml,5345280,527346,9.865638,0.2933077812194824,0.046836137771606445
0,turbo2,16,1,1048576,1048576,1048576,1000,1,datasets/silesia/mr,9970564,3349826,33.597157,1.270512580871582,0.2538938522338867
0,turbo2,16,1,1048576,1048576,1048576,1000,1,datasets/silesia/nci,33553445,2436724,7.262217,1.0100619792938232,0.18137073516845703
0,turbo2,16,1,1048576,1048576,1048576,1000,1,datasets/silesia/webster,41458703,10914012,26.32502,5.486682176589966,0.7443768978118896
0,turbo2,16,1,1048576,1048576,1048576,1000,1,datasets/silesia/reymont,6627202,1669747,25.195354,1.0412921905517578,0.12755084037780762
0,turbo2,16,1,1048576,1048576,1048576,1000,1,datasets/silesia/dickens,10192446,3442038,33.770481,2.7983691692352295,0.23684477806091309
0,turbo2,16,1,1048576,1048576,1048576,1000,1,datasets/silesia/mozilla,51220480,16574634,32.359388,2.2042949199676514,1.2793354988098145
0,turbo2,16,1,1048576,1048576,1048576,1000,1,datasets/silesia/osdb,10085684,3379662,33.509497,0.7605061531066895,0.27931666374206543
0,turbo2,16,1,1048576,1048576,1048576,1000,1,datasets/silesia/x-ray,8474240,5333201,62.934269,1.39292311668396,0.43118786811828613
0,turbo2,16,1,1048576,1048576,1048576,1000,1,datasets/silesia/samba,21606400,4613921,21.354418,1.4379096031188965,0.38667774200439453
0,turbo2,16,1,1048576,1048576,1048576,1000,1,datasets/silesia/sao,7251944,5001703,68.970513,1.8154089450836182,0.4650704860687256
0,turbo2,16,1,1048576,1048576,1048576,1000,1,AVERAGE,17661548.333333332,5008496.666666667,28.358197,1.6834635734558105,0.38985637823740643
0,turbo2,16,1,1048576,1048576,1048576,1000,2,datasets/silesia/ooffice,6152192,2847918,46.291111,0.9450185298919678,0.2444627285003662
0,turbo2,16,1,1048576,1048576,1048576,1000,2,datasets/silesia/xml,5345280,517446,9.680428,0.336076021194458,0.045675039291381836
0,turbo2,16,1,1048576,1048576,1048576,1000,2,datasets/silesia/mr,9970564,3377046,33.87016,1.4895210266113281,0.25684404373168945
0,turbo2,16,1,1048576,1048576,1048576,1000,2,datasets/silesia/nci,33553445,2363156,7.042961,1.0829553604125977,0.18722128868103027
0,turbo2,16,1,1048576,1048576,1048576,1000,2,datasets/silesia/webster,41458703,10842492,26.152511,7.0934739112854,0.7719287872314453
0,turbo2,16,1,1048576,1048576,1048576,1000,2,datasets/silesia/reymont,6627202,1653535,24.950726,1.3421530723571777,0.13283514976501465
0,turbo2,16,1,1048576,1048576,1048576,1000,2,datasets/silesia/dickens,10192446,3427610,33.628925,4.226433992385864,0.2616136074066162
0,turbo2,16,1,1048576,1048576,1048576,1000,2,datasets/silesia/mozilla,51220480,16515797,32.244518,2.6219677925109863,1.2749736309051514
0,turbo2,16,1,1048576,1048576,1048576,1000,2,datasets/silesia/osdb,10085684,3372418,33.437673,1.3421883583068848,0.28060293197631836
0,turbo2,16,1,1048576,1048576,1048576,1000,2,datasets/silesia/x-ray,8474240,5370693,63.376692,1.3587520122528076,0.43582892417907715
0,turbo2,16,1,1048576,1048576,1048576,1000,2,datasets/silesia/samba,21606400,4575693,21.177489,1.9054203033447266,0.3989906311035156
0,turbo2,16,1,1048576,1048576,1048576,1000,2,datasets/silesia/sao,7251944,5024687,69.287449,1.5738012790679932,0.459364652633667
0,turbo2,16,1,1048576,1048576,1048576,1000,2,AVERAGE,17661548.333333332,4990707.583333333,28.257475,2.109813471635183,0.39586178461710614
0,turbo2,16,1,1048576,1048576,1048576,1000,3,datasets/silesia/ooffice,6152192,2840282,46.166992,1.0001251697540283,0.24010896682739258
0,turbo2,16,1,1048576,1048576,1048576,1000,3,datasets/silesia/xml,5345280,520822,9.743587,0.4301002025604248,0.04696178436279297
0,turbo2,16,1,1048576,1048576,1048576,1000,3,datasets/silesia/mr,9970564,3462590,34.728126,1.8884913921356201,0.2724881172180176
0,turbo2,16,1,1048576,1048576,1048576,1000,3,datasets/silesia/nci,33553445,2362624,7.041375,1.3054320812225342,0.19503068923950195
0,turbo2,16,1,1048576,1048576,1048576,1000,3,datasets/silesia/webster,41458703,10978664,26.480963,8.715569496154785,0.7760508060455322
0,turbo2,16,1,1048576,1048576,1048576,1000,3,datasets/silesia/reymont,6627202,1676087,25.29102,1.7009437084197998,0.12439489364624023
0,turbo2,16,1,1048576,1048576,1048576,1000,3,datasets/silesia/dickens,10192446,3503562,34.374104,4.239100933074951,0.24910759925842285
0,turbo2,16,1,1048576,1048576,1048576,1000,3,datasets/silesia/mozilla,51220480,16504076,32.221635,2.9685311317443848,1.2587528228759766
0,turbo2,16,1,1048576,1048576,1048576,1000,3,datasets/silesia/osdb,10085684,3374266,33.455996,1.0706710815429688,0.28522229194641113
0,turbo2,16,1,1048576,1048576,1048576,1000,3,datasets/silesia/x-ray,8474240,5442917,64.228969,1.981569528579712,0.45505285263061523
0,turbo2,16,1,1048576,1048576,1048576,1000,3,datasets/silesia/samba,21606400,4585469,21.222735,2.6613645553588867,0.4266366958618164
0,turbo2,16,1,1048576,1048576,1048576,1000,3,datasets/silesia/sao,7251944,5037315,69.461582,2.4984383583068848,0.4684586524963379
0,turbo2,16,1,1048576,1048576,1048576,1000,3,AVERAGE,17661548.333333332,5024056.166666667,28.446295,2.5383614699045816,0.39985551436742145
0,turbo2,16,1,1048576,1048576,1048576,0,0,datasets/silesia/ooffice,6152192,2920850,47.476574,0.653069257736206,0.2399740219116211
0,turbo2,16,1,1048576,1048576,1048576,0,0,datasets/silesia/xml,5345280,544454,10.185697,0.2787654399871826,0.04606747627258301
0,turbo2,16,1,1048576,1048576,1048576,0,0,datasets/silesia/mr,9970564,3333642,33.434839,1.2486584186553955,0.23332834243774414
0,turbo2,16,1,1048576,1048576,1048576,0,0,datasets/silesia/nci,33553445,2563092,7.638834,2.03593111038208,0.17399311065673828
0,turbo2,16,1,1048576,1048576,1048576,0,0,datasets/silesia/webster,41458703,10970448,26.461146,11.9030442237854,0.7214102745056152
0,turbo2,16,1,1048576,1048576,1048576,0,0,datasets/silesia/reymont,6627202,1666459,25.14574,3.1079766750335693,0.12048077583312988
0,turbo2,16,1,1048576,1048576,1048576,0,0,datasets/silesia/dickens,10192446,3430642,33.658672,4.330156564712524,0.22403693199157715
0,turbo2,16,1,1048576,1048576,1048576,0,0,datasets/silesia/mozilla,51220480,17004943,33.199499,2.885920763015747,1.253497838973999
0,turbo2,16,1,1048576,1048576,1048576,0,0,datasets/silesia/osdb,10085684,3435802,34.066128,0.6220347881317139,0.2786991596221924
0,turbo2,16,1,1048576,1048576,1048576,0,0,datasets/silesia/x-ray,8474240,5418557,63.94151,0.5822930335998535,0.4091498851776123
0,turbo2,16,1,1048576,1048576,1048576,0,0,datasets/silesia/samba,21606400,4735461,21.916937,1.5692501068115234,0.40038108825683594
0,turbo2,16,1,1048576,1048576,1048576,0,0,datasets/silesia/sao,7251944,5062407,69.807585,1.0074896812438965,0.45920300483703613
0,turbo2,16,1,1048576,1048576,1048576,0,0,AVERAGE,17661548.333333332,5090563.083333333,28.822858,2.5187158385912576,0.3800184925397237
0,turbo2,16,1,1048576,1048576,1048576,0,1,datasets/silesia/ooffice,6152192,2855046,46.406972,1.2470982074737549,0.24175190925598145
0,turbo2,16,1,1048576,1048576,1048576,0,1,datasets/silesia/xml,5345280,522038,9.766336,0.4238321781158447,0.04219555854797363
0,turbo2,16,1,1048576,1048576,1048576,0,1,datasets/silesia/mr,9970564,3318174,33.279702,4.698302507400513,0.2517218589782715
0,turbo2,16,1,1048576,1048576,1048576,0,1,datasets/silesia/nci,33553445,2394692,7.136948,4.502952814102173,0.17719459533691406
0,turbo2,16,1,1048576,1048576,1048576,0,1,datasets/silesia/webster,41458703,10833248,26.130214,16.65584135055542,0.7235476970672607
0,turbo2,16,1,1048576,1048576,1048576,0,1,datasets/silesia/reymont,6627202,1629319,24.585323,5.805552244186401,0.12325453758239746
0,turbo2,16,1,1048576,1048576,1048576,0,1,datasets/silesia/dickens,10192446,3407998,33.436508,6.458349943161011,0.22925448417663574
0,turbo2,16,1,1048576,1048576,1048576,0,1,datasets/silesia/mozilla,51220480,16582681,32.375099,7.906620740890503,1.3206977844238281
0,turbo2,16,1,1048576,1048576,1048576,0,1,datasets/silesia/osdb,10085684,3375810,33.471304,2.257746934890747,0.283611536026001
0,turbo2,16,1,1048576,1048576,1048576,0,1,datasets/silesia/x-ray,8474240,5331793,62.917654,1.2862849235534668,0.4626781940460205
0,turbo2,16,1,1048576,1048576,1048576,0,1,datasets/silesia/samba,21606400,4613705,21.353418,2.895425796508789,0.3942224979400635
0,turbo2,16,1,1048576,1048576,1048576,0,1,datasets/silesia/sao,7251944,5000983,68.960585,2.954975128173828,0.46019887924194336
0,turbo2,16,1,1048576,1048576,1048576,0,1,AVERAGE,17661548.333333332,4988790.583333333,28.246621,4.757748564084371,0.3925274610519409
0,turbo2,16,1,1048576,1048576,1048576,0,2,datasets/silesia/ooffice,6152192,2843170,46.213935,2.4477379322052,0.25055623054504395
0,turbo2,16,1,1048576,1048576,1048576,0,2,datasets/silesia/xml,5345280,511742,9.573717,0.6575222015380859,0.04591798782348633
0,turbo2,16,1,1048576,1048576,1048576,0,2,datasets/silesia/mr,9970564,3334154,33.439974,5.795131683349609,0.26394152641296387
0,turbo2,16,1,1048576,1048576,1048576,0,2,datasets/silesia/nci,33553445,2316960,6.905282,9.246196746826172,0.1918478012084961
0,turbo2,16,1,1048576,1048576,1048576,0,2,datasets/silesia/webster,41458703,10763424,25.961796,28.374014377593994,0.7711200714111328
0,turbo2,16,1,1048576,1048576,1048576,0,2,datasets/silesia/reymont,6627202,1610887,24.307196,7.720443248748779,0.12946343421936035
0,turbo2,16,1,1048576,1048576,1048576,0,2,datasets/silesia/dickens,10192446,3395610,33.314967,8.828878402709961,0.24877262115478516
0,turbo2,16,1,1048576,1048576,1048576,0,2,datasets/silesia/mozilla,51220480,16526434,32.265285,12.586583375930786,1.279111385345459
0,turbo2,16,1,1048576,1048576,1048576,0,2,datasets/silesia/osdb,10085684,3349798,33.213394,2.0964584350585938,0.28160667419433594
0,turbo2,16,1,1048576,1048576,1048576,0,2,datasets/silesia/x-ray,8474240,5368105,63.346153,1.0324575901031494,0.43549275398254395
0,turbo2,16,1,1048576,1048576,1048576,0,2,datasets/silesia/samba,21606400,4578185,21.189023,3.381355047225952,0.399334192276001
0,turbo2,16,1,1048576,1048576,1048576,0,2,datasets/silesia/sao,7251944,5027195,69.322033,2.4329144954681396,0.45644712448120117
0,turbo2,16,1,1048576,1048576,1048576,0,2,AVERAGE,17661548.333333332,4968805.333333333,28.133464,7.049974461396535,0.39613431692123413
0,turbo2,16,1,1048576,1048576,1048576,0,3,datasets/silesia/ooffice,6152192,2835630,46.091377,2.4257287979125977,0.2434079647064209
0,turbo2,16,1,1048576,1048576,1048576,0,3,datasets/silesia/xml,5345280,514842,9.631712,0.8405826091766357,0.04481244087219238
0,turbo2,16,1,1048576,1048576,1048576,0,3,datasets/silesia/mr,9970564,3445602,34.557744,7.548588275909424,0.26046013832092285
0,turbo2,16,1,1048576,1048576,1048576,0,3,datasets/silesia/nci,33553445,2315896,6.902111,13.824314832687378,0.18992996215820312
0,turbo2,16,1,1048576,1048576,1048576,0,3,datasets/silesia/webster,41458703,10903612,26.299935,28.560994625091553,0.7759439945220947
0,turbo2,16,1,1048576,1048576,1048576,0,3,datasets/silesia/reymont,6627202,1631943,24.624917,13.475862264633179,0.1273643970489502
0,turbo2,16,1,1048576,1048576,1048576,0,3,datasets/silesia/dickens,10192446,3472750,34.071802,12.99293065071106,0.24486804008483887
0,turbo2,16,1,1048576,1048576,1048576,0,3,datasets/silesia/mozilla,51220480,16514188,32.241377,25.334959983825684,1.2761495113372803
0,turbo2,16,1,1048576,1048576,1048576,0,3,datasets/silesia/osdb,10085684,3350042,33.215814,2.528872489929199,0.27622151374816895
0,turbo2,16,1,1048576,1048576,1048576,0,3,datasets/silesia/x-ray,8474240,5442489,64.223919,1.2571783065795898,0.4501934051513672
0,turbo2,16,1,1048576,1048576,1048576,0,3,datasets/silesia/samba,21606400,4581357,21.203704,5.275864601135254,0.4061551094055176
0,turbo2,16,1,1048576,1048576,1048576,0,3,datasets/silesia/sao,7251944,5029675,69.356231,3.0877020359039307,0.4668266773223877
0,turbo2,16,1,1048576,1048576,1048576,0,3,AVERAGE,17661548.333333332,5003168.833333333,28.328031,9.762798289457956,0.3968610962231954
