-f,-j,-b,--block-size,--window-size,--future-limit,--max-matches,--lazy-matching,-O,orig_size,enc_size,ratio,enc_time,dec_time
ctx,1,1,16384,4096,4096,10,,,10000000,4892610,48.9,18.621444940567017,0.05620980262756348
ctx,1,1,16384,4096,4096,10,True,,10000000,4869117,48.7,18.5830659866333,0.057845354080200195
ctx,1,1,16384,4096,4096,1000,,,10000000,4864360,48.6,18.541517972946167,0.05635476112365723
ctx,1,1,16384,4096,4096,1000,True,,10000000,4839283,48.4,19.39389157295227,0.05823254585266113
ctx,1,1,16384,4096,4096,0,,,10000000,4864360,48.6,19.633923768997192,0.057299137115478516
ctx,1,1,16384,4096,4096,0,True,,10000000,4839283,48.4,19.364375829696655,0.06066274642944336
ctx,1,1,16384,4096,16384,10,,,10000000,4892610,48.9,19.58860731124878,0.05786919593811035
ctx,1,1,16384,4096,16384,10,True,,10000000,4869117,48.7,19.44074821472168,0.05790305137634277
ctx,1,1,16384,4096,16384,1000,,,10000000,4864360,48.6,19.5213885307312,0.05751633644104004
ctx,1,1,16384,4096,16384,1000,True,,10000000,4839283,48.4,20.102073907852173,0.05614590644836426
ctx,1,1,16384,4096,16384,0,,,10000000,4864360,48.6,20.32587432861328,0.056476593017578125
ctx,1,1,16384,4096,16384,0,True,,10000000,4839283,48.4,19.06666898727417,0.05604124069213867
ctx,1,1,16384,16384,4096,10,,,10000000,4693575,46.9,20.12040686607361,0.05332207679748535
ctx,1,1,16384,16384,4096,10,True,,10000000,4668019,46.7,20.23301124572754,0.05664968490600586
ctx,1,1,16384,16384,4096,1000,,,10000000,4651729,46.5,20.27843165397644,0.06336474418640137
ctx,1,1,16384,16384,4096,1000,True,,10000000,4620577,46.2,20.258875131607056,0.052429914474487305
ctx,1,1,16384,16384,4096,0,,,10000000,4651729,46.5,20.202259302139282,0.052593231201171875
ctx,1,1,16384,16384,4096,0,True,,10000000,4620577,46.2,20.40172553062439,0.05363154411315918
ctx,1,1,16384,16384,16384,10,,,10000000,4693575,46.9,20.09821605682373,0.05405116081237793
ctx,1,1,16384,16384,16384,10,True,,10000000,4668019,46.7,20.162371158599854,0.05327486991882324
ctx,1,1,16384,16384,16384,1000,,,10000000,4651729,46.5,20.24315094947815,0.055518388748168945
ctx,1,1,16384,16384,16384,1000,True,,10000000,4620577,46.2,20.17279815673828,0.053160905838012695
ctx,1,1,16384,16384,16384,0,,,10000000,4651729,46.5,20.37020206451416,0.05251502990722656
ctx,1,1,16384,16384,16384,0,True,,10000000,4620577,46.2,20.270881175994873,0.05273270606994629
ctx,1,1,65536,4096,4096,10,,,10000000,4700021,47.0,5.220951795578003,0.054450273513793945
ctx,1,1,65536,4096,4096,10,True,,10000000,4678739,46.8,5.131036996841431,0.054102420806884766
ctx,1,1,65536,4096,4096,1000,,,10000000,4667677,46.7,5.148267507553101,0.0540463924407959
ctx,1,1,65536,4096,4096,1000,True,,10000000,4644627,46.4,5.13503098487854,0.056279897689819336
ctx,1,1,65536,4096,4096,0,,,10000000,4667677,46.7,5.179771900177002,0.05591106414794922
ctx,1,1,65536,4096,4096,0,True,,10000000,4644627,46.4,5.089640378952026,0.054360389709472656
ctx,1,1,65536,4096,16384,10,,,10000000,4700021,47.0,5.118412733078003,0.05502486228942871
ctx,1,1,65536,4096,16384,10,True,,10000000,4678739,46.8,5.025540113449097,0.05608868598937988
ctx,1,1,65536,4096,16384,1000,,,10000000,4667677,46.7,4.720303773880005,0.054100990295410156
ctx,1,1,65536,4096,16384,1000,True,,10000000,4644627,46.4,5.172209024429321,0.0545194149017334
ctx,1,1,65536,4096,16384,0,,,10000000,4667677,46.7,5.116714715957642,0.05667996406555176
ctx,1,1,65536,4096,16384,0,True,,10000000,4644627,46.4,5.232342481613159,0.05292630195617676
ctx,1,1,65536,4096,65536,10,,,10000000,4700021,47.0,5.108220338821411,0.05477166175842285
ctx,1,1,65536,4096,65536,10,True,,10000000,4678739,46.8,4.9802141189575195,0.05349135398864746
ctx,1,1,65536,4096,65536,1000,,,10000000,4667677,46.7,4.978060245513916,0.054445505142211914
ctx,1,1,65536,4096,65536,1000,True,,10000000,4644627,46.4,4.996156454086304,0.05344796180725098
ctx,1,1,65536,4096,65536,0,,,10000000,4667677,46.7,5.036222696304321,0.05435490608215332
ctx,1,1,65536,4096,65536,0,True,,10000000,4644627,46.4,5.085164308547974,0.06398868560791016
ctx,1,1,65536,16384,4096,10,,,10000000,4280636,42.8,5.105799913406372,0.047708988189697266
ctx,1,1,65536,16384,4096,10,True,,10000000,4262166,42.6,5.10006046295166,0.048856496810913086
ctx,1,1,65536,16384,4096,1000,,,10000000,4205898,42.1,5.1467180252075195,0.04710125923156738
ctx,1,1,65536,16384,4096,1000,True,,10000000,4179677,41.8,5.248257160186768,0.04809832572937012
ctx,1,1,65536,16384,4096,0,,,10000000,4205892,42.1,5.23642110824585,0.04673433303833008
ctx,1,1,65536,16384,4096,0,True,,10000000,4179678,41.8,5.120053291320801,0.0456852912902832
ctx,1,1,65536,16384,16384,10,,,10000000,4280636,42.8,5.1940758228302,0.048230648040771484
ctx,1,1,65536,16384,16384,10,True,,10000000,4262166,42.6,5.220628261566162,0.048332929611206055
ctx,1,1,65536,16384,16384,1000,,,10000000,4205898,42.1,5.163960218429565,0.04680609703063965
ctx,1,1,65536,16384,16384,1000,True,,10000000,4179677,41.8,5.2169411182403564,0.047682762145996094
ctx,1,1,65536,16384,16384,0,,,10000000,4205892,42.1,5.293308973312378,0.04669761657714844
ctx,1,1,65536,16384,16384,0,True,,10000000,4179678,41.8,5.121943473815918,0.0478668212890625
ctx,1,1,65536,16384,65536,10,,,10000000,4280636,42.8,5.112398862838745,0.04839444160461426
ctx,1,1,65536,16384,65536,10,True,,10000000,4262166,42.6,5.2607505321502686,0.0472712516784668
ctx,1,1,65536,16384,65536,1000,,,10000000,4205898,42.1,4.820835828781128,0.04366660118103027
ctx,1,1,65536,16384,65536,1000,True,,10000000,4179677,41.8,4.641434907913208,0.04588603973388672
ctx,1,1,65536,16384,65536,0,,,10000000,4205892,42.1,4.484846115112305,0.04346585273742676
ctx,1,1,65536,16384,65536,0,True,,10000000,4179678,41.8,4.46917462348938,0.04680991172790527
ctx,1,1,65536,65536,4096,10,,,10000000,4187980,41.9,4.39509654045105,0.04694104194641113
ctx,1,1,65536,65536,4096,10,True,,10000000,4170912,41.7,4.720347166061401,0.04580187797546387
ctx,1,1,65536,65536,4096,1000,,,10000000,4089542,40.9,5.348422527313232,0.042426109313964844
ctx,1,1,65536,65536,4096,1000,True,,10000000,4057701,40.6,5.440675973892212,0.045674800872802734
ctx,1,1,65536,65536,4096,0,,,10000000,4089538,40.9,5.328855037689209,0.043396949768066406
ctx,1,1,65536,65536,4096,0,True,,10000000,4057697,40.6,5.4642109870910645,0.04393792152404785
ctx,1,1,65536,65536,16384,10,,,10000000,4187980,41.9,5.253847360610962,0.047148704528808594
ctx,1,1,65536,65536,16384,10,True,,10000000,4170912,41.7,4.85390567779541,0.046973466873168945
ctx,1,1,65536,65536,16384,1000,,,10000000,4089542,40.9,4.977984666824341,0.04443764686584473
ctx,1,1,65536,65536,16384,1000,True,,10000000,4057701,40.6,4.7774269580841064,0.04330778121948242
ctx,1,1,65536,65536,16384,0,,,10000000,4089538,40.9,5.136265993118286,0.04532361030578613
ctx,1,1,65536,65536,16384,0,True,,10000000,4057697,40.6,5.309743404388428,0.0438077449798584
ctx,1,1,65536,65536,65536,10,,,10000000,4187980,41.9,5.241333484649658,0.0463869571685791
ctx,1,1,65536,65536,65536,10,True,,10000000,4170912,41.7,5.293306350708008,0.049043893814086914
ctx,1,1,65536,65536,65536,1000,,,10000000,4089542,40.9,5.406075716018677,0.04585909843444824
ctx,1,1,65536,65536,65536,1000,True,,10000000,4057701,40.6,5.648759841918945,0.04356217384338379
ctx,1,1,65536,65536,65536,0,,,10000000,4089538,40.9,5.56538987159729,0.04518771171569824
ctx,1,1,65536,65536,65536,0,True,,10000000,4057697,40.6,5.69615626335144,0.044670820236206055
ctx,1,1,262144,4096,4096,10,,,10000000,4650414,46.5,1.4273483753204346,0.054882049560546875
ctx,1,1,262144,4096,4096,10,True,,10000000,4629482,46.3,1.4985787868499756,0.05455732345581055
ctx,1,1,262144,4096,4096,1000,,,10000000,4616863,46.2,1.4868669509887695,0.054718971252441406
ctx,1,1,262144,4096,4096,1000,True,,10000000,4594311,45.9,1.4890482425689697,0.055396080017089844
ctx,1,1,262144,4096,4096,0,,,10000000,4616863,46.2,1.509721279144287,0.05323052406311035
ctx,1,1,262144,4096,4096,0,True,,10000000,4594311,45.9,1.5273406505584717,0.0545201301574707
ctx,1,1,262144,4096,16384,10,,,10000000,4650414,46.5,1.4903531074523926,0.0549464225769043
ctx,1,1,262144,4096,16384,10,True,,10000000,4629482,46.3,1.4938528537750244,0.055364131927490234
ctx,1,1,262144,4096,16384,1000,,,10000000,4616863,46.2,1.5130486488342285,0.054845571517944336
ctx,1,1,262144,4096,16384,1000,True,,10000000,4594311,45.9,1.5074467658996582,0.053961992263793945
ctx,1,1,262144,4096,16384,0,,,10000000,4616863,46.2,1.4864959716796875,0.053777456283569336
ctx,1,1,262144,4096,16384,0,True,,10000000,4594311,45.9,1.5024924278259277,0.05390167236328125
ctx,1,1,262144,4096,65536,10,,,10000000,4650414,46.5,1.4931087493896484,0.05459427833557129
ctx,1,1,262144,4096,65536,10,True,,10000000,4629482,46.3,1.4524366855621338,0.05449414253234863
ctx,1,1,262144,4096,65536,1000,,,10000000,4616863,46.2,1.4722604751586914,0.05449867248535156
ctx,1,1,262144,4096,65536,1000,True,,10000000,4594311,45.9,1.5429267883300781,0.054207801818847656
ctx,1,1,262144,4096,65536,0,,,10000000,4616863,46.2,1.51918625831604,0.05373883247375488
ctx,1,1,262144,4096,65536,0,True,,10000000,4594311,45.9,1.5267441272735596,0.05451536178588867
ctx,1,1,262144,4096,262144,10,,,10000000,4650414,46.5,1.4878628253936768,0.053231239318847656
ctx,1,1,262144,4096,262144,10,True,,10000000,4629482,46.3,1.5079290866851807,0.0532526969909668
ctx,1,1,262144,4096,262144,1000,,,10000000,4616863,46.2,1.491945505142212,0.05515718460083008
ctx,1,1,262144,4096,262144,1000,True,,10000000,4594311,45.9,1.5666241645812988,0.05325913429260254
ctx,1,1,262144,4096,262144,0,,,10000000,4616863,46.2,1.5618460178375244,0.0534214973449707
ctx,1,1,262144,4096,262144,0,True,,10000000,4594311,45.9,1.5999414920806885,0.05284929275512695
ctx,1,1,262144,16384,4096,10,,,10000000,4164625,41.6,1.4735517501831055,0.048809051513671875
ctx,1,1,262144,16384,4096,10,True,,10000000,4149186,41.5,1.5587494373321533,0.048217058181762695
ctx,1,1,262144,16384,4096,1000,,,10000000,4079954,40.8,1.5584864616394043,0.04528331756591797
ctx,1,1,262144,16384,4096,1000,True,,10000000,4056359,40.6,1.639035940170288,0.046886444091796875
ctx,1,1,262144,16384,4096,0,,,10000000,4079947,40.8,1.55863356590271,0.04730415344238281
ctx,1,1,262144,16384,4096,0,True,,10000000,4056357,40.6,1.5857138633728027,0.045075416564941406
ctx,1,1,262144,16384,16384,10,,,10000000,4164625,41.6,1.494544267654419,0.0484461784362793
ctx,1,1,262144,16384,16384,10,True,,10000000,4149186,41.5,1.5115575790405273,0.05033540725708008
ctx,1,1,262144,16384,16384,1000,,,10000000,4079954,40.8,1.4989309310913086,0.044463157653808594
ctx,1,1,262144,16384,16384,1000,True,,10000000,4056359,40.6,1.5905125141143799,0.04580974578857422
ctx,1,1,262144,16384,16384,0,,,10000000,4079947,40.8,1.573124647140503,0.044591426849365234
ctx,1,1,262144,16384,16384,0,True,,10000000,4056357,40.6,1.5783679485321045,0.04688858985900879
ctx,1,1,262144,16384,65536,10,,,10000000,4164625,41.6,1.4801783561706543,0.04705047607421875
ctx,1,1,262144,16384,65536,10,True,,10000000,4149186,41.5,1.5126330852508545,0.04753708839416504
ctx,1,1,262144,16384,65536,1000,,,10000000,4079954,40.8,1.5161924362182617,0.04520535469055176
ctx,1,1,262144,16384,65536,1000,True,,10000000,4056359,40.6,1.6121854782104492,0.04641318321228027
ctx,1,1,262144,16384,65536,0,,,10000000,4079947,40.8,1.5869154930114746,0.045575618743896484
ctx,1,1,262144,16384,65536,0,True,,10000000,4056357,40.6,1.6031115055084229,0.04684805870056152
ctx,1,1,262144,16384,262144,10,,,10000000,4164625,41.6,1.4584240913391113,0.04845142364501953
ctx,1,1,262144,16384,262144,10,True,,10000000,4149186,41.5,1.5107998847961426,0.048099517822265625
ctx,1,1,262144,16384,262144,1000,,,10000000,4079954,40.8,1.4798154830932617,0.045299530029296875
ctx,1,1,262144,16384,262144,1000,True,,10000000,4056359,40.6,1.5563814640045166,0.04605269432067871
ctx,1,1,262144,16384,262144,0,,,10000000,4079947,40.8,1.4995503425598145,0.04565906524658203
ctx,1,1,262144,16384,262144,0,True,,10000000,4056357,40.6,1.5930578708648682,0.04614090919494629
ctx,1,1,262144,65536,4096,10,,,10000000,3972503,39.7,1.4700801372528076,0.04253101348876953
ctx,1,1,262144,65536,4096,10,True,,10000000,3962892,39.6,1.4715135097503662,0.045775651931762695
ctx,1,1,262144,65536,4096,1000,,,10000000,3816150,38.2,1.6966001987457275,0.04181981086730957
ctx,1,1,262144,65536,4096,1000,True,,10000000,3787743,37.9,1.886793851852417,0.04262542724609375
ctx,1,1,262144,65536,4096,0,,,10000000,3816139,38.2,1.7195258140563965,0.04318714141845703
ctx,1,1,262144,65536,4096,0,True,,10000000,3787741,37.9,1.9386358261108398,0.043701171875
ctx,1,1,262144,65536,16384,10,,,10000000,3972503,39.7,1.4510555267333984,0.044489383697509766
ctx,1,1,262144,65536,16384,10,True,,10000000,3962892,39.6,1.4979779720306396,0.0445103645324707
ctx,1,1,262144,65536,16384,1000,,,10000000,3816150,38.2,1.6964836120605469,0.04130101203918457
ctx,1,1,262144,65536,16384,1000,True,,10000000,3787743,37.9,1.8474533557891846,0.04124188423156738
ctx,1,1,262144,65536,16384,0,,,10000000,3816139,38.2,1.6966266632080078,0.04011058807373047
ctx,1,1,262144,65536,16384,0,True,,10000000,3787741,37.9,1.8983979225158691,0.042435646057128906
ctx,1,1,262144,65536,65536,10,,,10000000,3972503,39.7,1.472334623336792,0.044657230377197266
ctx,1,1,262144,65536,65536,10,True,,10000000,3962892,39.6,1.5198309421539307,0.04409193992614746
ctx,1,1,262144,65536,65536,1000,,,10000000,3816150,38.2,1.7045423984527588,0.04360485076904297
ctx,1,1,262144,65536,65536,1000,True,,10000000,3787743,37.9,1.9042725563049316,0.04039597511291504
ctx,1,1,262144,65536,65536,0,,,10000000,3816139,38.2,1.6855449676513672,0.041174888610839844
ctx,1,1,262144,65536,65536,0,True,,10000000,3787741,37.9,1.865222692489624,0.04052472114562988
ctx,1,1,262144,65536,262144,10,,,10000000,3972503,39.7,1.4563992023468018,0.04244256019592285
ctx,1,1,262144,65536,262144,10,True,,10000000,3962892,39.6,1.4539101123809814,0.04506278038024902
ctx,1,1,262144,65536,262144,1000,,,10000000,3816150,38.2,1.6943070888519287,0.04098796844482422
ctx,1,1,262144,65536,262144,1000,True,,10000000,3787743,37.9,1.914729118347168,0.04256701469421387
ctx,1,1,262144,65536,262144,0,,,10000000,3816139,38.2,1.696748971939087,0.04260563850402832
ctx,1,1,262144,65536,262144,0,True,,10000000,3787741,37.9,1.9079935550689697,0.04237103462219238
ctx,1,1,262144,262144,4096,10,,,10000000,3938368,39.4,1.457442045211792,0.04395318031311035
ctx,1,1,262144,262144,4096,10,True,,10000000,3930885,39.3,1.4946472644805908,0.04303574562072754
ctx,1,1,262144,262144,4096,1000,,,10000000,3744431,37.4,1.9918968677520752,0.03811454772949219
ctx,1,1,262144,262144,4096,1000,True,,10000000,3712575,37.1,2.3851048946380615,0.04161357879638672
ctx,1,1,262144,262144,4096,0,,,10000000,3743599,37.4,2.0383780002593994,0.03886914253234863
ctx,1,1,262144,262144,4096,0,True,,10000000,3711576,37.1,2.5369224548339844,0.04033184051513672
ctx,1,1,262144,262144,16384,10,,,10000000,3938368,39.4,1.479480266571045,0.043116092681884766
ctx,1,1,262144,262144,16384,10,True,,10000000,3930885,39.3,1.4570472240447998,0.04352307319641113
ctx,1,1,262144,262144,16384,1000,,,10000000,3744431,37.4,1.9918558597564697,0.04067111015319824
ctx,1,1,262144,262144,16384,1000,True,,10000000,3712575,37.1,2.3913257122039795,0.03987836837768555
ctx,1,1,262144,262144,16384,0,,,10000000,3743599,37.4,2.0416016578674316,0.0396573543548584
ctx,1,1,262144,262144,16384,0,True,,10000000,3711576,37.1,2.482081890106201,0.039926767349243164
ctx,1,1,262144,262144,65536,10,,,10000000,3938368,39.4,1.4415528774261475,0.04379916191101074
ctx,1,1,262144,262144,65536,10,True,,10000000,3930885,39.3,1.4756731986999512,0.043955087661743164
ctx,1,1,262144,262144,65536,1000,,,10000000,3744431,37.4,2.028054714202881,0.04011797904968262
ctx,1,1,262144,262144,65536,1000,True,,10000000,3712575,37.1,2.448807716369629,0.039221763610839844
ctx,1,1,262144,262144,65536,0,,,10000000,3743599,37.4,2.045370101928711,0.038826942443847656
ctx,1,1,262144,262144,65536,0,True,,10000000,3711576,37.1,2.486482858657837,0.0411379337310791
ctx,1,1,262144,262144,262144,10,,,10000000,3938368,39.4,1.4773871898651123,0.044135093688964844
ctx,1,1,262144,262144,262144,10,True,,10000000,3930885,39.3,1.503295660018921,0.04325580596923828
ctx,1,1,262144,262144,262144,1000,,,10000000,3744431,37.4,2.024414300918579,0.03644847869873047
ctx,1,1,262144,262144,262144,1000,True,,10000000,3712575,37.1,2.4882593154907227,0.03973054885864258
ctx,1,1,262144,262144,262144,0,,,10000000,3743599,37.4,2.02492356300354,0.03909659385681152
ctx,1,1,262144,262144,262144,0,True,,10000000,3711576,37.1,2.538053274154663,0.040636539459228516
ctx,1,1,1048576,4096,4096,10,,,10000000,4638238,46.4,0.4757370948791504,0.060448646545410156
ctx,1,1,1048576,4096,4096,10,True,,10000000,4617464,46.2,0.48788022994995117,0.06047797203063965
ctx,1,1,1048576,4096,4096,1000,,,10000000,4604320,46.0,0.47403812408447266,0.05873394012451172
ctx,1,1,1048576,4096,4096,1000,True,,10000000,4582007,45.8,0.49500584602355957,0.06091165542602539
ctx,1,1,1048576,4096,4096,0,,,10000000,4604320,46.0,0.48230910301208496,0.0591435432434082
ctx,1,1,1048576,4096,4096,0,True,,10000000,4582007,45.8,0.5098574161529541,0.060125112533569336
ctx,1,1,1048576,4096,16384,10,,,10000000,4638238,46.4,0.49177026748657227,0.06062030792236328
ctx,1,1,1048576,4096,16384,10,True,,10000000,4617464,46.2,0.48426342010498047,0.06192731857299805
ctx,1,1,1048576,4096,16384,1000,,,10000000,4604320,46.0,0.4775245189666748,0.058431148529052734
ctx,1,1,1048576,4096,16384,1000,True,,10000000,4582007,45.8,0.5174930095672607,0.05911540985107422
ctx,1,1,1048576,4096,16384,0,,,10000000,4604320,46.0,0.48107099533081055,0.05920982360839844
ctx,1,1,1048576,4096,16384,0,True,,10000000,4582007,45.8,0.49588966369628906,0.06092214584350586
ctx,1,1,1048576,4096,65536,10,,,10000000,4638238,46.4,0.48348021507263184,0.059072256088256836
ctx,1,1,1048576,4096,65536,10,True,,10000000,4617464,46.2,0.4907693862915039,0.061685800552368164
ctx,1,1,1048576,4096,65536,1000,,,10000000,4604320,46.0,0.4777960777282715,0.0588078498840332
ctx,1,1,1048576,4096,65536,1000,True,,10000000,4582007,45.8,0.49413561820983887,0.05964803695678711
ctx,1,1,1048576,4096,65536,0,,,10000000,4604320,46.0,0.46012258529663086,0.05835986137390137
ctx,1,1,1048576,4096,65536,0,True,,10000000,4582007,45.8,0.495408296585083,0.06029653549194336
ctx,1,1,1048576,4096,262144,10,,,10000000,4638238,46.4,0.46906185150146484,0.058969736099243164
ctx,1,1,1048576,4096,262144,10,True,,10000000,4617464,46.2,0.4766576290130615,0.0600430965423584
ctx,1,1,1048576,4096,262144,1000,,,10000000,4604320,46.0,0.4832763671875,0.05894970893859863
ctx,1,1,1048576,4096,262144,1000,True,,10000000,4582007,45.8,0.5053327083587646,0.05972027778625488
ctx,1,1,1048576,4096,262144,0,,,10000000,4604320,46.0,0.47418665885925293,0.059595346450805664
ctx,1,1,1048576,4096,262144,0,True,,10000000,4582007,45.8,0.4939408302307129,0.05963921546936035
ctx,1,1,1048576,4096,1048576,10,,,10000000,4638238,46.4,0.45928120613098145,0.05863213539123535
ctx,1,1,1048576,4096,1048576,10,True,,10000000,4617464,46.2,0.49236536026000977,0.061563968658447266
ctx,1,1,1048576,4096,1048576,1000,,,10000000,4604320,46.0,0.467357873916626,0.06152033805847168
ctx,1,1,1048576,4096,1048576,1000,True,,10000000,4582007,45.8,0.4950690269470215,0.059822797775268555
ctx,1,1,1048576,4096,1048576,0,,,10000000,4604320,46.0,0.45328474044799805,0.059393882751464844
ctx,1,1,1048576,4096,1048576,0,True,,10000000,4582007,45.8,0.5009026527404785,0.06073427200317383
ctx,1,1,1048576,16384,4096,10,,,10000000,4134543,41.3,0.4331974983215332,0.05108308792114258
ctx,1,1,1048576,16384,4096,10,True,,10000000,4119936,41.2,0.46358203887939453,0.05012345314025879
ctx,1,1,1048576,16384,4096,1000,,,10000000,4046746,40.5,0.49416685104370117,0.04900765419006348
ctx,1,1,1048576,16384,4096,1000,True,,10000000,4023917,40.2,0.563244104385376,0.04934501647949219
ctx,1,1,1048576,16384,4096,0,,,10000000,4046740,40.5,0.5054457187652588,0.050109148025512695
ctx,1,1,1048576,16384,4096,0,True,,10000000,4023915,40.2,0.5715053081512451,0.05029463768005371
ctx,1,1,1048576,16384,16384,10,,,10000000,4134543,41.3,0.4533994197845459,0.04960274696350098
ctx,1,1,1048576,16384,16384,10,True,,10000000,4119936,41.2,0.4855518341064453,0.05026698112487793
ctx,1,1,1048576,16384,16384,1000,,,10000000,4046746,40.5,0.5062558650970459,0.05041956901550293
ctx,1,1,1048576,16384,16384,1000,True,,10000000,4023917,40.2,0.5697481632232666,0.049813270568847656
ctx,1,1,1048576,16384,16384,0,,,10000000,4046740,40.5,0.5037784576416016,0.048963069915771484
ctx,1,1,1048576,16384,16384,0,True,,10000000,4023915,40.2,0.5640256404876709,0.04826211929321289
ctx,1,1,1048576,16384,65536,10,,,10000000,4134543,41.3,0.42972731590270996,0.049947261810302734
ctx,1,1,1048576,16384,65536,10,True,,10000000,4119936,41.2,0.4538235664367676,0.05072331428527832
ctx,1,1,1048576,16384,65536,1000,,,10000000,4046746,40.5,0.4978647232055664,0.050217628479003906
ctx,1,1,1048576,16384,65536,1000,True,,10000000,4023917,40.2,0.5612218379974365,0.048581838607788086
ctx,1,1,1048576,16384,65536,0,,,10000000,4046740,40.5,0.4873380661010742,0.04949140548706055
ctx,1,1,1048576,16384,65536,0,True,,10000000,4023915,40.2,0.5765211582183838,0.04879951477050781
ctx,1,1,1048576,16384,262144,10,,,10000000,4134543,41.3,0.44847941398620605,0.04938673973083496
ctx,1,1,1048576,16384,262144,10,True,,10000000,4119936,41.2,0.4858696460723877,0.05138397216796875
ctx,1,1,1048576,16384,262144,1000,,,10000000,4046746,40.5,0.5197956562042236,0.04959583282470703
ctx,1,1,1048576,16384,262144,1000,True,,10000000,4023917,40.2,0.587864875793457,0.05041646957397461
ctx,1,1,1048576,16384,262144,0,,,10000000,4046740,40.5,0.5284082889556885,0.0487673282623291
ctx,1,1,1048576,16384,262144,0,True,,10000000,4023915,40.2,0.5891356468200684,0.049367427825927734
ctx,1,1,1048576,16384,1048576,10,,,10000000,4134543,41.3,0.4492807388305664,0.051241159439086914
ctx,1,1,1048576,16384,1048576,10,True,,10000000,4119936,41.2,0.4943532943725586,0.05128788948059082
ctx,1,1,1048576,16384,1048576,1000,,,10000000,4046746,40.5,0.5160431861877441,0.047576189041137695
ctx,1,1,1048576,16384,1048576,1000,True,,10000000,4023917,40.2,0.5681672096252441,0.05161261558532715
ctx,1,1,1048576,16384,1048576,0,,,10000000,4046740,40.5,0.51920485496521,0.05096888542175293
ctx,1,1,1048576,16384,1048576,0,True,,10000000,4023915,40.2,0.5789377689361572,0.04865455627441406
ctx,1,1,1048576,65536,4096,10,,,10000000,3908422,39.1,0.4685835838317871,0.04709672927856445
ctx,1,1,1048576,65536,4096,10,True,,10000000,3901729,39.0,0.4567146301269531,0.048276662826538086
ctx,1,1,1048576,65536,4096,1000,,,10000000,3732344,37.3,0.6907393932342529,0.044313669204711914
ctx,1,1,1048576,65536,4096,1000,True,,10000000,3706162,37.1,0.901423454284668,0.04314541816711426
ctx,1,1,1048576,65536,4096,0,,,10000000,3732328,37.3,0.6967418193817139,0.042016029357910156
ctx,1,1,1048576,65536,4096,0,True,,10000000,3706149,37.1,0.9052257537841797,0.04373311996459961
ctx,1,1,1048576,65536,16384,10,,,10000000,3908422,39.1,0.45232415199279785,0.046657562255859375
ctx,1,1,1048576,65536,16384,10,True,,10000000,3901729,39.0,0.46032214164733887,0.04832601547241211
ctx,1,1,1048576,65536,16384,1000,,,10000000,3732344,37.3,0.7107789516448975,0.043726205825805664
ctx,1,1,1048576,65536,16384,1000,True,,10000000,3706162,37.1,0.9131982326507568,0.0443115234375
ctx,1,1,1048576,65536,16384,0,,,10000000,3732328,37.3,0.687067985534668,0.042284488677978516
ctx,1,1,1048576,65536,16384,0,True,,10000000,3706149,37.1,0.9001026153564453,0.044189453125
ctx,1,1,1048576,65536,65536,10,,,10000000,3908422,39.1,0.4422338008880615,0.04468584060668945
ctx,1,1,1048576,65536,65536,10,True,,10000000,3901729,39.0,0.4740450382232666,0.04619598388671875
ctx,1,1,1048576,65536,65536,1000,,,10000000,3732344,37.3,0.7002804279327393,0.04245615005493164
ctx,1,1,1048576,65536,65536,1000,True,,10000000,3706162,37.1,0.9094047546386719,0.043259620666503906
ctx,1,1,1048576,65536,65536,0,,,10000000,3732328,37.3,0.6872782707214355,0.04220747947692871
ctx,1,1,1048576,65536,65536,0,True,,10000000,3706149,37.1,0.9139909744262695,0.04505610466003418
ctx,1,1,1048576,65536,262144,10,,,10000000,3908422,39.1,0.47039127349853516,0.04557681083679199
ctx,1,1,1048576,65536,262144,10,True,,10000000,3901729,39.0,0.4650847911834717,0.04746103286743164
ctx,1,1,1048576,65536,262144,1000,,,10000000,3732344,37.3,0.7043569087982178,0.04342293739318848
ctx,1,1,1048576,65536,262144,1000,True,,10000000,3706162,37.1,0.9264626502990723,0.043168067932128906
ctx,1,1,1048576,65536,262144,0,,,10000000,3732328,37.3,0.7184066772460938,0.0428919792175293
ctx,1,1,1048576,65536,262144,0,True,,10000000,3706149,37.1,0.9303662776947021,0.04372596740722656
ctx,1,1,1048576,65536,1048576,10,,,10000000,3908422,39.1,0.47279858589172363,0.04561781883239746
ctx,1,1,1048576,65536,1048576,10,True,,10000000,3901729,39.0,0.4847993850708008,0.044925689697265625
ctx,1,1,1048576,65536,1048576,1000,,,10000000,3732344,37.3,0.7143986225128174,0.0439000129699707
ctx,1,1,1048576,65536,1048576,1000,True,,10000000,3706162,37.1,0.9178688526153564,0.04366421699523926
ctx,1,1,1048576,65536,1048576,0,,,10000000,3732328,37.3,0.7188241481781006,0.04247331619262695
ctx,1,1,1048576,65536,1048576,0,True,,10000000,3706149,37.1,0.9188013076782227,0.042461395263671875
ctx,1,1,1048576,262144,4096,10,,,10000000,3834260,38.3,0.4616572856903076,0.04566526412963867
ctx,1,1,1048576,262144,4096,10,True,,10000000,3834406,38.3,0.48769664764404297,0.046434879302978516
ctx,1,1,1048576,262144,4096,1000,,,10000000,3555112,35.6,1.452803611755371,0.040735721588134766
ctx,1,1,1048576,262144,4096,1000,True,,10000000,3527221,35.3,2.222259283065796,0.04124283790588379
ctx,1,1,1048576,262144,4096,0,,,10000000,3551696,35.5,1.6510035991668701,0.03979849815368652
ctx,1,1,1048576,262144,4096,0,True,,10000000,3523393,35.2,2.525150775909424,0.04107213020324707
ctx,1,1,1048576,262144,16384,10,,,10000000,3834260,38.3,0.47020673751831055,0.04680800437927246
ctx,1,1,1048576,262144,16384,10,True,,10000000,3834406,38.3,0.4802403450012207,0.04508829116821289
ctx,1,1,1048576,262144,16384,1000,,,10000000,3555112,35.6,1.4674267768859863,0.04066205024719238
ctx,1,1,1048576,262144,16384,1000,True,,10000000,3527221,35.3,2.2331252098083496,0.04058241844177246
ctx,1,1,1048576,262144,16384,0,,,10000000,3551696,35.5,1.6382567882537842,0.040902137756347656
ctx,1,1,1048576,262144,16384,0,True,,10000000,3523393,35.2,2.536808490753174,0.04021143913269043
ctx,1,1,1048576,262144,65536,10,,,10000000,3834260,38.3,0.4785184860229492,0.04544234275817871
ctx,1,1,1048576,262144,65536,10,True,,10000000,3834406,38.3,0.5000851154327393,0.04613661766052246
ctx,1,1,1048576,262144,65536,1000,,,10000000,3555112,35.6,1.452223777770996,0.03754162788391113
ctx,1,1,1048576,262144,65536,1000,True,,10000000,3527221,35.3,2.2131247520446777,0.0404360294342041
ctx,1,1,1048576,262144,65536,0,,,10000000,3551696,35.5,1.631235122680664,0.039075374603271484
ctx,1,1,1048576,262144,65536,0,True,,10000000,3523393,35.2,2.5252063274383545,0.04001426696777344
ctx,1,1,1048576,262144,262144,10,,,10000000,3834260,38.3,0.4608268737792969,0.045319557189941406
ctx,1,1,1048576,262144,262144,10,True,,10000000,3834406,38.3,0.47832584381103516,0.045946598052978516
ctx,1,1,1048576,262144,262144,1000,,,10000000,3555112,35.6,1.4653122425079346,0.039519309997558594
ctx,1,1,1048576,262144,262144,1000,True,,10000000,3527221,35.3,2.2344820499420166,0.04155325889587402
ctx,1,1,1048576,262144,262144,0,,,10000000,3551696,35.5,1.6493723392486572,0.03916168212890625
ctx,1,1,1048576,262144,262144,0,True,,10000000,3523393,35.2,2.531802177429199,0.04064679145812988
ctx,1,1,1048576,262144,1048576,10,,,10000000,3834260,38.3,0.47409677505493164,0.04398226737976074
ctx,1,1,1048576,262144,1048576,10,True,,10000000,3834406,38.3,0.47194814682006836,0.04546189308166504
ctx,1,1,1048576,262144,1048576,1000,,,10000000,3555112,35.6,1.4428014755249023,0.040891170501708984
ctx,1,1,1048576,262144,1048576,1000,True,,10000000,3527221,35.3,2.2330543994903564,0.04172801971435547
ctx,1,1,1048576,262144,1048576,0,,,10000000,3551696,35.5,1.6198821067810059,0.03794050216674805
ctx,1,1,1048576,262144,1048576,0,True,,10000000,3523393,35.2,2.5494608879089355,0.04103422164916992
ctx,1,1,1048576,1048576,4096,10,,,10000000,3820085,38.2,0.47734785079956055,0.04437589645385742
ctx,1,1,1048576,1048576,4096,10,True,,10000000,3823108,38.2,0.49867868423461914,0.04692792892456055
ctx,1,1,1048576,1048576,4096,1000,,,10000000,3504430,35.0,2.68609881401062,0.03878903388977051
ctx,1,1,1048576,1048576,4096,1000,True,,10000000,3478254,34.8,4.320823431015015,0.03918147087097168
ctx,1,1,1048576,1048576,4096,0,,,10000000,3495502,35.0,4.303234338760376,0.03869748115539551
ctx,1,1,1048576,1048576,4096,0,True,,10000000,3467412,34.7,7.021340608596802,0.03983926773071289
ctx,1,1,1048576,1048576,16384,10,,,10000000,3820085,38.2,0.47547340393066406,0.04453563690185547
ctx,1,1,1048576,1048576,16384,10,True,,10000000,3823108,38.2,0.4883744716644287,0.046952009201049805
ctx,1,1,1048576,1048576,16384,1000,,,10000000,3504430,35.0,2.6639699935913086,0.03720664978027344
ctx,1,1,1048576,1048576,16384,1000,True,,10000000,3478254,34.8,4.301366806030273,0.04016613960266113
ctx,1,1,1048576,1048576,16384,0,,,10000000,3495502,35.0,4.262135744094849,0.03655433654785156
ctx,1,1,1048576,1048576,16384,0,True,,10000000,3467412,34.7,7.032907962799072,0.03939342498779297
ctx,1,1,1048576,1048576,65536,10,,,10000000,3820085,38.2,0.47707533836364746,0.044344186782836914
ctx,1,1,1048576,1048576,65536,10,True,,10000000,3823108,38.2,0.49411845207214355,0.044222354888916016
ctx,1,1,1048576,1048576,65536,1000,,,10000000,3504430,35.0,2.6800644397735596,0.038889408111572266
ctx,1,1,1048576,1048576,65536,1000,True,,10000000,3478254,34.8,4.290733098983765,0.04047822952270508
ctx,1,1,1048576,1048576,65536,0,,,10000000,3495502,35.0,4.259497404098511,0.03920912742614746
ctx,1,1,1048576,1048576,65536,0,True,,10000000,3467412,34.7,7.0394041538238525,0.039185285568237305
ctx,1,1,1048576,1048576,262144,10,,,10000000,3820085,38.2,0.47097349166870117,0.0423884391784668
ctx,1,1,1048576,1048576,262144,10,True,,10000000,3823108,38.2,0.4817311763763428,0.04566168785095215
ctx,1,1,1048576,1048576,262144,1000,,,10000000,3504430,35.0,2.7097082138061523,0.03883194923400879
ctx,1,1,1048576,1048576,262144,1000,True,,10000000,3478254,34.8,4.356589078903198,0.03910231590270996
ctx,1,1,1048576,1048576,262144,0,,,10000000,3495502,35.0,4.266935110092163,0.03711438179016113
ctx,1,1,1048576,1048576,262144,0,True,,10000000,3467412,34.7,6.983743906021118,0.039446115493774414
ctx,1,1,1048576,1048576,1048576,10,,,10000000,3820085,38.2,0.48903465270996094,0.04307961463928223
ctx,1,1,1048576,1048576,1048576,10,True,,10000000,3823108,38.2,0.4897196292877197,0.04517650604248047
ctx,1,1,1048576,1048576,1048576,1000,,,10000000,3504430,35.0,2.6819941997528076,0.0385892391204834
ctx,1,1,1048576,1048576,1048576,1000,True,,10000000,3478254,34.8,4.322748422622681,0.03860116004943848
ctx,1,1,1048576,1048576,1048576,0,,,10000000,3495502,35.0,4.278321743011475,0.038488149642944336
ctx,1,1,1048576,1048576,1048576,0,True,,10000000,3467412,34.7,7.044705390930176,0.039694786071777344
ctx,1,1,16384,4096,4096,10,,True,10000000,4848388,48.5,21.423826217651367,0.059014320373535156
ctx,1,1,16384,4096,4096,1000,,True,10000000,4819342,48.2,21.12355351448059,0.05788159370422363
ctx,1,1,16384,4096,4096,0,,True,10000000,4819342,48.2,21.446783304214478,0.05753588676452637
ctx,1,1,16384,4096,16384,10,,True,10000000,4848388,48.5,21.58405828475952,0.056441545486450195
ctx,1,1,16384,4096,16384,1000,,True,10000000,4819342,48.2,21.667120218276978,0.0566866397857666
ctx,1,1,16384,4096,16384,0,,True,10000000,4819342,48.2,22.17570424079895,0.05615496635437012
ctx,1,1,16384,16384,4096,10,,True,10000000,4618162,46.2,21.77470302581787,0.0569765567779541
ctx,1,1,16384,16384,4096,1000,,True,10000000,4569553,45.7,21.825167179107666,0.05441761016845703
ctx,1,1,16384,16384,4096,0,,True,10000000,4569553,45.7,21.661861658096313,0.05281853675842285
ctx,1,1,16384,16384,16384,10,,True,10000000,4618162,46.2,21.460047006607056,0.05693507194519043
ctx,1,1,16384,16384,16384,1000,,True,10000000,4569553,45.7,21.864179849624634,0.05431818962097168
ctx,1,1,16384,16384,16384,0,,True,10000000,4569553,45.7,21.826591730117798,0.05566692352294922
ctx,1,1,65536,4096,4096,10,,True,10000000,4658305,46.6,5.743233680725098,0.05400562286376953
ctx,1,1,65536,4096,4096,1000,,True,10000000,4625383,46.3,6.066742897033691,0.05400490760803223
ctx,1,1,65536,4096,4096,0,,True,10000000,4625383,46.3,5.915173530578613,0.05414390563964844
ctx,1,1,65536,4096,16384,10,,True,10000000,4658305,46.6,5.690818786621094,0.056372880935668945
ctx,1,1,65536,4096,16384,1000,,True,10000000,4625383,46.3,5.969995498657227,0.05305361747741699
ctx,1,1,65536,4096,16384,0,,True,10000000,4625383,46.3,6.006113767623901,0.054856061935424805
ctx,1,1,65536,4096,65536,10,,True,10000000,4658305,46.6,5.806386470794678,0.05375099182128906
ctx,1,1,65536,4096,65536,1000,,True,10000000,4625383,46.3,6.17493748664856,0.05583071708679199
ctx,1,1,65536,4096,65536,0,,True,10000000,4625383,46.3,6.234756708145142,0.05582237243652344
ctx,1,1,65536,16384,4096,10,,True,10000000,4200096,42.0,6.003758668899536,0.049192190170288086
ctx,1,1,65536,16384,4096,1000,,True,10000000,4119224,41.2,6.765309572219849,0.049536943435668945
ctx,1,1,65536,16384,4096,0,,True,10000000,4119222,41.2,6.84299635887146,0.048888444900512695
ctx,1,1,65536,16384,16384,10,,True,10000000,4200096,42.0,5.826843738555908,0.0482640266418457
ctx,1,1,65536,16384,16384,1000,,True,10000000,4119224,41.2,6.509744882583618,0.04822683334350586
ctx,1,1,65536,16384,16384,0,,True,10000000,4119222,41.2,6.621182918548584,0.04781365394592285
ctx,1,1,65536,16384,65536,10,,True,10000000,4200096,42.0,5.760467052459717,0.0482940673828125
ctx,1,1,65536,16384,65536,1000,,True,10000000,4119224,41.2,6.545054912567139,0.04846763610839844
ctx,1,1,65536,16384,65536,0,,True,10000000,4119222,41.2,6.678132772445679,0.04881715774536133
ctx,1,1,65536,65536,4096,10,,True,10000000,4090239,40.9,5.944315433502197,0.04572653770446777
ctx,1,1,65536,65536,4096,1000,,True,10000000,3974461,39.7,7.673351049423218,0.046634674072265625
ctx,1,1,65536,65536,4096,0,,True,10000000,3974460,39.7,7.674458026885986,0.045679330825805664
ctx,1,1,65536,65536,16384,10,,True,10000000,4090239,40.9,5.802510976791382,0.04504108428955078
ctx,1,1,65536,65536,16384,1000,,True,10000000,3974461,39.7,7.717429876327515,0.046675920486450195
ctx,1,1,65536,65536,16384,0,,True,10000000,3974460,39.7,7.8534018993377686,0.04624176025390625
ctx,1,1,65536,65536,65536,10,,True,10000000,4090239,40.9,6.070458889007568,0.04728984832763672
ctx,1,1,65536,65536,65536,1000,,True,10000000,3974461,39.7,7.941293239593506,0.04612088203430176
ctx,1,1,65536,65536,65536,0,,True,10000000,3974460,39.7,7.851685523986816,0.046689748764038086
ctx,1,1,262144,4096,4096,10,,True,10000000,4609192,46.1,1.9570870399475098,0.05526852607727051
ctx,1,1,262144,4096,4096,1000,,True,10000000,4575214,45.8,2.155069351196289,0.053933143615722656
ctx,1,1,262144,4096,4096,0,,True,10000000,4575214,45.8,2.1748392581939697,0.05463147163391113
ctx,1,1,262144,4096,16384,10,,True,10000000,4609192,46.1,1.9401860237121582,0.055567026138305664
ctx,1,1,262144,4096,16384,1000,,True,10000000,4575214,45.8,2.1595351696014404,0.054453372955322266
ctx,1,1,262144,4096,16384,0,,True,10000000,4575214,45.8,2.140986919403076,0.053862810134887695
ctx,1,1,262144,4096,65536,10,,True,10000000,4609192,46.1,1.9363505840301514,0.05539989471435547
ctx,1,1,262144,4096,65536,1000,,True,10000000,4575214,45.8,2.1256866455078125,0.05532979965209961
ctx,1,1,262144,4096,65536,0,,True,10000000,4575214,45.8,2.114067554473877,0.05198979377746582
ctx,1,1,262144,4096,262144,10,,True,10000000,4609192,46.1,1.959120512008667,0.05574345588684082
ctx,1,1,262144,4096,262144,1000,,True,10000000,4575214,45.8,2.166524648666382,0.05374550819396973
ctx,1,1,262144,4096,262144,0,,True,10000000,4575214,45.8,2.1763553619384766,0.05436992645263672
ctx,1,1,262144,16384,4096,10,,True,10000000,4086622,40.9,2.0776052474975586,0.0472872257232666
ctx,1,1,262144,16384,4096,1000,,True,10000000,3996726,40.0,2.950246810913086,0.049024105072021484
ctx,1,1,262144,16384,4096,0,,True,10000000,3996723,40.0,2.9470314979553223,0.04663705825805664
ctx,1,1,262144,16384,16384,10,,True,10000000,4086622,40.9,2.0870518684387207,0.047507524490356445
ctx,1,1,262144,16384,16384,1000,,True,10000000,3996726,40.0,3.0344185829162598,0.046942710876464844
ctx,1,1,262144,16384,16384,0,,True,10000000,3996723,40.0,3.0659565925598145,0.04739642143249512
ctx,1,1,262144,16384,65536,10,,True,10000000,4086622,40.9,2.107287883758545,0.05016660690307617
ctx,1,1,262144,16384,65536,1000,,True,10000000,3996726,40.0,2.960663080215454,0.04653191566467285
ctx,1,1,262144,16384,65536,0,,True,10000000,3996723,40.0,2.9500932693481445,0.04707217216491699
ctx,1,1,262144,16384,262144,10,,True,10000000,4086622,40.9,2.1003615856170654,0.04834270477294922
ctx,1,1,262144,16384,262144,1000,,True,10000000,3996726,40.0,2.9708075523376465,0.04727649688720703
ctx,1,1,262144,16384,262144,0,,True,10000000,3996723,40.0,2.9500551223754883,0.04716181755065918
ctx,1,1,262144,65536,4096,10,,True,10000000,3874055,38.7,2.1989712715148926,0.04442906379699707
ctx,1,1,262144,65536,4096,1000,,True,10000000,3701351,37.0,5.2711358070373535,0.043166399002075195
ctx,1,1,262144,65536,4096,0,,True,10000000,3701340,37.0,5.311439037322998,0.043480873107910156
ctx,1,1,262144,65536,16384,10,,True,10000000,3874055,38.7,2.2377891540527344,0.047379255294799805
ctx,1,1,262144,65536,16384,1000,,True,10000000,3701351,37.0,5.266556739807129,0.043053627014160156
ctx,1,1,262144,65536,16384,0,,True,10000000,3701340,37.0,5.259130001068115,0.042551279067993164
ctx,1,1,262144,65536,65536,10,,True,10000000,3874055,38.7,2.202483654022217,0.04365086555480957
ctx,1,1,262144,65536,65536,1000,,True,10000000,3701351,37.0,5.360759735107422,0.041555166244506836
ctx,1,1,262144,65536,65536,0,,True,10000000,3701340,37.0,5.27113151550293,0.0433955192565918
ctx,1,1,262144,65536,262144,10,,True,10000000,3874055,38.7,2.1864616870880127,0.04389762878417969
ctx,1,1,262144,65536,262144,1000,,True,10000000,3701351,37.0,5.298753023147583,0.04220151901245117
ctx,1,1,262144,65536,262144,0,,True,10000000,3701340,37.0,5.279303073883057,0.04523515701293945
ctx,1,1,262144,262144,4096,10,,True,10000000,3816740,38.2,2.222607135772705,0.04488062858581543
ctx,1,1,262144,262144,4096,1000,,True,10000000,3588731,35.9,9.214247703552246,0.04189896583557129
ctx,1,1,262144,262144,4096,0,,True,10000000,3587826,35.9,9.89990758895874,0.04000401496887207
ctx,1,1,262144,262144,16384,10,,True,10000000,3816740,38.2,2.2365243434906006,0.04443025588989258
ctx,1,1,262144,262144,16384,1000,,True,10000000,3588731,35.9,8.997228384017944,0.041489601135253906
ctx,1,1,262144,262144,16384,0,,True,10000000,3587826,35.9,9.898342609405518,0.04149365425109863
ctx,1,1,262144,262144,65536,10,,True,10000000,3816740,38.2,2.2045352458953857,0.04489850997924805
ctx,1,1,262144,262144,65536,1000,,True,10000000,3588731,35.9,9.062914371490479,0.042669057846069336
ctx,1,1,262144,262144,65536,0,,True,10000000,3587826,35.9,9.869588851928711,0.041584014892578125
ctx,1,1,262144,262144,262144,10,,True,10000000,3816740,38.2,2.188807249069214,0.04362344741821289
ctx,1,1,262144,262144,262144,1000,,True,10000000,3588731,35.9,9.014866352081299,0.04137158393859863
ctx,1,1,262144,262144,262144,0,,True,10000000,3587826,35.9,9.981551170349121,0.040743350982666016
ctx,1,1,1048576,4096,4096,10,,True,10000000,4597181,46.0,0.9564332962036133,0.0605013370513916
ctx,1,1,1048576,4096,4096,1000,,True,10000000,4562881,45.6,1.2028322219848633,0.061241865158081055
ctx,1,1,1048576,4096,4096,0,,True,10000000,4562881,45.6,1.1803913116455078,0.06120014190673828
ctx,1,1,1048576,4096,16384,10,,True,10000000,4597181,46.0,0.9788336753845215,0.06208682060241699
ctx,1,1,1048576,4096,16384,1000,,True,10000000,4562881,45.6,1.1961009502410889,0.058577537536621094
ctx,1,1,1048576,4096,16384,0,,True,10000000,4562881,45.6,1.1454026699066162,0.0654292106628418
ctx,1,1,1048576,4096,65536,10,,True,10000000,4597181,46.0,0.9411275386810303,0.0592501163482666
ctx,1,1,1048576,4096,65536,1000,,True,10000000,4562881,45.6,1.1766502857208252,0.06039118766784668
ctx,1,1,1048576,4096,65536,0,,True,10000000,4562881,45.6,1.2168543338775635,0.06040167808532715
ctx,1,1,1048576,4096,262144,10,,True,10000000,4597181,46.0,0.9992890357971191,0.059628963470458984
ctx,1,1,1048576,4096,262144,1000,,True,10000000,4562881,45.6,1.2021832466125488,0.0614316463470459
ctx,1,1,1048576,4096,262144,0,,True,10000000,4562881,45.6,1.1938016414642334,0.06050753593444824
ctx,1,1,1048576,4096,1048576,10,,True,10000000,4597181,46.0,0.9778761863708496,0.061757564544677734
ctx,1,1,1048576,4096,1048576,1000,,True,10000000,4562881,45.6,1.2114994525909424,0.05989408493041992
ctx,1,1,1048576,4096,1048576,0,,True,10000000,4562881,45.6,1.173478603363037,0.06059741973876953
ctx,1,1,1048576,16384,4096,10,,True,10000000,4056914,40.6,1.0811619758605957,0.05131101608276367
ctx,1,1,1048576,16384,4096,1000,,True,10000000,3964392,39.6,2.00913405418396,0.05073261260986328
ctx,1,1,1048576,16384,4096,0,,True,10000000,3964387,39.6,1.9836604595184326,0.05121803283691406
ctx,1,1,1048576,16384,16384,10,,True,10000000,4056914,40.6,1.073688268661499,0.05243492126464844
ctx,1,1,1048576,16384,16384,1000,,True,10000000,3964392,39.6,1.972080945968628,0.049210309982299805
ctx,1,1,1048576,16384,16384,0,,True,10000000,3964387,39.6,2.042091131210327,0.050401926040649414
ctx,1,1,1048576,16384,65536,10,,True,10000000,4056914,40.6,1.0710229873657227,0.05199837684631348
ctx,1,1,1048576,16384,65536,1000,,True,10000000,3964392,39.6,1.978154182434082,0.050142765045166016
ctx,1,1,1048576,16384,65536,0,,True,10000000,3964387,39.6,1.9710094928741455,0.05078530311584473
ctx,1,1,1048576,16384,262144,10,,True,10000000,4056914,40.6,1.0542209148406982,0.051004648208618164
ctx,1,1,1048576,16384,262144,1000,,True,10000000,3964392,39.6,1.9883315563201904,0.05255699157714844
ctx,1,1,1048576,16384,262144,0,,True,10000000,3964387,39.6,1.9573214054107666,0.05128669738769531
ctx,1,1,1048576,16384,1048576,10,,True,10000000,4056914,40.6,1.099372148513794,0.052785634994506836
ctx,1,1,1048576,16384,1048576,1000,,True,10000000,3964392,39.6,1.9443871974945068,0.051412105560302734
ctx,1,1,1048576,16384,1048576,0,,True,10000000,3964387,39.6,1.9739489555358887,0.050681114196777344
ctx,1,1,1048576,65536,4096,10,,True,10000000,3811868,38.1,1.1736831665039062,0.04640531539916992
ctx,1,1,1048576,65536,4096,1000,,True,10000000,3621823,36.2,4.650595664978027,0.043042659759521484
ctx,1,1,1048576,65536,4096,0,,True,10000000,3621810,36.2,4.6121344566345215,0.045041799545288086
ctx,1,1,1048576,65536,16384,10,,True,10000000,3811868,38.1,1.2093226909637451,0.04831051826477051
ctx,1,1,1048576,65536,16384,1000,,True,10000000,3621823,36.2,4.7306694984436035,0.04452633857727051
ctx,1,1,1048576,65536,16384,0,,True,10000000,3621810,36.2,4.728159427642822,0.04578900337219238
ctx,1,1,1048576,65536,65536,10,,True,10000000,3811868,38.1,1.1988422870635986,0.04792213439941406
ctx,1,1,1048576,65536,65536,1000,,True,10000000,3621823,36.2,4.74149489402771,0.04563498497009277
ctx,1,1,1048576,65536,65536,0,,True,10000000,3621810,36.2,4.691635608673096,0.045348405838012695
ctx,1,1,1048576,65536,262144,10,,True,10000000,3811868,38.1,1.184680700302124,0.047722578048706055
ctx,1,1,1048576,65536,262144,1000,,True,10000000,3621823,36.2,4.721445322036743,0.04403948783874512
ctx,1,1,1048576,65536,262144,0,,True,10000000,3621810,36.2,4.750049591064453,0.04480457305908203
ctx,1,1,1048576,65536,1048576,10,,True,10000000,3811868,38.1,1.2681312561035156,0.047930002212524414
ctx,1,1,1048576,65536,1048576,1000,,True,10000000,3621823,36.2,4.766200065612793,0.044646263122558594
ctx,1,1,1048576,65536,1048576,0,,True,10000000,3621810,36.2,4.785284519195557,0.04436850547790527
ctx,1,1,1048576,262144,4096,10,,True,10000000,3704520,37.0,1.2993454933166504,0.04733753204345703
ctx,1,1,1048576,262144,4096,1000,,True,10000000,3392452,33.9,13.153337240219116,0.04049062728881836
ctx,1,1,1048576,262144,4096,0,,True,10000000,3389503,33.9,15.699434280395508,0.042881011962890625
ctx,1,1,1048576,262144,16384,10,,True,10000000,3704520,37.0,1.313014030456543,0.047031402587890625
ctx,1,1,1048576,262144,16384,1000,,True,10000000,3392452,33.9,13.069461584091187,0.03889274597167969
ctx,1,1,1048576,262144,16384,0,,True,10000000,3389503,33.9,15.587822437286377,0.041930437088012695
ctx,1,1,1048576,262144,65536,10,,True,10000000,3704520,37.0,1.2734980583190918,0.04745936393737793
ctx,1,1,1048576,262144,65536,1000,,True,10000000,3392452,33.9,13.142444372177124,0.04166913032531738
ctx,1,1,1048576,262144,65536,0,,True,10000000,3389503,33.9,15.763684749603271,0.03865647315979004
ctx,1,1,1048576,262144,262144,10,,True,10000000,3704520,37.0,1.1518676280975342,0.0451045036315918
ctx,1,1,1048576,262144,262144,1000,,True,10000000,3392452,33.9,12.661428451538086,0.039934396743774414
ctx,1,1,1048576,262144,262144,0,,True,10000000,3389503,33.9,14.840226411819458,0.03726339340209961
ctx,1,1,1048576,262144,1048576,10,,True,10000000,3704520,37.0,1.134652853012085,0.046071767807006836
ctx,1,1,1048576,262144,1048576,1000,,True,10000000,3392452,33.9,12.487228155136108,0.03936481475830078
ctx,1,1,1048576,262144,1048576,0,,True,10000000,3389503,33.9,14.830702781677246,0.03713726997375488
ctx,1,1,1048576,1048576,4096,10,,True,10000000,3674424,36.7,1.1636865139007568,0.042999982833862305
ctx,1,1,1048576,1048576,4096,1000,,True,10000000,3307065,33.1,24.176109552383423,0.03614234924316406
ctx,1,1,1048576,1048576,4096,0,,True,10000000,3298414,33.0,44.69304585456848,0.0389559268951416
ctx,1,1,1048576,1048576,16384,10,,True,10000000,3674424,36.7,1.2768583297729492,0.04609799385070801
ctx,1,1,1048576,1048576,16384,1000,,True,10000000,3307065,33.1,25.334864139556885,0.04065513610839844
ctx,1,1,1048576,1048576,16384,0,,True,10000000,3298414,33.0,44.55718398094177,0.04019927978515625
ctx,1,1,1048576,1048576,65536,10,,True,10000000,3674424,36.7,1.3330998420715332,0.04714179039001465
ctx,1,1,1048576,1048576,65536,1000,,True,10000000,3307065,33.1,25.5429847240448,0.04094076156616211
ctx,1,1,1048576,1048576,65536,0,,True,10000000,3298414,33.0,44.652911901474,0.04038429260253906
ctx,1,1,1048576,1048576,262144,10,,True,10000000,3674424,36.7,1.2815580368041992,0.045737266540527344
ctx,1,1,1048576,1048576,262144,1000,,True,10000000,3307065,33.1,25.377187490463257,0.0411527156829834
ctx,1,1,1048576,1048576,262144,0,,True,10000000,3298414,33.0,44.503395557403564,0.03959202766418457
ctx,1,1,1048576,1048576,1048576,10,,True,10000000,3674424,36.7,1.3298728466033936,0.044127702713012695
ctx,1,1,1048576,1048576,1048576,1000,,True,10000000,3307065,33.1,25.55923581123352,0.039916276931762695
ctx,1,1,1048576,1048576,1048576,0,,True,10000000,3298414,33.0,44.60883712768555,0.04044818878173828
ctx,2,1,16384,4096,4096,10,,,10000000,4892610,48.9,11.71827745437622,0.05833101272583008
ctx,2,1,16384,4096,4096,10,True,,10000000,4869117,48.7,11.607556104660034,0.057266950607299805
ctx,2,1,16384,4096,4096,1000,,,10000000,4864360,48.6,11.640775442123413,0.05756115913391113
ctx,2,1,16384,4096,4096,1000,True,,10000000,4839283,48.4,11.406133890151978,0.05606532096862793
ctx,2,1,16384,4096,4096,0,,,10000000,4864360,48.6,11.350672245025635,0.056612253189086914
ctx,2,1,16384,4096,4096,0,True,,10000000,4839283,48.4,11.685299158096313,0.05720353126525879
ctx,2,1,16384,4096,16384,10,,,10000000,4892610,48.9,12.092709302902222,0.05717945098876953
ctx,2,1,16384,4096,16384,10,True,,10000000,4869117,48.7,11.945670127868652,0.059317588806152344
ctx,2,1,16384,4096,16384,1000,,,10000000,4864360,48.6,11.868268966674805,0.056153059005737305
ctx,2,1,16384,4096,16384,1000,True,,10000000,4839283,48.4,11.986729383468628,0.05841541290283203
ctx,2,1,16384,4096,16384,0,,,10000000,4864360,48.6,11.768742799758911,0.05777263641357422
ctx,2,1,16384,4096,16384,0,True,,10000000,4839283,48.4,11.957908630371094,0.0572202205657959
ctx,2,1,16384,16384,4096,10,,,10000000,4693575,46.9,11.584578514099121,0.055330753326416016
ctx,2,1,16384,16384,4096,10,True,,10000000,4668019,46.7,11.935019969940186,0.056149959564208984
ctx,2,1,16384,16384,4096,1000,,,10000000,4651729,46.5,12.028377294540405,0.05572319030761719
ctx,2,1,16384,16384,4096,1000,True,,10000000,4620577,46.2,11.80534839630127,0.05456042289733887
ctx,2,1,16384,16384,4096,0,,,10000000,4651729,46.5,11.805883646011353,0.05429983139038086
ctx,2,1,16384,16384,4096,0,True,,10000000,4620577,46.2,11.545785427093506,0.05547666549682617
ctx,2,1,16384,16384,16384,10,,,10000000,4693575,46.9,11.684237241744995,0.052437543869018555
ctx,2,1,16384,16384,16384,10,True,,10000000,4668019,46.7,11.678339719772339,0.055744171142578125
ctx,2,1,16384,16384,16384,1000,,,10000000,4651729,46.5,11.510536909103394,0.05358600616455078
ctx,2,1,16384,16384,16384,1000,True,,10000000,4620577,46.2,11.616667032241821,0.05394244194030762
ctx,2,1,16384,16384,16384,0,,,10000000,4651729,46.5,11.435030221939087,0.0527193546295166
ctx,2,1,16384,16384,16384,0,True,,10000000,4620577,46.2,11.364316940307617,0.05339455604553223
ctx,2,1,65536,4096,4096,10,,,10000000,4700021,47.0,2.8523647785186768,0.05345916748046875
ctx,2,1,65536,4096,4096,10,True,,10000000,4678739,46.8,3.0612964630126953,0.053174734115600586
ctx,2,1,65536,4096,4096,1000,,,10000000,4667677,46.7,3.0637776851654053,0.05285978317260742
ctx,2,1,65536,4096,4096,1000,True,,10000000,4644627,46.4,3.1401522159576416,0.05449509620666504
ctx,2,1,65536,4096,4096,0,,,10000000,4667677,46.7,3.1274333000183105,0.05378842353820801
ctx,2,1,65536,4096,4096,0,True,,10000000,4644627,46.4,3.339648485183716,0.05193901062011719
ctx,2,1,65536,4096,16384,10,,,10000000,4700021,47.0,3.2226438522338867,0.053682804107666016
ctx,2,1,65536,4096,16384,10,True,,10000000,4678739,46.8,3.1479690074920654,0.05450439453125
ctx,2,1,65536,4096,16384,1000,,,10000000,4667677,46.7,3.153085470199585,0.05583453178405762
ctx,2,1,65536,4096,16384,1000,True,,10000000,4644627,46.4,3.2028846740722656,0.053554534912109375
ctx,2,1,65536,4096,16384,0,,,10000000,4667677,46.7,3.2019145488739014,0.052170753479003906
ctx,2,1,65536,4096,16384,0,True,,10000000,4644627,46.4,3.265472173690796,0.0547792911529541
ctx,2,1,65536,4096,65536,10,,,10000000,4700021,47.0,3.1325643062591553,0.05574464797973633
ctx,2,1,65536,4096,65536,10,True,,10000000,4678739,46.8,3.2319583892822266,0.0558323860168457
ctx,2,1,65536,4096,65536,1000,,,10000000,4667677,46.7,3.2715444564819336,0.05544447898864746
ctx,2,1,65536,4096,65536,1000,True,,10000000,4644627,46.4,3.104403018951416,0.05392003059387207
ctx,2,1,65536,4096,65536,0,,,10000000,4667677,46.7,3.2214035987854004,0.05478167533874512
ctx,2,1,65536,4096,65536,0,True,,10000000,4644627,46.4,3.041821002960205,0.05311083793640137
ctx,2,1,65536,16384,4096,10,,,10000000,4280636,42.8,3.005328416824341,0.049776315689086914
ctx,2,1,65536,16384,4096,10,True,,10000000,4262166,42.6,3.0207042694091797,0.048390865325927734
ctx,2,1,65536,16384,4096,1000,,,10000000,4205898,42.1,3.0304439067840576,0.04658007621765137
ctx,2,1,65536,16384,4096,1000,True,,10000000,4179677,41.8,3.0419130325317383,0.047583818435668945
ctx,2,1,65536,16384,4096,0,,,10000000,4205892,42.1,3.023668050765991,0.045276641845703125
ctx,2,1,65536,16384,4096,0,True,,10000000,4179678,41.8,3.0750527381896973,0.046460866928100586
ctx,2,1,65536,16384,16384,10,,,10000000,4280636,42.8,2.9619381427764893,0.047342538833618164
ctx,2,1,65536,16384,16384,10,True,,10000000,4262166,42.6,3.0229387283325195,0.04720568656921387
ctx,2,1,65536,16384,16384,1000,,,10000000,4205898,42.1,3.0407369136810303,0.04655337333679199
ctx,2,1,65536,16384,16384,1000,True,,10000000,4179677,41.8,3.0318799018859863,0.04590559005737305
ctx,2,1,65536,16384,16384,0,,,10000000,4205892,42.1,2.9681215286254883,0.04460716247558594
ctx,2,1,65536,16384,16384,0,True,,10000000,4179678,41.8,2.9635379314422607,0.045949459075927734
ctx,2,1,65536,16384,65536,10,,,10000000,4280636,42.8,2.935015916824341,0.04927992820739746
ctx,2,1,65536,16384,65536,10,True,,10000000,4262166,42.6,2.9860358238220215,0.047188758850097656
ctx,2,1,65536,16384,65536,1000,,,10000000,4205898,42.1,3.0193305015563965,0.04586505889892578
ctx,2,1,65536,16384,65536,1000,True,,10000000,4179677,41.8,3.021559000015259,0.047044992446899414
ctx,2,1,65536,16384,65536,0,,,10000000,4205892,42.1,2.9794936180114746,0.045810699462890625
ctx,2,1,65536,16384,65536,0,True,,10000000,4179678,41.8,2.980754852294922,0.04716801643371582
ctx,2,1,65536,65536,4096,10,,,10000000,4187980,41.9,2.9036319255828857,0.04727768898010254
ctx,2,1,65536,65536,4096,10,True,,10000000,4170912,41.7,3.0424489974975586,0.048912763595581055
ctx,2,1,65536,65536,4096,1000,,,10000000,4089542,40.9,2.9841866493225098,0.04409480094909668
ctx,2,1,65536,65536,4096,1000,True,,10000000,4057701,40.6,3.13106107711792,0.04554128646850586
ctx,2,1,65536,65536,4096,0,,,10000000,4089538,40.9,3.11991810798645,0.044248104095458984
ctx,2,1,65536,65536,4096,0,True,,10000000,4057697,40.6,3.169738531112671,0.04684162139892578
ctx,2,1,65536,65536,16384,10,,,10000000,4187980,41.9,2.9729156494140625,0.04550671577453613
ctx,2,1,65536,65536,16384,10,True,,10000000,4170912,41.7,3.0227649211883545,0.046961307525634766
ctx,2,1,65536,65536,16384,1000,,,10000000,4089542,40.9,3.05253529548645,0.04452872276306152
ctx,2,1,65536,65536,16384,1000,True,,10000000,4057701,40.6,3.1015512943267822,0.04558610916137695
ctx,2,1,65536,65536,16384,0,,,10000000,4089538,40.9,2.965240240097046,0.04509997367858887
ctx,2,1,65536,65536,16384,0,True,,10000000,4057697,40.6,3.1484224796295166,0.0450594425201416
ctx,2,1,65536,65536,65536,10,,,10000000,4187980,41.9,3.0334389209747314,0.047698259353637695
ctx,2,1,65536,65536,65536,10,True,,10000000,4170912,41.7,2.957301616668701,0.04921555519104004
ctx,2,1,65536,65536,65536,1000,,,10000000,4089542,40.9,2.9601824283599854,0.046239614486694336
ctx,2,1,65536,65536,65536,1000,True,,10000000,4057701,40.6,3.0824902057647705,0.04520583152770996
ctx,2,1,65536,65536,65536,0,,,10000000,4089538,40.9,3.0644516944885254,0.04275059700012207
ctx,2,1,65536,65536,65536,0,True,,10000000,4057697,40.6,3.028071880340576,0.0470423698425293
ctx,2,1,262144,4096,4096,10,,,10000000,4650414,46.5,0.7961704730987549,0.05322074890136719
ctx,2,1,262144,4096,4096,10,True,,10000000,4629482,46.3,0.8614933490753174,0.05726432800292969
ctx,2,1,262144,4096,4096,1000,,,10000000,4616863,46.2,0.8680307865142822,0.05199313163757324
ctx,2,1,262144,4096,4096,1000,True,,10000000,4594311,45.9,0.8865561485290527,0.05476808547973633
ctx,2,1,262144,4096,4096,0,,,10000000,4616863,46.2,0.811077356338501,0.05257153511047363
ctx,2,1,262144,4096,4096,0,True,,10000000,4594311,45.9,0.8697004318237305,0.054059505462646484
ctx,2,1,262144,4096,16384,10,,,10000000,4650414,46.5,0.7848985195159912,0.05433154106140137
ctx,2,1,262144,4096,16384,10,True,,10000000,4629482,46.3,0.8988959789276123,0.05565953254699707
ctx,2,1,262144,4096,16384,1000,,,10000000,4616863,46.2,0.7970743179321289,0.05259823799133301
ctx,2,1,262144,4096,16384,1000,True,,10000000,4594311,45.9,0.8840405941009521,0.053617238998413086
ctx,2,1,262144,4096,16384,0,,,10000000,4616863,46.2,0.7843003273010254,0.0546722412109375
ctx,2,1,262144,4096,16384,0,True,,10000000,4594311,45.9,0.8029346466064453,0.053876638412475586
ctx,2,1,262144,4096,65536,10,,,10000000,4650414,46.5,0.7980103492736816,0.05472278594970703
ctx,2,1,262144,4096,65536,10,True,,10000000,4629482,46.3,0.7983319759368896,0.05486321449279785
ctx,2,1,262144,4096,65536,1000,,,10000000,4616863,46.2,0.8851485252380371,0.05318951606750488
ctx,2,1,262144,4096,65536,1000,True,,10000000,4594311,45.9,0.8053498268127441,0.05406808853149414
ctx,2,1,262144,4096,65536,0,,,10000000,4616863,46.2,0.8922219276428223,0.05282735824584961
ctx,2,1,262144,4096,65536,0,True,,10000000,4594311,45.9,0.8626832962036133,0.05392718315124512
ctx,2,1,262144,4096,262144,10,,,10000000,4650414,46.5,0.7926037311553955,0.05400276184082031
ctx,2,1,262144,4096,262144,10,True,,10000000,4629482,46.3,0.8495028018951416,0.054645538330078125
ctx,2,1,262144,4096,262144,1000,,,10000000,4616863,46.2,0.8410396575927734,0.053659915924072266
ctx,2,1,262144,4096,262144,1000,True,,10000000,4594311,45.9,0.9129629135131836,0.05483698844909668
ctx,2,1,262144,4096,262144,0,,,10000000,4616863,46.2,0.8726406097412109,0.05497455596923828
ctx,2,1,262144,4096,262144,0,True,,10000000,4594311,45.9,0.7930538654327393,0.05473065376281738
ctx,2,1,262144,16384,4096,10,,,10000000,4164625,41.6,0.8221306800842285,0.0481715202331543
ctx,2,1,262144,16384,4096,10,True,,10000000,4149186,41.5,0.8594036102294922,0.0461888313293457
ctx,2,1,262144,16384,4096,1000,,,10000000,4079954,40.8,0.8576998710632324,0.04532456398010254
ctx,2,1,262144,16384,4096,1000,True,,10000000,4056359,40.6,0.8156063556671143,0.04648900032043457
ctx,2,1,262144,16384,4096,0,,,10000000,4079947,40.8,0.7786617279052734,0.04556465148925781
ctx,2,1,262144,16384,4096,0,True,,10000000,4056357,40.6,0.8783628940582275,0.04696917533874512
ctx,2,1,262144,16384,16384,10,,,10000000,4164625,41.6,0.773939847946167,0.047014713287353516
ctx,2,1,262144,16384,16384,10,True,,10000000,4149186,41.5,0.8074643611907959,0.04659771919250488
ctx,2,1,262144,16384,16384,1000,,,10000000,4079954,40.8,0.8127412796020508,0.04437685012817383
ctx,2,1,262144,16384,16384,1000,True,,10000000,4056359,40.6,0.8400094509124756,0.04467606544494629
ctx,2,1,262144,16384,16384,0,,,10000000,4079947,40.8,0.8153402805328369,0.04537487030029297
ctx,2,1,262144,16384,16384,0,True,,10000000,4056357,40.6,0.8509097099304199,0.045091867446899414
ctx,2,1,262144,16384,65536,10,,,10000000,4164625,41.6,0.8100950717926025,0.04532361030578613
ctx,2,1,262144,16384,65536,10,True,,10000000,4149186,41.5,0.8033733367919922,0.04635357856750488
ctx,2,1,262144,16384,65536,1000,,,10000000,4079954,40.8,0.8141129016876221,0.04524731636047363
ctx,2,1,262144,16384,65536,1000,True,,10000000,4056359,40.6,0.8568933010101318,0.04576611518859863
ctx,2,1,262144,16384,65536,0,,,10000000,4079947,40.8,0.7870547771453857,0.04531431198120117
ctx,2,1,262144,16384,65536,0,True,,10000000,4056357,40.6,0.8183510303497314,0.04657554626464844
ctx,2,1,262144,16384,262144,10,,,10000000,4164625,41.6,0.8075575828552246,0.048242807388305664
ctx,2,1,262144,16384,262144,10,True,,10000000,4149186,41.5,0.8601133823394775,0.048696279525756836
ctx,2,1,262144,16384,262144,1000,,,10000000,4079954,40.8,0.8022341728210449,0.044267892837524414
ctx,2,1,262144,16384,262144,1000,True,,10000000,4056359,40.6,0.879326343536377,0.04622626304626465
ctx,2,1,262144,16384,262144,0,,,10000000,4079947,40.8,0.8224215507507324,0.04355597496032715
ctx,2,1,262144,16384,262144,0,True,,10000000,4056357,40.6,0.8270018100738525,0.045683860778808594
ctx,2,1,262144,65536,4096,10,,,10000000,3972503,39.7,0.8306059837341309,0.043057918548583984
ctx,2,1,262144,65536,4096,10,True,,10000000,3962892,39.6,0.8040268421173096,0.043531179428100586
ctx,2,1,262144,65536,4096,1000,,,10000000,3816150,38.2,0.8796606063842773,0.03933548927307129
ctx,2,1,262144,65536,4096,1000,True,,10000000,3787743,37.9,0.972160816192627,0.041077375411987305
ctx,2,1,262144,65536,4096,0,,,10000000,3816139,38.2,0.9019465446472168,0.0420839786529541
ctx,2,1,262144,65536,4096,0,True,,10000000,3787741,37.9,0.9642066955566406,0.03933906555175781
ctx,2,1,262144,65536,16384,10,,,10000000,3972503,39.7,0.8268773555755615,0.0447847843170166
ctx,2,1,262144,65536,16384,10,True,,10000000,3962892,39.6,0.8040046691894531,0.044878244400024414
ctx,2,1,262144,65536,16384,1000,,,10000000,3816150,38.2,0.8831427097320557,0.04003620147705078
ctx,2,1,262144,65536,16384,1000,True,,10000000,3787743,37.9,0.9628968238830566,0.04287004470825195
ctx,2,1,262144,65536,16384,0,,,10000000,3816139,38.2,0.9117932319641113,0.04019951820373535
ctx,2,1,262144,65536,16384,0,True,,10000000,3787741,37.9,1.0029056072235107,0.041001081466674805
ctx,2,1,262144,65536,65536,10,,,10000000,3972503,39.7,0.8153283596038818,0.04404115676879883
ctx,2,1,262144,65536,65536,10,True,,10000000,3962892,39.6,0.8072168827056885,0.04516482353210449
ctx,2,1,262144,65536,65536,1000,,,10000000,3816150,38.2,0.8970592021942139,0.04101061820983887
ctx,2,1,262144,65536,65536,1000,True,,10000000,3787743,37.9,1.0025770664215088,0.04023623466491699
ctx,2,1,262144,65536,65536,0,,,10000000,3816139,38.2,0.9675421714782715,0.03985786437988281
ctx,2,1,262144,65536,65536,0,True,,10000000,3787741,37.9,1.0003809928894043,0.041055917739868164
ctx,2,1,262144,65536,262144,10,,,10000000,3972503,39.7,0.8043210506439209,0.04274559020996094
ctx,2,1,262144,65536,262144,10,True,,10000000,3962892,39.6,0.8539247512817383,0.045510292053222656
ctx,2,1,262144,65536,262144,1000,,,10000000,3816150,38.2,0.8819293975830078,0.04088926315307617
ctx,2,1,262144,65536,262144,1000,True,,10000000,3787743,37.9,1.0192749500274658,0.04108309745788574
ctx,2,1,262144,65536,262144,0,,,10000000,3816139,38.2,0.8977093696594238,0.04050421714782715
ctx,2,1,262144,65536,262144,0,True,,10000000,3787741,37.9,1.0447413921356201,0.04050612449645996
ctx,2,1,262144,262144,4096,10,,,10000000,3938368,39.4,0.9055984020233154,0.043117523193359375
ctx,2,1,262144,262144,4096,10,True,,10000000,3930885,39.3,0.8250422477722168,0.04161715507507324
ctx,2,1,262144,262144,4096,1000,,,10000000,3744431,37.4,1.0687458515167236,0.04031515121459961
ctx,2,1,262144,262144,4096,1000,True,,10000000,3712575,37.1,1.2754266262054443,0.039206504821777344
ctx,2,1,262144,262144,4096,0,,,10000000,3743599,37.4,1.0868849754333496,0.03863954544067383
ctx,2,1,262144,262144,4096,0,True,,10000000,3711576,37.1,1.316598653793335,0.038976192474365234
ctx,2,1,262144,262144,16384,10,,,10000000,3938368,39.4,0.8240666389465332,0.04303908348083496
ctx,2,1,262144,262144,16384,10,True,,10000000,3930885,39.3,0.8358607292175293,0.043650150299072266
ctx,2,1,262144,262144,16384,1000,,,10000000,3744431,37.4,1.1076717376708984,0.04027676582336426
ctx,2,1,262144,262144,16384,1000,True,,10000000,3712575,37.1,1.2789568901062012,0.038745880126953125
ctx,2,1,262144,262144,16384,0,,,10000000,3743599,37.4,1.0995075702667236,0.038950443267822266
ctx,2,1,262144,262144,16384,0,True,,10000000,3711576,37.1,1.3394029140472412,0.04106616973876953
ctx,2,1,262144,262144,65536,10,,,10000000,3938368,39.4,0.8751423358917236,0.043134450912475586
ctx,2,1,262144,262144,65536,10,True,,10000000,3930885,39.3,0.9064204692840576,0.04322361946105957
ctx,2,1,262144,262144,65536,1000,,,10000000,3744431,37.4,1.102931022644043,0.03968334197998047
ctx,2,1,262144,262144,65536,1000,True,,10000000,3712575,37.1,1.3144690990447998,0.03984332084655762
ctx,2,1,262144,262144,65536,0,,,10000000,3743599,37.4,1.1208865642547607,0.03977560997009277
ctx,2,1,262144,262144,65536,0,True,,10000000,3711576,37.1,1.360011339187622,0.039816856384277344
ctx,2,1,262144,262144,262144,10,,,10000000,3938368,39.4,0.912419319152832,0.04082226753234863
ctx,2,1,262144,262144,262144,10,True,,10000000,3930885,39.3,0.8448736667633057,0.042875051498413086
ctx,2,1,262144,262144,262144,1000,,,10000000,3744431,37.4,1.0487043857574463,0.03856682777404785
ctx,2,1,262144,262144,262144,1000,True,,10000000,3712575,37.1,1.2980647087097168,0.03835892677307129
ctx,2,1,262144,262144,262144,0,,,10000000,3743599,37.4,1.0829687118530273,0.037821292877197266
ctx,2,1,262144,262144,262144,0,True,,10000000,3711576,37.1,1.313692331314087,0.040067195892333984
ctx,2,1,1048576,4096,4096,10,,,10000000,4638238,46.4,0.266737699508667,0.059708356857299805
ctx,2,1,1048576,4096,4096,10,True,,10000000,4617464,46.2,0.28012657165527344,0.06026005744934082
ctx,2,1,1048576,4096,4096,1000,,,10000000,4604320,46.0,0.2858917713165283,0.060982465744018555
ctx,2,1,1048576,4096,4096,1000,True,,10000000,4582007,45.8,0.2799830436706543,0.061101436614990234
ctx,2,1,1048576,4096,4096,0,,,10000000,4604320,46.0,0.2780745029449463,0.05776572227478027
ctx,2,1,1048576,4096,4096,0,True,,10000000,4582007,45.8,0.2974205017089844,0.05967521667480469
ctx,2,1,1048576,4096,16384,10,,,10000000,4638238,46.4,0.26195788383483887,0.05998373031616211
ctx,2,1,1048576,4096,16384,10,True,,10000000,4617464,46.2,0.29256534576416016,0.05994558334350586
ctx,2,1,1048576,4096,16384,1000,,,10000000,4604320,46.0,0.2762627601623535,0.057744741439819336
ctx,2,1,1048576,4096,16384,1000,True,,10000000,4582007,45.8,0.28455257415771484,0.058104515075683594
ctx,2,1,1048576,4096,16384,0,,,10000000,4604320,46.0,0.27085280418395996,0.061060428619384766
ctx,2,1,1048576,4096,16384,0,True,,10000000,4582007,45.8,0.2886056900024414,0.06016421318054199
ctx,2,1,1048576,4096,65536,10,,,10000000,4638238,46.4,0.2643556594848633,0.0596621036529541
ctx,2,1,1048576,4096,65536,10,True,,10000000,4617464,46.2,0.28623151779174805,0.06089949607849121
ctx,2,1,1048576,4096,65536,1000,,,10000000,4604320,46.0,0.2784450054168701,0.059418678283691406
ctx,2,1,1048576,4096,65536,1000,True,,10000000,4582007,45.8,0.285783052444458,0.05929827690124512
ctx,2,1,1048576,4096,65536,0,,,10000000,4604320,46.0,0.2773125171661377,0.05797600746154785
ctx,2,1,1048576,4096,65536,0,True,,10000000,4582007,45.8,0.29018211364746094,0.059299468994140625
ctx,2,1,1048576,4096,262144,10,,,10000000,4638238,46.4,0.2747485637664795,0.05973172187805176
ctx,2,1,1048576,4096,262144,10,True,,10000000,4617464,46.2,0.26741743087768555,0.06004500389099121
ctx,2,1,1048576,4096,262144,1000,,,10000000,4604320,46.0,0.27274489402770996,0.059703826904296875
ctx,2,1,1048576,4096,262144,1000,True,,10000000,4582007,45.8,0.2819030284881592,0.06024003028869629
ctx,2,1,1048576,4096,262144,0,,,10000000,4604320,46.0,0.27341723442077637,0.05929064750671387
ctx,2,1,1048576,4096,262144,0,True,,10000000,4582007,45.8,0.2986013889312744,0.06056857109069824
ctx,2,1,1048576,4096,1048576,10,,,10000000,4638238,46.4,0.2689521312713623,0.0591120719909668
ctx,2,1,1048576,4096,1048576,10,True,,10000000,4617464,46.2,0.2835252285003662,0.061463117599487305
ctx,2,1,1048576,4096,1048576,1000,,,10000000,4604320,46.0,0.2487504482269287,0.05915474891662598
ctx,2,1,1048576,4096,1048576,1000,True,,10000000,4582007,45.8,0.2766385078430176,0.05961418151855469
ctx,2,1,1048576,4096,1048576,0,,,10000000,4604320,46.0,0.2660207748413086,0.06044602394104004
ctx,2,1,1048576,4096,1048576,0,True,,10000000,4582007,45.8,0.276749849319458,0.06145644187927246
ctx,2,1,1048576,16384,4096,10,,,10000000,4134543,41.3,0.28929591178894043,0.04875993728637695
ctx,2,1,1048576,16384,4096,10,True,,10000000,4119936,41.2,0.2831587791442871,0.05233645439147949
ctx,2,1,1048576,16384,4096,1000,,,10000000,4046746,40.5,0.2989201545715332,0.048114776611328125
ctx,2,1,1048576,16384,4096,1000,True,,10000000,4023917,40.2,0.3329353332519531,0.0483245849609375
ctx,2,1,1048576,16384,4096,0,,,10000000,4046740,40.5,0.2933809757232666,0.04953312873840332
ctx,2,1,1048576,16384,4096,0,True,,10000000,4023915,40.2,0.31226563453674316,0.047507286071777344
ctx,2,1,1048576,16384,16384,10,,,10000000,4134543,41.3,0.2572183609008789,0.04923748970031738
ctx,2,1,1048576,16384,16384,10,True,,10000000,4119936,41.2,0.26851844787597656,0.05251193046569824
ctx,2,1,1048576,16384,16384,1000,,,10000000,4046746,40.5,0.28753018379211426,0.04784893989562988
ctx,2,1,1048576,16384,16384,1000,True,,10000000,4023917,40.2,0.3072514533996582,0.04920387268066406
ctx,2,1,1048576,16384,16384,0,,,10000000,4046740,40.5,0.2972838878631592,0.04885578155517578
ctx,2,1,1048576,16384,16384,0,True,,10000000,4023915,40.2,0.3150055408477783,0.049591064453125
ctx,2,1,1048576,16384,65536,10,,,10000000,4134543,41.3,0.26096391677856445,0.04811859130859375
ctx,2,1,1048576,16384,65536,10,True,,10000000,4119936,41.2,0.27214550971984863,0.04947042465209961
ctx,2,1,1048576,16384,65536,1000,,,10000000,4046746,40.5,0.2742269039154053,0.04759931564331055
ctx,2,1,1048576,16384,65536,1000,True,,10000000,4023917,40.2,0.3366537094116211,0.04922008514404297
ctx,2,1,1048576,16384,65536,0,,,10000000,4046740,40.5,0.3003208637237549,0.048270463943481445
ctx,2,1,1048576,16384,65536,0,True,,10000000,4023915,40.2,0.32100462913513184,0.04899454116821289
ctx,2,1,1048576,16384,262144,10,,,10000000,4134543,41.3,0.27288126945495605,0.049344778060913086
ctx,2,1,1048576,16384,262144,10,True,,10000000,4119936,41.2,0.26966166496276855,0.051210641860961914
ctx,2,1,1048576,16384,262144,1000,,,10000000,4046746,40.5,0.2864415645599365,0.04578065872192383
ctx,2,1,1048576,16384,262144,1000,True,,10000000,4023917,40.2,0.320603609085083,0.048429012298583984
ctx,2,1,1048576,16384,262144,0,,,10000000,4046740,40.5,0.28000760078430176,0.04657149314880371
ctx,2,1,1048576,16384,262144,0,True,,10000000,4023915,40.2,0.32257890701293945,0.05011391639709473
ctx,2,1,1048576,16384,1048576,10,,,10000000,4134543,41.3,0.2534914016723633,0.048883676528930664
ctx,2,1,1048576,16384,1048576,10,True,,10000000,4119936,41.2,0.2669246196746826,0.050264835357666016
ctx,2,1,1048576,16384,1048576,1000,,,10000000,4046746,40.5,0.28179383277893066,0.04927563667297363
ctx,2,1,1048576,16384,1048576,1000,True,,10000000,4023917,40.2,0.319918155670166,0.04900670051574707
ctx,2,1,1048576,16384,1048576,0,,,10000000,4046740,40.5,0.2754666805267334,0.04877352714538574
ctx,2,1,1048576,16384,1048576,0,True,,10000000,4023915,40.2,0.3582942485809326,0.04728341102600098
ctx,2,1,1048576,65536,4096,10,,,10000000,3908422,39.1,0.28662586212158203,0.04605579376220703
ctx,2,1,1048576,65536,4096,10,True,,10000000,3901729,39.0,0.28352928161621094,0.04593682289123535
ctx,2,1,1048576,65536,4096,1000,,,10000000,3732344,37.3,0.3991532325744629,0.042137861251831055
ctx,2,1,1048576,65536,4096,1000,True,,10000000,3706162,37.1,0.49916720390319824,0.045075416564941406
ctx,2,1,1048576,65536,4096,0,,,10000000,3732328,37.3,0.39849424362182617,0.04365849494934082
ctx,2,1,1048576,65536,4096,0,True,,10000000,3706149,37.1,0.4994807243347168,0.0430452823638916
ctx,2,1,1048576,65536,16384,10,,,10000000,3908422,39.1,0.27382373809814453,0.04584646224975586
ctx,2,1,1048576,65536,16384,10,True,,10000000,3901729,39.0,0.30392932891845703,0.04666781425476074
ctx,2,1,1048576,65536,16384,1000,,,10000000,3732344,37.3,0.3828704357147217,0.041797637939453125
ctx,2,1,1048576,65536,16384,1000,True,,10000000,3706162,37.1,0.4996461868286133,0.0429384708404541
ctx,2,1,1048576,65536,16384,0,,,10000000,3732328,37.3,0.3797602653503418,0.04143548011779785
ctx,2,1,1048576,65536,16384,0,True,,10000000,3706149,37.1,0.5079076290130615,0.04430580139160156
ctx,2,1,1048576,65536,65536,10,,,10000000,3908422,39.1,0.2686021327972412,0.0454249382019043
ctx,2,1,1048576,65536,65536,10,True,,10000000,3901729,39.0,0.2571277618408203,0.04773092269897461
ctx,2,1,1048576,65536,65536,1000,,,10000000,3732344,37.3,0.41907429695129395,0.04261898994445801
ctx,2,1,1048576,65536,65536,1000,True,,10000000,3706162,37.1,0.4868626594543457,0.041169166564941406
ctx,2,1,1048576,65536,65536,0,,,10000000,3732328,37.3,0.4025747776031494,0.04356074333190918
ctx,2,1,1048576,65536,65536,0,True,,10000000,3706149,37.1,0.49500513076782227,0.042775869369506836
ctx,2,1,1048576,65536,262144,10,,,10000000,3908422,39.1,0.2565433979034424,0.0473790168762207
ctx,2,1,1048576,65536,262144,10,True,,10000000,3901729,39.0,0.26670217514038086,0.04597759246826172
ctx,2,1,1048576,65536,262144,1000,,,10000000,3732344,37.3,0.3929436206817627,0.04170417785644531
ctx,2,1,1048576,65536,262144,1000,True,,10000000,3706162,37.1,0.4903256893157959,0.04265713691711426
ctx,2,1,1048576,65536,262144,0,,,10000000,3732328,37.3,0.4040677547454834,0.04190969467163086
ctx,2,1,1048576,65536,262144,0,True,,10000000,3706149,37.1,0.49782729148864746,0.04397010803222656
ctx,2,1,1048576,65536,1048576,10,,,10000000,3908422,39.1,0.2638111114501953,0.04636025428771973
ctx,2,1,1048576,65536,1048576,10,True,,10000000,3901729,39.0,0.2559397220611572,0.047147274017333984
ctx,2,1,1048576,65536,1048576,1000,,,10000000,3732344,37.3,0.3985304832458496,0.04163670539855957
ctx,2,1,1048576,65536,1048576,1000,True,,10000000,3706162,37.1,0.5023009777069092,0.04380178451538086
ctx,2,1,1048576,65536,1048576,0,,,10000000,3732328,37.3,0.39846372604370117,0.04169774055480957
ctx,2,1,1048576,65536,1048576,0,True,,10000000,3706149,37.1,0.5048327445983887,0.04372096061706543
ctx,2,1,1048576,262144,4096,10,,,10000000,3834260,38.3,0.28571605682373047,0.0462491512298584
ctx,2,1,1048576,262144,4096,10,True,,10000000,3834406,38.3,0.2635211944580078,0.04391074180603027
ctx,2,1,1048576,262144,4096,1000,,,10000000,3555112,35.6,0.7942233085632324,0.04043102264404297
ctx,2,1,1048576,262144,4096,1000,True,,10000000,3527221,35.3,1.1965444087982178,0.04051685333251953
ctx,2,1,1048576,262144,4096,0,,,10000000,3551696,35.5,0.8825697898864746,0.039869070053100586
ctx,2,1,1048576,262144,4096,0,True,,10000000,3523393,35.2,1.3532395362854004,0.042006731033325195
ctx,2,1,1048576,262144,16384,10,,,10000000,3834260,38.3,0.2725841999053955,0.04581928253173828
ctx,2,1,1048576,262144,16384,10,True,,10000000,3834406,38.3,0.2678499221801758,0.04401516914367676
ctx,2,1,1048576,262144,16384,1000,,,10000000,3555112,35.6,0.800337553024292,0.04030942916870117
ctx,2,1,1048576,262144,16384,1000,True,,10000000,3527221,35.3,1.1906673908233643,0.03875398635864258
ctx,2,1,1048576,262144,16384,0,,,10000000,3551696,35.5,0.8843326568603516,0.03956961631774902
ctx,2,1,1048576,262144,16384,0,True,,10000000,3523393,35.2,1.35353422164917,0.04058527946472168
ctx,2,1,1048576,262144,65536,10,,,10000000,3834260,38.3,0.27417778968811035,0.043683767318725586
ctx,2,1,1048576,262144,65536,10,True,,10000000,3834406,38.3,0.2740795612335205,0.046193838119506836
ctx,2,1,1048576,262144,65536,1000,,,10000000,3555112,35.6,0.8279356956481934,0.03821134567260742
ctx,2,1,1048576,262144,65536,1000,True,,10000000,3527221,35.3,1.1882212162017822,0.04079174995422363
ctx,2,1,1048576,262144,65536,0,,,10000000,3551696,35.5,0.8883891105651855,0.03962445259094238
ctx,2,1,1048576,262144,65536,0,True,,10000000,3523393,35.2,1.3399207592010498,0.040754079818725586
ctx,2,1,1048576,262144,262144,10,,,10000000,3834260,38.3,0.2804422378540039,0.04443240165710449
ctx,2,1,1048576,262144,262144,10,True,,10000000,3834406,38.3,0.27045249938964844,0.0462641716003418
ctx,2,1,1048576,262144,262144,1000,,,10000000,3555112,35.6,0.8035335540771484,0.03837895393371582
ctx,2,1,1048576,262144,262144,1000,True,,10000000,3527221,35.3,1.1784231662750244,0.03954267501831055
ctx,2,1,1048576,262144,262144,0,,,10000000,3551696,35.5,0.9068615436553955,0.041281700134277344
ctx,2,1,1048576,262144,262144,0,True,,10000000,3523393,35.2,1.3333439826965332,0.039966583251953125
ctx,2,1,1048576,262144,1048576,10,,,10000000,3834260,38.3,0.2652275562286377,0.04558444023132324
ctx,2,1,1048576,262144,1048576,10,True,,10000000,3834406,38.3,0.28521180152893066,0.045586347579956055
ctx,2,1,1048576,262144,1048576,1000,,,10000000,3555112,35.6,0.7961530685424805,0.04018855094909668
ctx,2,1,1048576,262144,1048576,1000,True,,10000000,3527221,35.3,1.1958110332489014,0.03999829292297363
ctx,2,1,1048576,262144,1048576,0,,,10000000,3551696,35.5,0.8897621631622314,0.04053139686584473
ctx,2,1,1048576,262144,1048576,0,True,,10000000,3523393,35.2,1.3745386600494385,0.03914666175842285
ctx,2,1,1048576,1048576,4096,10,,,10000000,3820085,38.2,0.28740835189819336,0.04101991653442383
ctx,2,1,1048576,1048576,4096,10,True,,10000000,3823108,38.2,0.2899515628814697,0.04470419883728027
ctx,2,1,1048576,1048576,4096,1000,,,10000000,3504430,35.0,1.497321605682373,0.038407087326049805
ctx,2,1,1048576,1048576,4096,1000,True,,10000000,3478254,34.8,2.401749610900879,0.03865408897399902
ctx,2,1,1048576,1048576,4096,0,,,10000000,3495502,35.0,2.3690598011016846,0.03885293006896973
ctx,2,1,1048576,1048576,4096,0,True,,10000000,3467412,34.7,3.926182508468628,0.0397038459777832
ctx,2,1,1048576,1048576,16384,10,,,10000000,3820085,38.2,0.27585506439208984,0.04317474365234375
ctx,2,1,1048576,1048576,16384,10,True,,10000000,3823108,38.2,0.2971007823944092,0.04615926742553711
ctx,2,1,1048576,1048576,16384,1000,,,10000000,3504430,35.0,1.4816560745239258,0.03853559494018555
ctx,2,1,1048576,1048576,16384,1000,True,,10000000,3478254,34.8,2.384079933166504,0.03929948806762695
ctx,2,1,1048576,1048576,16384,0,,,10000000,3495502,35.0,2.390194892883301,0.040381669998168945
ctx,2,1,1048576,1048576,16384,0,True,,10000000,3467412,34.7,3.911374092102051,0.03918004035949707
ctx,2,1,1048576,1048576,65536,10,,,10000000,3820085,38.2,0.2701101303100586,0.04407548904418945
ctx,2,1,1048576,1048576,65536,10,True,,10000000,3823108,38.2,0.2974886894226074,0.04458260536193848
ctx,2,1,1048576,1048576,65536,1000,,,10000000,3504430,35.0,1.478921890258789,0.0389714241027832
ctx,2,1,1048576,1048576,65536,1000,True,,10000000,3478254,34.8,2.398125410079956,0.0382082462310791
ctx,2,1,1048576,1048576,65536,0,,,10000000,3495502,35.0,2.3812432289123535,0.04075789451599121
ctx,2,1,1048576,1048576,65536,0,True,,10000000,3467412,34.7,3.864473581314087,0.04008054733276367
ctx,2,1,1048576,1048576,262144,10,,,10000000,3820085,38.2,0.30463147163391113,0.046205759048461914
ctx,2,1,1048576,1048576,262144,10,True,,10000000,3823108,38.2,0.2961099147796631,0.04455924034118652
ctx,2,1,1048576,1048576,262144,1000,,,10000000,3504430,35.0,1.4951198101043701,0.03953409194946289
ctx,2,1,1048576,1048576,262144,1000,True,,10000000,3478254,34.8,2.399134635925293,0.04115891456604004
ctx,2,1,1048576,1048576,262144,0,,,10000000,3495502,35.0,2.375863790512085,0.039021968841552734
ctx,2,1,1048576,1048576,262144,0,True,,10000000,3467412,34.7,3.969754457473755,0.040056467056274414
ctx,2,1,1048576,1048576,1048576,10,,,10000000,3820085,38.2,0.2841923236846924,0.04650163650512695
ctx,2,1,1048576,1048576,1048576,10,True,,10000000,3823108,38.2,0.30767369270324707,0.04536747932434082
ctx,2,1,1048576,1048576,1048576,1000,,,10000000,3504430,35.0,1.5113012790679932,0.03863668441772461
ctx,2,1,1048576,1048576,1048576,1000,True,,10000000,3478254,34.8,2.3539061546325684,0.038466453552246094
ctx,2,1,1048576,1048576,1048576,0,,,10000000,3495502,35.0,2.364224672317505,0.03821706771850586
ctx,2,1,1048576,1048576,1048576,0,True,,10000000,3467412,34.7,3.859760046005249,0.039461374282836914
ctx,2,1,16384,4096,4096,10,,True,10000000,4848388,48.5,12.072147607803345,0.05616044998168945
ctx,2,1,16384,4096,4096,1000,,True,10000000,4819342,48.2,12.173650979995728,0.056520938873291016
ctx,2,1,16384,4096,4096,0,,True,10000000,4819342,48.2,12.010846853256226,0.05742144584655762
ctx,2,1,16384,4096,16384,10,,True,10000000,4848388,48.5,11.817314386367798,0.05707955360412598
ctx,2,1,16384,4096,16384,1000,,True,10000000,4819342,48.2,11.807579517364502,0.05516457557678223
ctx,2,1,16384,4096,16384,0,,True,10000000,4819342,48.2,11.758501529693604,0.05491018295288086
ctx,2,1,16384,16384,4096,10,,True,10000000,4618162,46.2,11.781379222869873,0.05543041229248047
ctx,2,1,16384,16384,4096,1000,,True,10000000,4569553,45.7,12.227120399475098,0.05189871788024902
ctx,2,1,16384,16384,4096,0,,True,10000000,4569553,45.7,12.287022829055786,0.05495285987854004
ctx,2,1,16384,16384,16384,10,,True,10000000,4618162,46.2,11.830310344696045,0.05530858039855957
ctx,2,1,16384,16384,16384,1000,,True,10000000,4569553,45.7,12.126504182815552,0.05408668518066406
ctx,2,1,16384,16384,16384,0,,True,10000000,4569553,45.7,11.84849214553833,0.05215191841125488
ctx,2,1,65536,4096,4096,10,,True,10000000,4658305,46.6,3.1535842418670654,0.05557656288146973
ctx,2,1,65536,4096,4096,1000,,True,10000000,4625383,46.3,3.3091442584991455,0.05267667770385742
ctx,2,1,65536,4096,4096,0,,True,10000000,4625383,46.3,3.173828363418579,0.05388236045837402
ctx,2,1,65536,4096,16384,10,,True,10000000,4658305,46.6,3.0768802165985107,0.053460121154785156
ctx,2,1,65536,4096,16384,1000,,True,10000000,4625383,46.3,3.1415750980377197,0.0543665885925293
ctx,2,1,65536,4096,16384,0,,True,10000000,4625383,46.3,3.1692490577697754,0.05246329307556152
ctx,2,1,65536,4096,65536,10,,True,10000000,4658305,46.6,3.047945499420166,0.05519819259643555
ctx,2,1,65536,4096,65536,1000,,True,10000000,4625383,46.3,3.370612621307373,0.05498218536376953
ctx,2,1,65536,4096,65536,0,,True,10000000,4625383,46.3,3.436246633529663,0.05414748191833496
ctx,2,1,65536,16384,4096,10,,True,10000000,4200096,42.0,3.3274431228637695,0.0471651554107666
ctx,2,1,65536,16384,4096,1000,,True,10000000,4119224,41.2,3.703928232192993,0.04790639877319336
ctx,2,1,65536,16384,4096,0,,True,10000000,4119222,41.2,3.7179384231567383,0.046521663665771484
ctx,2,1,65536,16384,16384,10,,True,10000000,4200096,42.0,3.273000955581665,0.04982423782348633
ctx,2,1,65536,16384,16384,1000,,True,10000000,4119224,41.2,3.7164924144744873,0.047065019607543945
ctx,2,1,65536,16384,16384,0,,True,10000000,4119222,41.2,3.7977712154388428,0.04634857177734375
ctx,2,1,65536,16384,65536,10,,True,10000000,4200096,42.0,3.3039438724517822,0.04878878593444824
ctx,2,1,65536,16384,65536,1000,,True,10000000,4119224,41.2,3.6625306606292725,0.050874948501586914
ctx,2,1,65536,16384,65536,0,,True,10000000,4119222,41.2,3.68727970123291,0.04753589630126953
ctx,2,1,65536,65536,4096,10,,True,10000000,4090239,40.9,3.262843370437622,0.04714655876159668
ctx,2,1,65536,65536,4096,1000,,True,10000000,3974461,39.7,4.148341655731201,0.0467069149017334
ctx,2,1,65536,65536,4096,0,,True,10000000,3974460,39.7,4.125850439071655,0.04612016677856445
ctx,2,1,65536,65536,16384,10,,True,10000000,4090239,40.9,3.2545132637023926,0.04639005661010742
ctx,2,1,65536,65536,16384,1000,,True,10000000,3974461,39.7,4.0662267208099365,0.04527544975280762
ctx,2,1,65536,65536,16384,0,,True,10000000,3974460,39.7,4.059157133102417,0.04745173454284668
ctx,2,1,65536,65536,65536,10,,True,10000000,4090239,40.9,3.2331063747406006,0.04799365997314453
ctx,2,1,65536,65536,65536,1000,,True,10000000,3974461,39.7,4.097527503967285,0.0451962947845459
ctx,2,1,65536,65536,65536,0,,True,10000000,3974460,39.7,4.07352352142334,0.046509742736816406
ctx,2,1,262144,4096,4096,10,,True,10000000,4609192,46.1,1.049597978591919,0.05571603775024414
ctx,2,1,262144,4096,4096,1000,,True,10000000,4575214,45.8,1.1523401737213135,0.055129051208496094
ctx,2,1,262144,4096,4096,0,,True,10000000,4575214,45.8,1.1732313632965088,0.05416131019592285
ctx,2,1,262144,4096,16384,10,,True,10000000,4609192,46.1,1.0467140674591064,0.054840087890625
ctx,2,1,262144,4096,16384,1000,,True,10000000,4575214,45.8,1.1247022151947021,0.05365896224975586
ctx,2,1,262144,4096,16384,0,,True,10000000,4575214,45.8,1.1771140098571777,0.05716991424560547
ctx,2,1,262144,4096,65536,10,,True,10000000,4609192,46.1,1.0281264781951904,0.056664228439331055
ctx,2,1,262144,4096,65536,1000,,True,10000000,4575214,45.8,1.1388576030731201,0.05412554740905762
ctx,2,1,262144,4096,65536,0,,True,10000000,4575214,45.8,1.1550345420837402,0.0537106990814209
ctx,2,1,262144,4096,262144,10,,True,10000000,4609192,46.1,1.0420596599578857,0.05381441116333008
ctx,2,1,262144,4096,262144,1000,,True,10000000,4575214,45.8,1.1370267868041992,0.054976701736450195
ctx,2,1,262144,4096,262144,0,,True,10000000,4575214,45.8,1.1224138736724854,0.055817604064941406
ctx,2,1,262144,16384,4096,10,,True,10000000,4086622,40.9,1.1043798923492432,0.04682731628417969
ctx,2,1,262144,16384,4096,1000,,True,10000000,3996726,40.0,1.4945807456970215,0.04694819450378418
ctx,2,1,262144,16384,4096,0,,True,10000000,3996723,40.0,1.504164695739746,0.04586648941040039
ctx,2,1,262144,16384,16384,10,,True,10000000,4086622,40.9,1.0638811588287354,0.04750967025756836
ctx,2,1,262144,16384,16384,1000,,True,10000000,3996726,40.0,1.5216872692108154,0.045610904693603516
ctx,2,1,262144,16384,16384,0,,True,10000000,3996723,40.0,1.532886028289795,0.045806884765625
ctx,2,1,262144,16384,65536,10,,True,10000000,4086622,40.9,1.0982301235198975,0.0498347282409668
ctx,2,1,262144,16384,65536,1000,,True,10000000,3996726,40.0,1.5964484214782715,0.048241376876831055
ctx,2,1,262144,16384,65536,0,,True,10000000,3996723,40.0,1.5667712688446045,0.04642915725708008
ctx,2,1,262144,16384,262144,10,,True,10000000,4086622,40.9,1.091646671295166,0.0492253303527832
ctx,2,1,262144,16384,262144,1000,,True,10000000,3996726,40.0,1.5380144119262695,0.04731631278991699
ctx,2,1,262144,16384,262144,0,,True,10000000,3996723,40.0,1.5492949485778809,0.0466768741607666
ctx,2,1,262144,65536,4096,10,,True,10000000,3874055,38.7,1.1652061939239502,0.04387164115905762
ctx,2,1,262144,65536,4096,1000,,True,10000000,3701351,37.0,2.719777822494507,0.042493581771850586
ctx,2,1,262144,65536,4096,0,,True,10000000,3701340,37.0,2.6758456230163574,0.04490375518798828
ctx,2,1,262144,65536,16384,10,,True,10000000,3874055,38.7,1.166872501373291,0.04599332809448242
ctx,2,1,262144,65536,16384,1000,,True,10000000,3701351,37.0,2.7013046741485596,0.04325222969055176
ctx,2,1,262144,65536,16384,0,,True,10000000,3701340,37.0,2.693408489227295,0.0406804084777832
ctx,2,1,262144,65536,65536,10,,True,10000000,3874055,38.7,1.1472949981689453,0.04359912872314453
ctx,2,1,262144,65536,65536,1000,,True,10000000,3701351,37.0,2.668358087539673,0.042429208755493164
ctx,2,1,262144,65536,65536,0,,True,10000000,3701340,37.0,2.717421531677246,0.0423893928527832
ctx,2,1,262144,65536,262144,10,,True,10000000,3874055,38.7,1.1813685894012451,0.04479265213012695
ctx,2,1,262144,65536,262144,1000,,True,10000000,3701351,37.0,2.6929397583007812,0.04254746437072754
ctx,2,1,262144,65536,262144,0,,True,10000000,3701340,37.0,2.699695348739624,0.042157888412475586
ctx,2,1,262144,262144,4096,10,,True,10000000,3816740,38.2,1.2071599960327148,0.045676231384277344
ctx,2,1,262144,262144,4096,1000,,True,10000000,3588731,35.9,4.644910573959351,0.03995347023010254
ctx,2,1,262144,262144,4096,0,,True,10000000,3587826,35.9,5.061310052871704,0.04024791717529297
ctx,2,1,262144,262144,16384,10,,True,10000000,3816740,38.2,1.2052710056304932,0.045987606048583984
ctx,2,1,262144,262144,16384,1000,,True,10000000,3588731,35.9,4.637450933456421,0.041800737380981445
ctx,2,1,262144,262144,16384,0,,True,10000000,3587826,35.9,5.0243918895721436,0.04244685173034668
ctx,2,1,262144,262144,65536,10,,True,10000000,3816740,38.2,1.246056318283081,0.04756307601928711
ctx,2,1,262144,262144,65536,1000,,True,10000000,3588731,35.9,4.659315824508667,0.03987765312194824
ctx,2,1,262144,262144,65536,0,,True,10000000,3587826,35.9,5.031895875930786,0.041585683822631836
ctx,2,1,262144,262144,262144,10,,True,10000000,3816740,38.2,1.2054083347320557,0.04445195198059082
ctx,2,1,262144,262144,262144,1000,,True,10000000,3588731,35.9,4.6190385818481445,0.03987550735473633
ctx,2,1,262144,262144,262144,0,,True,10000000,3587826,35.9,5.11986780166626,0.04150390625
ctx,2,1,1048576,4096,4096,10,,True,10000000,4597181,46.0,0.5262634754180908,0.062195539474487305
ctx,2,1,1048576,4096,4096,1000,,True,10000000,4562881,45.6,0.6676387786865234,0.06031203269958496
ctx,2,1,1048576,4096,4096,0,,True,10000000,4562881,45.6,0.6513831615447998,0.05910062789916992
ctx,2,1,1048576,4096,16384,10,,True,10000000,4597181,46.0,0.5673613548278809,0.05970048904418945
ctx,2,1,1048576,4096,16384,1000,,True,10000000,4562881,45.6,0.6379714012145996,0.059125661849975586
ctx,2,1,1048576,4096,16384,0,,True,10000000,4562881,45.6,0.6863751411437988,0.05897712707519531
ctx,2,1,1048576,4096,65536,10,,True,10000000,4597181,46.0,0.5367863178253174,0.05977940559387207
ctx,2,1,1048576,4096,65536,1000,,True,10000000,4562881,45.6,0.6417717933654785,0.06105756759643555
ctx,2,1,1048576,4096,65536,0,,True,10000000,4562881,45.6,0.6775593757629395,0.06260204315185547
ctx,2,1,1048576,4096,262144,10,,True,10000000,4597181,46.0,0.5625243186950684,0.06233072280883789
ctx,2,1,1048576,4096,262144,1000,,True,10000000,4562881,45.6,0.6615715026855469,0.06088829040527344
ctx,2,1,1048576,4096,262144,0,,True,10000000,4562881,45.6,0.6440403461456299,0.06012248992919922
ctx,2,1,1048576,4096,1048576,10,,True,10000000,4597181,46.0,0.5437362194061279,0.06163954734802246
ctx,2,1,1048576,4096,1048576,1000,,True,10000000,4562881,45.6,0.6665823459625244,0.060671329498291016
ctx,2,1,1048576,4096,1048576,0,,True,10000000,4562881,45.6,0.6489591598510742,0.061501502990722656
ctx,2,1,1048576,16384,4096,10,,True,10000000,4056914,40.6,0.6435039043426514,0.05055880546569824
ctx,2,1,1048576,16384,4096,1000,,True,10000000,3964392,39.6,1.0806159973144531,0.04939985275268555
ctx,2,1,1048576,16384,4096,0,,True,10000000,3964387,39.6,1.084756851196289,0.048583030700683594
ctx,2,1,1048576,16384,16384,10,,True,10000000,4056914,40.6,0.5941851139068604,0.04945206642150879
ctx,2,1,1048576,16384,16384,1000,,True,10000000,3964392,39.6,1.050675868988037,0.049688100814819336
ctx,2,1,1048576,16384,16384,0,,True,10000000,3964387,39.6,1.0960500240325928,0.048336029052734375
ctx,2,1,1048576,16384,65536,10,,True,10000000,4056914,40.6,0.606173038482666,0.0505220890045166
ctx,2,1,1048576,16384,65536,1000,,True,10000000,3964392,39.6,1.052882194519043,0.04778099060058594
ctx,2,1,1048576,16384,65536,0,,True,10000000,3964387,39.6,1.046605110168457,0.0485994815826416
ctx,2,1,1048576,16384,262144,10,,True,10000000,4056914,40.6,0.580242395401001,0.05040454864501953
ctx,2,1,1048576,16384,262144,1000,,True,10000000,3964392,39.6,1.0570666790008545,0.05054926872253418
ctx,2,1,1048576,16384,262144,0,,True,10000000,3964387,39.6,1.0795848369598389,0.04921889305114746
ctx,2,1,1048576,16384,1048576,10,,True,10000000,4056914,40.6,0.6111283302307129,0.05170941352844238
ctx,2,1,1048576,16384,1048576,1000,,True,10000000,3964392,39.6,1.058058738708496,0.04947328567504883
ctx,2,1,1048576,16384,1048576,0,,True,10000000,3964387,39.6,1.0782136917114258,0.04929685592651367
ctx,2,1,1048576,65536,4096,10,,True,10000000,3811868,38.1,0.6590311527252197,0.04625964164733887
ctx,2,1,1048576,65536,4096,1000,,True,10000000,3621823,36.2,2.4168362617492676,0.04422163963317871
ctx,2,1,1048576,65536,4096,0,,True,10000000,3621810,36.2,2.4764978885650635,0.04429459571838379
ctx,2,1,1048576,65536,16384,10,,True,10000000,3811868,38.1,0.6575131416320801,0.046536922454833984
ctx,2,1,1048576,65536,16384,1000,,True,10000000,3621823,36.2,2.4749226570129395,0.0440824031829834
ctx,2,1,1048576,65536,16384,0,,True,10000000,3621810,36.2,2.4706366062164307,0.04416346549987793
ctx,2,1,1048576,65536,65536,10,,True,10000000,3811868,38.1,0.6852474212646484,0.04827404022216797
ctx,2,1,1048576,65536,65536,1000,,True,10000000,3621823,36.2,2.5227513313293457,0.04426741600036621
ctx,2,1,1048576,65536,65536,0,,True,10000000,3621810,36.2,2.4302854537963867,0.0450444221496582
ctx,2,1,1048576,65536,262144,10,,True,10000000,3811868,38.1,0.6783814430236816,0.04763221740722656
ctx,2,1,1048576,65536,262144,1000,,True,10000000,3621823,36.2,2.438305377960205,0.04363250732421875
ctx,2,1,1048576,65536,262144,0,,True,10000000,3621810,36.2,2.4444968700408936,0.04407668113708496
ctx,2,1,1048576,65536,1048576,10,,True,10000000,3811868,38.1,0.7040815353393555,0.04838991165161133
ctx,2,1,1048576,65536,1048576,1000,,True,10000000,3621823,36.2,2.464148759841919,0.04378867149353027
ctx,2,1,1048576,65536,1048576,0,,True,10000000,3621810,36.2,2.4677493572235107,0.04449748992919922
ctx,2,1,1048576,262144,4096,10,,True,10000000,3704520,37.0,0.7002241611480713,0.043487548828125
ctx,2,1,1048576,262144,4096,1000,,True,10000000,3392452,33.9,7.033571004867554,0.040207862854003906
ctx,2,1,1048576,262144,4096,0,,True,10000000,3389503,33.9,8.479106187820435,0.04108548164367676
ctx,2,1,1048576,262144,16384,10,,True,10000000,3704520,37.0,0.7062466144561768,0.04730725288391113
ctx,2,1,1048576,262144,16384,1000,,True,10000000,3392452,33.9,7.003460168838501,0.040433645248413086
ctx,2,1,1048576,262144,16384,0,,True,10000000,3389503,33.9,8.256454706192017,0.04060959815979004
ctx,2,1,1048576,262144,65536,10,,True,10000000,3704520,37.0,0.7565340995788574,0.046722412109375
ctx,2,1,1048576,262144,65536,1000,,True,10000000,3392452,33.9,7.047529697418213,0.0419919490814209
ctx,2,1,1048576,262144,65536,0,,True,10000000,3389503,33.9,8.313265800476074,0.04006838798522949
ctx,2,1,1048576,262144,262144,10,,True,10000000,3704520,37.0,0.7292952537536621,0.04811596870422363
ctx,2,1,1048576,262144,262144,1000,,True,10000000,3392452,33.9,6.954113483428955,0.039496421813964844
ctx,2,1,1048576,262144,262144,0,,True,10000000,3389503,33.9,8.406216382980347,0.04130101203918457
ctx,2,1,1048576,262144,1048576,10,,True,10000000,3704520,37.0,0.7202749252319336,0.04597306251525879
ctx,2,1,1048576,262144,1048576,1000,,True,10000000,3392452,33.9,7.051627159118652,0.04156160354614258
ctx,2,1,1048576,262144,1048576,0,,True,10000000,3389503,33.9,8.32231616973877,0.040224552154541016
ctx,2,1,1048576,1048576,4096,10,,True,10000000,3674424,36.7,0.7150936126708984,0.04513072967529297
ctx,2,1,1048576,1048576,4096,1000,,True,10000000,3307065,33.1,14.041291952133179,0.039640188217163086
ctx,2,1,1048576,1048576,4096,0,,True,10000000,3298414,33.0,24.578155755996704,0.03853940963745117
ctx,2,1,1048576,1048576,16384,10,,True,10000000,3674424,36.7,0.7316799163818359,0.04374575614929199
ctx,2,1,1048576,1048576,16384,1000,,True,10000000,3307065,33.1,14.080935716629028,0.04055356979370117
ctx,2,1,1048576,1048576,16384,0,,True,10000000,3298414,33.0,24.488584518432617,0.03934812545776367
ctx,2,1,1048576,1048576,65536,10,,True,10000000,3674424,36.7,0.7534291744232178,0.04602408409118652
ctx,2,1,1048576,1048576,65536,1000,,True,10000000,3307065,33.1,14.06938624382019,0.04062223434448242
ctx,2,1,1048576,1048576,65536,0,,True,10000000,3298414,33.0,24.541956186294556,0.03868913650512695
ctx,2,1,1048576,1048576,262144,10,,True,10000000,3674424,36.7,0.7286794185638428,0.04602980613708496
ctx,2,1,1048576,1048576,262144,1000,,True,10000000,3307065,33.1,14.047807455062866,0.04008650779724121
ctx,2,1,1048576,1048576,262144,0,,True,10000000,3298414,33.0,24.32030439376831,0.03762388229370117
ctx,2,1,1048576,1048576,1048576,10,,True,10000000,3674424,36.7,0.7586617469787598,0.04627084732055664
ctx,2,1,1048576,1048576,1048576,1000,,True,10000000,3307065,33.1,13.96980619430542,0.0407862663269043
ctx,2,1,1048576,1048576,1048576,0,,True,10000000,3298414,33.0,24.327532052993774,0.0402984619140625
ctx,4,1,16384,4096,4096,10,,,10000000,4892610,48.9,6.04837965965271,0.056813955307006836
ctx,4,1,16384,4096,4096,10,True,,10000000,4869117,48.7,6.023216247558594,0.05906820297241211
ctx,4,1,16384,4096,4096,1000,,,10000000,4864360,48.6,6.127925157546997,0.056601524353027344
ctx,4,1,16384,4096,4096,1000,True,,10000000,4839283,48.4,6.510284900665283,0.056365013122558594
ctx,4,1,16384,4096,4096,0,,,10000000,4864360,48.6,6.160996198654175,0.057862281799316406
ctx,4,1,16384,4096,4096,0,True,,10000000,4839283,48.4,6.418909788131714,0.055937767028808594
ctx,4,1,16384,4096,16384,10,,,10000000,4892610,48.9,5.927332878112793,0.06010031700134277
ctx,4,1,16384,4096,16384,10,True,,10000000,4869117,48.7,6.552146911621094,0.05858278274536133
ctx,4,1,16384,4096,16384,1000,,,10000000,4864360,48.6,6.576776742935181,0.05694913864135742
ctx,4,1,16384,4096,16384,1000,True,,10000000,4839283,48.4,6.181177854537964,0.05641460418701172
ctx,4,1,16384,4096,16384,0,,,10000000,4864360,48.6,6.0153868198394775,0.05556225776672363
ctx,4,1,16384,4096,16384,0,True,,10000000,4839283,48.4,5.960649490356445,0.05708575248718262
ctx,4,1,16384,16384,4096,10,,,10000000,4693575,46.9,5.824857234954834,0.05692481994628906
ctx,4,1,16384,16384,4096,10,True,,10000000,4668019,46.7,5.99595832824707,0.05465841293334961
ctx,4,1,16384,16384,4096,1000,,,10000000,4651729,46.5,5.89209508895874,0.051931142807006836
ctx,4,1,16384,16384,4096,1000,True,,10000000,4620577,46.2,5.929117202758789,0.05341768264770508
ctx,4,1,16384,16384,4096,0,,,10000000,4651729,46.5,5.9719836711883545,0.05262613296508789
ctx,4,1,16384,16384,4096,0,True,,10000000,4620577,46.2,5.887563705444336,0.05379652976989746
ctx,4,1,16384,16384,16384,10,,,10000000,4693575,46.9,6.548254489898682,0.05521655082702637
ctx,4,1,16384,16384,16384,10,True,,10000000,4668019,46.7,5.9018800258636475,0.0560305118560791
ctx,4,1,16384,16384,16384,1000,,,10000000,4651729,46.5,5.825893402099609,0.05302834510803223
ctx,4,1,16384,16384,16384,1000,True,,10000000,4620577,46.2,5.997768878936768,0.05474448204040527
ctx,4,1,16384,16384,16384,0,,,10000000,4651729,46.5,5.9416351318359375,0.053098440170288086
ctx,4,1,16384,16384,16384,0,True,,10000000,4620577,46.2,6.004613161087036,0.05386161804199219
ctx,4,1,65536,4096,4096,10,,,10000000,4700021,47.0,1.9292433261871338,0.05457043647766113
ctx,4,1,65536,4096,4096,10,True,,10000000,4678739,46.8,1.7432479858398438,0.05640602111816406
ctx,4,1,65536,4096,4096,1000,,,10000000,4667677,46.7,1.8732798099517822,0.053374528884887695
ctx,4,1,65536,4096,4096,1000,True,,10000000,4644627,46.4,1.8478972911834717,0.05319333076477051
ctx,4,1,65536,4096,4096,0,,,10000000,4667677,46.7,1.788942575454712,0.05441761016845703
ctx,4,1,65536,4096,4096,0,True,,10000000,4644627,46.4,1.6893839836120605,0.05319046974182129
ctx,4,1,65536,4096,16384,10,,,10000000,4700021,47.0,1.7770884037017822,0.05475783348083496
ctx,4,1,65536,4096,16384,10,True,,10000000,4678739,46.8,1.880110740661621,0.05462980270385742
ctx,4,1,65536,4096,16384,1000,,,10000000,4667677,46.7,2.010784387588501,0.05379366874694824
ctx,4,1,65536,4096,16384,1000,True,,10000000,4644627,46.4,1.7918603420257568,0.05557727813720703
ctx,4,1,65536,4096,16384,0,,,10000000,4667677,46.7,1.8882646560668945,0.05451393127441406
ctx,4,1,65536,4096,16384,0,True,,10000000,4644627,46.4,1.7013003826141357,0.0553591251373291
ctx,4,1,65536,4096,65536,10,,,10000000,4700021,47.0,1.6932909488677979,0.05523252487182617
ctx,4,1,65536,4096,65536,10,True,,10000000,4678739,46.8,1.715174913406372,0.05448102951049805
ctx,4,1,65536,4096,65536,1000,,,10000000,4667677,46.7,1.6436047554016113,0.053813934326171875
ctx,4,1,65536,4096,65536,1000,True,,10000000,4644627,46.4,1.734621524810791,0.054515838623046875
ctx,4,1,65536,4096,65536,0,,,10000000,4667677,46.7,1.6596522331237793,0.054930925369262695
ctx,4,1,65536,4096,65536,0,True,,10000000,4644627,46.4,1.769031047821045,0.05459761619567871
ctx,4,1,65536,16384,4096,10,,,10000000,4280636,42.8,1.6110436916351318,0.049599409103393555
ctx,4,1,65536,16384,4096,10,True,,10000000,4262166,42.6,1.6642444133758545,0.05004072189331055
ctx,4,1,65536,16384,4096,1000,,,10000000,4205898,42.1,1.7119693756103516,0.04855990409851074
ctx,4,1,65536,16384,4096,1000,True,,10000000,4179677,41.8,1.6551458835601807,0.04649519920349121
ctx,4,1,65536,16384,4096,0,,,10000000,4205892,42.1,1.5542981624603271,0.04700517654418945
ctx,4,1,65536,16384,4096,0,True,,10000000,4179678,41.8,1.4690845012664795,0.048273563385009766
ctx,4,1,65536,16384,16384,10,,,10000000,4280636,42.8,1.6250934600830078,0.04804706573486328
ctx,4,1,65536,16384,16384,10,True,,10000000,4262166,42.6,1.491353988647461,0.04856061935424805
ctx,4,1,65536,16384,16384,1000,,,10000000,4205898,42.1,1.5907607078552246,0.04745173454284668
ctx,4,1,65536,16384,16384,1000,True,,10000000,4179677,41.8,1.5777432918548584,0.046831369400024414
ctx,4,1,65536,16384,16384,0,,,10000000,4205892,42.1,1.586594820022583,0.045892953872680664
ctx,4,1,65536,16384,16384,0,True,,10000000,4179678,41.8,1.5513379573822021,0.0474238395690918
ctx,4,1,65536,16384,65536,10,,,10000000,4280636,42.8,1.4877476692199707,0.04803323745727539
ctx,4,1,65536,16384,65536,10,True,,10000000,4262166,42.6,1.5630528926849365,0.04831647872924805
ctx,4,1,65536,16384,65536,1000,,,10000000,4205898,42.1,1.5727183818817139,0.04828524589538574
ctx,4,1,65536,16384,65536,1000,True,,10000000,4179677,41.8,1.5496644973754883,0.04808473587036133
ctx,4,1,65536,16384,65536,0,,,10000000,4205892,42.1,1.5658535957336426,0.04662299156188965
ctx,4,1,65536,16384,65536,0,True,,10000000,4179678,41.8,1.672971248626709,0.04971480369567871
ctx,4,1,65536,65536,4096,10,,,10000000,4187980,41.9,1.7014570236206055,0.04588913917541504
ctx,4,1,65536,65536,4096,10,True,,10000000,4170912,41.7,1.7741215229034424,0.04776740074157715
ctx,4,1,65536,65536,4096,1000,,,10000000,4089542,40.9,1.8828790187835693,0.04356670379638672
ctx,4,1,65536,65536,4096,1000,True,,10000000,4057701,40.6,1.7575139999389648,0.04605841636657715
ctx,4,1,65536,65536,4096,0,,,10000000,4089538,40.9,1.9556236267089844,0.047525882720947266
ctx,4,1,65536,65536,4096,0,True,,10000000,4057697,40.6,1.9850668907165527,0.045912742614746094
ctx,4,1,65536,65536,16384,10,,,10000000,4187980,41.9,2.0569403171539307,0.04796314239501953
ctx,4,1,65536,65536,16384,10,True,,10000000,4170912,41.7,2.2010796070098877,0.04837822914123535
ctx,4,1,65536,65536,16384,1000,,,10000000,4089542,40.9,2.2411623001098633,0.04690217971801758
ctx,4,1,65536,65536,16384,1000,True,,10000000,4057701,40.6,2.2658843994140625,0.047202348709106445
ctx,4,1,65536,65536,16384,0,,,10000000,4089538,40.9,2.231635332107544,0.04488706588745117
ctx,4,1,65536,65536,16384,0,True,,10000000,4057697,40.6,2.2911903858184814,0.045664072036743164
ctx,4,1,65536,65536,65536,10,,,10000000,4187980,41.9,2.343458890914917,0.05100822448730469
ctx,4,1,65536,65536,65536,10,True,,10000000,4170912,41.7,2.4508659839630127,0.04926323890686035
ctx,4,1,65536,65536,65536,1000,,,10000000,4089542,40.9,2.4275848865509033,0.04577207565307617
ctx,4,1,65536,65536,65536,1000,True,,10000000,4057701,40.6,2.265214681625366,0.04556441307067871
ctx,4,1,65536,65536,65536,0,,,10000000,4089538,40.9,2.4272279739379883,0.04503583908081055
ctx,4,1,65536,65536,65536,0,True,,10000000,4057697,40.6,2.3614718914031982,0.04613971710205078
ctx,4,1,262144,4096,4096,10,,,10000000,4650414,46.5,0.6327114105224609,0.056005239486694336
ctx,4,1,262144,4096,4096,10,True,,10000000,4629482,46.3,0.6425867080688477,0.05639481544494629
ctx,4,1,262144,4096,4096,1000,,,10000000,4616863,46.2,0.6528222560882568,0.0545353889465332
ctx,4,1,262144,4096,4096,1000,True,,10000000,4594311,45.9,0.6295039653778076,0.05568838119506836
ctx,4,1,262144,4096,4096,0,,,10000000,4616863,46.2,0.6604700088500977,0.056668758392333984
ctx,4,1,262144,4096,4096,0,True,,10000000,4594311,45.9,0.6685075759887695,0.0557098388671875
ctx,4,1,262144,4096,16384,10,,,10000000,4650414,46.5,0.6940116882324219,0.056783437728881836
ctx,4,1,262144,4096,16384,10,True,,10000000,4629482,46.3,0.6553428173065186,0.05639958381652832
ctx,4,1,262144,4096,16384,1000,,,10000000,4616863,46.2,0.6784179210662842,0.05355501174926758
ctx,4,1,262144,4096,16384,1000,True,,10000000,4594311,45.9,0.6599061489105225,0.0584111213684082
ctx,4,1,262144,4096,16384,0,,,10000000,4616863,46.2,0.6679742336273193,0.05372428894042969
ctx,4,1,262144,4096,16384,0,True,,10000000,4594311,45.9,0.6018424034118652,0.05443882942199707
ctx,4,1,262144,4096,65536,10,,,10000000,4650414,46.5,0.6489231586456299,0.054836273193359375
ctx,4,1,262144,4096,65536,10,True,,10000000,4629482,46.3,0.6605992317199707,0.05882763862609863
ctx,4,1,262144,4096,65536,1000,,,10000000,4616863,46.2,0.7085404396057129,0.056365251541137695
ctx,4,1,262144,4096,65536,1000,True,,10000000,4594311,45.9,0.6515007019042969,0.05911064147949219
ctx,4,1,262144,4096,65536,0,,,10000000,4616863,46.2,0.6539714336395264,0.054151058197021484
ctx,4,1,262144,4096,65536,0,True,,10000000,4594311,45.9,0.6716303825378418,0.0565488338470459
ctx,4,1,262144,4096,262144,10,,,10000000,4650414,46.5,0.6105866432189941,0.055869340896606445
ctx,4,1,262144,4096,262144,10,True,,10000000,4629482,46.3,0.6141517162322998,0.05497145652770996
ctx,4,1,262144,4096,262144,1000,,,10000000,4616863,46.2,0.6567478179931641,0.055178165435791016
ctx,4,1,262144,4096,262144,1000,True,,10000000,4594311,45.9,0.6492254734039307,0.05544567108154297
ctx,4,1,262144,4096,262144,0,,,10000000,4616863,46.2,0.6573207378387451,0.05388998985290527
ctx,4,1,262144,4096,262144,0,True,,10000000,4594311,45.9,0.627387523651123,0.056493282318115234
ctx,4,1,262144,16384,4096,10,,,10000000,4164625,41.6,0.6499025821685791,0.04964613914489746
ctx,4,1,262144,16384,4096,10,True,,10000000,4149186,41.5,0.6409235000610352,0.05047440528869629
ctx,4,1,262144,16384,4096,1000,,,10000000,4079954,40.8,0.6258976459503174,0.0464935302734375
ctx,4,1,262144,16384,4096,1000,True,,10000000,4056359,40.6,0.6298315525054932,0.04693961143493652
ctx,4,1,262144,16384,4096,0,,,10000000,4079947,40.8,0.6112782955169678,0.04682612419128418
ctx,4,1,262144,16384,4096,0,True,,10000000,4056357,40.6,0.6495621204376221,0.04896283149719238
ctx,4,1,262144,16384,16384,10,,,10000000,4164625,41.6,0.6115174293518066,0.04714846611022949
ctx,4,1,262144,16384,16384,10,True,,10000000,4149186,41.5,0.663154125213623,0.04925251007080078
ctx,4,1,262144,16384,16384,1000,,,10000000,4079954,40.8,0.6200833320617676,0.0472562313079834
ctx,4,1,262144,16384,16384,1000,True,,10000000,4056359,40.6,0.6616909503936768,0.046427011489868164
ctx,4,1,262144,16384,16384,0,,,10000000,4079947,40.8,0.640333890914917,0.04712510108947754
ctx,4,1,262144,16384,16384,0,True,,10000000,4056357,40.6,0.6594057083129883,0.04774332046508789
ctx,4,1,262144,16384,65536,10,,,10000000,4164625,41.6,0.6246228218078613,0.04691028594970703
ctx,4,1,262144,16384,65536,10,True,,10000000,4149186,41.5,0.6534388065338135,0.04887962341308594
ctx,4,1,262144,16384,65536,1000,,,10000000,4079954,40.8,0.6145327091217041,0.04679226875305176
ctx,4,1,262144,16384,65536,1000,True,,10000000,4056359,40.6,0.6213533878326416,0.047744035720825195
ctx,4,1,262144,16384,65536,0,,,10000000,4079947,40.8,0.6375601291656494,0.04611325263977051
ctx,4,1,262144,16384,65536,0,True,,10000000,4056357,40.6,0.6737639904022217,0.0480647087097168
ctx,4,1,262144,16384,262144,10,,,10000000,4164625,41.6,0.6676404476165771,0.04900527000427246
ctx,4,1,262144,16384,262144,10,True,,10000000,4149186,41.5,0.6417863368988037,0.04773759841918945
ctx,4,1,262144,16384,262144,1000,,,10000000,4079954,40.8,0.6079676151275635,0.04729104042053223
ctx,4,1,262144,16384,262144,1000,True,,10000000,4056359,40.6,0.608494758605957,0.04693317413330078
ctx,4,1,262144,16384,262144,0,,,10000000,4079947,40.8,0.6437063217163086,0.04687619209289551
ctx,4,1,262144,16384,262144,0,True,,10000000,4056357,40.6,0.6588864326477051,0.046781301498413086
ctx,4,1,262144,65536,4096,10,,,10000000,3972503,39.7,0.6456005573272705,0.04727888107299805
ctx,4,1,262144,65536,4096,10,True,,10000000,3962892,39.6,0.631563663482666,0.04374432563781738
ctx,4,1,262144,65536,4096,1000,,,10000000,3816150,38.2,0.6442666053771973,0.041686296463012695
ctx,4,1,262144,65536,4096,1000,True,,10000000,3787743,37.9,0.7462856769561768,0.04245257377624512
ctx,4,1,262144,65536,4096,0,,,10000000,3816139,38.2,0.6490001678466797,0.042165517807006836
ctx,4,1,262144,65536,4096,0,True,,10000000,3787741,37.9,0.6765010356903076,0.0432586669921875
ctx,4,1,262144,65536,16384,10,,,10000000,3972503,39.7,0.628636360168457,0.044278860092163086
ctx,4,1,262144,65536,16384,10,True,,10000000,3962892,39.6,0.6330268383026123,0.04581046104431152
ctx,4,1,262144,65536,16384,1000,,,10000000,3816150,38.2,0.6604487895965576,0.044641971588134766
ctx,4,1,262144,65536,16384,1000,True,,10000000,3787743,37.9,0.7072155475616455,0.041858673095703125
ctx,4,1,262144,65536,16384,0,,,10000000,3816139,38.2,0.6995368003845215,0.04210352897644043
ctx,4,1,262144,65536,16384,0,True,,10000000,3787741,37.9,0.681190013885498,0.04406332969665527
ctx,4,1,262144,65536,65536,10,,,10000000,3972503,39.7,0.7116694450378418,0.04608416557312012
ctx,4,1,262144,65536,65536,10,True,,10000000,3962892,39.6,0.6066303253173828,0.04578804969787598
ctx,4,1,262144,65536,65536,1000,,,10000000,3816150,38.2,0.6730372905731201,0.04451799392700195
ctx,4,1,262144,65536,65536,1000,True,,10000000,3787743,37.9,0.7098739147186279,0.04292798042297363
ctx,4,1,262144,65536,65536,0,,,10000000,3816139,38.2,0.6429741382598877,0.04280877113342285
ctx,4,1,262144,65536,65536,0,True,,10000000,3787741,37.9,0.731534481048584,0.04358863830566406
ctx,4,1,262144,65536,262144,10,,,10000000,3972503,39.7,0.6458861827850342,0.043703556060791016
ctx,4,1,262144,65536,262144,10,True,,10000000,3962892,39.6,0.6527349948883057,0.045076847076416016
ctx,4,1,262144,65536,262144,1000,,,10000000,3816150,38.2,0.5804355144500732,0.04405045509338379
ctx,4,1,262144,65536,262144,1000,True,,10000000,3787743,37.9,0.7009518146514893,0.04398179054260254
ctx,4,1,262144,65536,262144,0,,,10000000,3816139,38.2,0.6179397106170654,0.04196286201477051
ctx,4,1,262144,65536,262144,0,True,,10000000,3787741,37.9,0.713254451751709,0.04192233085632324
ctx,4,1,262144,262144,4096,10,,,10000000,3938368,39.4,0.6011457443237305,0.04518771171569824
ctx,4,1,262144,262144,4096,10,True,,10000000,3930885,39.3,0.6080634593963623,0.04332375526428223
ctx,4,1,262144,262144,4096,1000,,,10000000,3744431,37.4,0.7309491634368896,0.0392603874206543
ctx,4,1,262144,262144,4096,1000,True,,10000000,3712575,37.1,0.7920007705688477,0.039225101470947266
ctx,4,1,262144,262144,4096,0,,,10000000,3743599,37.4,0.7058749198913574,0.03863835334777832
ctx,4,1,262144,262144,4096,0,True,,10000000,3711576,37.1,0.7333176136016846,0.03984498977661133
ctx,4,1,262144,262144,16384,10,,,10000000,3938368,39.4,0.4978001117706299,0.04422140121459961
ctx,4,1,262144,262144,16384,10,True,,10000000,3930885,39.3,0.5365238189697266,0.04348421096801758
ctx,4,1,262144,262144,16384,1000,,,10000000,3744431,37.4,0.6505756378173828,0.039667367935180664
ctx,4,1,262144,262144,16384,1000,True,,10000000,3712575,37.1,0.7266128063201904,0.038976192474365234
ctx,4,1,262144,262144,16384,0,,,10000000,3743599,37.4,0.6630244255065918,0.03766965866088867
ctx,4,1,262144,262144,16384,0,True,,10000000,3711576,37.1,0.7414500713348389,0.04061293601989746
ctx,4,1,262144,262144,65536,10,,,10000000,3938368,39.4,0.4457545280456543,0.04242706298828125
ctx,4,1,262144,262144,65536,10,True,,10000000,3930885,39.3,0.44024085998535156,0.044359445571899414
ctx,4,1,262144,262144,65536,1000,,,10000000,3744431,37.4,0.5999391078948975,0.03922390937805176
ctx,4,1,262144,262144,65536,1000,True,,10000000,3712575,37.1,0.7436766624450684,0.039046287536621094
ctx,4,1,262144,262144,65536,0,,,10000000,3743599,37.4,0.6179296970367432,0.03848385810852051
ctx,4,1,262144,262144,65536,0,True,,10000000,3711576,37.1,0.7714307308197021,0.04108858108520508
ctx,4,1,262144,262144,262144,10,,,10000000,3938368,39.4,0.4708282947540283,0.04299640655517578
ctx,4,1,262144,262144,262144,10,True,,10000000,3930885,39.3,0.46176719665527344,0.0435941219329834
ctx,4,1,262144,262144,262144,1000,,,10000000,3744431,37.4,0.6125392913818359,0.03995347023010254
ctx,4,1,262144,262144,262144,1000,True,,10000000,3712575,37.1,0.7254343032836914,0.03974294662475586
ctx,4,1,262144,262144,262144,0,,,10000000,3743599,37.4,0.6231768131256104,0.038754940032958984
ctx,4,1,262144,262144,262144,0,True,,10000000,3711576,37.1,0.7334492206573486,0.04140639305114746
ctx,4,1,1048576,4096,4096,10,,,10000000,4638238,46.4,0.18745756149291992,0.06084847450256348
ctx,4,1,1048576,4096,4096,10,True,,10000000,4617464,46.2,0.1948709487915039,0.06307482719421387
ctx,4,1,1048576,4096,4096,1000,,,10000000,4604320,46.0,0.19330573081970215,0.05870866775512695
ctx,4,1,1048576,4096,4096,1000,True,,10000000,4582007,45.8,0.19243693351745605,0.059502363204956055
ctx,4,1,1048576,4096,4096,0,,,10000000,4604320,46.0,0.17808771133422852,0.059172868728637695
ctx,4,1,1048576,4096,4096,0,True,,10000000,4582007,45.8,0.17794442176818848,0.06141161918640137
ctx,4,1,1048576,4096,16384,10,,,10000000,4638238,46.4,0.1757204532623291,0.05999398231506348
ctx,4,1,1048576,4096,16384,10,True,,10000000,4617464,46.2,0.2054295539855957,0.059203147888183594
ctx,4,1,1048576,4096,16384,1000,,,10000000,4604320,46.0,0.20551204681396484,0.05967211723327637
ctx,4,1,1048576,4096,16384,1000,True,,10000000,4582007,45.8,0.18219733238220215,0.0599825382232666
ctx,4,1,1048576,4096,16384,0,,,10000000,4604320,46.0,0.16698169708251953,0.06187152862548828
ctx,4,1,1048576,4096,16384,0,True,,10000000,4582007,45.8,0.18335986137390137,0.06093621253967285
ctx,4,1,1048576,4096,65536,10,,,10000000,4638238,46.4,0.19011378288269043,0.06282162666320801
ctx,4,1,1048576,4096,65536,10,True,,10000000,4617464,46.2,0.1794872283935547,0.060474395751953125
ctx,4,1,1048576,4096,65536,1000,,,10000000,4604320,46.0,0.19040250778198242,0.06036663055419922
ctx,4,1,1048576,4096,65536,1000,True,,10000000,4582007,45.8,0.19298243522644043,0.05922365188598633
ctx,4,1,1048576,4096,65536,0,,,10000000,4604320,46.0,0.18798160552978516,0.058652639389038086
ctx,4,1,1048576,4096,65536,0,True,,10000000,4582007,45.8,0.19380760192871094,0.059299468994140625
ctx,4,1,1048576,4096,262144,10,,,10000000,4638238,46.4,0.17967009544372559,0.059734344482421875
ctx,4,1,1048576,4096,262144,10,True,,10000000,4617464,46.2,0.20261883735656738,0.061841726303100586
ctx,4,1,1048576,4096,262144,1000,,,10000000,4604320,46.0,0.187286376953125,0.05901288986206055
ctx,4,1,1048576,4096,262144,1000,True,,10000000,4582007,45.8,0.20499086380004883,0.05841064453125
ctx,4,1,1048576,4096,262144,0,,,10000000,4604320,46.0,0.18400359153747559,0.059172630310058594
ctx,4,1,1048576,4096,262144,0,True,,10000000,4582007,45.8,0.2076127529144287,0.06098198890686035
ctx,4,1,1048576,4096,1048576,10,,,10000000,4638238,46.4,0.17892932891845703,0.059117794036865234
ctx,4,1,1048576,4096,1048576,10,True,,10000000,4617464,46.2,0.19341301918029785,0.06053590774536133
ctx,4,1,1048576,4096,1048576,1000,,,10000000,4604320,46.0,0.19099092483520508,0.06029152870178223
ctx,4,1,1048576,4096,1048576,1000,True,,10000000,4582007,45.8,0.18368959426879883,0.059844255447387695
ctx,4,1,1048576,4096,1048576,0,,,10000000,4604320,46.0,0.17911767959594727,0.05746603012084961
ctx,4,1,1048576,4096,1048576,0,True,,10000000,4582007,45.8,0.17582917213439941,0.06081748008728027
ctx,4,1,1048576,16384,4096,10,,,10000000,4134543,41.3,0.1784508228302002,0.050631046295166016
ctx,4,1,1048576,16384,4096,10,True,,10000000,4119936,41.2,0.1749112606048584,0.0516510009765625
ctx,4,1,1048576,16384,4096,1000,,,10000000,4046746,40.5,0.19685649871826172,0.047627925872802734
ctx,4,1,1048576,16384,4096,1000,True,,10000000,4023917,40.2,0.22543072700500488,0.05157041549682617
ctx,4,1,1048576,16384,4096,0,,,10000000,4046740,40.5,0.2155919075012207,0.04917430877685547
ctx,4,1,1048576,16384,4096,0,True,,10000000,4023915,40.2,0.2177257537841797,0.04921841621398926
ctx,4,1,1048576,16384,16384,10,,,10000000,4134543,41.3,0.18168115615844727,0.05054759979248047
ctx,4,1,1048576,16384,16384,10,True,,10000000,4119936,41.2,0.18356895446777344,0.050055503845214844
ctx,4,1,1048576,16384,16384,1000,,,10000000,4046746,40.5,0.1872692108154297,0.048303842544555664
ctx,4,1,1048576,16384,16384,1000,True,,10000000,4023917,40.2,0.2201855182647705,0.05210232734680176
ctx,4,1,1048576,16384,16384,0,,,10000000,4046740,40.5,0.1928880214691162,0.04759931564331055
ctx,4,1,1048576,16384,16384,0,True,,10000000,4023915,40.2,0.20631718635559082,0.0480499267578125
ctx,4,1,1048576,16384,65536,10,,,10000000,4134543,41.3,0.19039511680603027,0.05058407783508301
ctx,4,1,1048576,16384,65536,10,True,,10000000,4119936,41.2,0.2050623893737793,0.04938054084777832
ctx,4,1,1048576,16384,65536,1000,,,10000000,4046746,40.5,0.1965188980102539,0.048825740814208984
ctx,4,1,1048576,16384,65536,1000,True,,10000000,4023917,40.2,0.2304227352142334,0.05067276954650879
ctx,4,1,1048576,16384,65536,0,,,10000000,4046740,40.5,0.2245020866394043,0.049112796783447266
ctx,4,1,1048576,16384,65536,0,True,,10000000,4023915,40.2,0.22430706024169922,0.05124187469482422
ctx,4,1,1048576,16384,262144,10,,,10000000,4134543,41.3,0.20441985130310059,0.052430152893066406
ctx,4,1,1048576,16384,262144,10,True,,10000000,4119936,41.2,0.21441650390625,0.05205345153808594
ctx,4,1,1048576,16384,262144,1000,,,10000000,4046746,40.5,0.1911008358001709,0.048328399658203125
ctx,4,1,1048576,16384,262144,1000,True,,10000000,4023917,40.2,0.20374274253845215,0.04943132400512695
ctx,4,1,1048576,16384,262144,0,,,10000000,4046740,40.5,0.188676118850708,0.04965400695800781
ctx,4,1,1048576,16384,262144,0,True,,10000000,4023915,40.2,0.20607805252075195,0.05173945426940918
ctx,4,1,1048576,16384,1048576,10,,,10000000,4134543,41.3,0.18431305885314941,0.051088571548461914
ctx,4,1,1048576,16384,1048576,10,True,,10000000,4119936,41.2,0.18021821975708008,0.050606727600097656
ctx,4,1,1048576,16384,1048576,1000,,,10000000,4046746,40.5,0.19161629676818848,0.04860544204711914
ctx,4,1,1048576,16384,1048576,1000,True,,10000000,4023917,40.2,0.23039984703063965,0.049462318420410156
ctx,4,1,1048576,16384,1048576,0,,,10000000,4046740,40.5,0.18262791633605957,0.04856371879577637
ctx,4,1,1048576,16384,1048576,0,True,,10000000,4023915,40.2,0.21303296089172363,0.05033159255981445
ctx,4,1,1048576,65536,4096,10,,,10000000,3908422,39.1,0.16567587852478027,0.04569745063781738
ctx,4,1,1048576,65536,4096,10,True,,10000000,3901729,39.0,0.1752631664276123,0.04687213897705078
ctx,4,1,1048576,65536,4096,1000,,,10000000,3732344,37.3,0.27703022956848145,0.04250741004943848
ctx,4,1,1048576,65536,4096,1000,True,,10000000,3706162,37.1,0.30626392364501953,0.044348716735839844
ctx,4,1,1048576,65536,4096,0,,,10000000,3732328,37.3,0.2531919479370117,0.04273509979248047
ctx,4,1,1048576,65536,4096,0,True,,10000000,3706149,37.1,0.3164212703704834,0.04545092582702637
ctx,4,1,1048576,65536,16384,10,,,10000000,3908422,39.1,0.19039654731750488,0.04839015007019043
ctx,4,1,1048576,65536,16384,10,True,,10000000,3901729,39.0,0.1825268268585205,0.046364784240722656
ctx,4,1,1048576,65536,16384,1000,,,10000000,3732344,37.3,0.25759053230285645,0.043886423110961914
ctx,4,1,1048576,65536,16384,1000,True,,10000000,3706162,37.1,0.3058781623840332,0.042900800704956055
ctx,4,1,1048576,65536,16384,0,,,10000000,3732328,37.3,0.2609081268310547,0.04510951042175293
ctx,4,1,1048576,65536,16384,0,True,,10000000,3706149,37.1,0.3124532699584961,0.044731855392456055
ctx,4,1,1048576,65536,65536,10,,,10000000,3908422,39.1,0.17939186096191406,0.04804587364196777
ctx,4,1,1048576,65536,65536,10,True,,10000000,3901729,39.0,0.17795872688293457,0.04959678649902344
ctx,4,1,1048576,65536,65536,1000,,,10000000,3732344,37.3,0.2422471046447754,0.04182863235473633
ctx,4,1,1048576,65536,65536,1000,True,,10000000,3706162,37.1,0.3179666996002197,0.04422616958618164
ctx,4,1,1048576,65536,65536,0,,,10000000,3732328,37.3,0.2687807083129883,0.04307389259338379
ctx,4,1,1048576,65536,65536,0,True,,10000000,3706149,37.1,0.3045620918273926,0.045923471450805664
ctx,4,1,1048576,65536,262144,10,,,10000000,3908422,39.1,0.17976880073547363,0.04666256904602051
ctx,4,1,1048576,65536,262144,10,True,,10000000,3901729,39.0,0.19301366806030273,0.04861855506896973
ctx,4,1,1048576,65536,262144,1000,,,10000000,3732344,37.3,0.26184821128845215,0.04236197471618652
ctx,4,1,1048576,65536,262144,1000,True,,10000000,3706162,37.1,0.3299117088317871,0.04371023178100586
ctx,4,1,1048576,65536,262144,0,,,10000000,3732328,37.3,0.2530648708343506,0.04303312301635742
ctx,4,1,1048576,65536,262144,0,True,,10000000,3706149,37.1,0.3363797664642334,0.04386758804321289
ctx,4,1,1048576,65536,1048576,10,,,10000000,3908422,39.1,0.1746683120727539,0.0462191104888916
ctx,4,1,1048576,65536,1048576,10,True,,10000000,3901729,39.0,0.17829442024230957,0.047515869140625
ctx,4,1,1048576,65536,1048576,1000,,,10000000,3732344,37.3,0.25732946395874023,0.04388141632080078
ctx,4,1,1048576,65536,1048576,1000,True,,10000000,3706162,37.1,0.3160400390625,0.04336094856262207
ctx,4,1,1048576,65536,1048576,0,,,10000000,3732328,37.3,0.2636265754699707,0.04389333724975586
ctx,4,1,1048576,65536,1048576,0,True,,10000000,3706149,37.1,0.3300187587738037,0.04352450370788574
ctx,4,1,1048576,262144,4096,10,,,10000000,3834260,38.3,0.19872260093688965,0.04521441459655762
ctx,4,1,1048576,262144,4096,10,True,,10000000,3834406,38.3,0.19234323501586914,0.04645061492919922
ctx,4,1,1048576,262144,4096,1000,,,10000000,3555112,35.6,0.47762346267700195,0.0402522087097168
ctx,4,1,1048576,262144,4096,1000,True,,10000000,3527221,35.3,0.7191624641418457,0.04167580604553223
ctx,4,1,1048576,262144,4096,0,,,10000000,3551696,35.5,0.535252571105957,0.03772544860839844
ctx,4,1,1048576,262144,4096,0,True,,10000000,3523393,35.2,0.8139424324035645,0.038973331451416016
ctx,4,1,1048576,262144,16384,10,,,10000000,3834260,38.3,0.18546247482299805,0.04372143745422363
ctx,4,1,1048576,262144,16384,10,True,,10000000,3834406,38.3,0.1727898120880127,0.04555082321166992
ctx,4,1,1048576,262144,16384,1000,,,10000000,3555112,35.6,0.4669175148010254,0.03970193862915039
ctx,4,1,1048576,262144,16384,1000,True,,10000000,3527221,35.3,0.7177619934082031,0.04008889198303223
ctx,4,1,1048576,262144,16384,0,,,10000000,3551696,35.5,0.5448386669158936,0.03904247283935547
ctx,4,1,1048576,262144,16384,0,True,,10000000,3523393,35.2,0.8263373374938965,0.0415799617767334
ctx,4,1,1048576,262144,65536,10,,,10000000,3834260,38.3,0.1985340118408203,0.04420590400695801
ctx,4,1,1048576,262144,65536,10,True,,10000000,3834406,38.3,0.18903803825378418,0.04753518104553223
ctx,4,1,1048576,262144,65536,1000,,,10000000,3555112,35.6,0.48097944259643555,0.040291786193847656
ctx,4,1,1048576,262144,65536,1000,True,,10000000,3527221,35.3,0.7264688014984131,0.04014134407043457
ctx,4,1,1048576,262144,65536,0,,,10000000,3551696,35.5,0.5439004898071289,0.039769887924194336
ctx,4,1,1048576,262144,65536,0,True,,10000000,3523393,35.2,0.8132305145263672,0.0408327579498291
ctx,4,1,1048576,262144,262144,10,,,10000000,3834260,38.3,0.1807568073272705,0.04633760452270508
ctx,4,1,1048576,262144,262144,10,True,,10000000,3834406,38.3,0.20490264892578125,0.045221805572509766
ctx,4,1,1048576,262144,262144,1000,,,10000000,3555112,35.6,0.4863882064819336,0.04067564010620117
ctx,4,1,1048576,262144,262144,1000,True,,10000000,3527221,35.3,0.7279102802276611,0.03937411308288574
ctx,4,1,1048576,262144,262144,0,,,10000000,3551696,35.5,0.5292892456054688,0.039154052734375
ctx,4,1,1048576,262144,262144,0,True,,10000000,3523393,35.2,0.8044817447662354,0.04007840156555176
ctx,4,1,1048576,262144,1048576,10,,,10000000,3834260,38.3,0.18761587142944336,0.04483175277709961
ctx,4,1,1048576,262144,1048576,10,True,,10000000,3834406,38.3,0.18616819381713867,0.0464479923248291
ctx,4,1,1048576,262144,1048576,1000,,,10000000,3555112,35.6,0.4876115322113037,0.03913736343383789
ctx,4,1,1048576,262144,1048576,1000,True,,10000000,3527221,35.3,0.7061634063720703,0.039517879486083984
ctx,4,1,1048576,262144,1048576,0,,,10000000,3551696,35.5,0.5430476665496826,0.04185175895690918
ctx,4,1,1048576,262144,1048576,0,True,,10000000,3523393,35.2,0.8239929676055908,0.039902687072753906
ctx,4,1,1048576,1048576,4096,10,,,10000000,3820085,38.2,0.1728992462158203,0.04331541061401367
ctx,4,1,1048576,1048576,4096,10,True,,10000000,3823108,38.2,0.17969036102294922,0.04621696472167969
ctx,4,1,1048576,1048576,4096,1000,,,10000000,3504430,35.0,1.0303056240081787,0.03889656066894531
ctx,4,1,1048576,1048576,4096,1000,True,,10000000,3478254,34.8,1.6318254470825195,0.04060077667236328
ctx,4,1,1048576,1048576,4096,0,,,10000000,3495502,35.0,1.6752588748931885,0.03787398338317871
ctx,4,1,1048576,1048576,4096,0,True,,10000000,3467412,34.7,2.6424169540405273,0.03887009620666504
ctx,4,1,1048576,1048576,16384,10,,,10000000,3820085,38.2,0.19298768043518066,0.04529690742492676
ctx,4,1,1048576,1048576,16384,10,True,,10000000,3823108,38.2,0.198439359664917,0.044631242752075195
ctx,4,1,1048576,1048576,16384,1000,,,10000000,3504430,35.0,1.0072920322418213,0.04025673866271973
ctx,4,1,1048576,1048576,16384,1000,True,,10000000,3478254,34.8,1.7643733024597168,0.041449785232543945
ctx,4,1,1048576,1048576,16384,0,,,10000000,3495502,35.0,1.636289119720459,0.037956953048706055
ctx,4,1,1048576,1048576,16384,0,True,,10000000,3467412,34.7,2.7729015350341797,0.03854036331176758
ctx,4,1,1048576,1048576,65536,10,,,10000000,3820085,38.2,0.17008161544799805,0.044051170349121094
ctx,4,1,1048576,1048576,65536,10,True,,10000000,3823108,38.2,0.2000746726989746,0.04505133628845215
ctx,4,1,1048576,1048576,65536,1000,,,10000000,3504430,35.0,1.0361242294311523,0.039208412170410156
ctx,4,1,1048576,1048576,65536,1000,True,,10000000,3478254,34.8,1.6305139064788818,0.039527177810668945
ctx,4,1,1048576,1048576,65536,0,,,10000000,3495502,35.0,1.6908535957336426,0.037346601486206055
ctx,4,1,1048576,1048576,65536,0,True,,10000000,3467412,34.7,2.76102614402771,0.03802967071533203
ctx,4,1,1048576,1048576,262144,10,,,10000000,3820085,38.2,0.1700150966644287,0.04383730888366699
ctx,4,1,1048576,1048576,262144,10,True,,10000000,3823108,38.2,0.20171046257019043,0.044974565505981445
ctx,4,1,1048576,1048576,262144,1000,,,10000000,3504430,35.0,0.9879541397094727,0.038181304931640625
ctx,4,1,1048576,1048576,262144,1000,True,,10000000,3478254,34.8,1.7321100234985352,0.04083132743835449
ctx,4,1,1048576,1048576,262144,0,,,10000000,3495502,35.0,1.7215869426727295,0.03916740417480469
ctx,4,1,1048576,1048576,262144,0,True,,10000000,3467412,34.7,2.674161672592163,0.03975558280944824
ctx,4,1,1048576,1048576,1048576,10,,,10000000,3820085,38.2,0.1750805377960205,0.04409003257751465
ctx,4,1,1048576,1048576,1048576,10,True,,10000000,3823108,38.2,0.18839502334594727,0.04533123970031738
ctx,4,1,1048576,1048576,1048576,1000,,,10000000,3504430,35.0,1.0248992443084717,0.03677821159362793
ctx,4,1,1048576,1048576,1048576,1000,True,,10000000,3478254,34.8,1.7000365257263184,0.0425114631652832
ctx,4,1,1048576,1048576,1048576,0,,,10000000,3495502,35.0,1.7054157257080078,0.03909921646118164
ctx,4,1,1048576,1048576,1048576,0,True,,10000000,3467412,34.7,2.73156476020813,0.03824210166931152
ctx,4,1,16384,4096,4096,10,,True,10000000,4848388,48.5,6.24950385093689,0.057654380798339844
ctx,4,1,16384,4096,4096,1000,,True,10000000,4819342,48.2,6.0123069286346436,0.057299137115478516
ctx,4,1,16384,4096,4096,0,,True,10000000,4819342,48.2,6.009228944778442,0.0577847957611084
ctx,4,1,16384,4096,16384,10,,True,10000000,4848388,48.5,5.941421985626221,0.05671048164367676
ctx,4,1,16384,4096,16384,1000,,True,10000000,4819342,48.2,6.417950391769409,0.054581642150878906
ctx,4,1,16384,4096,16384,0,,True,10000000,4819342,48.2,5.934528827667236,0.057945966720581055
ctx,4,1,16384,16384,4096,10,,True,10000000,4618162,46.2,6.0893847942352295,0.05491805076599121
ctx,4,1,16384,16384,4096,1000,,True,10000000,4569553,45.7,6.176927804946899,0.0561676025390625
ctx,4,1,16384,16384,4096,0,,True,10000000,4569553,45.7,6.054886341094971,0.05524635314941406
ctx,4,1,16384,16384,16384,10,,True,10000000,4618162,46.2,5.931982040405273,0.054116010665893555
ctx,4,1,16384,16384,16384,1000,,True,10000000,4569553,45.7,6.427251577377319,0.05303597450256348
ctx,4,1,16384,16384,16384,0,,True,10000000,4569553,45.7,8.304778337478638,0.054329633712768555
ctx,4,1,65536,4096,4096,10,,True,10000000,4658305,46.6,2.3133158683776855,0.05452728271484375
ctx,4,1,65536,4096,4096,1000,,True,10000000,4625383,46.3,2.424558639526367,0.055597782135009766
ctx,4,1,65536,4096,4096,0,,True,10000000,4625383,46.3,2.488032579421997,0.05702829360961914
ctx,4,1,65536,4096,16384,10,,True,10000000,4658305,46.6,2.3170909881591797,0.056006431579589844
ctx,4,1,65536,4096,16384,1000,,True,10000000,4625383,46.3,2.2952888011932373,0.05625104904174805
ctx,4,1,65536,4096,16384,0,,True,10000000,4625383,46.3,2.3514387607574463,0.05454206466674805
ctx,4,1,65536,4096,65536,10,,True,10000000,4658305,46.6,2.465393304824829,0.05735158920288086
ctx,4,1,65536,4096,65536,1000,,True,10000000,4625383,46.3,2.333956480026245,0.05637407302856445
ctx,4,1,65536,4096,65536,0,,True,10000000,4625383,46.3,2.3477110862731934,0.05583810806274414
ctx,4,1,65536,16384,4096,10,,True,10000000,4200096,42.0,2.3845250606536865,0.05068492889404297
ctx,4,1,65536,16384,4096,1000,,True,10000000,4119224,41.2,2.51456880569458,0.05006718635559082
ctx,4,1,65536,16384,4096,0,,True,10000000,4119222,41.2,2.4405739307403564,0.04886674880981445
ctx,4,1,65536,16384,16384,10,,True,10000000,4200096,42.0,2.4046778678894043,0.050148963928222656
ctx,4,1,65536,16384,16384,1000,,True,10000000,4119224,41.2,2.4212114810943604,0.049358367919921875
ctx,4,1,65536,16384,16384,0,,True,10000000,4119222,41.2,2.43074893951416,0.05047297477722168
ctx,4,1,65536,16384,65536,10,,True,10000000,4200096,42.0,2.4324328899383545,0.049063682556152344
ctx,4,1,65536,16384,65536,1000,,True,10000000,4119224,41.2,2.449817419052124,0.0490114688873291
ctx,4,1,65536,16384,65536,0,,True,10000000,4119222,41.2,2.377746105194092,0.049036264419555664
ctx,4,1,65536,65536,4096,10,,True,10000000,4090239,40.9,2.3738045692443848,0.04778599739074707
ctx,4,1,65536,65536,4096,1000,,True,10000000,3974461,39.7,2.670905113220215,0.047475337982177734
ctx,4,1,65536,65536,4096,0,,True,10000000,3974460,39.7,2.716885566711426,0.047100067138671875
ctx,4,1,65536,65536,16384,10,,True,10000000,4090239,40.9,2.522043466567993,0.04758501052856445
ctx,4,1,65536,65536,16384,1000,,True,10000000,3974461,39.7,2.652148723602295,0.04607248306274414
ctx,4,1,65536,65536,16384,0,,True,10000000,3974460,39.7,2.851128578186035,0.049169063568115234
ctx,4,1,65536,65536,65536,10,,True,10000000,4090239,40.9,2.510897636413574,0.048169851303100586
ctx,4,1,65536,65536,65536,1000,,True,10000000,3974461,39.7,2.6749825477600098,0.046621084213256836
ctx,4,1,65536,65536,65536,0,,True,10000000,3974460,39.7,2.732396364212036,0.047005414962768555
ctx,4,1,262144,4096,4096,10,,True,10000000,4609192,46.1,0.7543520927429199,0.056653738021850586
ctx,4,1,262144,4096,4096,1000,,True,10000000,4575214,45.8,0.8188097476959229,0.05631852149963379
ctx,4,1,262144,4096,4096,0,,True,10000000,4575214,45.8,0.8065462112426758,0.05446767807006836
ctx,4,1,262144,4096,16384,10,,True,10000000,4609192,46.1,0.7747049331665039,0.05611729621887207
ctx,4,1,262144,4096,16384,1000,,True,10000000,4575214,45.8,0.7658782005310059,0.055318355560302734
ctx,4,1,262144,4096,16384,0,,True,10000000,4575214,45.8,0.8000144958496094,0.055757999420166016
ctx,4,1,262144,4096,65536,10,,True,10000000,4609192,46.1,0.7236599922180176,0.05661773681640625
ctx,4,1,262144,4096,65536,1000,,True,10000000,4575214,45.8,0.8086934089660645,0.0562286376953125
ctx,4,1,262144,4096,65536,0,,True,10000000,4575214,45.8,0.78523850440979,0.05512189865112305
ctx,4,1,262144,4096,262144,10,,True,10000000,4609192,46.1,0.7712805271148682,0.05649375915527344
ctx,4,1,262144,4096,262144,1000,,True,10000000,4575214,45.8,0.853518009185791,0.05543231964111328
ctx,4,1,262144,4096,262144,0,,True,10000000,4575214,45.8,0.7949740886688232,0.05615687370300293
ctx,4,1,262144,16384,4096,10,,True,10000000,4086622,40.9,0.7865960597991943,0.04921388626098633
ctx,4,1,262144,16384,4096,1000,,True,10000000,3996726,40.0,0.9635870456695557,0.04763936996459961
ctx,4,1,262144,16384,4096,0,,True,10000000,3996723,40.0,0.9675559997558594,0.048815011978149414
ctx,4,1,262144,16384,16384,10,,True,10000000,4086622,40.9,0.8464369773864746,0.04878354072570801
ctx,4,1,262144,16384,16384,1000,,True,10000000,3996726,40.0,0.9752964973449707,0.04660940170288086
ctx,4,1,262144,16384,16384,0,,True,10000000,3996723,40.0,1.000464677810669,0.048491477966308594
ctx,4,1,262144,16384,65536,10,,True,10000000,4086622,40.9,0.7363588809967041,0.04784679412841797
ctx,4,1,262144,16384,65536,1000,,True,10000000,3996726,40.0,0.9923591613769531,0.04677176475524902
ctx,4,1,262144,16384,65536,0,,True,10000000,3996723,40.0,1.0204389095306396,0.04870033264160156
ctx,4,1,262144,16384,262144,10,,True,10000000,4086622,40.9,0.7880961894989014,0.04793119430541992
ctx,4,1,262144,16384,262144,1000,,True,10000000,3996726,40.0,0.9857549667358398,0.04652833938598633
ctx,4,1,262144,16384,262144,0,,True,10000000,3996723,40.0,0.991936206817627,0.049176692962646484
ctx,4,1,262144,65536,4096,10,,True,10000000,3874055,38.7,0.7784297466278076,0.04612088203430176
ctx,4,1,262144,65536,4096,1000,,True,10000000,3701351,37.0,1.6047532558441162,0.042905330657958984
ctx,4,1,262144,65536,4096,0,,True,10000000,3701340,37.0,1.4564268589019775,0.04407000541687012
ctx,4,1,262144,65536,16384,10,,True,10000000,3874055,38.7,0.6264617443084717,0.046629905700683594
ctx,4,1,262144,65536,16384,1000,,True,10000000,3701351,37.0,1.4682025909423828,0.04509258270263672
ctx,4,1,262144,65536,16384,0,,True,10000000,3701340,37.0,1.4726693630218506,0.044106245040893555
ctx,4,1,262144,65536,65536,10,,True,10000000,3874055,38.7,0.6439025402069092,0.04602813720703125
ctx,4,1,262144,65536,65536,1000,,True,10000000,3701351,37.0,1.4759290218353271,0.043369293212890625
ctx,4,1,262144,65536,65536,0,,True,10000000,3701340,37.0,1.5060231685638428,0.0433042049407959
ctx,4,1,262144,65536,262144,10,,True,10000000,3874055,38.7,0.6960446834564209,0.0469210147857666
ctx,4,1,262144,65536,262144,1000,,True,10000000,3701351,37.0,1.5039987564086914,0.04420638084411621
ctx,4,1,262144,65536,262144,0,,True,10000000,3701340,37.0,1.471691370010376,0.044455528259277344
ctx,4,1,262144,262144,4096,10,,True,10000000,3816740,38.2,0.6357440948486328,0.04561758041381836
ctx,4,1,262144,262144,4096,1000,,True,10000000,3588731,35.9,2.5203256607055664,0.04020571708679199
ctx,4,1,262144,262144,4096,0,,True,10000000,3587826,35.9,2.6966121196746826,0.040796518325805664
ctx,4,1,262144,262144,16384,10,,True,10000000,3816740,38.2,0.6934483051300049,0.04509401321411133
ctx,4,1,262144,262144,16384,1000,,True,10000000,3588731,35.9,2.5093507766723633,0.04091358184814453
ctx,4,1,262144,262144,16384,0,,True,10000000,3587826,35.9,2.7006096839904785,0.04021906852722168
ctx,4,1,262144,262144,65536,10,,True,10000000,3816740,38.2,0.6803162097930908,0.04543781280517578
ctx,4,1,262144,262144,65536,1000,,True,10000000,3588731,35.9,2.524332046508789,0.0420374870300293
ctx,4,1,262144,262144,65536,0,,True,10000000,3587826,35.9,2.719801902770996,0.04022669792175293
ctx,4,1,262144,262144,262144,10,,True,10000000,3816740,38.2,0.649179220199585,0.04411792755126953
ctx,4,1,262144,262144,262144,1000,,True,10000000,3588731,35.9,2.482450485229492,0.04224395751953125
ctx,4,1,262144,262144,262144,0,,True,10000000,3587826,35.9,2.7222695350646973,0.04052257537841797
ctx,4,1,1048576,4096,4096,10,,True,10000000,4597181,46.0,0.4071941375732422,0.06103825569152832
ctx,4,1,1048576,4096,4096,1000,,True,10000000,4562881,45.6,0.47422337532043457,0.06043529510498047
ctx,4,1,1048576,4096,4096,0,,True,10000000,4562881,45.6,0.4577064514160156,0.06065511703491211
ctx,4,1,1048576,4096,16384,10,,True,10000000,4597181,46.0,0.39762306213378906,0.061699867248535156
ctx,4,1,1048576,4096,16384,1000,,True,10000000,4562881,45.6,0.46845579147338867,0.060932159423828125
ctx,4,1,1048576,4096,16384,0,,True,10000000,4562881,45.6,0.4689514636993408,0.06086397171020508
ctx,4,1,1048576,4096,65536,10,,True,10000000,4597181,46.0,0.40599894523620605,0.06140017509460449
ctx,4,1,1048576,4096,65536,1000,,True,10000000,4562881,45.6,0.4582521915435791,0.060805320739746094
ctx,4,1,1048576,4096,65536,0,,True,10000000,4562881,45.6,0.4731137752532959,0.06118345260620117
ctx,4,1,1048576,4096,262144,10,,True,10000000,4597181,46.0,0.42221832275390625,0.062255144119262695
ctx,4,1,1048576,4096,262144,1000,,True,10000000,4562881,45.6,0.46976494789123535,0.06083559989929199
ctx,4,1,1048576,4096,262144,0,,True,10000000,4562881,45.6,0.44311046600341797,0.06175565719604492
ctx,4,1,1048576,4096,1048576,10,,True,10000000,4597181,46.0,0.43888163566589355,0.06187558174133301
ctx,4,1,1048576,4096,1048576,1000,,True,10000000,4562881,45.6,0.4742727279663086,0.06199455261230469
ctx,4,1,1048576,4096,1048576,0,,True,10000000,4562881,45.6,0.4772040843963623,0.06143903732299805
ctx,4,1,1048576,16384,4096,10,,True,10000000,4056914,40.6,0.4683876037597656,0.05030417442321777
ctx,4,1,1048576,16384,4096,1000,,True,10000000,3964392,39.6,0.7039709091186523,0.04858088493347168
ctx,4,1,1048576,16384,4096,0,,True,10000000,3964387,39.6,0.7156531810760498,0.04906582832336426
ctx,4,1,1048576,16384,16384,10,,True,10000000,4056914,40.6,0.46759891510009766,0.05244636535644531
ctx,4,1,1048576,16384,16384,1000,,True,10000000,3964392,39.6,0.6968569755554199,0.0499577522277832
ctx,4,1,1048576,16384,16384,0,,True,10000000,3964387,39.6,0.7135772705078125,0.05211949348449707
ctx,4,1,1048576,16384,65536,10,,True,10000000,4056914,40.6,0.45252346992492676,0.05202460289001465
ctx,4,1,1048576,16384,65536,1000,,True,10000000,3964392,39.6,0.6930572986602783,0.050183773040771484
ctx,4,1,1048576,16384,65536,0,,True,10000000,3964387,39.6,0.7295253276824951,0.050354957580566406
ctx,4,1,1048576,16384,262144,10,,True,10000000,4056914,40.6,0.4072737693786621,0.051752567291259766
ctx,4,1,1048576,16384,262144,1000,,True,10000000,3964392,39.6,0.7183465957641602,0.05001997947692871
ctx,4,1,1048576,16384,262144,0,,True,10000000,3964387,39.6,0.6922163963317871,0.05023622512817383
ctx,4,1,1048576,16384,1048576,10,,True,10000000,4056914,40.6,0.44445300102233887,0.050910234451293945
ctx,4,1,1048576,16384,1048576,1000,,True,10000000,3964392,39.6,0.715623140335083,0.04921245574951172
ctx,4,1,1048576,16384,1048576,0,,True,10000000,3964387,39.6,0.7114524841308594,0.04996514320373535
ctx,4,1,1048576,65536,4096,10,,True,10000000,3811868,38.1,0.4601006507873535,0.04535317420959473
ctx,4,1,1048576,65536,4096,1000,,True,10000000,3621823,36.2,1.543372631072998,0.0448148250579834
ctx,4,1,1048576,65536,4096,0,,True,10000000,3621810,36.2,1.544581651687622,0.04551839828491211
ctx,4,1,1048576,65536,16384,10,,True,10000000,3811868,38.1,0.47179102897644043,0.04668593406677246
ctx,4,1,1048576,65536,16384,1000,,True,10000000,3621823,36.2,1.523134469985962,0.04375290870666504
ctx,4,1,1048576,65536,16384,0,,True,10000000,3621810,36.2,1.5399320125579834,0.04277515411376953
ctx,4,1,1048576,65536,65536,10,,True,10000000,3811868,38.1,0.46559953689575195,0.047043800354003906
ctx,4,1,1048576,65536,65536,1000,,True,10000000,3621823,36.2,1.5450754165649414,0.04319477081298828
ctx,4,1,1048576,65536,65536,0,,True,10000000,3621810,36.2,1.5307416915893555,0.04589200019836426
ctx,4,1,1048576,65536,262144,10,,True,10000000,3811868,38.1,0.46137166023254395,0.04720330238342285
ctx,4,1,1048576,65536,262144,1000,,True,10000000,3621823,36.2,1.5281867980957031,0.04319882392883301
ctx,4,1,1048576,65536,262144,0,,True,10000000,3621810,36.2,1.5173931121826172,0.04524827003479004
ctx,4,1,1048576,65536,1048576,10,,True,10000000,3811868,38.1,0.4716794490814209,0.046439170837402344
ctx,4,1,1048576,65536,1048576,1000,,True,10000000,3621823,36.2,1.529768466949463,0.044974327087402344
ctx,4,1,1048576,65536,1048576,0,,True,10000000,3621810,36.2,1.514578104019165,0.04498696327209473
ctx,4,1,1048576,262144,4096,10,,True,10000000,3704520,37.0,0.4727365970611572,0.04632973670959473
ctx,4,1,1048576,262144,4096,1000,,True,10000000,3392452,33.9,4.225877046585083,0.04051470756530762
ctx,4,1,1048576,262144,4096,0,,True,10000000,3389503,33.9,4.991710662841797,0.03990769386291504
ctx,4,1,1048576,262144,16384,10,,True,10000000,3704520,37.0,0.5031318664550781,0.04816627502441406
ctx,4,1,1048576,262144,16384,1000,,True,10000000,3392452,33.9,4.2463219165802,0.04097127914428711
ctx,4,1,1048576,262144,16384,0,,True,10000000,3389503,33.9,5.009178876876831,0.04152226448059082
ctx,4,1,1048576,262144,65536,10,,True,10000000,3704520,37.0,0.4704015254974365,0.04510831832885742
ctx,4,1,1048576,262144,65536,1000,,True,10000000,3392452,33.9,4.2142698764801025,0.0424044132232666
ctx,4,1,1048576,262144,65536,0,,True,10000000,3389503,33.9,5.054790496826172,0.041107177734375
ctx,4,1,1048576,262144,262144,10,,True,10000000,3704520,37.0,0.47616100311279297,0.04717540740966797
ctx,4,1,1048576,262144,262144,1000,,True,10000000,3392452,33.9,4.20951509475708,0.04058670997619629
ctx,4,1,1048576,262144,262144,0,,True,10000000,3389503,33.9,4.989572763442993,0.04105854034423828
ctx,4,1,1048576,262144,1048576,10,,True,10000000,3704520,37.0,0.4830203056335449,0.046706438064575195
ctx,4,1,1048576,262144,1048576,1000,,True,10000000,3392452,33.9,4.267672061920166,0.03947567939758301
ctx,4,1,1048576,262144,1048576,0,,True,10000000,3389503,33.9,5.013545751571655,0.04012298583984375
ctx,4,1,1048576,1048576,4096,10,,True,10000000,3674424,36.7,0.5047247409820557,0.04662895202636719
ctx,4,1,1048576,1048576,4096,1000,,True,10000000,3307065,33.1,9.782159805297852,0.03893709182739258
ctx,4,1,1048576,1048576,4096,0,,True,10000000,3298414,33.0,16.789324045181274,0.04108428955078125
ctx,4,1,1048576,1048576,16384,10,,True,10000000,3674424,36.7,0.492504358291626,0.04612159729003906
ctx,4,1,1048576,1048576,16384,1000,,True,10000000,3307065,33.1,9.390002012252808,0.03996849060058594
ctx,4,1,1048576,1048576,16384,0,,True,10000000,3298414,33.0,16.59167456626892,0.04070425033569336
ctx,4,1,1048576,1048576,65536,10,,True,10000000,3674424,36.7,0.5115723609924316,0.045029640197753906
ctx,4,1,1048576,1048576,65536,1000,,True,10000000,3307065,33.1,9.764451026916504,0.03903675079345703
ctx,4,1,1048576,1048576,65536,0,,True,10000000,3298414,33.0,16.851799488067627,0.04116344451904297
ctx,4,1,1048576,1048576,262144,10,,True,10000000,3674424,36.7,0.5083668231964111,0.045079946517944336
ctx,4,1,1048576,1048576,262144,1000,,True,10000000,3307065,33.1,9.557106256484985,0.040532827377319336
ctx,4,1,1048576,1048576,262144,0,,True,10000000,3298414,33.0,16.824050188064575,0.040411949157714844
ctx,4,1,1048576,1048576,1048576,10,,True,10000000,3674424,36.7,0.4942326545715332,0.046169281005859375
ctx,4,1,1048576,1048576,1048576,1000,,True,10000000,3307065,33.1,9.458595275878906,0.03941488265991211
ctx,4,1,1048576,1048576,1048576,0,,True,10000000,3298414,33.0,17.209162712097168,0.03938174247741699
ctx,8,1,16384,4096,4096,10,,,10000000,4892610,48.9,5.035309076309204,0.05597114562988281
ctx,8,1,16384,4096,4096,10,True,,10000000,4869117,48.7,4.787244558334351,0.05584549903869629
ctx,8,1,16384,4096,4096,1000,,,10000000,4864360,48.6,4.728836297988892,0.056742191314697266
ctx,8,1,16384,4096,4096,1000,True,,10000000,4839283,48.4,4.801607370376587,0.05984354019165039
ctx,8,1,16384,4096,4096,0,,,10000000,4864360,48.6,4.974095344543457,0.05530118942260742
ctx,8,1,16384,4096,4096,0,True,,10000000,4839283,48.4,4.714949607849121,0.05634045600891113
ctx,8,1,16384,4096,16384,10,,,10000000,4892610,48.9,5.23245906829834,0.05933713912963867
ctx,8,1,16384,4096,16384,10,True,,10000000,4869117,48.7,4.766616344451904,0.05681324005126953
ctx,8,1,16384,4096,16384,1000,,,10000000,4864360,48.6,4.939772129058838,0.05751800537109375
ctx,8,1,16384,4096,16384,1000,True,,10000000,4839283,48.4,4.879827499389648,0.05655837059020996
ctx,8,1,16384,4096,16384,0,,,10000000,4864360,48.6,6.128429651260376,0.05758309364318848
ctx,8,1,16384,4096,16384,0,True,,10000000,4839283,48.4,8.767492532730103,0.056986093521118164
ctx,8,1,16384,16384,4096,10,,,10000000,4693575,46.9,8.625623941421509,0.0548856258392334
ctx,8,1,16384,16384,4096,10,True,,10000000,4668019,46.7,8.730202198028564,0.05502915382385254
ctx,8,1,16384,16384,4096,1000,,,10000000,4651729,46.5,9.164242267608643,0.054076194763183594
ctx,8,1,16384,16384,4096,1000,True,,10000000,4620577,46.2,8.71023964881897,0.054375410079956055
ctx,8,1,16384,16384,4096,0,,,10000000,4651729,46.5,8.695528745651245,0.05340862274169922
ctx,8,1,16384,16384,4096,0,True,,10000000,4620577,46.2,8.693760871887207,0.05411100387573242
ctx,8,1,16384,16384,16384,10,,,10000000,4693575,46.9,8.667043685913086,0.05515861511230469
ctx,8,1,16384,16384,16384,10,True,,10000000,4668019,46.7,8.786205530166626,0.05419921875
ctx,8,1,16384,16384,16384,1000,,,10000000,4651729,46.5,8.780303955078125,0.05473494529724121
ctx,8,1,16384,16384,16384,1000,True,,10000000,4620577,46.2,8.983708381652832,0.05465388298034668
ctx,8,1,16384,16384,16384,0,,,10000000,4651729,46.5,8.930333137512207,0.05338406562805176
ctx,8,1,16384,16384,16384,0,True,,10000000,4620577,46.2,8.791567325592041,0.05523490905761719
ctx,8,1,65536,4096,4096,10,,,10000000,4700021,47.0,2.2216427326202393,0.05576205253601074
ctx,8,1,65536,4096,4096,10,True,,10000000,4678739,46.8,2.282651424407959,0.05446600914001465
ctx,8,1,65536,4096,4096,1000,,,10000000,4667677,46.7,2.255457878112793,0.05353069305419922
ctx,8,1,65536,4096,4096,1000,True,,10000000,4644627,46.4,2.27532958984375,0.052820444107055664
ctx,8,1,65536,4096,4096,0,,,10000000,4667677,46.7,2.3096816539764404,0.05516171455383301
ctx,8,1,65536,4096,4096,0,True,,10000000,4644627,46.4,2.348020553588867,0.0547327995300293
ctx,8,1,65536,4096,16384,10,,,10000000,4700021,47.0,2.2884435653686523,0.05572056770324707
ctx,8,1,65536,4096,16384,10,True,,10000000,4678739,46.8,2.243788719177246,0.05502891540527344
ctx,8,1,65536,4096,16384,1000,,,10000000,4667677,46.7,2.2864668369293213,0.05606865882873535
ctx,8,1,65536,4096,16384,1000,True,,10000000,4644627,46.4,2.241882801055908,0.05640411376953125
ctx,8,1,65536,4096,16384,0,,,10000000,4667677,46.7,2.3392958641052246,0.05452871322631836
ctx,8,1,65536,4096,16384,0,True,,10000000,4644627,46.4,2.2304883003234863,0.057669878005981445
ctx,8,1,65536,4096,65536,10,,,10000000,4700021,47.0,2.225111722946167,0.05415964126586914
ctx,8,1,65536,4096,65536,10,True,,10000000,4678739,46.8,2.2574970722198486,0.05614137649536133
ctx,8,1,65536,4096,65536,1000,,,10000000,4667677,46.7,2.2571146488189697,0.05364203453063965
ctx,8,1,65536,4096,65536,1000,True,,10000000,4644627,46.4,2.28178071975708,0.05424141883850098
ctx,8,1,65536,4096,65536,0,,,10000000,4667677,46.7,2.317509651184082,0.054807424545288086
ctx,8,1,65536,4096,65536,0,True,,10000000,4644627,46.4,2.325007915496826,0.05570101737976074
ctx,8,1,65536,16384,4096,10,,,10000000,4280636,42.8,2.2351510524749756,0.04775595664978027
ctx,8,1,65536,16384,4096,10,True,,10000000,4262166,42.6,2.180086851119995,0.04924917221069336
ctx,8,1,65536,16384,4096,1000,,,10000000,4205898,42.1,2.2518372535705566,0.04688286781311035
ctx,8,1,65536,16384,4096,1000,True,,10000000,4179677,41.8,2.216028928756714,0.05078244209289551
ctx,8,1,65536,16384,4096,0,,,10000000,4205892,42.1,2.2068004608154297,0.04823040962219238
ctx,8,1,65536,16384,4096,0,True,,10000000,4179678,41.8,2.2221009731292725,0.047139644622802734
ctx,8,1,65536,16384,16384,10,,,10000000,4280636,42.8,2.24165678024292,0.047977447509765625
ctx,8,1,65536,16384,16384,10,True,,10000000,4262166,42.6,2.2570669651031494,0.04957437515258789
ctx,8,1,65536,16384,16384,1000,,,10000000,4205898,42.1,2.2221598625183105,0.04662275314331055
ctx,8,1,65536,16384,16384,1000,True,,10000000,4179677,41.8,2.2305092811584473,0.04636430740356445
ctx,8,1,65536,16384,16384,0,,,10000000,4205892,42.1,2.2340123653411865,0.047887325286865234
ctx,8,1,65536,16384,16384,0,True,,10000000,4179678,41.8,2.2042319774627686,0.04703402519226074
ctx,8,1,65536,16384,65536,10,,,10000000,4280636,42.8,2.1855947971343994,0.04835057258605957
ctx,8,1,65536,16384,65536,10,True,,10000000,4262166,42.6,2.2269136905670166,0.04847455024719238
ctx,8,1,65536,16384,65536,1000,,,10000000,4205898,42.1,2.244046688079834,0.048365116119384766
ctx,8,1,65536,16384,65536,1000,True,,10000000,4179677,41.8,2.199594259262085,0.046091318130493164
ctx,8,1,65536,16384,65536,0,,,10000000,4205892,42.1,2.254944324493408,0.04734039306640625
ctx,8,1,65536,16384,65536,0,True,,10000000,4179678,41.8,2.2206108570098877,0.04767584800720215
ctx,8,1,65536,65536,4096,10,,,10000000,4187980,41.9,2.2218031883239746,0.046628475189208984
ctx,8,1,65536,65536,4096,10,True,,10000000,4170912,41.7,2.2391903400421143,0.04749631881713867
ctx,8,1,65536,65536,4096,1000,,,10000000,4089542,40.9,2.2508907318115234,0.04543805122375488
ctx,8,1,65536,65536,4096,1000,True,,10000000,4057701,40.6,2.2511885166168213,0.04529452323913574
ctx,8,1,65536,65536,4096,0,,,10000000,4089538,40.9,2.24184250831604,0.04437589645385742
ctx,8,1,65536,65536,4096,0,True,,10000000,4057697,40.6,2.2266502380371094,0.04406881332397461
ctx,8,1,65536,65536,16384,10,,,10000000,4187980,41.9,2.2642416954040527,0.04908108711242676
ctx,8,1,65536,65536,16384,10,True,,10000000,4170912,41.7,2.305145025253296,0.04848074913024902
ctx,8,1,65536,65536,16384,1000,,,10000000,4089542,40.9,2.240333080291748,0.044275760650634766
ctx,8,1,65536,65536,16384,1000,True,,10000000,4057701,40.6,2.3636128902435303,0.04521751403808594
ctx,8,1,65536,65536,16384,0,,,10000000,4089538,40.9,2.2895333766937256,0.04328298568725586
ctx,8,1,65536,65536,16384,0,True,,10000000,4057697,40.6,2.2421762943267822,0.04675126075744629
ctx,8,1,65536,65536,65536,10,,,10000000,4187980,41.9,2.243699789047241,0.046506404876708984
ctx,8,1,65536,65536,65536,10,True,,10000000,4170912,41.7,2.257030725479126,0.04824256896972656
ctx,8,1,65536,65536,65536,1000,,,10000000,4089542,40.9,2.2721333503723145,0.04511666297912598
ctx,8,1,65536,65536,65536,1000,True,,10000000,4057701,40.6,2.2822988033294678,0.04663205146789551
ctx,8,1,65536,65536,65536,0,,,10000000,4089538,40.9,2.2579872608184814,0.046295166015625
ctx,8,1,65536,65536,65536,0,True,,10000000,4057697,40.6,2.2156174182891846,0.04463934898376465
ctx,8,1,262144,4096,4096,10,,,10000000,4650414,46.5,0.6159594058990479,0.05526852607727051
ctx,8,1,262144,4096,4096,10,True,,10000000,4629482,46.3,0.6197280883789062,0.057459354400634766
ctx,8,1,262144,4096,4096,1000,,,10000000,4616863,46.2,0.619683027267456,0.05367875099182129
ctx,8,1,262144,4096,4096,1000,True,,10000000,4594311,45.9,0.6200430393218994,0.05545449256896973
ctx,8,1,262144,4096,4096,0,,,10000000,4616863,46.2,0.6372811794281006,0.052951812744140625
ctx,8,1,262144,4096,4096,0,True,,10000000,4594311,45.9,0.6504549980163574,0.05621218681335449
ctx,8,1,262144,4096,16384,10,,,10000000,4650414,46.5,0.625648021697998,0.05393362045288086
ctx,8,1,262144,4096,16384,10,True,,10000000,4629482,46.3,0.6077096462249756,0.05689716339111328
ctx,8,1,262144,4096,16384,1000,,,10000000,4616863,46.2,0.6318624019622803,0.054761409759521484
ctx,8,1,262144,4096,16384,1000,True,,10000000,4594311,45.9,0.6236035823822021,0.05419301986694336
ctx,8,1,262144,4096,16384,0,,,10000000,4616863,46.2,0.6162195205688477,0.05301213264465332
ctx,8,1,262144,4096,16384,0,True,,10000000,4594311,45.9,0.6156182289123535,0.0547032356262207
ctx,8,1,262144,4096,65536,10,,,10000000,4650414,46.5,0.6550407409667969,0.053556203842163086
ctx,8,1,262144,4096,65536,10,True,,10000000,4629482,46.3,0.6203372478485107,0.05502152442932129
ctx,8,1,262144,4096,65536,1000,,,10000000,4616863,46.2,0.6171762943267822,0.055737972259521484
ctx,8,1,262144,4096,65536,1000,True,,10000000,4594311,45.9,0.6272151470184326,0.05585289001464844
ctx,8,1,262144,4096,65536,0,,,10000000,4616863,46.2,0.621443510055542,0.053400278091430664
ctx,8,1,262144,4096,65536,0,True,,10000000,4594311,45.9,0.6434292793273926,0.05554938316345215
ctx,8,1,262144,4096,262144,10,,,10000000,4650414,46.5,0.6492345333099365,0.05440497398376465
ctx,8,1,262144,4096,262144,10,True,,10000000,4629482,46.3,0.6330540180206299,0.057009220123291016
ctx,8,1,262144,4096,262144,1000,,,10000000,4616863,46.2,0.646411657333374,0.054512739181518555
ctx,8,1,262144,4096,262144,1000,True,,10000000,4594311,45.9,0.6422116756439209,0.054052114486694336
ctx,8,1,262144,4096,262144,0,,,10000000,4616863,46.2,0.6199803352355957,0.05469322204589844
ctx,8,1,262144,4096,262144,0,True,,10000000,4594311,45.9,0.6253278255462646,0.05558323860168457
ctx,8,1,262144,16384,4096,10,,,10000000,4164625,41.6,0.610936164855957,0.04733085632324219
ctx,8,1,262144,16384,4096,10,True,,10000000,4149186,41.5,0.6379575729370117,0.04746055603027344
ctx,8,1,262144,16384,4096,1000,,,10000000,4079954,40.8,0.6114590167999268,0.04534339904785156
ctx,8,1,262144,16384,4096,1000,True,,10000000,4056359,40.6,0.6302111148834229,0.04710102081298828
ctx,8,1,262144,16384,4096,0,,,10000000,4079947,40.8,0.6149132251739502,0.045868635177612305
ctx,8,1,262144,16384,4096,0,True,,10000000,4056357,40.6,0.6199264526367188,0.045295000076293945
ctx,8,1,262144,16384,16384,10,,,10000000,4164625,41.6,0.6156327724456787,0.04931139945983887
ctx,8,1,262144,16384,16384,10,True,,10000000,4149186,41.5,0.6398465633392334,0.04745364189147949
ctx,8,1,262144,16384,16384,1000,,,10000000,4079954,40.8,0.6330204010009766,0.045552968978881836
ctx,8,1,262144,16384,16384,1000,True,,10000000,4056359,40.6,0.6272790431976318,0.0486295223236084
ctx,8,1,262144,16384,16384,0,,,10000000,4079947,40.8,0.6216411590576172,0.04569268226623535
ctx,8,1,262144,16384,16384,0,True,,10000000,4056357,40.6,0.6321091651916504,0.04686093330383301
ctx,8,1,262144,16384,65536,10,,,10000000,4164625,41.6,0.6235346794128418,0.048333168029785156
ctx,8,1,262144,16384,65536,10,True,,10000000,4149186,41.5,0.6282429695129395,0.0476071834564209
ctx,8,1,262144,16384,65536,1000,,,10000000,4079954,40.8,0.6102795600891113,0.04484415054321289
ctx,8,1,262144,16384,65536,1000,True,,10000000,4056359,40.6,0.6238069534301758,0.04589438438415527
ctx,8,1,262144,16384,65536,0,,,10000000,4079947,40.8,0.6405329704284668,0.04617142677307129
ctx,8,1,262144,16384,65536,0,True,,10000000,4056357,40.6,0.6288533210754395,0.04733872413635254
ctx,8,1,262144,16384,262144,10,,,10000000,4164625,41.6,0.6315343379974365,0.04777026176452637
ctx,8,1,262144,16384,262144,10,True,,10000000,4149186,41.5,0.6334383487701416,0.04950857162475586
ctx,8,1,262144,16384,262144,1000,,,10000000,4079954,40.8,0.6224935054779053,0.04475593566894531
ctx,8,1,262144,16384,262144,1000,True,,10000000,4056359,40.6,0.6296043395996094,0.04458904266357422
ctx,8,1,262144,16384,262144,0,,,10000000,4079947,40.8,0.6189873218536377,0.04575991630554199
ctx,8,1,262144,16384,262144,0,True,,10000000,4056357,40.6,0.6271672248840332,0.04596543312072754
ctx,8,1,262144,65536,4096,10,,,10000000,3972503,39.7,0.6382532119750977,0.04477334022521973
ctx,8,1,262144,65536,4096,10,True,,10000000,3962892,39.6,0.6224715709686279,0.04460287094116211
ctx,8,1,262144,65536,4096,1000,,,10000000,3816150,38.2,0.6339972019195557,0.041202545166015625
ctx,8,1,262144,65536,4096,1000,True,,10000000,3787743,37.9,0.637728214263916,0.04189562797546387
ctx,8,1,262144,65536,4096,0,,,10000000,3816139,38.2,0.6438376903533936,0.04104447364807129
ctx,8,1,262144,65536,4096,0,True,,10000000,3787741,37.9,0.6713845729827881,0.04359912872314453
ctx,8,1,262144,65536,16384,10,,,10000000,3972503,39.7,0.6282720565795898,0.04270577430725098
ctx,8,1,262144,65536,16384,10,True,,10000000,3962892,39.6,0.6470396518707275,0.044504642486572266
ctx,8,1,262144,65536,16384,1000,,,10000000,3816150,38.2,0.6332383155822754,0.04199409484863281
ctx,8,1,262144,65536,16384,1000,True,,10000000,3787743,37.9,0.6389260292053223,0.04342198371887207
ctx,8,1,262144,65536,16384,0,,,10000000,3816139,38.2,0.6541917324066162,0.041681766510009766
ctx,8,1,262144,65536,16384,0,True,,10000000,3787741,37.9,0.6322126388549805,0.04086446762084961
ctx,8,1,262144,65536,65536,10,,,10000000,3972503,39.7,0.6293244361877441,0.04335904121398926
ctx,8,1,262144,65536,65536,10,True,,10000000,3962892,39.6,0.6552355289459229,0.04464292526245117
ctx,8,1,262144,65536,65536,1000,,,10000000,3816150,38.2,0.6390855312347412,0.039788246154785156
ctx,8,1,262144,65536,65536,1000,True,,10000000,3787743,37.9,0.6559803485870361,0.04109501838684082
ctx,8,1,262144,65536,65536,0,,,10000000,3816139,38.2,0.6250565052032471,0.0418393611907959
ctx,8,1,262144,65536,65536,0,True,,10000000,3787741,37.9,0.641817569732666,0.0434725284576416
ctx,8,1,262144,65536,262144,10,,,10000000,3972503,39.7,0.6339991092681885,0.04333162307739258
ctx,8,1,262144,65536,262144,10,True,,10000000,3962892,39.6,0.6005761623382568,0.04340338706970215
ctx,8,1,262144,65536,262144,1000,,,10000000,3816150,38.2,0.6176438331604004,0.039411306381225586
ctx,8,1,262144,65536,262144,1000,True,,10000000,3787743,37.9,0.6466577053070068,0.04379677772521973
ctx,8,1,262144,65536,262144,0,,,10000000,3816139,38.2,0.6217947006225586,0.04190254211425781
ctx,8,1,262144,65536,262144,0,True,,10000000,3787741,37.9,0.624427080154419,0.04164266586303711
ctx,8,1,262144,262144,4096,10,,,10000000,3938368,39.4,0.6086611747741699,0.043213605880737305
ctx,8,1,262144,262144,4096,10,True,,10000000,3930885,39.3,0.6162171363830566,0.04478049278259277
ctx,8,1,262144,262144,4096,1000,,,10000000,3744431,37.4,0.7221920490264893,0.04132843017578125
ctx,8,1,262144,262144,4096,1000,True,,10000000,3712575,37.1,0.7051200866699219,0.04237866401672363
ctx,8,1,262144,262144,4096,0,,,10000000,3743599,37.4,0.6783838272094727,0.03949999809265137
ctx,8,1,262144,262144,4096,0,True,,10000000,3711576,37.1,0.7148299217224121,0.03988313674926758
ctx,8,1,262144,262144,16384,10,,,10000000,3938368,39.4,0.64341139793396,0.04426217079162598
ctx,8,1,262144,262144,16384,10,True,,10000000,3930885,39.3,0.6384990215301514,0.04309225082397461
ctx,8,1,262144,262144,16384,1000,,,10000000,3744431,37.4,0.6560075283050537,0.041170597076416016
ctx,8,1,262144,262144,16384,1000,True,,10000000,3712575,37.1,0.67220139503479,0.040581703186035156
ctx,8,1,262144,262144,16384,0,,,10000000,3743599,37.4,0.6991288661956787,0.03992199897766113
ctx,8,1,262144,262144,16384,0,True,,10000000,3711576,37.1,0.7148561477661133,0.04187965393066406
ctx,8,1,262144,262144,65536,10,,,10000000,3938368,39.4,0.6153850555419922,0.04241347312927246
ctx,8,1,262144,262144,65536,10,True,,10000000,3930885,39.3,0.6269214153289795,0.04332566261291504
ctx,8,1,262144,262144,65536,1000,,,10000000,3744431,37.4,0.7096366882324219,0.038918495178222656
ctx,8,1,262144,262144,65536,1000,True,,10000000,3712575,37.1,0.7736701965332031,0.04152512550354004
ctx,8,1,262144,262144,65536,0,,,10000000,3743599,37.4,0.7011728286743164,0.039565324783325195
ctx,8,1,262144,262144,65536,0,True,,10000000,3711576,37.1,0.7245309352874756,0.0394132137298584
ctx,8,1,262144,262144,262144,10,,,10000000,3938368,39.4,0.6203913688659668,0.04232311248779297
ctx,8,1,262144,262144,262144,10,True,,10000000,3930885,39.3,0.5992176532745361,0.04243779182434082
ctx,8,1,262144,262144,262144,1000,,,10000000,3744431,37.4,0.6980533599853516,0.03946208953857422
ctx,8,1,262144,262144,262144,1000,True,,10000000,3712575,37.1,0.6731796264648438,0.03852128982543945
ctx,8,1,262144,262144,262144,0,,,10000000,3743599,37.4,0.6474816799163818,0.03936314582824707
ctx,8,1,262144,262144,262144,0,True,,10000000,3711576,37.1,0.6881463527679443,0.04011726379394531
ctx,8,1,1048576,4096,4096,10,,,10000000,4638238,46.4,0.2356433868408203,0.05980324745178223
ctx,8,1,1048576,4096,4096,10,True,,10000000,4617464,46.2,0.24896860122680664,0.06198763847351074
ctx,8,1,1048576,4096,4096,1000,,,10000000,4604320,46.0,0.24978876113891602,0.06073617935180664
ctx,8,1,1048576,4096,4096,1000,True,,10000000,4582007,45.8,0.2572360038757324,0.0621945858001709
ctx,8,1,1048576,4096,4096,0,,,10000000,4604320,46.0,0.23852777481079102,0.06025838851928711
ctx,8,1,1048576,4096,4096,0,True,,10000000,4582007,45.8,0.24187088012695312,0.058710336685180664
ctx,8,1,1048576,4096,16384,10,,,10000000,4638238,46.4,0.23107123374938965,0.058226585388183594
ctx,8,1,1048576,4096,16384,10,True,,10000000,4617464,46.2,0.2574169635772705,0.061640024185180664
ctx,8,1,1048576,4096,16384,1000,,,10000000,4604320,46.0,0.2527449131011963,0.0594480037689209
ctx,8,1,1048576,4096,16384,1000,True,,10000000,4582007,45.8,0.23077011108398438,0.06107139587402344
ctx,8,1,1048576,4096,16384,0,,,10000000,4604320,46.0,0.24589896202087402,0.06026649475097656
ctx,8,1,1048576,4096,16384,0,True,,10000000,4582007,45.8,0.24418020248413086,0.061183929443359375
ctx,8,1,1048576,4096,65536,10,,,10000000,4638238,46.4,0.24586844444274902,0.06357383728027344
ctx,8,1,1048576,4096,65536,10,True,,10000000,4617464,46.2,0.25964951515197754,0.06278252601623535
ctx,8,1,1048576,4096,65536,1000,,,10000000,4604320,46.0,0.2356727123260498,0.060235023498535156
ctx,8,1,1048576,4096,65536,1000,True,,10000000,4582007,45.8,0.2613041400909424,0.06294560432434082
ctx,8,1,1048576,4096,65536,0,,,10000000,4604320,46.0,0.24439334869384766,0.05889081954956055
ctx,8,1,1048576,4096,65536,0,True,,10000000,4582007,45.8,0.24854159355163574,0.06261014938354492
ctx,8,1,1048576,4096,262144,10,,,10000000,4638238,46.4,0.2427377700805664,0.05974769592285156
ctx,8,1,1048576,4096,262144,10,True,,10000000,4617464,46.2,0.24466824531555176,0.061339616775512695
ctx,8,1,1048576,4096,262144,1000,,,10000000,4604320,46.0,0.2363429069519043,0.059606313705444336
ctx,8,1,1048576,4096,262144,1000,True,,10000000,4582007,45.8,0.2528243064880371,0.06261062622070312
ctx,8,1,1048576,4096,262144,0,,,10000000,4604320,46.0,0.2517836093902588,0.0591428279876709
ctx,8,1,1048576,4096,262144,0,True,,10000000,4582007,45.8,0.26091837882995605,0.05934929847717285
ctx,8,1,1048576,4096,1048576,10,,,10000000,4638238,46.4,0.2511153221130371,0.06074237823486328
ctx,8,1,1048576,4096,1048576,10,True,,10000000,4617464,46.2,0.23668694496154785,0.06315875053405762
ctx,8,1,1048576,4096,1048576,1000,,,10000000,4604320,46.0,0.2560715675354004,0.06060528755187988
ctx,8,1,1048576,4096,1048576,1000,True,,10000000,4582007,45.8,0.24314594268798828,0.06080269813537598
ctx,8,1,1048576,4096,1048576,0,,,10000000,4604320,46.0,0.25908899307250977,0.06413936614990234
ctx,8,1,1048576,4096,1048576,0,True,,10000000,4582007,45.8,0.25767993927001953,0.05924510955810547
ctx,8,1,1048576,16384,4096,10,,,10000000,4134543,41.3,0.24021148681640625,0.05098104476928711
ctx,8,1,1048576,16384,4096,10,True,,10000000,4119936,41.2,0.24706530570983887,0.05031919479370117
ctx,8,1,1048576,16384,4096,1000,,,10000000,4046746,40.5,0.24767017364501953,0.0491945743560791
ctx,8,1,1048576,16384,4096,1000,True,,10000000,4023917,40.2,0.2657301425933838,0.047788381576538086
ctx,8,1,1048576,16384,4096,0,,,10000000,4046740,40.5,0.2566030025482178,0.05045914649963379
ctx,8,1,1048576,16384,4096,0,True,,10000000,4023915,40.2,0.2672755718231201,0.05284380912780762
ctx,8,1,1048576,16384,16384,10,,,10000000,4134543,41.3,0.22638177871704102,0.050356388092041016
ctx,8,1,1048576,16384,16384,10,True,,10000000,4119936,41.2,0.23317909240722656,0.05002951622009277
ctx,8,1,1048576,16384,16384,1000,,,10000000,4046746,40.5,0.23809266090393066,0.046393632888793945
ctx,8,1,1048576,16384,16384,1000,True,,10000000,4023917,40.2,0.2679870128631592,0.04995918273925781
ctx,8,1,1048576,16384,16384,0,,,10000000,4046740,40.5,0.23885607719421387,0.050768375396728516
ctx,8,1,1048576,16384,16384,0,True,,10000000,4023915,40.2,0.2645292282104492,0.0509185791015625
ctx,8,1,1048576,16384,65536,10,,,10000000,4134543,41.3,0.22147870063781738,0.04911470413208008
ctx,8,1,1048576,16384,65536,10,True,,10000000,4119936,41.2,0.23547053337097168,0.0525507926940918
ctx,8,1,1048576,16384,65536,1000,,,10000000,4046746,40.5,0.24227690696716309,0.04811596870422363
ctx,8,1,1048576,16384,65536,1000,True,,10000000,4023917,40.2,0.2646205425262451,0.04916787147521973
ctx,8,1,1048576,16384,65536,0,,,10000000,4046740,40.5,0.24595975875854492,0.0506739616394043
ctx,8,1,1048576,16384,65536,0,True,,10000000,4023915,40.2,0.25823116302490234,0.05098605155944824
ctx,8,1,1048576,16384,262144,10,,,10000000,4134543,41.3,0.22339606285095215,0.0496063232421875
ctx,8,1,1048576,16384,262144,10,True,,10000000,4119936,41.2,0.2505302429199219,0.050844430923461914
ctx,8,1,1048576,16384,262144,1000,,,10000000,4046746,40.5,0.2357332706451416,0.048256874084472656
ctx,8,1,1048576,16384,262144,1000,True,,10000000,4023917,40.2,0.28511643409729004,0.05062150955200195
ctx,8,1,1048576,16384,262144,0,,,10000000,4046740,40.5,0.22823405265808105,0.05066323280334473
ctx,8,1,1048576,16384,262144,0,True,,10000000,4023915,40.2,0.24927616119384766,0.049945831298828125
ctx,8,1,1048576,16384,1048576,10,,,10000000,4134543,41.3,0.24338316917419434,0.04925870895385742
ctx,8,1,1048576,16384,1048576,10,True,,10000000,4119936,41.2,0.2217118740081787,0.049391746520996094
ctx,8,1,1048576,16384,1048576,1000,,,10000000,4046746,40.5,0.24019551277160645,0.04907631874084473
ctx,8,1,1048576,16384,1048576,1000,True,,10000000,4023917,40.2,0.2750108242034912,0.049594879150390625
ctx,8,1,1048576,16384,1048576,0,,,10000000,4046740,40.5,0.23321151733398438,0.04963183403015137
ctx,8,1,1048576,16384,1048576,0,True,,10000000,4023915,40.2,0.26936769485473633,0.05084681510925293
ctx,8,1,1048576,65536,4096,10,,,10000000,3908422,39.1,0.22757601737976074,0.046762943267822266
ctx,8,1,1048576,65536,4096,10,True,,10000000,3901729,39.0,0.23366022109985352,0.04708576202392578
ctx,8,1,1048576,65536,4096,1000,,,10000000,3732344,37.3,0.2759983539581299,0.04225754737854004
ctx,8,1,1048576,65536,4096,1000,True,,10000000,3706162,37.1,0.3391995429992676,0.04490542411804199
ctx,8,1,1048576,65536,4096,0,,,10000000,3732328,37.3,0.28713202476501465,0.045538902282714844
ctx,8,1,1048576,65536,4096,0,True,,10000000,3706149,37.1,0.32924365997314453,0.04519152641296387
ctx,8,1,1048576,65536,16384,10,,,10000000,3908422,39.1,0.2618250846862793,0.0471498966217041
ctx,8,1,1048576,65536,16384,10,True,,10000000,3901729,39.0,0.2290663719177246,0.048468589782714844
ctx,8,1,1048576,65536,16384,1000,,,10000000,3732344,37.3,0.2691962718963623,0.042807579040527344
ctx,8,1,1048576,65536,16384,1000,True,,10000000,3706162,37.1,0.33164501190185547,0.044671058654785156
ctx,8,1,1048576,65536,16384,0,,,10000000,3732328,37.3,0.2759854793548584,0.0438082218170166
ctx,8,1,1048576,65536,16384,0,True,,10000000,3706149,37.1,0.32895636558532715,0.04663705825805664
ctx,8,1,1048576,65536,65536,10,,,10000000,3908422,39.1,0.23920822143554688,0.046361684799194336
ctx,8,1,1048576,65536,65536,10,True,,10000000,3901729,39.0,0.2389059066772461,0.046273231506347656
ctx,8,1,1048576,65536,65536,1000,,,10000000,3732344,37.3,0.27520203590393066,0.04121279716491699
ctx,8,1,1048576,65536,65536,1000,True,,10000000,3706162,37.1,0.33646297454833984,0.04499316215515137
ctx,8,1,1048576,65536,65536,0,,,10000000,3732328,37.3,0.2768368721008301,0.04325294494628906
ctx,8,1,1048576,65536,65536,0,True,,10000000,3706149,37.1,0.31615710258483887,0.04399418830871582
ctx,8,1,1048576,65536,262144,10,,,10000000,3908422,39.1,0.22853517532348633,0.045317649841308594
ctx,8,1,1048576,65536,262144,10,True,,10000000,3901729,39.0,0.22967195510864258,0.04897022247314453
ctx,8,1,1048576,65536,262144,1000,,,10000000,3732344,37.3,0.28089165687561035,0.04275226593017578
ctx,8,1,1048576,65536,262144,1000,True,,10000000,3706162,37.1,0.3214113712310791,0.04413747787475586
ctx,8,1,1048576,65536,262144,0,,,10000000,3732328,37.3,0.28049421310424805,0.04322457313537598
ctx,8,1,1048576,65536,262144,0,True,,10000000,3706149,37.1,0.3345673084259033,0.04352855682373047
ctx,8,1,1048576,65536,1048576,10,,,10000000,3908422,39.1,0.22058963775634766,0.04636049270629883
ctx,8,1,1048576,65536,1048576,10,True,,10000000,3901729,39.0,0.23419976234436035,0.04846692085266113
ctx,8,1,1048576,65536,1048576,1000,,,10000000,3732344,37.3,0.27732014656066895,0.04485607147216797
ctx,8,1,1048576,65536,1048576,1000,True,,10000000,3706162,37.1,0.32892298698425293,0.042945146560668945
ctx,8,1,1048576,65536,1048576,0,,,10000000,3732328,37.3,0.28766894340515137,0.04430818557739258
ctx,8,1,1048576,65536,1048576,0,True,,10000000,3706149,37.1,0.31176280975341797,0.04482412338256836
ctx,8,1,1048576,262144,4096,10,,,10000000,3834260,38.3,0.22847962379455566,0.04478049278259277
ctx,8,1,1048576,262144,4096,10,True,,10000000,3834406,38.3,0.22978663444519043,0.04426288604736328
ctx,8,1,1048576,262144,4096,1000,,,10000000,3555112,35.6,0.43918514251708984,0.042142391204833984
ctx,8,1,1048576,262144,4096,1000,True,,10000000,3527221,35.3,0.6021847724914551,0.04216432571411133
ctx,8,1,1048576,262144,4096,0,,,10000000,3551696,35.5,0.477771520614624,0.03961038589477539
ctx,8,1,1048576,262144,4096,0,True,,10000000,3523393,35.2,0.6839604377746582,0.03968667984008789
ctx,8,1,1048576,262144,16384,10,,,10000000,3834260,38.3,0.22402215003967285,0.044534921646118164
ctx,8,1,1048576,262144,16384,10,True,,10000000,3834406,38.3,0.2364048957824707,0.04576873779296875
ctx,8,1,1048576,262144,16384,1000,,,10000000,3555112,35.6,0.4546387195587158,0.04041767120361328
ctx,8,1,1048576,262144,16384,1000,True,,10000000,3527221,35.3,0.6141455173492432,0.04067349433898926
ctx,8,1,1048576,262144,16384,0,,,10000000,3551696,35.5,0.4161100387573242,0.03956890106201172
ctx,8,1,1048576,262144,16384,0,True,,10000000,3523393,35.2,0.6097457408905029,0.04023241996765137
ctx,8,1,1048576,262144,65536,10,,,10000000,3834260,38.3,0.16011929512023926,0.043857574462890625
ctx,8,1,1048576,262144,65536,10,True,,10000000,3834406,38.3,0.17322516441345215,0.04634428024291992
ctx,8,1,1048576,262144,65536,1000,,,10000000,3555112,35.6,0.4369337558746338,0.041375160217285156
ctx,8,1,1048576,262144,65536,1000,True,,10000000,3527221,35.3,0.5509083271026611,0.04133772850036621
ctx,8,1,1048576,262144,65536,0,,,10000000,3551696,35.5,0.4044036865234375,0.040581703186035156
ctx,8,1,1048576,262144,65536,0,True,,10000000,3523393,35.2,0.590383768081665,0.04084420204162598
ctx,8,1,1048576,262144,262144,10,,,10000000,3834260,38.3,0.1523420810699463,0.04268336296081543
ctx,8,1,1048576,262144,262144,10,True,,10000000,3834406,38.3,0.16405630111694336,0.04421043395996094
ctx,8,1,1048576,262144,262144,1000,,,10000000,3555112,35.6,0.37104058265686035,0.04418373107910156
ctx,8,1,1048576,262144,262144,1000,True,,10000000,3527221,35.3,0.5395715236663818,0.04282784461975098
ctx,8,1,1048576,262144,262144,0,,,10000000,3551696,35.5,0.4122500419616699,0.03930330276489258
ctx,8,1,1048576,262144,262144,0,True,,10000000,3523393,35.2,0.6129138469696045,0.04051041603088379
ctx,8,1,1048576,262144,1048576,10,,,10000000,3834260,38.3,0.15981388092041016,0.045906782150268555
ctx,8,1,1048576,262144,1048576,10,True,,10000000,3834406,38.3,0.17265057563781738,0.04560708999633789
ctx,8,1,1048576,262144,1048576,1000,,,10000000,3555112,35.6,0.36513376235961914,0.0402834415435791
ctx,8,1,1048576,262144,1048576,1000,True,,10000000,3527221,35.3,0.5384531021118164,0.04219508171081543
ctx,8,1,1048576,262144,1048576,0,,,10000000,3551696,35.5,0.40670013427734375,0.03965616226196289
ctx,8,1,1048576,262144,1048576,0,True,,10000000,3523393,35.2,0.6037700176239014,0.04019904136657715
ctx,8,1,1048576,1048576,4096,10,,,10000000,3820085,38.2,0.14794039726257324,0.042443275451660156
ctx,8,1,1048576,1048576,4096,10,True,,10000000,3823108,38.2,0.17818784713745117,0.044157981872558594
ctx,8,1,1048576,1048576,4096,1000,,,10000000,3504430,35.0,0.9414591789245605,0.03864097595214844
ctx,8,1,1048576,1048576,4096,1000,True,,10000000,3478254,34.8,1.521968126296997,0.03962564468383789
ctx,8,1,1048576,1048576,4096,0,,,10000000,3495502,35.0,1.5423500537872314,0.039022207260131836
ctx,8,1,1048576,1048576,4096,0,True,,10000000,3467412,34.7,2.5990777015686035,0.0408787727355957
ctx,8,1,1048576,1048576,16384,10,,,10000000,3820085,38.2,0.162308931350708,0.04337596893310547
ctx,8,1,1048576,1048576,16384,10,True,,10000000,3823108,38.2,0.1628870964050293,0.044497013092041016
ctx,8,1,1048576,1048576,16384,1000,,,10000000,3504430,35.0,0.9202678203582764,0.03822898864746094
ctx,8,1,1048576,1048576,16384,1000,True,,10000000,3478254,34.8,1.491236925125122,0.03959083557128906
ctx,8,1,1048576,1048576,16384,0,,,10000000,3495502,35.0,1.58396577835083,0.03749656677246094
ctx,8,1,1048576,1048576,16384,0,True,,10000000,3467412,34.7,2.6529674530029297,0.03909182548522949
ctx,8,1,1048576,1048576,65536,10,,,10000000,3820085,38.2,0.1775970458984375,0.04472208023071289
ctx,8,1,1048576,1048576,65536,10,True,,10000000,3823108,38.2,0.1689896583557129,0.04345870018005371
ctx,8,1,1048576,1048576,65536,1000,,,10000000,3504430,35.0,0.9231765270233154,0.03808712959289551
ctx,8,1,1048576,1048576,65536,1000,True,,10000000,3478254,34.8,1.5238866806030273,0.04027509689331055
ctx,8,1,1048576,1048576,65536,0,,,10000000,3495502,35.0,1.5640945434570312,0.03651714324951172
ctx,8,1,1048576,1048576,65536,0,True,,10000000,3467412,34.7,2.6208395957946777,0.037757158279418945
ctx,8,1,1048576,1048576,262144,10,,,10000000,3820085,38.2,0.15693020820617676,0.04268193244934082
ctx,8,1,1048576,1048576,262144,10,True,,10000000,3823108,38.2,0.1653766632080078,0.04527449607849121
ctx,8,1,1048576,1048576,262144,1000,,,10000000,3504430,35.0,0.9291038513183594,0.03892922401428223
ctx,8,1,1048576,1048576,262144,1000,True,,10000000,3478254,34.8,1.51727294921875,0.039464712142944336
ctx,8,1,1048576,1048576,262144,0,,,10000000,3495502,35.0,1.5211138725280762,0.03837776184082031
ctx,8,1,1048576,1048576,262144,0,True,,10000000,3467412,34.7,2.688533067703247,0.04077744483947754
ctx,8,1,1048576,1048576,1048576,10,,,10000000,3820085,38.2,0.1576979160308838,0.04322218894958496
ctx,8,1,1048576,1048576,1048576,10,True,,10000000,3823108,38.2,0.15792179107666016,0.0442967414855957
ctx,8,1,1048576,1048576,1048576,1000,,,10000000,3504430,35.0,0.9048714637756348,0.03744316101074219
ctx,8,1,1048576,1048576,1048576,1000,True,,10000000,3478254,34.8,1.4984655380249023,0.04012465476989746
ctx,8,1,1048576,1048576,1048576,0,,,10000000,3495502,35.0,1.5438613891601562,0.03899979591369629
ctx,8,1,1048576,1048576,1048576,0,True,,10000000,3467412,34.7,2.5732243061065674,0.03954744338989258
ctx,8,1,16384,4096,4096,10,,True,10000000,4848388,48.5,4.9154953956604,0.056258201599121094
ctx,8,1,16384,4096,4096,1000,,True,10000000,4819342,48.2,5.10256552696228,0.05904960632324219
ctx,8,1,16384,4096,4096,0,,True,10000000,4819342,48.2,5.905981779098511,0.05570411682128906
ctx,8,1,16384,4096,16384,10,,True,10000000,4848388,48.5,8.428071975708008,0.0569310188293457
ctx,8,1,16384,4096,16384,1000,,True,10000000,4819342,48.2,8.887140035629272,0.060990095138549805
ctx,8,1,16384,4096,16384,0,,True,10000000,4819342,48.2,8.707892656326294,0.05779314041137695
ctx,8,1,16384,16384,4096,10,,True,10000000,4618162,46.2,8.774032354354858,0.054927825927734375
ctx,8,1,16384,16384,4096,1000,,True,10000000,4569553,45.7,8.665883302688599,0.05481123924255371
ctx,8,1,16384,16384,4096,0,,True,10000000,4569553,45.7,8.720048666000366,0.05386161804199219
ctx,8,1,16384,16384,16384,10,,True,10000000,4618162,46.2,8.831576585769653,0.054547786712646484
ctx,8,1,16384,16384,16384,1000,,True,10000000,4569553,45.7,9.169437408447266,0.053185224533081055
ctx,8,1,16384,16384,16384,0,,True,10000000,4569553,45.7,8.67667269706726,0.05440473556518555
ctx,8,1,65536,4096,4096,10,,True,10000000,4658305,46.6,2.279458522796631,0.05620288848876953
ctx,8,1,65536,4096,4096,1000,,True,10000000,4625383,46.3,2.276521921157837,0.05552554130554199
ctx,8,1,65536,4096,4096,0,,True,10000000,4625383,46.3,2.2961559295654297,0.0543062686920166
ctx,8,1,65536,4096,16384,10,,True,10000000,4658305,46.6,2.293959617614746,0.05520510673522949
ctx,8,1,65536,4096,16384,1000,,True,10000000,4625383,46.3,2.2457220554351807,0.05458831787109375
ctx,8,1,65536,4096,16384,0,,True,10000000,4625383,46.3,2.253662109375,0.054236412048339844
ctx,8,1,65536,4096,65536,10,,True,10000000,4658305,46.6,2.222490072250366,0.05284237861633301
ctx,8,1,65536,4096,65536,1000,,True,10000000,4625383,46.3,2.2483487129211426,0.050316810607910156
ctx,8,1,65536,4096,65536,0,,True,10000000,4625383,46.3,2.258327007293701,0.05483531951904297
ctx,8,1,65536,16384,4096,10,,True,10000000,4200096,42.0,2.2534334659576416,0.04979681968688965
ctx,8,1,65536,16384,4096,1000,,True,10000000,4119224,41.2,2.281377077102661,0.04769730567932129
ctx,8,1,65536,16384,4096,0,,True,10000000,4119222,41.2,2.2787740230560303,0.04844498634338379
ctx,8,1,65536,16384,16384,10,,True,10000000,4200096,42.0,2.2314329147338867,0.04981184005737305
ctx,8,1,65536,16384,16384,1000,,True,10000000,4119224,41.2,2.3146111965179443,0.04907059669494629
ctx,8,1,65536,16384,16384,0,,True,10000000,4119222,41.2,2.2479515075683594,0.049005746841430664
ctx,8,1,65536,16384,65536,10,,True,10000000,4200096,42.0,2.265509605407715,0.050907135009765625
ctx,8,1,65536,16384,65536,1000,,True,10000000,4119224,41.2,2.2896065711975098,0.0472714900970459
ctx,8,1,65536,16384,65536,0,,True,10000000,4119222,41.2,2.2782719135284424,0.048879146575927734
ctx,8,1,65536,65536,4096,10,,True,10000000,4090239,40.9,2.2007534503936768,0.04717397689819336
ctx,8,1,65536,65536,4096,1000,,True,10000000,3974461,39.7,2.2396275997161865,0.04692840576171875
ctx,8,1,65536,65536,4096,0,,True,10000000,3974460,39.7,2.2875351905822754,0.04622817039489746
ctx,8,1,65536,65536,16384,10,,True,10000000,4090239,40.9,2.2719192504882812,0.05014801025390625
ctx,8,1,65536,65536,16384,1000,,True,10000000,3974461,39.7,2.2871856689453125,0.046705007553100586
ctx,8,1,65536,65536,16384,0,,True,10000000,3974460,39.7,2.278695583343506,0.04549288749694824
ctx,8,1,65536,65536,65536,10,,True,10000000,4090239,40.9,2.2639389038085938,0.04722428321838379
ctx,8,1,65536,65536,65536,1000,,True,10000000,3974461,39.7,2.329969644546509,0.04545712471008301
ctx,8,1,65536,65536,65536,0,,True,10000000,3974460,39.7,2.324629783630371,0.045591115951538086
ctx,8,1,262144,4096,4096,10,,True,10000000,4609192,46.1,0.7258191108703613,0.05567431449890137
ctx,8,1,262144,4096,4096,1000,,True,10000000,4575214,45.8,0.7391693592071533,0.05515480041503906
ctx,8,1,262144,4096,4096,0,,True,10000000,4575214,45.8,0.7586240768432617,0.054836273193359375
ctx,8,1,262144,4096,16384,10,,True,10000000,4609192,46.1,0.751654863357544,0.05567312240600586
ctx,8,1,262144,4096,16384,1000,,True,10000000,4575214,45.8,0.7277648448944092,0.05694317817687988
ctx,8,1,262144,4096,16384,0,,True,10000000,4575214,45.8,0.7333757877349854,0.055084943771362305
ctx,8,1,262144,4096,65536,10,,True,10000000,4609192,46.1,0.7427468299865723,0.054991722106933594
ctx,8,1,262144,4096,65536,1000,,True,10000000,4575214,45.8,0.7226965427398682,0.05503439903259277
ctx,8,1,262144,4096,65536,0,,True,10000000,4575214,45.8,0.7277500629425049,0.05567502975463867
ctx,8,1,262144,4096,262144,10,,True,10000000,4609192,46.1,0.7095487117767334,0.056322574615478516
ctx,8,1,262144,4096,262144,1000,,True,10000000,4575214,45.8,0.7294621467590332,0.05526232719421387
ctx,8,1,262144,4096,262144,0,,True,10000000,4575214,45.8,0.7370352745056152,0.05653977394104004
ctx,8,1,262144,16384,4096,10,,True,10000000,4086622,40.9,0.7408149242401123,0.04886579513549805
ctx,8,1,262144,16384,4096,1000,,True,10000000,3996726,40.0,0.804567813873291,0.04730415344238281
ctx,8,1,262144,16384,4096,0,,True,10000000,3996723,40.0,0.8035485744476318,0.04836130142211914
ctx,8,1,262144,16384,16384,10,,True,10000000,4086622,40.9,0.7280948162078857,0.04904317855834961
ctx,8,1,262144,16384,16384,1000,,True,10000000,3996726,40.0,0.7915768623352051,0.04920697212219238
ctx,8,1,262144,16384,16384,0,,True,10000000,3996723,40.0,0.821556568145752,0.0476229190826416
ctx,8,1,262144,16384,65536,10,,True,10000000,4086622,40.9,0.7316269874572754,0.0483248233795166
ctx,8,1,262144,16384,65536,1000,,True,10000000,3996726,40.0,0.7787435054779053,0.04717612266540527
ctx,8,1,262144,16384,65536,0,,True,10000000,3996723,40.0,0.7916383743286133,0.0474550724029541
ctx,8,1,262144,16384,262144,10,,True,10000000,4086622,40.9,0.753969669342041,0.0488893985748291
ctx,8,1,262144,16384,262144,1000,,True,10000000,3996726,40.0,0.7672920227050781,0.0463101863861084
ctx,8,1,262144,16384,262144,0,,True,10000000,3996723,40.0,0.7771878242492676,0.047743797302246094
ctx,8,1,262144,65536,4096,10,,True,10000000,3874055,38.7,0.7329585552215576,0.044744253158569336
ctx,8,1,262144,65536,4096,1000,,True,10000000,3701351,37.0,1.1788239479064941,0.0426945686340332
ctx,8,1,262144,65536,4096,0,,True,10000000,3701340,37.0,1.1865394115447998,0.0436863899230957
ctx,8,1,262144,65536,16384,10,,True,10000000,3874055,38.7,0.7357964515686035,0.044408559799194336
ctx,8,1,262144,65536,16384,1000,,True,10000000,3701351,37.0,1.179762840270996,0.041445016860961914
ctx,8,1,262144,65536,16384,0,,True,10000000,3701340,37.0,1.1904149055480957,0.04288220405578613
ctx,8,1,262144,65536,65536,10,,True,10000000,3874055,38.7,0.7728123664855957,0.046538591384887695
ctx,8,1,262144,65536,65536,1000,,True,10000000,3701351,37.0,1.1988589763641357,0.04225802421569824
ctx,8,1,262144,65536,65536,0,,True,10000000,3701340,37.0,1.178276777267456,0.04177355766296387
ctx,8,1,262144,65536,262144,10,,True,10000000,3874055,38.7,0.7275967597961426,0.044623613357543945
ctx,8,1,262144,65536,262144,1000,,True,10000000,3701351,37.0,1.1636788845062256,0.04371786117553711
ctx,8,1,262144,65536,262144,0,,True,10000000,3701340,37.0,1.1597208976745605,0.04409050941467285
ctx,8,1,262144,262144,4096,10,,True,10000000,3816740,38.2,0.7331347465515137,0.04546403884887695
ctx,8,1,262144,262144,4096,1000,,True,10000000,3588731,35.9,1.854109764099121,0.039764404296875
ctx,8,1,262144,262144,4096,0,,True,10000000,3587826,35.9,1.9694633483886719,0.04114699363708496
ctx,8,1,262144,262144,16384,10,,True,10000000,3816740,38.2,0.7105281352996826,0.044007301330566406
ctx,8,1,262144,262144,16384,1000,,True,10000000,3588731,35.9,1.8551840782165527,0.04116106033325195
ctx,8,1,262144,262144,16384,0,,True,10000000,3587826,35.9,1.9759840965270996,0.04157447814941406
ctx,8,1,262144,262144,65536,10,,True,10000000,3816740,38.2,0.7309601306915283,0.04451632499694824
ctx,8,1,262144,262144,65536,1000,,True,10000000,3588731,35.9,1.8490791320800781,0.04100441932678223
ctx,8,1,262144,262144,65536,0,,True,10000000,3587826,35.9,1.984276533126831,0.040082454681396484
ctx,8,1,262144,262144,262144,10,,True,10000000,3816740,38.2,0.7274720668792725,0.043912649154663086
ctx,8,1,262144,262144,262144,1000,,True,10000000,3588731,35.9,1.8381903171539307,0.04098987579345703
ctx,8,1,262144,262144,262144,0,,True,10000000,3587826,35.9,1.8621973991394043,0.04000687599182129
ctx,8,1,1048576,4096,4096,10,,True,10000000,4597181,46.0,0.34796929359436035,0.05907583236694336
ctx,8,1,1048576,4096,4096,1000,,True,10000000,4562881,45.6,0.41426682472229004,0.06053900718688965
ctx,8,1,1048576,4096,4096,0,,True,10000000,4562881,45.6,0.43060898780822754,0.05887937545776367
ctx,8,1,1048576,4096,16384,10,,True,10000000,4597181,46.0,0.406649112701416,0.061684608459472656
ctx,8,1,1048576,4096,16384,1000,,True,10000000,4562881,45.6,0.41849184036254883,0.0608670711517334
ctx,8,1,1048576,4096,16384,0,,True,10000000,4562881,45.6,0.4262263774871826,0.059574127197265625
ctx,8,1,1048576,4096,65536,10,,True,10000000,4597181,46.0,0.359774112701416,0.05910921096801758
ctx,8,1,1048576,4096,65536,1000,,True,10000000,4562881,45.6,0.43727755546569824,0.059815406799316406
ctx,8,1,1048576,4096,65536,0,,True,10000000,4562881,45.6,0.4138302803039551,0.05859088897705078
ctx,8,1,1048576,4096,262144,10,,True,10000000,4597181,46.0,0.39659976959228516,0.06151103973388672
ctx,8,1,1048576,4096,262144,1000,,True,10000000,4562881,45.6,0.43521714210510254,0.05991792678833008
ctx,8,1,1048576,4096,262144,0,,True,10000000,4562881,45.6,0.42618680000305176,0.06050229072570801
ctx,8,1,1048576,4096,1048576,10,,True,10000000,4597181,46.0,0.3797178268432617,0.06089353561401367
ctx,8,1,1048576,4096,1048576,1000,,True,10000000,4562881,45.6,0.4213705062866211,0.05931282043457031
ctx,8,1,1048576,4096,1048576,0,,True,10000000,4562881,45.6,0.4369966983795166,0.060266733169555664
ctx,8,1,1048576,16384,4096,10,,True,10000000,4056914,40.6,0.4147653579711914,0.05265378952026367
ctx,8,1,1048576,16384,4096,1000,,True,10000000,3964392,39.6,0.5703110694885254,0.051461219787597656
ctx,8,1,1048576,16384,4096,0,,True,10000000,3964387,39.6,0.5945162773132324,0.05113530158996582
ctx,8,1,1048576,16384,16384,10,,True,10000000,4056914,40.6,0.38321638107299805,0.052253007888793945
ctx,8,1,1048576,16384,16384,1000,,True,10000000,3964392,39.6,0.5902242660522461,0.050501346588134766
ctx,8,1,1048576,16384,16384,0,,True,10000000,3964387,39.6,0.5946066379547119,0.0495150089263916
ctx,8,1,1048576,16384,65536,10,,True,10000000,4056914,40.6,0.40100979804992676,0.04962635040283203
ctx,8,1,1048576,16384,65536,1000,,True,10000000,3964392,39.6,0.5891208648681641,0.04888725280761719
ctx,8,1,1048576,16384,65536,0,,True,10000000,3964387,39.6,0.5745949745178223,0.050620317459106445
ctx,8,1,1048576,16384,262144,10,,True,10000000,4056914,40.6,0.4066154956817627,0.05061650276184082
ctx,8,1,1048576,16384,262144,1000,,True,10000000,3964392,39.6,0.5979502201080322,0.05072188377380371
ctx,8,1,1048576,16384,262144,0,,True,10000000,3964387,39.6,0.6082191467285156,0.04909253120422363
ctx,8,1,1048576,16384,1048576,10,,True,10000000,4056914,40.6,0.41361117362976074,0.05099987983703613
ctx,8,1,1048576,16384,1048576,1000,,True,10000000,3964392,39.6,0.5890350341796875,0.050498247146606445
ctx,8,1,1048576,16384,1048576,0,,True,10000000,3964387,39.6,0.5959422588348389,0.05059194564819336
ctx,8,1,1048576,65536,4096,10,,True,10000000,3811868,38.1,0.44160962104797363,0.04757070541381836
ctx,8,1,1048576,65536,4096,1000,,True,10000000,3621823,36.2,1.2307307720184326,0.044298410415649414
ctx,8,1,1048576,65536,4096,0,,True,10000000,3621810,36.2,1.2200746536254883,0.04523444175720215
ctx,8,1,1048576,65536,16384,10,,True,10000000,3811868,38.1,0.43167662620544434,0.0491023063659668
ctx,8,1,1048576,65536,16384,1000,,True,10000000,3621823,36.2,1.2274236679077148,0.04737091064453125
ctx,8,1,1048576,65536,16384,0,,True,10000000,3621810,36.2,1.201270341873169,0.04375863075256348
ctx,8,1,1048576,65536,65536,10,,True,10000000,3811868,38.1,0.44520068168640137,0.04903221130371094
ctx,8,1,1048576,65536,65536,1000,,True,10000000,3621823,36.2,1.2070503234863281,0.04304671287536621
ctx,8,1,1048576,65536,65536,0,,True,10000000,3621810,36.2,1.2148945331573486,0.043148040771484375
ctx,8,1,1048576,65536,262144,10,,True,10000000,3811868,38.1,0.43036818504333496,0.04664492607116699
ctx,8,1,1048576,65536,262144,1000,,True,10000000,3621823,36.2,1.2001621723175049,0.043274641036987305
ctx,8,1,1048576,65536,262144,0,,True,10000000,3621810,36.2,1.2048773765563965,0.04341602325439453
ctx,8,1,1048576,65536,1048576,10,,True,10000000,3811868,38.1,0.4197351932525635,0.04781174659729004
ctx,8,1,1048576,65536,1048576,1000,,True,10000000,3621823,36.2,1.246544361114502,0.045351505279541016
ctx,8,1,1048576,65536,1048576,0,,True,10000000,3621810,36.2,1.2286653518676758,0.04406547546386719
ctx,8,1,1048576,262144,4096,10,,True,10000000,3704520,37.0,0.4347107410430908,0.045285701751708984
ctx,8,1,1048576,262144,4096,1000,,True,10000000,3392452,33.9,3.2837626934051514,0.04050111770629883
ctx,8,1,1048576,262144,4096,0,,True,10000000,3389503,33.9,3.8873038291931152,0.04023885726928711
ctx,8,1,1048576,262144,16384,10,,True,10000000,3704520,37.0,0.43436145782470703,0.0462794303894043
ctx,8,1,1048576,262144,16384,1000,,True,10000000,3392452,33.9,3.2477364540100098,0.041349172592163086
ctx,8,1,1048576,262144,16384,0,,True,10000000,3389503,33.9,3.891957998275757,0.04086494445800781
ctx,8,1,1048576,262144,65536,10,,True,10000000,3704520,37.0,0.41015100479125977,0.04539179801940918
ctx,8,1,1048576,262144,65536,1000,,True,10000000,3392452,33.9,3.232738971710205,0.041991472244262695
ctx,8,1,1048576,262144,65536,0,,True,10000000,3389503,33.9,3.857156276702881,0.038794517517089844
ctx,8,1,1048576,262144,262144,10,,True,10000000,3704520,37.0,0.4213576316833496,0.045525550842285156
ctx,8,1,1048576,262144,262144,1000,,True,10000000,3392452,33.9,3.2402446269989014,0.04204535484313965
ctx,8,1,1048576,262144,262144,0,,True,10000000,3389503,33.9,3.8721797466278076,0.04190993309020996
ctx,8,1,1048576,262144,1048576,10,,True,10000000,3704520,37.0,0.4250495433807373,0.04676699638366699
ctx,8,1,1048576,262144,1048576,1000,,True,10000000,3392452,33.9,3.255855083465576,0.039684295654296875
ctx,8,1,1048576,262144,1048576,0,,True,10000000,3389503,33.9,3.841944932937622,0.04181838035583496
ctx,8,1,1048576,1048576,4096,10,,True,10000000,3674424,36.7,0.4277620315551758,0.04633283615112305
ctx,8,1,1048576,1048576,4096,1000,,True,10000000,3307065,33.1,8.379590272903442,0.03943276405334473
ctx,8,1,1048576,1048576,4096,0,,True,10000000,3298414,33.0,15.451184034347534,0.04136037826538086
ctx,8,1,1048576,1048576,16384,10,,True,10000000,3674424,36.7,0.42006683349609375,0.04493403434753418
ctx,8,1,1048576,1048576,16384,1000,,True,10000000,3307065,33.1,7.833694696426392,0.040770530700683594
ctx,8,1,1048576,1048576,16384,0,,True,10000000,3298414,33.0,14.116287231445312,0.03945732116699219
ctx,8,1,1048576,1048576,65536,10,,True,10000000,3674424,36.7,0.409686803817749,0.046853065490722656
ctx,8,1,1048576,1048576,65536,1000,,True,10000000,3307065,33.1,7.8667683601379395,0.04021167755126953
ctx,8,1,1048576,1048576,65536,0,,True,10000000,3298414,33.0,14.584485054016113,0.03881573677062988
ctx,8,1,1048576,1048576,262144,10,,True,10000000,3674424,36.7,0.43876099586486816,0.044901132583618164
ctx,8,1,1048576,1048576,262144,1000,,True,10000000,3307065,33.1,7.802760362625122,0.04062819480895996
ctx,8,1,1048576,1048576,262144,0,,True,10000000,3298414,33.0,14.230425119400024,0.03953695297241211
ctx,8,1,1048576,1048576,1048576,10,,True,10000000,3674424,36.7,0.4251418113708496,0.046861886978149414
ctx,8,1,1048576,1048576,1048576,1000,,True,10000000,3307065,33.1,7.4294703006744385,0.03911638259887695
ctx,8,1,1048576,1048576,1048576,0,,True,10000000,3298414,33.0,14.546306610107422,0.040067434310913086
ctx,16,1,16384,4096,4096,10,,,10000000,4892610,48.9,4.95278000831604,0.056352853775024414
ctx,16,1,16384,4096,4096,10,True,,10000000,4869117,48.7,4.88258171081543,0.05710625648498535
ctx,16,1,16384,4096,4096,1000,,,10000000,4864360,48.6,4.949025392532349,0.056999921798706055
ctx,16,1,16384,4096,4096,1000,True,,10000000,4839283,48.4,5.0261712074279785,0.05490994453430176
ctx,16,1,16384,4096,4096,0,,,10000000,4864360,48.6,4.864619731903076,0.05617928504943848
ctx,16,1,16384,4096,4096,0,True,,10000000,4839283,48.4,4.968020439147949,0.056595563888549805
ctx,16,1,16384,4096,16384,10,,,10000000,4892610,48.9,6.844058513641357,0.057686567306518555
ctx,16,1,16384,4096,16384,10,True,,10000000,4869117,48.7,8.80710244178772,0.05719256401062012
ctx,16,1,16384,4096,16384,1000,,,10000000,4864360,48.6,8.797554969787598,0.057768821716308594
ctx,16,1,16384,4096,16384,1000,True,,10000000,4839283,48.4,8.787818431854248,0.05488920211791992
ctx,16,1,16384,4096,16384,0,,,10000000,4864360,48.6,8.862316131591797,0.057111501693725586
ctx,16,1,16384,4096,16384,0,True,,10000000,4839283,48.4,8.783017873764038,0.05641579627990723
ctx,16,1,16384,16384,4096,10,,,10000000,4693575,46.9,8.875908613204956,0.05587124824523926
ctx,16,1,16384,16384,4096,10,True,,10000000,4668019,46.7,8.887090682983398,0.0554194450378418
ctx,16,1,16384,16384,4096,1000,,,10000000,4651729,46.5,8.913254499435425,0.053711652755737305
ctx,16,1,16384,16384,4096,1000,True,,10000000,4620577,46.2,8.877906084060669,0.05576205253601074
ctx,16,1,16384,16384,4096,0,,,10000000,4651729,46.5,8.844874858856201,0.052774667739868164
ctx,16,1,16384,16384,4096,0,True,,10000000,4620577,46.2,8.843579292297363,0.0534360408782959
ctx,16,1,16384,16384,16384,10,,,10000000,4693575,46.9,8.848592042922974,0.054642677307128906
ctx,16,1,16384,16384,16384,10,True,,10000000,4668019,46.7,8.919161081314087,0.05568051338195801
ctx,16,1,16384,16384,16384,1000,,,10000000,4651729,46.5,8.775899171829224,0.05329775810241699
ctx,16,1,16384,16384,16384,1000,True,,10000000,4620577,46.2,8.783779621124268,0.054198265075683594
ctx,16,1,16384,16384,16384,0,,,10000000,4651729,46.5,8.855475902557373,0.05402684211730957
ctx,16,1,16384,16384,16384,0,True,,10000000,4620577,46.2,8.86402177810669,0.05345749855041504
ctx,16,1,65536,4096,4096,10,,,10000000,4700021,47.0,2.266723394393921,0.053671836853027344
ctx,16,1,65536,4096,4096,10,True,,10000000,4678739,46.8,2.253171682357788,0.055846452713012695
ctx,16,1,65536,4096,4096,1000,,,10000000,4667677,46.7,2.27262544631958,0.053427696228027344
ctx,16,1,65536,4096,4096,1000,True,,10000000,4644627,46.4,2.2773311138153076,0.05509042739868164
ctx,16,1,65536,4096,4096,0,,,10000000,4667677,46.7,2.266728162765503,0.05312228202819824
ctx,16,1,65536,4096,4096,0,True,,10000000,4644627,46.4,2.260958194732666,0.05487823486328125
ctx,16,1,65536,4096,16384,10,,,10000000,4700021,47.0,2.2857143878936768,0.05498003959655762
ctx,16,1,65536,4096,16384,10,True,,10000000,4678739,46.8,2.2782273292541504,0.055193424224853516
ctx,16,1,65536,4096,16384,1000,,,10000000,4667677,46.7,2.2914047241210938,0.05455613136291504
ctx,16,1,65536,4096,16384,1000,True,,10000000,4644627,46.4,2.2646570205688477,0.054555416107177734
ctx,16,1,65536,4096,16384,0,,,10000000,4667677,46.7,2.274514675140381,0.05737447738647461
ctx,16,1,65536,4096,16384,0,True,,10000000,4644627,46.4,2.2835841178894043,0.05644416809082031
ctx,16,1,65536,4096,65536,10,,,10000000,4700021,47.0,2.2524361610412598,0.05628633499145508
ctx,16,1,65536,4096,65536,10,True,,10000000,4678739,46.8,2.2598037719726562,0.05548834800720215
ctx,16,1,65536,4096,65536,1000,,,10000000,4667677,46.7,2.2442924976348877,0.05330157279968262
ctx,16,1,65536,4096,65536,1000,True,,10000000,4644627,46.4,2.2962822914123535,0.05431842803955078
ctx,16,1,65536,4096,65536,0,,,10000000,4667677,46.7,2.268543004989624,0.0534977912902832
ctx,16,1,65536,4096,65536,0,True,,10000000,4644627,46.4,2.2692368030548096,0.05432868003845215
ctx,16,1,65536,16384,4096,10,,,10000000,4280636,42.8,2.2611300945281982,0.04831123352050781
ctx,16,1,65536,16384,4096,10,True,,10000000,4262166,42.6,2.3113853931427,0.049141645431518555
ctx,16,1,65536,16384,4096,1000,,,10000000,4205898,42.1,2.2850332260131836,0.04592561721801758
ctx,16,1,65536,16384,4096,1000,True,,10000000,4179677,41.8,2.2921011447906494,0.04789853096008301
ctx,16,1,65536,16384,4096,0,,,10000000,4205892,42.1,2.3282852172851562,0.04769086837768555
ctx,16,1,65536,16384,4096,0,True,,10000000,4179678,41.8,2.2774131298065186,0.048325538635253906
ctx,16,1,65536,16384,16384,10,,,10000000,4280636,42.8,2.276122808456421,0.04685044288635254
ctx,16,1,65536,16384,16384,10,True,,10000000,4262166,42.6,2.2590506076812744,0.049868106842041016
ctx,16,1,65536,16384,16384,1000,,,10000000,4205898,42.1,2.255316734313965,0.04821443557739258
ctx,16,1,65536,16384,16384,1000,True,,10000000,4179677,41.8,2.2772090435028076,0.04736828804016113
ctx,16,1,65536,16384,16384,0,,,10000000,4205892,42.1,2.290501117706299,0.050789833068847656
ctx,16,1,65536,16384,16384,0,True,,10000000,4179678,41.8,2.2758922576904297,0.048554420471191406
ctx,16,1,65536,16384,65536,10,,,10000000,4280636,42.8,2.2949306964874268,0.050275564193725586
ctx,16,1,65536,16384,65536,10,True,,10000000,4262166,42.6,2.2813596725463867,0.049562931060791016
ctx,16,1,65536,16384,65536,1000,,,10000000,4205898,42.1,2.262963056564331,0.04638361930847168
ctx,16,1,65536,16384,65536,1000,True,,10000000,4179677,41.8,2.2745862007141113,0.04857063293457031
ctx,16,1,65536,16384,65536,0,,,10000000,4205892,42.1,2.2948594093322754,0.046652793884277344
ctx,16,1,65536,16384,65536,0,True,,10000000,4179678,41.8,2.28629207611084,0.0470273494720459
ctx,16,1,65536,65536,4096,10,,,10000000,4187980,41.9,2.3060483932495117,0.04767131805419922
ctx,16,1,65536,65536,4096,10,True,,10000000,4170912,41.7,2.313317060470581,0.04686689376831055
ctx,16,1,65536,65536,4096,1000,,,10000000,4089542,40.9,2.2697315216064453,0.04471707344055176
ctx,16,1,65536,65536,4096,1000,True,,10000000,4057701,40.6,2.278003454208374,0.04611611366271973
ctx,16,1,65536,65536,4096,0,,,10000000,4089538,40.9,2.3161778450012207,0.0443272590637207
ctx,16,1,65536,65536,4096,0,True,,10000000,4057697,40.6,2.310220718383789,0.04481077194213867
ctx,16,1,65536,65536,16384,10,,,10000000,4187980,41.9,2.3026480674743652,0.046633005142211914
ctx,16,1,65536,65536,16384,10,True,,10000000,4170912,41.7,2.293365240097046,0.04720878601074219
ctx,16,1,65536,65536,16384,1000,,,10000000,4089542,40.9,2.2945618629455566,0.043092966079711914
ctx,16,1,65536,65536,16384,1000,True,,10000000,4057701,40.6,2.3081624507904053,0.043810367584228516
ctx,16,1,65536,65536,16384,0,,,10000000,4089538,40.9,2.318690776824951,0.04439902305603027
ctx,16,1,65536,65536,16384,0,True,,10000000,4057697,40.6,2.318222999572754,0.048857688903808594
ctx,16,1,65536,65536,65536,10,,,10000000,4187980,41.9,2.3079519271850586,0.04504084587097168
ctx,16,1,65536,65536,65536,10,True,,10000000,4170912,41.7,2.3354523181915283,0.04904341697692871
ctx,16,1,65536,65536,65536,1000,,,10000000,4089542,40.9,2.307950496673584,0.04463505744934082
ctx,16,1,65536,65536,65536,1000,True,,10000000,4057701,40.6,2.307929039001465,0.045203447341918945
ctx,16,1,65536,65536,65536,0,,,10000000,4089538,40.9,2.2844724655151367,0.043448448181152344
ctx,16,1,65536,65536,65536,0,True,,10000000,4057697,40.6,2.2640557289123535,0.04479670524597168
ctx,16,1,262144,4096,4096,10,,,10000000,4650414,46.5,0.6390244960784912,0.05550861358642578
ctx,16,1,262144,4096,4096,10,True,,10000000,4629482,46.3,0.6575405597686768,0.056305646896362305
ctx,16,1,262144,4096,4096,1000,,,10000000,4616863,46.2,0.6353592872619629,0.0522005558013916
ctx,16,1,262144,4096,4096,1000,True,,10000000,4594311,45.9,0.6361653804779053,0.0549776554107666
ctx,16,1,262144,4096,4096,0,,,10000000,4616863,46.2,0.6657674312591553,0.054087162017822266
ctx,16,1,262144,4096,4096,0,True,,10000000,4594311,45.9,0.6367683410644531,0.05324077606201172
ctx,16,1,262144,4096,16384,10,,,10000000,4650414,46.5,0.6751675605773926,0.055345773696899414
ctx,16,1,262144,4096,16384,10,True,,10000000,4629482,46.3,0.6456396579742432,0.05453777313232422
ctx,16,1,262144,4096,16384,1000,,,10000000,4616863,46.2,0.6551032066345215,0.05419564247131348
ctx,16,1,262144,4096,16384,1000,True,,10000000,4594311,45.9,0.6434752941131592,0.05298757553100586
ctx,16,1,262144,4096,16384,0,,,10000000,4616863,46.2,0.6666135787963867,0.05236959457397461
ctx,16,1,262144,4096,16384,0,True,,10000000,4594311,45.9,0.659968376159668,0.05352902412414551
ctx,16,1,262144,4096,65536,10,,,10000000,4650414,46.5,0.6690151691436768,0.05323004722595215
ctx,16,1,262144,4096,65536,10,True,,10000000,4629482,46.3,0.6473875045776367,0.05531024932861328
ctx,16,1,262144,4096,65536,1000,,,10000000,4616863,46.2,0.6364150047302246,0.05380845069885254
ctx,16,1,262144,4096,65536,1000,True,,10000000,4594311,45.9,0.6654391288757324,0.05370640754699707
ctx,16,1,262144,4096,65536,0,,,10000000,4616863,46.2,0.6324284076690674,0.052866220474243164
ctx,16,1,262144,4096,65536,0,True,,10000000,4594311,45.9,0.6425399780273438,0.05482792854309082
ctx,16,1,262144,4096,262144,10,,,10000000,4650414,46.5,0.6592998504638672,0.05559182167053223
ctx,16,1,262144,4096,262144,10,True,,10000000,4629482,46.3,0.649367094039917,0.05603933334350586
ctx,16,1,262144,4096,262144,1000,,,10000000,4616863,46.2,0.6303560733795166,0.052620649337768555
ctx,16,1,262144,4096,262144,1000,True,,10000000,4594311,45.9,0.6472373008728027,0.053650856018066406
ctx,16,1,262144,4096,262144,0,,,10000000,4616863,46.2,0.6335983276367188,0.052937984466552734
ctx,16,1,262144,4096,262144,0,True,,10000000,4594311,45.9,0.6429870128631592,0.05440568923950195
ctx,16,1,262144,16384,4096,10,,,10000000,4164625,41.6,0.6470987796783447,0.04616856575012207
ctx,16,1,262144,16384,4096,10,True,,10000000,4149186,41.5,0.6531040668487549,0.046267032623291016
ctx,16,1,262144,16384,4096,1000,,,10000000,4079954,40.8,0.6299045085906982,0.045131683349609375
ctx,16,1,262144,16384,4096,1000,True,,10000000,4056359,40.6,0.6589531898498535,0.045037031173706055
ctx,16,1,262144,16384,4096,0,,,10000000,4079947,40.8,0.6576745510101318,0.04579281806945801
ctx,16,1,262144,16384,4096,0,True,,10000000,4056357,40.6,0.6496224403381348,0.04670405387878418
ctx,16,1,262144,16384,16384,10,,,10000000,4164625,41.6,0.6666865348815918,0.04610013961791992
ctx,16,1,262144,16384,16384,10,True,,10000000,4149186,41.5,0.6570611000061035,0.04927802085876465
ctx,16,1,262144,16384,16384,1000,,,10000000,4079954,40.8,0.6450796127319336,0.046766042709350586
ctx,16,1,262144,16384,16384,1000,True,,10000000,4056359,40.6,0.6398038864135742,0.04572725296020508
ctx,16,1,262144,16384,16384,0,,,10000000,4079947,40.8,0.6575887203216553,0.04566669464111328
ctx,16,1,262144,16384,16384,0,True,,10000000,4056357,40.6,0.6537847518920898,0.046056270599365234
ctx,16,1,262144,16384,65536,10,,,10000000,4164625,41.6,0.6694047451019287,0.047214508056640625
ctx,16,1,262144,16384,65536,10,True,,10000000,4149186,41.5,0.6739034652709961,0.04778456687927246
ctx,16,1,262144,16384,65536,1000,,,10000000,4079954,40.8,0.653057336807251,0.046265602111816406
ctx,16,1,262144,16384,65536,1000,True,,10000000,4056359,40.6,0.6483786106109619,0.04592776298522949
ctx,16,1,262144,16384,65536,0,,,10000000,4079947,40.8,0.6617593765258789,0.04473447799682617
ctx,16,1,262144,16384,65536,0,True,,10000000,4056357,40.6,0.6729762554168701,0.04471850395202637
ctx,16,1,262144,16384,262144,10,,,10000000,4164625,41.6,0.6419458389282227,0.04725956916809082
ctx,16,1,262144,16384,262144,10,True,,10000000,4149186,41.5,0.6659252643585205,0.04730796813964844
ctx,16,1,262144,16384,262144,1000,,,10000000,4079954,40.8,0.6784343719482422,0.04462456703186035
ctx,16,1,262144,16384,262144,1000,True,,10000000,4056359,40.6,0.6543853282928467,0.046478271484375
ctx,16,1,262144,16384,262144,0,,,10000000,4079947,40.8,0.6650807857513428,0.04466581344604492
ctx,16,1,262144,16384,262144,0,True,,10000000,4056357,40.6,0.6540908813476562,0.04655003547668457
ctx,16,1,262144,65536,4096,10,,,10000000,3972503,39.7,0.6759161949157715,0.04384660720825195
ctx,16,1,262144,65536,4096,10,True,,10000000,3962892,39.6,0.6686596870422363,0.04377484321594238
ctx,16,1,262144,65536,4096,1000,,,10000000,3816150,38.2,0.6565079689025879,0.04027605056762695
ctx,16,1,262144,65536,4096,1000,True,,10000000,3787743,37.9,0.6695940494537354,0.04138660430908203
ctx,16,1,262144,65536,4096,0,,,10000000,3816139,38.2,0.6626014709472656,0.040158748626708984
ctx,16,1,262144,65536,4096,0,True,,10000000,3787741,37.9,0.6859195232391357,0.04186749458312988
ctx,16,1,262144,65536,16384,10,,,10000000,3972503,39.7,0.6570596694946289,0.042604923248291016
ctx,16,1,262144,65536,16384,10,True,,10000000,3962892,39.6,0.651864767074585,0.04304051399230957
ctx,16,1,262144,65536,16384,1000,,,10000000,3816150,38.2,0.666785478591919,0.04066872596740723
ctx,16,1,262144,65536,16384,1000,True,,10000000,3787743,37.9,0.6775131225585938,0.04091286659240723
ctx,16,1,262144,65536,16384,0,,,10000000,3816139,38.2,0.6668543815612793,0.03947901725769043
ctx,16,1,262144,65536,16384,0,True,,10000000,3787741,37.9,0.6745321750640869,0.04107332229614258
ctx,16,1,262144,65536,65536,10,,,10000000,3972503,39.7,0.6592221260070801,0.043013811111450195
ctx,16,1,262144,65536,65536,10,True,,10000000,3962892,39.6,0.6627130508422852,0.044857025146484375
ctx,16,1,262144,65536,65536,1000,,,10000000,3816150,38.2,0.6728579998016357,0.04262208938598633
ctx,16,1,262144,65536,65536,1000,True,,10000000,3787743,37.9,0.6779732704162598,0.04066300392150879
ctx,16,1,262144,65536,65536,0,,,10000000,3816139,38.2,0.6593406200408936,0.03900146484375
ctx,16,1,262144,65536,65536,0,True,,10000000,3787741,37.9,0.6952784061431885,0.04156351089477539
ctx,16,1,262144,65536,262144,10,,,10000000,3972503,39.7,0.6540565490722656,0.042406558990478516
ctx,16,1,262144,65536,262144,10,True,,10000000,3962892,39.6,0.6620192527770996,0.04569840431213379
ctx,16,1,262144,65536,262144,1000,,,10000000,3816150,38.2,0.6904449462890625,0.039548397064208984
ctx,16,1,262144,65536,262144,1000,True,,10000000,3787743,37.9,0.6998481750488281,0.04120039939880371
ctx,16,1,262144,65536,262144,0,,,10000000,3816139,38.2,0.6840114593505859,0.04031801223754883
ctx,16,1,262144,65536,262144,0,True,,10000000,3787741,37.9,0.6905124187469482,0.04082179069519043
ctx,16,1,262144,262144,4096,10,,,10000000,3938368,39.4,0.6551692485809326,0.04208660125732422
ctx,16,1,262144,262144,4096,10,True,,10000000,3930885,39.3,0.6509511470794678,0.04246044158935547
ctx,16,1,262144,262144,4096,1000,,,10000000,3744431,37.4,0.7373509407043457,0.04059457778930664
ctx,16,1,262144,262144,4096,1000,True,,10000000,3712575,37.1,0.7323727607727051,0.03912663459777832
ctx,16,1,262144,262144,4096,0,,,10000000,3743599,37.4,0.6972928047180176,0.03904247283935547
ctx,16,1,262144,262144,4096,0,True,,10000000,3711576,37.1,0.752049446105957,0.03969693183898926
ctx,16,1,262144,262144,16384,10,,,10000000,3938368,39.4,0.6558694839477539,0.04452800750732422
ctx,16,1,262144,262144,16384,10,True,,10000000,3930885,39.3,0.6597881317138672,0.04555487632751465
ctx,16,1,262144,262144,16384,1000,,,10000000,3744431,37.4,0.6705408096313477,0.038402557373046875
ctx,16,1,262144,262144,16384,1000,True,,10000000,3712575,37.1,0.7481205463409424,0.038698673248291016
ctx,16,1,262144,262144,16384,0,,,10000000,3743599,37.4,0.676884651184082,0.03902792930603027
ctx,16,1,262144,262144,16384,0,True,,10000000,3711576,37.1,0.7755374908447266,0.03968071937561035
ctx,16,1,262144,262144,65536,10,,,10000000,3938368,39.4,0.6638972759246826,0.043305397033691406
ctx,16,1,262144,262144,65536,10,True,,10000000,3930885,39.3,0.6601922512054443,0.04211544990539551
ctx,16,1,262144,262144,65536,1000,,,10000000,3744431,37.4,0.7046778202056885,0.03825736045837402
ctx,16,1,262144,262144,65536,1000,True,,10000000,3712575,37.1,0.7467403411865234,0.04040122032165527
ctx,16,1,262144,262144,65536,0,,,10000000,3743599,37.4,0.7125649452209473,0.037927865982055664
ctx,16,1,262144,262144,65536,0,True,,10000000,3711576,37.1,0.7397778034210205,0.04135322570800781
ctx,16,1,262144,262144,262144,10,,,10000000,3938368,39.4,0.6545202732086182,0.04171276092529297
ctx,16,1,262144,262144,262144,10,True,,10000000,3930885,39.3,0.6552846431732178,0.04240608215332031
ctx,16,1,262144,262144,262144,1000,,,10000000,3744431,37.4,0.7258846759796143,0.03836774826049805
ctx,16,1,262144,262144,262144,1000,True,,10000000,3712575,37.1,0.7490143775939941,0.038971662521362305
ctx,16,1,262144,262144,262144,0,,,10000000,3743599,37.4,0.7009115219116211,0.03855085372924805
ctx,16,1,262144,262144,262144,0,True,,10000000,3711576,37.1,0.7243521213531494,0.038823604583740234
ctx,16,1,1048576,4096,4096,10,,,10000000,4638238,46.4,0.24864959716796875,0.06095385551452637
ctx,16,1,1048576,4096,4096,10,True,,10000000,4617464,46.2,0.26848697662353516,0.0631871223449707
ctx,16,1,1048576,4096,4096,1000,,,10000000,4604320,46.0,0.25501203536987305,0.05999493598937988
ctx,16,1,1048576,4096,4096,1000,True,,10000000,4582007,45.8,0.24843168258666992,0.05899620056152344
ctx,16,1,1048576,4096,4096,0,,,10000000,4604320,46.0,0.2619004249572754,0.058713674545288086
ctx,16,1,1048576,4096,4096,0,True,,10000000,4582007,45.8,0.2788350582122803,0.05952954292297363
ctx,16,1,1048576,4096,16384,10,,,10000000,4638238,46.4,0.25963902473449707,0.05928921699523926
ctx,16,1,1048576,4096,16384,10,True,,10000000,4617464,46.2,0.26204824447631836,0.059836626052856445
ctx,16,1,1048576,4096,16384,1000,,,10000000,4604320,46.0,0.25357508659362793,0.05925774574279785
ctx,16,1,1048576,4096,16384,1000,True,,10000000,4582007,45.8,0.2524998188018799,0.05982542037963867
ctx,16,1,1048576,4096,16384,0,,,10000000,4604320,46.0,0.2563669681549072,0.05981802940368652
ctx,16,1,1048576,4096,16384,0,True,,10000000,4582007,45.8,0.2583785057067871,0.059810638427734375
ctx,16,1,1048576,4096,65536,10,,,10000000,4638238,46.4,0.2472825050354004,0.0593256950378418
ctx,16,1,1048576,4096,65536,10,True,,10000000,4617464,46.2,0.2654106616973877,0.060553789138793945
ctx,16,1,1048576,4096,65536,1000,,,10000000,4604320,46.0,0.273909330368042,0.06093263626098633
ctx,16,1,1048576,4096,65536,1000,True,,10000000,4582007,45.8,0.27109527587890625,0.05962395668029785
ctx,16,1,1048576,4096,65536,0,,,10000000,4604320,46.0,0.2706434726715088,0.05762982368469238
ctx,16,1,1048576,4096,65536,0,True,,10000000,4582007,45.8,0.25578761100769043,0.06342077255249023
ctx,16,1,1048576,4096,262144,10,,,10000000,4638238,46.4,0.2615542411804199,0.06009221076965332
ctx,16,1,1048576,4096,262144,10,True,,10000000,4617464,46.2,0.2573421001434326,0.05930519104003906
ctx,16,1,1048576,4096,262144,1000,,,10000000,4604320,46.0,0.24808692932128906,0.059294700622558594
ctx,16,1,1048576,4096,262144,1000,True,,10000000,4582007,45.8,0.2806224822998047,0.0610196590423584
ctx,16,1,1048576,4096,262144,0,,,10000000,4604320,46.0,0.25628662109375,0.060868263244628906
ctx,16,1,1048576,4096,262144,0,True,,10000000,4582007,45.8,0.27342724800109863,0.06304383277893066
ctx,16,1,1048576,4096,1048576,10,,,10000000,4638238,46.4,0.26128292083740234,0.060573577880859375
ctx,16,1,1048576,4096,1048576,10,True,,10000000,4617464,46.2,0.2694993019104004,0.060184478759765625
ctx,16,1,1048576,4096,1048576,1000,,,10000000,4604320,46.0,0.25957536697387695,0.06060791015625
ctx,16,1,1048576,4096,1048576,1000,True,,10000000,4582007,45.8,0.25302815437316895,0.060393571853637695
ctx,16,1,1048576,4096,1048576,0,,,10000000,4604320,46.0,0.25964856147766113,0.061524391174316406
ctx,16,1,1048576,4096,1048576,0,True,,10000000,4582007,45.8,0.27970075607299805,0.06231951713562012
ctx,16,1,1048576,16384,4096,10,,,10000000,4134543,41.3,0.2492532730102539,0.05017566680908203
ctx,16,1,1048576,16384,4096,10,True,,10000000,4119936,41.2,0.2510244846343994,0.04954385757446289
ctx,16,1,1048576,16384,4096,1000,,,10000000,4046746,40.5,0.24501657485961914,0.04979300498962402
ctx,16,1,1048576,16384,4096,1000,True,,10000000,4023917,40.2,0.2589414119720459,0.0482172966003418
ctx,16,1,1048576,16384,4096,0,,,10000000,4046740,40.5,0.24422025680541992,0.04817962646484375
ctx,16,1,1048576,16384,4096,0,True,,10000000,4023915,40.2,0.269092321395874,0.049193620681762695
ctx,16,1,1048576,16384,16384,10,,,10000000,4134543,41.3,0.2340707778930664,0.04943346977233887
ctx,16,1,1048576,16384,16384,10,True,,10000000,4119936,41.2,0.24744844436645508,0.050371646881103516
ctx,16,1,1048576,16384,16384,1000,,,10000000,4046746,40.5,0.27123141288757324,0.04829764366149902
ctx,16,1,1048576,16384,16384,1000,True,,10000000,4023917,40.2,0.2626011371612549,0.05134391784667969
ctx,16,1,1048576,16384,16384,0,,,10000000,4046740,40.5,0.24510669708251953,0.04881620407104492
ctx,16,1,1048576,16384,16384,0,True,,10000000,4023915,40.2,0.250765323638916,0.04840803146362305
ctx,16,1,1048576,16384,65536,10,,,10000000,4134543,41.3,0.2470262050628662,0.0503535270690918
ctx,16,1,1048576,16384,65536,10,True,,10000000,4119936,41.2,0.25548410415649414,0.052397727966308594
ctx,16,1,1048576,16384,65536,1000,,,10000000,4046746,40.5,0.23902463912963867,0.047872066497802734
ctx,16,1,1048576,16384,65536,1000,True,,10000000,4023917,40.2,0.2474050521850586,0.04975533485412598
ctx,16,1,1048576,16384,65536,0,,,10000000,4046740,40.5,0.265331506729126,0.046829938888549805
ctx,16,1,1048576,16384,65536,0,True,,10000000,4023915,40.2,0.2500174045562744,0.0477902889251709
ctx,16,1,1048576,16384,262144,10,,,10000000,4134543,41.3,0.23528194427490234,0.04953312873840332
ctx,16,1,1048576,16384,262144,10,True,,10000000,4119936,41.2,0.25583434104919434,0.050726890563964844
ctx,16,1,1048576,16384,262144,1000,,,10000000,4046746,40.5,0.2508988380432129,0.05007147789001465
ctx,16,1,1048576,16384,262144,1000,True,,10000000,4023917,40.2,0.2538471221923828,0.04957747459411621
ctx,16,1,1048576,16384,262144,0,,,10000000,4046740,40.5,0.23874855041503906,0.05049252510070801
ctx,16,1,1048576,16384,262144,0,True,,10000000,4023915,40.2,0.2477729320526123,0.04962444305419922
ctx,16,1,1048576,16384,1048576,10,,,10000000,4134543,41.3,0.24455881118774414,0.04979300498962402
ctx,16,1,1048576,16384,1048576,10,True,,10000000,4119936,41.2,0.24155688285827637,0.04965949058532715
ctx,16,1,1048576,16384,1048576,1000,,,10000000,4046746,40.5,0.2569279670715332,0.04794907569885254
ctx,16,1,1048576,16384,1048576,1000,True,,10000000,4023917,40.2,0.25192809104919434,0.05029559135437012
ctx,16,1,1048576,16384,1048576,0,,,10000000,4046740,40.5,0.2453455924987793,0.047672271728515625
ctx,16,1,1048576,16384,1048576,0,True,,10000000,4023915,40.2,0.2530813217163086,0.04813694953918457
ctx,16,1,1048576,65536,4096,10,,,10000000,3908422,39.1,0.23630809783935547,0.047789812088012695
ctx,16,1,1048576,65536,4096,10,True,,10000000,3901729,39.0,0.2511427402496338,0.04701662063598633
ctx,16,1,1048576,65536,4096,1000,,,10000000,3732344,37.3,0.25333428382873535,0.040442466735839844
ctx,16,1,1048576,65536,4096,1000,True,,10000000,3706162,37.1,0.2959728240966797,0.04366445541381836
ctx,16,1,1048576,65536,4096,0,,,10000000,3732328,37.3,0.2578761577606201,0.042462825775146484
ctx,16,1,1048576,65536,4096,0,True,,10000000,3706149,37.1,0.2790510654449463,0.04243326187133789
ctx,16,1,1048576,65536,16384,10,,,10000000,3908422,39.1,0.2336282730102539,0.04746842384338379
ctx,16,1,1048576,65536,16384,10,True,,10000000,3901729,39.0,0.24450159072875977,0.04896664619445801
ctx,16,1,1048576,65536,16384,1000,,,10000000,3732344,37.3,0.2680940628051758,0.04235553741455078
ctx,16,1,1048576,65536,16384,1000,True,,10000000,3706162,37.1,0.30448174476623535,0.0444788932800293
ctx,16,1,1048576,65536,16384,0,,,10000000,3732328,37.3,0.2536609172821045,0.04198050498962402
ctx,16,1,1048576,65536,16384,0,True,,10000000,3706149,37.1,0.283261775970459,0.04112744331359863
ctx,16,1,1048576,65536,65536,10,,,10000000,3908422,39.1,0.24347329139709473,0.045578718185424805
ctx,16,1,1048576,65536,65536,10,True,,10000000,3901729,39.0,0.22782373428344727,0.047766685485839844
ctx,16,1,1048576,65536,65536,1000,,,10000000,3732344,37.3,0.2564888000488281,0.04116225242614746
ctx,16,1,1048576,65536,65536,1000,True,,10000000,3706162,37.1,0.2854740619659424,0.04271960258483887
ctx,16,1,1048576,65536,65536,0,,,10000000,3732328,37.3,0.25916361808776855,0.04163551330566406
ctx,16,1,1048576,65536,65536,0,True,,10000000,3706149,37.1,0.28640246391296387,0.04387378692626953
ctx,16,1,1048576,65536,262144,10,,,10000000,3908422,39.1,0.24124503135681152,0.045566558837890625
ctx,16,1,1048576,65536,262144,10,True,,10000000,3901729,39.0,0.23218584060668945,0.04682016372680664
ctx,16,1,1048576,65536,262144,1000,,,10000000,3732344,37.3,0.2552523612976074,0.04157614707946777
ctx,16,1,1048576,65536,262144,1000,True,,10000000,3706162,37.1,0.2945821285247803,0.04119300842285156
ctx,16,1,1048576,65536,262144,0,,,10000000,3732328,37.3,0.2582712173461914,0.04323887825012207
ctx,16,1,1048576,65536,262144,0,True,,10000000,3706149,37.1,0.2853069305419922,0.04286623001098633
ctx,16,1,1048576,65536,1048576,10,,,10000000,3908422,39.1,0.2449784278869629,0.04447627067565918
ctx,16,1,1048576,65536,1048576,10,True,,10000000,3901729,39.0,0.24439001083374023,0.051128387451171875
ctx,16,1,1048576,65536,1048576,1000,,,10000000,3732344,37.3,0.26106977462768555,0.041851043701171875
ctx,16,1,1048576,65536,1048576,1000,True,,10000000,3706162,37.1,0.28940892219543457,0.04350447654724121
ctx,16,1,1048576,65536,1048576,0,,,10000000,3732328,37.3,0.25304222106933594,0.04131817817687988
ctx,16,1,1048576,65536,1048576,0,True,,10000000,3706149,37.1,0.27541518211364746,0.04247713088989258
ctx,16,1,1048576,262144,4096,10,,,10000000,3834260,38.3,0.22961807250976562,0.04290318489074707
ctx,16,1,1048576,262144,4096,10,True,,10000000,3834406,38.3,0.23902177810668945,0.04316973686218262
ctx,16,1,1048576,262144,4096,1000,,,10000000,3555112,35.6,0.37219858169555664,0.03894329071044922
ctx,16,1,1048576,262144,4096,1000,True,,10000000,3527221,35.3,0.4830448627471924,0.03898048400878906
ctx,16,1,1048576,262144,4096,0,,,10000000,3551696,35.5,0.40160250663757324,0.038777828216552734
ctx,16,1,1048576,262144,4096,0,True,,10000000,3523393,35.2,0.5556204319000244,0.03993678092956543
ctx,16,1,1048576,262144,16384,10,,,10000000,3834260,38.3,0.2531404495239258,0.0430450439453125
ctx,16,1,1048576,262144,16384,10,True,,10000000,3834406,38.3,0.23724651336669922,0.043645620346069336
ctx,16,1,1048576,262144,16384,1000,,,10000000,3555112,35.6,0.37667155265808105,0.03863096237182617
ctx,16,1,1048576,262144,16384,1000,True,,10000000,3527221,35.3,0.4925191402435303,0.04018521308898926
ctx,16,1,1048576,262144,16384,0,,,10000000,3551696,35.5,0.3986814022064209,0.03921794891357422
ctx,16,1,1048576,262144,16384,0,True,,10000000,3523393,35.2,0.5575032234191895,0.0412905216217041
ctx,16,1,1048576,262144,65536,10,,,10000000,3834260,38.3,0.24722933769226074,0.045472145080566406
ctx,16,1,1048576,262144,65536,10,True,,10000000,3834406,38.3,0.23652267456054688,0.04481005668640137
ctx,16,1,1048576,262144,65536,1000,,,10000000,3555112,35.6,0.3651235103607178,0.0399012565612793
ctx,16,1,1048576,262144,65536,1000,True,,10000000,3527221,35.3,0.4955124855041504,0.039549827575683594
ctx,16,1,1048576,262144,65536,0,,,10000000,3551696,35.5,0.3973839282989502,0.03805971145629883
ctx,16,1,1048576,262144,65536,0,True,,10000000,3523393,35.2,0.5549213886260986,0.04178357124328613
ctx,16,1,1048576,262144,262144,10,,,10000000,3834260,38.3,0.24094247817993164,0.044069528579711914
ctx,16,1,1048576,262144,262144,10,True,,10000000,3834406,38.3,0.23983502388000488,0.044960737228393555
ctx,16,1,1048576,262144,262144,1000,,,10000000,3555112,35.6,0.36904454231262207,0.03965640068054199
ctx,16,1,1048576,262144,262144,1000,True,,10000000,3527221,35.3,0.4895820617675781,0.04275655746459961
ctx,16,1,1048576,262144,262144,0,,,10000000,3551696,35.5,0.4022250175476074,0.038161277770996094
ctx,16,1,1048576,262144,262144,0,True,,10000000,3523393,35.2,0.5405285358428955,0.04073071479797363
ctx,16,1,1048576,262144,1048576,10,,,10000000,3834260,38.3,0.2394406795501709,0.04462075233459473
ctx,16,1,1048576,262144,1048576,10,True,,10000000,3834406,38.3,0.2502732276916504,0.04629921913146973
ctx,16,1,1048576,262144,1048576,1000,,,10000000,3555112,35.6,0.39164257049560547,0.03850507736206055
ctx,16,1,1048576,262144,1048576,1000,True,,10000000,3527221,35.3,0.4919130802154541,0.03939247131347656
ctx,16,1,1048576,262144,1048576,0,,,10000000,3551696,35.5,0.3964879512786865,0.040130615234375
ctx,16,1,1048576,262144,1048576,0,True,,10000000,3523393,35.2,0.537226676940918,0.044595956802368164
ctx,16,1,1048576,1048576,4096,10,,,10000000,3820085,38.2,0.24678492546081543,0.0422971248626709
ctx,16,1,1048576,1048576,4096,10,True,,10000000,3823108,38.2,0.23037314414978027,0.04495096206665039
ctx,16,1,1048576,1048576,4096,1000,,,10000000,3504430,35.0,1.0393610000610352,0.03885364532470703
ctx,16,1,1048576,1048576,4096,1000,True,,10000000,3478254,34.8,1.6409084796905518,0.038106679916381836
ctx,16,1,1048576,1048576,4096,0,,,10000000,3495502,35.0,1.799201250076294,0.03904414176940918
ctx,16,1,1048576,1048576,4096,0,True,,10000000,3467412,34.7,2.807969093322754,0.041109323501586914
ctx,16,1,1048576,1048576,16384,10,,,10000000,3820085,38.2,0.16885161399841309,0.04183173179626465
ctx,16,1,1048576,1048576,16384,10,True,,10000000,3823108,38.2,0.25684213638305664,0.04471921920776367
ctx,16,1,1048576,1048576,16384,1000,,,10000000,3504430,35.0,1.0479180812835693,0.0375823974609375
ctx,16,1,1048576,1048576,16384,1000,True,,10000000,3478254,34.8,1.6365787982940674,0.040828704833984375
ctx,16,1,1048576,1048576,16384,0,,,10000000,3495502,35.0,1.6798508167266846,0.03774595260620117
ctx,16,1,1048576,1048576,16384,0,True,,10000000,3467412,34.7,2.7467827796936035,0.03793001174926758
ctx,16,1,1048576,1048576,65536,10,,,10000000,3820085,38.2,0.15816259384155273,0.043060302734375
ctx,16,1,1048576,1048576,65536,10,True,,10000000,3823108,38.2,0.16779851913452148,0.04613327980041504
ctx,16,1,1048576,1048576,65536,1000,,,10000000,3504430,35.0,1.0362908840179443,0.03658246994018555
ctx,16,1,1048576,1048576,65536,1000,True,,10000000,3478254,34.8,1.4391202926635742,0.038750410079956055
ctx,16,1,1048576,1048576,65536,0,,,10000000,3495502,35.0,1.5841481685638428,0.03808093070983887
ctx,16,1,1048576,1048576,65536,0,True,,10000000,3467412,34.7,2.581676959991455,0.03930473327636719
ctx,16,1,1048576,1048576,262144,10,,,10000000,3820085,38.2,0.17522788047790527,0.0455019474029541
ctx,16,1,1048576,1048576,262144,10,True,,10000000,3823108,38.2,0.16798090934753418,0.043524980545043945
ctx,16,1,1048576,1048576,262144,1000,,,10000000,3504430,35.0,0.9043562412261963,0.03876543045043945
ctx,16,1,1048576,1048576,262144,1000,True,,10000000,3478254,34.8,1.428863286972046,0.037284135818481445
ctx,16,1,1048576,1048576,262144,0,,,10000000,3495502,35.0,1.5716733932495117,0.03715348243713379
ctx,16,1,1048576,1048576,262144,0,True,,10000000,3467412,34.7,2.550461530685425,0.03944253921508789
ctx,16,1,1048576,1048576,1048576,10,,,10000000,3820085,38.2,0.15231084823608398,0.04226231575012207
ctx,16,1,1048576,1048576,1048576,10,True,,10000000,3823108,38.2,0.17017817497253418,0.04412341117858887
ctx,16,1,1048576,1048576,1048576,1000,,,10000000,3504430,35.0,0.9187986850738525,0.03849482536315918
ctx,16,1,1048576,1048576,1048576,1000,True,,10000000,3478254,34.8,1.4671790599822998,0.04000735282897949
ctx,16,1,1048576,1048576,1048576,0,,,10000000,3495502,35.0,1.5782673358917236,0.0382695198059082
ctx,16,1,1048576,1048576,1048576,0,True,,10000000,3467412,34.7,2.5735020637512207,0.039966583251953125
ctx,16,1,16384,4096,4096,10,,True,10000000,4848388,48.5,6.73169732093811,0.057496070861816406
ctx,16,1,16384,4096,4096,1000,,True,10000000,4819342,48.2,8.931365966796875,0.056185245513916016
ctx,16,1,16384,4096,4096,0,,True,10000000,4819342,48.2,9.035942792892456,0.05988192558288574
ctx,16,1,16384,4096,16384,10,,True,10000000,4848388,48.5,9.014414072036743,0.057707786560058594
ctx,16,1,16384,4096,16384,1000,,True,10000000,4819342,48.2,8.987658977508545,0.05701875686645508
ctx,16,1,16384,4096,16384,0,,True,10000000,4819342,48.2,9.028798818588257,0.0556488037109375
ctx,16,1,16384,16384,4096,10,,True,10000000,4618162,46.2,8.927490234375,0.05700087547302246
ctx,16,1,16384,16384,4096,1000,,True,10000000,4569553,45.7,8.976191997528076,0.0532221794128418
ctx,16,1,16384,16384,4096,0,,True,10000000,4569553,45.7,8.815876245498657,0.053952932357788086
ctx,16,1,16384,16384,16384,10,,True,10000000,4618162,46.2,8.877013444900513,0.0562286376953125
ctx,16,1,16384,16384,16384,1000,,True,10000000,4569553,45.7,8.901527881622314,0.054402828216552734
ctx,16,1,16384,16384,16384,0,,True,10000000,4569553,45.7,8.911330223083496,0.05565452575683594
ctx,16,1,65536,4096,4096,10,,True,10000000,4658305,46.6,2.3640928268432617,0.05302929878234863
ctx,16,1,65536,4096,4096,1000,,True,10000000,4625383,46.3,2.3655951023101807,0.05352973937988281
ctx,16,1,65536,4096,4096,0,,True,10000000,4625383,46.3,2.338611125946045,0.05321860313415527
ctx,16,1,65536,4096,16384,10,,True,10000000,4658305,46.6,2.349212408065796,0.05535125732421875
ctx,16,1,65536,4096,16384,1000,,True,10000000,4625383,46.3,2.3613383769989014,0.05526375770568848
ctx,16,1,65536,4096,16384,0,,True,10000000,4625383,46.3,2.328420639038086,0.05376386642456055
ctx,16,1,65536,4096,65536,10,,True,10000000,4658305,46.6,2.319892168045044,0.0546267032623291
ctx,16,1,65536,4096,65536,1000,,True,10000000,4625383,46.3,2.3449361324310303,0.054557085037231445
ctx,16,1,65536,4096,65536,0,,True,10000000,4625383,46.3,2.351357936859131,0.05376267433166504
ctx,16,1,65536,16384,4096,10,,True,10000000,4200096,42.0,2.337223768234253,0.04899430274963379
ctx,16,1,65536,16384,4096,1000,,True,10000000,4119224,41.2,2.3476343154907227,0.04886126518249512
ctx,16,1,65536,16384,4096,0,,True,10000000,4119222,41.2,2.3740522861480713,0.04811525344848633
ctx,16,1,65536,16384,16384,10,,True,10000000,4200096,42.0,2.3627982139587402,0.0485992431640625
ctx,16,1,65536,16384,16384,1000,,True,10000000,4119224,41.2,2.384956121444702,0.047913312911987305
ctx,16,1,65536,16384,16384,0,,True,10000000,4119222,41.2,2.3549602031707764,0.04727625846862793
ctx,16,1,65536,16384,65536,10,,True,10000000,4200096,42.0,2.354691743850708,0.0480954647064209
ctx,16,1,65536,16384,65536,1000,,True,10000000,4119224,41.2,2.341731071472168,0.04625391960144043
ctx,16,1,65536,16384,65536,0,,True,10000000,4119222,41.2,2.3348236083984375,0.04759693145751953
ctx,16,1,65536,65536,4096,10,,True,10000000,4090239,40.9,2.355012893676758,0.04839348793029785
ctx,16,1,65536,65536,4096,1000,,True,10000000,3974461,39.7,2.361748695373535,0.046484947204589844
ctx,16,1,65536,65536,4096,0,,True,10000000,3974460,39.7,2.4030230045318604,0.04589509963989258
ctx,16,1,65536,65536,16384,10,,True,10000000,4090239,40.9,2.3444583415985107,0.04964637756347656
ctx,16,1,65536,65536,16384,1000,,True,10000000,3974461,39.7,2.374901294708252,0.04674172401428223
ctx,16,1,65536,65536,16384,0,,True,10000000,3974460,39.7,2.3873367309570312,0.04446578025817871
ctx,16,1,65536,65536,65536,10,,True,10000000,4090239,40.9,2.317016839981079,0.04706287384033203
ctx,16,1,65536,65536,65536,1000,,True,10000000,3974461,39.7,2.4064362049102783,0.047147512435913086
ctx,16,1,65536,65536,65536,0,,True,10000000,3974460,39.7,2.3871827125549316,0.045862436294555664
ctx,16,1,262144,4096,4096,10,,True,10000000,4609192,46.1,0.7778868675231934,0.05594468116760254
ctx,16,1,262144,4096,4096,1000,,True,10000000,4575214,45.8,0.7879998683929443,0.05556201934814453
ctx,16,1,262144,4096,4096,0,,True,10000000,4575214,45.8,0.8149151802062988,0.05591773986816406
ctx,16,1,262144,4096,16384,10,,True,10000000,4609192,46.1,0.7687642574310303,0.05406594276428223
ctx,16,1,262144,4096,16384,1000,,True,10000000,4575214,45.8,0.7615556716918945,0.055085182189941406
ctx,16,1,262144,4096,16384,0,,True,10000000,4575214,45.8,0.7627317905426025,0.055609941482543945
ctx,16,1,262144,4096,65536,10,,True,10000000,4609192,46.1,0.7733678817749023,0.057648658752441406
ctx,16,1,262144,4096,65536,1000,,True,10000000,4575214,45.8,0.7824587821960449,0.056153297424316406
ctx,16,1,262144,4096,65536,0,,True,10000000,4575214,45.8,0.7594702243804932,0.053948163986206055
ctx,16,1,262144,4096,262144,10,,True,10000000,4609192,46.1,0.7425227165222168,0.05472517013549805
ctx,16,1,262144,4096,262144,1000,,True,10000000,4575214,45.8,0.7461104393005371,0.0549314022064209
ctx,16,1,262144,4096,262144,0,,True,10000000,4575214,45.8,0.7698180675506592,0.0542294979095459
ctx,16,1,262144,16384,4096,10,,True,10000000,4086622,40.9,0.7957398891448975,0.047966718673706055
ctx,16,1,262144,16384,4096,1000,,True,10000000,3996726,40.0,0.8232378959655762,0.04627704620361328
ctx,16,1,262144,16384,4096,0,,True,10000000,3996723,40.0,0.8173229694366455,0.046079158782958984
ctx,16,1,262144,16384,16384,10,,True,10000000,4086622,40.9,0.7777354717254639,0.048296451568603516
ctx,16,1,262144,16384,16384,1000,,True,10000000,3996726,40.0,0.8424880504608154,0.04718446731567383
ctx,16,1,262144,16384,16384,0,,True,10000000,3996723,40.0,0.8583931922912598,0.047499656677246094
ctx,16,1,262144,16384,65536,10,,True,10000000,4086622,40.9,0.7810771465301514,0.04821276664733887
ctx,16,1,262144,16384,65536,1000,,True,10000000,3996726,40.0,0.891120195388794,0.04701375961303711
ctx,16,1,262144,16384,65536,0,,True,10000000,3996723,40.0,0.8312151432037354,0.04715299606323242
ctx,16,1,262144,16384,262144,10,,True,10000000,4086622,40.9,0.7864441871643066,0.04843258857727051
ctx,16,1,262144,16384,262144,1000,,True,10000000,3996726,40.0,0.8586058616638184,0.047827959060668945
ctx,16,1,262144,16384,262144,0,,True,10000000,3996723,40.0,0.8420398235321045,0.047029972076416016
ctx,16,1,262144,65536,4096,10,,True,10000000,3874055,38.7,0.7943229675292969,0.04507565498352051
ctx,16,1,262144,65536,4096,1000,,True,10000000,3701351,37.0,1.1988630294799805,0.04418182373046875
ctx,16,1,262144,65536,4096,0,,True,10000000,3701340,37.0,1.2030000686645508,0.043814897537231445
ctx,16,1,262144,65536,16384,10,,True,10000000,3874055,38.7,0.787606954574585,0.04514956474304199
ctx,16,1,262144,65536,16384,1000,,True,10000000,3701351,37.0,1.1824665069580078,0.04225492477416992
ctx,16,1,262144,65536,16384,0,,True,10000000,3701340,37.0,1.1719212532043457,0.04332256317138672
ctx,16,1,262144,65536,65536,10,,True,10000000,3874055,38.7,0.7677638530731201,0.044818878173828125
ctx,16,1,262144,65536,65536,1000,,True,10000000,3701351,37.0,1.1953959465026855,0.042864322662353516
ctx,16,1,262144,65536,65536,0,,True,10000000,3701340,37.0,1.160771131515503,0.042725563049316406
ctx,16,1,262144,65536,262144,10,,True,10000000,3874055,38.7,0.7746140956878662,0.04526376724243164
ctx,16,1,262144,65536,262144,1000,,True,10000000,3701351,37.0,1.205259084701538,0.043822526931762695
ctx,16,1,262144,65536,262144,0,,True,10000000,3701340,37.0,1.2514350414276123,0.0439608097076416
ctx,16,1,262144,262144,4096,10,,True,10000000,3816740,38.2,0.7717103958129883,0.0442349910736084
ctx,16,1,262144,262144,4096,1000,,True,10000000,3588731,35.9,1.7582097053527832,0.04155397415161133
ctx,16,1,262144,262144,4096,0,,True,10000000,3587826,35.9,1.8921685218811035,0.041229963302612305
ctx,16,1,262144,262144,16384,10,,True,10000000,3816740,38.2,0.7961618900299072,0.042313337326049805
ctx,16,1,262144,262144,16384,1000,,True,10000000,3588731,35.9,1.8002734184265137,0.04050779342651367
ctx,16,1,262144,262144,16384,0,,True,10000000,3587826,35.9,1.9204683303833008,0.04120779037475586
ctx,16,1,262144,262144,65536,10,,True,10000000,3816740,38.2,0.7732877731323242,0.04395246505737305
ctx,16,1,262144,262144,65536,1000,,True,10000000,3588731,35.9,1.8000373840332031,0.04032468795776367
ctx,16,1,262144,262144,65536,0,,True,10000000,3587826,35.9,1.9301745891571045,0.039322853088378906
ctx,16,1,262144,262144,262144,10,,True,10000000,3816740,38.2,0.7935545444488525,0.04476618766784668
ctx,16,1,262144,262144,262144,1000,,True,10000000,3588731,35.9,1.7866084575653076,0.04193592071533203
ctx,16,1,262144,262144,262144,0,,True,10000000,3587826,35.9,1.8719801902770996,0.039228200912475586
ctx,16,1,1048576,4096,4096,10,,True,10000000,4597181,46.0,0.421703577041626,0.05898928642272949
ctx,16,1,1048576,4096,4096,1000,,True,10000000,4562881,45.6,0.46124696731567383,0.059877634048461914
ctx,16,1,1048576,4096,4096,0,,True,10000000,4562881,45.6,0.4665670394897461,0.06018948554992676
ctx,16,1,1048576,4096,16384,10,,True,10000000,4597181,46.0,0.41608357429504395,0.0604245662689209
ctx,16,1,1048576,4096,16384,1000,,True,10000000,4562881,45.6,0.458388090133667,0.0640707015991211
ctx,16,1,1048576,4096,16384,0,,True,10000000,4562881,45.6,0.45884203910827637,0.06180524826049805
ctx,16,1,1048576,4096,65536,10,,True,10000000,4597181,46.0,0.41567277908325195,0.060407400131225586
ctx,16,1,1048576,4096,65536,1000,,True,10000000,4562881,45.6,0.48888516426086426,0.06145453453063965
ctx,16,1,1048576,4096,65536,0,,True,10000000,4562881,45.6,0.4558863639831543,0.06124401092529297
ctx,16,1,1048576,4096,262144,10,,True,10000000,4597181,46.0,0.44225239753723145,0.061951637268066406
ctx,16,1,1048576,4096,262144,1000,,True,10000000,4562881,45.6,0.4638335704803467,0.06269121170043945
ctx,16,1,1048576,4096,262144,0,,True,10000000,4562881,45.6,0.48120641708374023,0.06120800971984863
ctx,16,1,1048576,4096,1048576,10,,True,10000000,4597181,46.0,0.42824745178222656,0.06176614761352539
ctx,16,1,1048576,4096,1048576,1000,,True,10000000,4562881,45.6,0.46973752975463867,0.06166410446166992
ctx,16,1,1048576,4096,1048576,0,,True,10000000,4562881,45.6,0.44687485694885254,0.06045222282409668
ctx,16,1,1048576,16384,4096,10,,True,10000000,4056914,40.6,0.4458801746368408,0.051082611083984375
ctx,16,1,1048576,16384,4096,1000,,True,10000000,3964392,39.6,0.5430848598480225,0.05253863334655762
ctx,16,1,1048576,16384,4096,0,,True,10000000,3964387,39.6,0.5377144813537598,0.049431562423706055
ctx,16,1,1048576,16384,16384,10,,True,10000000,4056914,40.6,0.42848944664001465,0.052262067794799805
ctx,16,1,1048576,16384,16384,1000,,True,10000000,3964392,39.6,0.5393679141998291,0.05075192451477051
ctx,16,1,1048576,16384,16384,0,,True,10000000,3964387,39.6,0.5383038520812988,0.05126309394836426
ctx,16,1,1048576,16384,65536,10,,True,10000000,4056914,40.6,0.4495265483856201,0.05173063278198242
ctx,16,1,1048576,16384,65536,1000,,True,10000000,3964392,39.6,0.5810229778289795,0.05069994926452637
ctx,16,1,1048576,16384,65536,0,,True,10000000,3964387,39.6,0.5221164226531982,0.0481107234954834
ctx,16,1,1048576,16384,262144,10,,True,10000000,4056914,40.6,0.3654334545135498,0.05070328712463379
ctx,16,1,1048576,16384,262144,1000,,True,10000000,3964392,39.6,0.4587576389312744,0.04991936683654785
ctx,16,1,1048576,16384,262144,0,,True,10000000,3964387,39.6,0.5408272743225098,0.0487818717956543
ctx,16,1,1048576,16384,1048576,10,,True,10000000,4056914,40.6,0.45273494720458984,0.051046133041381836
ctx,16,1,1048576,16384,1048576,1000,,True,10000000,3964392,39.6,0.6082258224487305,0.04850649833679199
ctx,16,1,1048576,16384,1048576,0,,True,10000000,3964387,39.6,0.45519208908081055,0.0490422248840332
ctx,16,1,1048576,65536,4096,10,,True,10000000,3811868,38.1,0.3460867404937744,0.04529929161071777
ctx,16,1,1048576,65536,4096,1000,,True,10000000,3621823,36.2,1.0112581253051758,0.043633460998535156
ctx,16,1,1048576,65536,4096,0,,True,10000000,3621810,36.2,0.9452884197235107,0.042027950286865234
ctx,16,1,1048576,65536,16384,10,,True,10000000,3811868,38.1,0.35036301612854004,0.04613018035888672
ctx,16,1,1048576,65536,16384,1000,,True,10000000,3621823,36.2,0.9649093151092529,0.044670820236206055
ctx,16,1,1048576,65536,16384,0,,True,10000000,3621810,36.2,0.9658007621765137,0.0428309440612793
ctx,16,1,1048576,65536,65536,10,,True,10000000,3811868,38.1,0.35695695877075195,0.04759955406188965
ctx,16,1,1048576,65536,65536,1000,,True,10000000,3621823,36.2,0.9664785861968994,0.04438018798828125
ctx,16,1,1048576,65536,65536,0,,True,10000000,3621810,36.2,0.9490458965301514,0.04412484169006348
ctx,16,1,1048576,65536,262144,10,,True,10000000,3811868,38.1,0.3471527099609375,0.04623723030090332
ctx,16,1,1048576,65536,262144,1000,,True,10000000,3621823,36.2,1.036907434463501,0.04217648506164551
ctx,16,1,1048576,65536,262144,0,,True,10000000,3621810,36.2,0.9576849937438965,0.04308366775512695
ctx,16,1,1048576,65536,1048576,10,,True,10000000,3811868,38.1,0.3494091033935547,0.045348167419433594
ctx,16,1,1048576,65536,1048576,1000,,True,10000000,3621823,36.2,0.9577085971832275,0.04357576370239258
ctx,16,1,1048576,65536,1048576,0,,True,10000000,3621810,36.2,0.9521944522857666,0.044347524642944336
ctx,16,1,1048576,262144,4096,10,,True,10000000,3704520,37.0,0.3628573417663574,0.04552817344665527
ctx,16,1,1048576,262144,4096,1000,,True,10000000,3392452,33.9,2.6417953968048096,0.04112505912780762
ctx,16,1,1048576,262144,4096,0,,True,10000000,3389503,33.9,3.1619136333465576,0.041252851486206055
ctx,16,1,1048576,262144,16384,10,,True,10000000,3704520,37.0,0.36978578567504883,0.044962406158447266
ctx,16,1,1048576,262144,16384,1000,,True,10000000,3392452,33.9,2.5602025985717773,0.04169297218322754
ctx,16,1,1048576,262144,16384,0,,True,10000000,3389503,33.9,3.117157459259033,0.038968563079833984
ctx,16,1,1048576,262144,65536,10,,True,10000000,3704520,37.0,0.3563675880432129,0.04645347595214844
ctx,16,1,1048576,262144,65536,1000,,True,10000000,3392452,33.9,2.6582159996032715,0.03861665725708008
ctx,16,1,1048576,262144,65536,0,,True,10000000,3389503,33.9,3.067819118499756,0.04168534278869629
ctx,16,1,1048576,262144,262144,10,,True,10000000,3704520,37.0,0.3565096855163574,0.0459749698638916
ctx,16,1,1048576,262144,262144,1000,,True,10000000,3392452,33.9,2.537412405014038,0.04087352752685547
ctx,16,1,1048576,262144,262144,0,,True,10000000,3389503,33.9,2.997713088989258,0.04201674461364746
ctx,16,1,1048576,262144,1048576,10,,True,10000000,3704520,37.0,0.36110472679138184,0.043955087661743164
ctx,16,1,1048576,262144,1048576,1000,,True,10000000,3392452,33.9,2.571265697479248,0.04010176658630371
ctx,16,1,1048576,262144,1048576,0,,True,10000000,3389503,33.9,3.134558916091919,0.04009103775024414
ctx,16,1,1048576,1048576,4096,10,,True,10000000,3674424,36.7,0.3646223545074463,0.045137882232666016
ctx,16,1,1048576,1048576,4096,1000,,True,10000000,3307065,33.1,7.485106945037842,0.03957509994506836
ctx,16,1,1048576,1048576,4096,0,,True,10000000,3298414,33.0,14.017696857452393,0.03918576240539551
ctx,16,1,1048576,1048576,16384,10,,True,10000000,3674424,36.7,0.3860440254211426,0.04535198211669922
ctx,16,1,1048576,1048576,16384,1000,,True,10000000,3307065,33.1,7.421140670776367,0.0403594970703125
ctx,16,1,1048576,1048576,16384,0,,True,10000000,3298414,33.0,14.217172145843506,0.03877854347229004
ctx,16,1,1048576,1048576,65536,10,,True,10000000,3674424,36.7,0.36394214630126953,0.044640541076660156
ctx,16,1,1048576,1048576,65536,1000,,True,10000000,3307065,33.1,7.362731695175171,0.042821407318115234
ctx,16,1,1048576,1048576,65536,0,,True,10000000,3298414,33.0,14.197939395904541,0.04117155075073242
ctx,16,1,1048576,1048576,262144,10,,True,10000000,3674424,36.7,0.3687012195587158,0.04388570785522461
ctx,16,1,1048576,1048576,262144,1000,,True,10000000,3307065,33.1,7.440913200378418,0.03928232192993164
ctx,16,1,1048576,1048576,262144,0,,True,10000000,3298414,33.0,14.197665452957153,0.04078531265258789
ctx,16,1,1048576,1048576,1048576,10,,True,10000000,3674424,36.7,0.36237525939941406,0.04602622985839844
ctx,16,1,1048576,1048576,1048576,1000,,True,10000000,3307065,33.1,7.483292102813721,0.039960622787475586
ctx,16,1,1048576,1048576,1048576,0,,True,10000000,3298414,33.0,14.237737655639648,0.04006171226501465
