-f,-j,-b,--block-size,--window-size,--future-limit,--max-matches,--lazy-matching,-O,orig_size,enc_size,ratio,enc_time,dec_time
ctx,1,1,16384,4096,4096,10,,,1000001,469948,47.0,1.7743608951568604,0.008734941482543945
ctx,1,1,16384,4096,4096,10,True,,1000001,467802,46.8,1.7599270343780518,0.007146120071411133
ctx,1,1,16384,4096,4096,1000,,,1000001,467270,46.7,1.7612104415893555,0.007940292358398438
ctx,1,1,16384,4096,4096,1000,True,,1000001,464989,46.5,1.7558207511901855,0.0067462921142578125
ctx,1,1,16384,4096,4096,0,,,1000001,467270,46.7,1.7644119262695312,0.006368875503540039
ctx,1,1,16384,4096,4096,0,True,,1000001,464989,46.5,1.7597453594207764,0.006716251373291016
ctx,1,1,16384,4096,16384,10,,,1000001,469948,47.0,1.757657527923584,0.006883144378662109
ctx,1,1,16384,4096,16384,10,True,,1000001,467802,46.8,1.732969045639038,0.007050752639770508
ctx,1,1,16384,4096,16384,1000,,,1000001,467270,46.7,1.7372667789459229,0.006788730621337891
ctx,1,1,16384,4096,16384,1000,True,,1000001,464989,46.5,1.7365784645080566,0.0066416263580322266
ctx,1,1,16384,4096,16384,0,,,1000001,467270,46.7,1.7176485061645508,0.008303403854370117
ctx,1,1,16384,4096,16384,0,True,,1000001,464989,46.5,1.731710433959961,0.006743907928466797
ctx,1,1,16384,16384,4096,10,,,1000001,451345,45.1,1.7263576984405518,0.0064928531646728516
ctx,1,1,16384,16384,4096,10,True,,1000001,449141,44.9,1.739542007446289,0.007386207580566406
ctx,1,1,16384,16384,4096,1000,,,1000001,447346,44.7,1.7217381000518799,0.00632929801940918
ctx,1,1,16384,16384,4096,1000,True,,1000001,444456,44.4,1.7517802715301514,0.006295680999755859
ctx,1,1,16384,16384,4096,0,,,1000001,447346,44.7,1.7602589130401611,0.0060384273529052734
ctx,1,1,16384,16384,4096,0,True,,1000001,444456,44.4,1.7245018482208252,0.0069217681884765625
ctx,1,1,16384,16384,16384,10,,,1000001,451345,45.1,1.7154290676116943,0.006180763244628906
ctx,1,1,16384,16384,16384,10,True,,1000001,449141,44.9,1.7235336303710938,0.00719904899597168
ctx,1,1,16384,16384,16384,1000,,,1000001,447346,44.7,1.6994314193725586,0.006855964660644531
ctx,1,1,16384,16384,16384,1000,True,,1000001,444456,44.4,1.7311949729919434,0.006537914276123047
ctx,1,1,16384,16384,16384,0,,,1000001,447346,44.7,1.740685224533081,0.006603717803955078
ctx,1,1,16384,16384,16384,0,True,,1000001,444456,44.4,1.7317299842834473,0.006425142288208008
ctx,1,1,65536,4096,4096,10,,,1000001,450317,45.0,0.479109525680542,0.0065877437591552734
ctx,1,1,65536,4096,4096,10,True,,1000001,448409,44.8,0.4670107364654541,0.006873607635498047
ctx,1,1,65536,4096,4096,1000,,,1000001,447140,44.7,0.4727964401245117,0.006821393966674805
ctx,1,1,65536,4096,4096,1000,True,,1000001,445082,44.5,0.4634392261505127,0.0068051815032958984
ctx,1,1,65536,4096,4096,0,,,1000001,447140,44.7,0.446108341217041,0.0076787471771240234
ctx,1,1,65536,4096,4096,0,True,,1000001,445082,44.5,0.473574161529541,0.006978034973144531
ctx,1,1,65536,4096,16384,10,,,1000001,450317,45.0,0.46469640731811523,0.006590127944946289
ctx,1,1,65536,4096,16384,10,True,,1000001,448409,44.8,0.4714047908782959,0.006635189056396484
ctx,1,1,65536,4096,16384,1000,,,1000001,447140,44.7,0.46017003059387207,0.0072972774505615234
ctx,1,1,65536,4096,16384,1000,True,,1000001,445082,44.5,0.46084070205688477,0.00619959831237793
ctx,1,1,65536,4096,16384,0,,,1000001,447140,44.7,0.4573805332183838,0.006955385208129883
ctx,1,1,65536,4096,16384,0,True,,1000001,445082,44.5,0.4654252529144287,0.006306171417236328
ctx,1,1,65536,4096,65536,10,,,1000001,450317,45.0,0.4651620388031006,0.006411314010620117
ctx,1,1,65536,4096,65536,10,True,,1000001,448409,44.8,0.46645689010620117,0.006893634796142578
ctx,1,1,65536,4096,65536,1000,,,1000001,447140,44.7,0.4568459987640381,0.006811380386352539
ctx,1,1,65536,4096,65536,1000,True,,1000001,445082,44.5,0.4580721855163574,0.0062255859375
ctx,1,1,65536,4096,65536,0,,,1000001,447140,44.7,0.4500117301940918,0.007117509841918945
ctx,1,1,65536,4096,65536,0,True,,1000001,445082,44.5,0.46010708808898926,0.006893157958984375
ctx,1,1,65536,16384,4096,10,,,1000001,412153,41.2,0.450242280960083,0.006282329559326172
ctx,1,1,65536,16384,4096,10,True,,1000001,410431,41.0,0.4637608528137207,0.0062406063079833984
ctx,1,1,65536,16384,4096,1000,,,1000001,404803,40.5,0.46175575256347656,0.006632566452026367
ctx,1,1,65536,16384,4096,1000,True,,1000001,402199,40.2,0.4696950912475586,0.005904197692871094
ctx,1,1,65536,16384,4096,0,,,1000001,404803,40.5,0.4622805118560791,0.00587916374206543
ctx,1,1,65536,16384,4096,0,True,,1000001,402199,40.2,0.4664275646209717,0.006320476531982422
ctx,1,1,65536,16384,16384,10,,,1000001,412153,41.2,0.46012449264526367,0.006318092346191406
ctx,1,1,65536,16384,16384,10,True,,1000001,410431,41.0,0.4734821319580078,0.006074428558349609
ctx,1,1,65536,16384,16384,1000,,,1000001,404803,40.5,0.4720039367675781,0.005733013153076172
ctx,1,1,65536,16384,16384,1000,True,,1000001,402199,40.2,0.46883296966552734,0.007049560546875
ctx,1,1,65536,16384,16384,0,,,1000001,404803,40.5,0.4669172763824463,0.006003618240356445
ctx,1,1,65536,16384,16384,0,True,,1000001,402199,40.2,0.4627087116241455,0.0059740543365478516
ctx,1,1,65536,16384,65536,10,,,1000001,412153,41.2,0.4514200687408447,0.0062677860260009766
ctx,1,1,65536,16384,65536,10,True,,1000001,410431,41.0,0.4539833068847656,0.006142377853393555
ctx,1,1,65536,16384,65536,1000,,,1000001,404803,40.5,0.4668290615081787,0.006018638610839844
ctx,1,1,65536,16384,65536,1000,True,,1000001,402199,40.2,0.4634990692138672,0.00600743293762207
ctx,1,1,65536,16384,65536,0,,,1000001,404803,40.5,0.45961761474609375,0.005893230438232422
ctx,1,1,65536,16384,65536,0,True,,1000001,402199,40.2,0.4616725444793701,0.006098270416259766
ctx,1,1,65536,65536,4096,10,,,1000001,402963,40.3,0.4657442569732666,0.006108999252319336
ctx,1,1,65536,65536,4096,10,True,,1000001,401384,40.1,0.46181440353393555,0.00640869140625
ctx,1,1,65536,65536,4096,1000,,,1000001,392927,39.3,0.46892642974853516,0.005670785903930664
ctx,1,1,65536,65536,4096,1000,True,,1000001,389842,39.0,0.480257511138916,0.005861520767211914
ctx,1,1,65536,65536,4096,0,,,1000001,392927,39.3,0.46575355529785156,0.006428241729736328
ctx,1,1,65536,65536,4096,0,True,,1000001,389842,39.0,0.47847795486450195,0.0056705474853515625
ctx,1,1,65536,65536,16384,10,,,1000001,402963,40.3,0.46237707138061523,0.006305217742919922
ctx,1,1,65536,65536,16384,10,True,,1000001,401384,40.1,0.46117615699768066,0.0061037540435791016
ctx,1,1,65536,65536,16384,1000,,,1000001,392927,39.3,0.45986461639404297,0.006415843963623047
ctx,1,1,65536,65536,16384,1000,True,,1000001,389842,39.0,0.49361681938171387,0.005959749221801758
ctx,1,1,65536,65536,16384,0,,,1000001,392927,39.3,0.4744284152984619,0.005465269088745117
ctx,1,1,65536,65536,16384,0,True,,1000001,389842,39.0,0.4807770252227783,0.0055272579193115234
ctx,1,1,65536,65536,65536,10,,,1000001,402963,40.3,0.44507551193237305,0.005584001541137695
ctx,1,1,65536,65536,65536,10,True,,1000001,401384,40.1,0.4495079517364502,0.007620573043823242
ctx,1,1,65536,65536,65536,1000,,,1000001,392927,39.3,0.4554769992828369,0.006500244140625
ctx,1,1,65536,65536,65536,1000,True,,1000001,389842,39.0,0.4800236225128174,0.006031036376953125
ctx,1,1,65536,65536,65536,0,,,1000001,392927,39.3,0.45864081382751465,0.0076465606689453125
ctx,1,1,65536,65536,65536,0,True,,1000001,389842,39.0,0.4833195209503174,0.006320476531982422
ctx,1,1,262144,4096,4096,10,,,1000001,445376,44.5,0.1325390338897705,0.008033514022827148
ctx,1,1,262144,4096,4096,10,True,,1000001,443477,44.3,0.12584781646728516,0.007677793502807617
ctx,1,1,262144,4096,4096,1000,,,1000001,442092,44.2,0.12769675254821777,0.007620573043823242
ctx,1,1,262144,4096,4096,1000,True,,1000001,440063,44.0,0.13097596168518066,0.007790803909301758
ctx,1,1,262144,4096,4096,0,,,1000001,442092,44.2,0.1290886402130127,0.008824586868286133
ctx,1,1,262144,4096,4096,0,True,,1000001,440063,44.0,0.12914109230041504,0.008213996887207031
ctx,1,1,262144,4096,16384,10,,,1000001,445376,44.5,0.12799477577209473,0.0077288150787353516
ctx,1,1,262144,4096,16384,10,True,,1000001,443477,44.3,0.12891340255737305,0.009352922439575195
ctx,1,1,262144,4096,16384,1000,,,1000001,442092,44.2,0.12690472602844238,0.007394075393676758
ctx,1,1,262144,4096,16384,1000,True,,1000001,440063,44.0,0.13321995735168457,0.007845163345336914
ctx,1,1,262144,4096,16384,0,,,1000001,442092,44.2,0.13147306442260742,0.008614063262939453
ctx,1,1,262144,4096,16384,0,True,,1000001,440063,44.0,0.13260722160339355,0.008290767669677734
ctx,1,1,262144,4096,65536,10,,,1000001,445376,44.5,0.13060450553894043,0.007361412048339844
ctx,1,1,262144,4096,65536,10,True,,1000001,443477,44.3,0.12875723838806152,0.007927417755126953
ctx,1,1,262144,4096,65536,1000,,,1000001,442092,44.2,0.1345837116241455,0.008178949356079102
ctx,1,1,262144,4096,65536,1000,True,,1000001,440063,44.0,0.12958979606628418,0.007345914840698242
ctx,1,1,262144,4096,65536,0,,,1000001,442092,44.2,0.12781023979187012,0.006943941116333008
ctx,1,1,262144,4096,65536,0,True,,1000001,440063,44.0,0.13214635848999023,0.007309675216674805
ctx,1,1,262144,4096,262144,10,,,1000001,445376,44.5,0.13308000564575195,0.007805585861206055
ctx,1,1,262144,4096,262144,10,True,,1000001,443477,44.3,0.13006258010864258,0.007755279541015625
ctx,1,1,262144,4096,262144,1000,,,1000001,442092,44.2,0.12757372856140137,0.00831151008605957
ctx,1,1,262144,4096,262144,1000,True,,1000001,440063,44.0,0.1354207992553711,0.007780790328979492
ctx,1,1,262144,4096,262144,0,,,1000001,442092,44.2,0.12966370582580566,0.007375240325927734
ctx,1,1,262144,4096,262144,0,True,,1000001,440063,44.0,0.13023900985717773,0.007452964782714844
ctx,1,1,262144,16384,4096,10,,,1000001,401414,40.1,0.12696003913879395,0.007417917251586914
ctx,1,1,262144,16384,4096,10,True,,1000001,399918,40.0,0.13586735725402832,0.008294105529785156
ctx,1,1,262144,16384,4096,1000,,,1000001,393115,39.3,0.13560056686401367,0.008336067199707031
ctx,1,1,262144,16384,4096,1000,True,,1000001,390723,39.1,0.1387932300567627,0.006650447845458984
ctx,1,1,262144,16384,4096,0,,,1000001,393115,39.3,0.14165687561035156,0.005995035171508789
ctx,1,1,262144,16384,4096,0,True,,1000001,390723,39.1,0.14281821250915527,0.007396221160888672
ctx,1,1,262144,16384,16384,10,,,1000001,401414,40.1,0.124603271484375,0.006956338882446289
ctx,1,1,262144,16384,16384,10,True,,1000001,399918,40.0,0.13085079193115234,0.006742954254150391
ctx,1,1,262144,16384,16384,1000,,,1000001,393115,39.3,0.13479042053222656,0.0070955753326416016
ctx,1,1,262144,16384,16384,1000,True,,1000001,390723,39.1,0.13504624366760254,0.006989479064941406
ctx,1,1,262144,16384,16384,0,,,1000001,393115,39.3,0.13376784324645996,0.006079673767089844
ctx,1,1,262144,16384,16384,0,True,,1000001,390723,39.1,0.13413310050964355,0.007751941680908203
ctx,1,1,262144,16384,65536,10,,,1000001,401414,40.1,0.1292123794555664,0.007430315017700195
ctx,1,1,262144,16384,65536,10,True,,1000001,399918,40.0,0.13041138648986816,0.0065746307373046875
ctx,1,1,262144,16384,65536,1000,,,1000001,393115,39.3,0.12953829765319824,0.007521629333496094
ctx,1,1,262144,16384,65536,1000,True,,1000001,390723,39.1,0.14329886436462402,0.007248640060424805
ctx,1,1,262144,16384,65536,0,,,1000001,393115,39.3,0.13233685493469238,0.006482362747192383
ctx,1,1,262144,16384,65536,0,True,,1000001,390723,39.1,0.13508152961730957,0.008010149002075195
ctx,1,1,262144,16384,262144,10,,,1000001,401414,40.1,0.1344766616821289,0.006865501403808594
ctx,1,1,262144,16384,262144,10,True,,1000001,399918,40.0,0.137101411819458,0.007148265838623047
ctx,1,1,262144,16384,262144,1000,,,1000001,393115,39.3,0.12912845611572266,0.006585121154785156
ctx,1,1,262144,16384,262144,1000,True,,1000001,390723,39.1,0.13542485237121582,0.0066204071044921875
ctx,1,1,262144,16384,262144,0,,,1000001,393115,39.3,0.1322183609008789,0.008796453475952148
ctx,1,1,262144,16384,262144,0,True,,1000001,390723,39.1,0.13739776611328125,0.006773233413696289
ctx,1,1,262144,65536,4096,10,,,1000001,382256,38.2,0.12526726722717285,0.0060214996337890625
ctx,1,1,262144,65536,4096,10,True,,1000001,381089,38.1,0.13336873054504395,0.007283210754394531
ctx,1,1,262144,65536,4096,1000,,,1000001,366473,36.6,0.1505725383758545,0.006023406982421875
ctx,1,1,262144,65536,4096,1000,True,,1000001,363701,36.4,0.1649312973022461,0.006611824035644531
ctx,1,1,262144,65536,4096,0,,,1000001,366473,36.6,0.1514139175415039,0.008224725723266602
ctx,1,1,262144,65536,4096,0,True,,1000001,363701,36.4,0.17038488388061523,0.0060656070709228516
ctx,1,1,262144,65536,16384,10,,,1000001,382256,38.2,0.12485504150390625,0.006349802017211914
ctx,1,1,262144,65536,16384,10,True,,1000001,381089,38.1,0.12767601013183594,0.006209611892700195
ctx,1,1,262144,65536,16384,1000,,,1000001,366473,36.6,0.15073418617248535,0.007587432861328125
ctx,1,1,262144,65536,16384,1000,True,,1000001,363701,36.4,0.16402888298034668,0.0059359073638916016
ctx,1,1,262144,65536,16384,0,,,1000001,366473,36.6,0.1472916603088379,0.005583286285400391
ctx,1,1,262144,65536,16384,0,True,,1000001,363701,36.4,0.1706247329711914,0.0064198970794677734
ctx,1,1,262144,65536,65536,10,,,1000001,382256,38.2,0.12871670722961426,0.006806373596191406
ctx,1,1,262144,65536,65536,10,True,,1000001,381089,38.1,0.12996387481689453,0.006448268890380859
ctx,1,1,262144,65536,65536,1000,,,1000001,366473,36.6,0.15177202224731445,0.006328582763671875
ctx,1,1,262144,65536,65536,1000,True,,1000001,363701,36.4,0.17109465599060059,0.006122112274169922
ctx,1,1,262144,65536,65536,0,,,1000001,366473,36.6,0.1490027904510498,0.005918264389038086
ctx,1,1,262144,65536,65536,0,True,,1000001,363701,36.4,0.16830968856811523,0.006433963775634766
ctx,1,1,262144,65536,262144,10,,,1000001,382256,38.2,0.12942862510681152,0.0067577362060546875
ctx,1,1,262144,65536,262144,10,True,,1000001,381089,38.1,0.1352396011352539,0.0060613155364990234
ctx,1,1,262144,65536,262144,1000,,,1000001,366473,36.6,0.15024304389953613,0.006543397903442383
ctx,1,1,262144,65536,262144,1000,True,,1000001,363701,36.4,0.16957831382751465,0.006346225738525391
ctx,1,1,262144,65536,262144,0,,,1000001,366473,36.6,0.14715123176574707,0.006247520446777344
ctx,1,1,262144,65536,262144,0,True,,1000001,363701,36.4,0.16254234313964844,0.006232023239135742
ctx,1,1,262144,262144,4096,10,,,1000001,379792,38.0,0.13631677627563477,0.007406711578369141
ctx,1,1,262144,262144,4096,10,True,,1000001,378953,37.9,0.12600016593933105,0.006398677825927734
ctx,1,1,262144,262144,4096,1000,,,1000001,360871,36.1,0.1809825897216797,0.006969928741455078
ctx,1,1,262144,262144,4096,1000,True,,1000001,357762,35.8,0.21565937995910645,0.005444765090942383
ctx,1,1,262144,262144,4096,0,,,1000001,360812,36.1,0.17866110801696777,0.005181312561035156
ctx,1,1,262144,262144,4096,0,True,,1000001,357673,35.8,0.2299480438232422,0.007508516311645508
ctx,1,1,262144,262144,16384,10,,,1000001,379792,38.0,0.12889981269836426,0.006128549575805664
ctx,1,1,262144,262144,16384,10,True,,1000001,378953,37.9,0.1317124366760254,0.005964756011962891
ctx,1,1,262144,262144,16384,1000,,,1000001,360871,36.1,0.18114423751831055,0.005636692047119141
ctx,1,1,262144,262144,16384,1000,True,,1000001,357762,35.8,0.2171013355255127,0.0061070919036865234
ctx,1,1,262144,262144,16384,0,,,1000001,360812,36.1,0.1824793815612793,0.005529880523681641
ctx,1,1,262144,262144,16384,0,True,,1000001,357673,35.8,0.22887301445007324,0.006201982498168945
ctx,1,1,262144,262144,65536,10,,,1000001,379792,38.0,0.12661981582641602,0.005856513977050781
ctx,1,1,262144,262144,65536,10,True,,1000001,378953,37.9,0.1305406093597412,0.0074994564056396484
ctx,1,1,262144,262144,65536,1000,,,1000001,360871,36.1,0.17792820930480957,0.00687718391418457
ctx,1,1,262144,262144,65536,1000,True,,1000001,357762,35.8,0.21474647521972656,0.006017446517944336
ctx,1,1,262144,262144,65536,0,,,1000001,360812,36.1,0.18955469131469727,0.005716562271118164
ctx,1,1,262144,262144,65536,0,True,,1000001,357673,35.8,0.2305917739868164,0.005909919738769531
ctx,1,1,262144,262144,262144,10,,,1000001,379792,38.0,0.12820029258728027,0.007949113845825195
ctx,1,1,262144,262144,262144,10,True,,1000001,378953,37.9,0.12991929054260254,0.007601499557495117
ctx,1,1,262144,262144,262144,1000,,,1000001,360871,36.1,0.1778581142425537,0.005640745162963867
ctx,1,1,262144,262144,262144,1000,True,,1000001,357762,35.8,0.21904826164245605,0.005866527557373047
ctx,1,1,262144,262144,262144,0,,,1000001,360812,36.1,0.18654704093933105,0.0068628787994384766
ctx,1,1,262144,262144,262144,0,True,,1000001,357673,35.8,0.22372984886169434,0.005232810974121094
ctx,1,1,1048576,4096,4096,10,,,1000001,443952,44.4,0.051995038986206055,0.008947134017944336
ctx,1,1,1048576,4096,4096,10,True,,1000001,442083,44.2,0.051878929138183594,0.008967161178588867
ctx,1,1,1048576,4096,4096,1000,,,1000001,440606,44.1,0.054878950119018555,0.009314775466918945
ctx,1,1,1048576,4096,4096,1000,True,,1000001,438621,43.9,0.056148529052734375,0.008841991424560547
ctx,1,1,1048576,4096,4096,0,,,1000001,440606,44.1,0.05397295951843262,0.00945138931274414
ctx,1,1,1048576,4096,4096,0,True,,1000001,438621,43.9,0.05803537368774414,0.010678529739379883
ctx,1,1,1048576,4096,16384,10,,,1000001,443952,44.4,0.05523490905761719,0.008671283721923828
ctx,1,1,1048576,4096,16384,10,True,,1000001,442083,44.2,0.05519509315490723,0.008773326873779297
ctx,1,1,1048576,4096,16384,1000,,,1000001,440606,44.1,0.05313301086425781,0.011177539825439453
ctx,1,1,1048576,4096,16384,1000,True,,1000001,438621,43.9,0.05626416206359863,0.010492563247680664
ctx,1,1,1048576,4096,16384,0,,,1000001,440606,44.1,0.06575846672058105,0.010571479797363281
ctx,1,1,1048576,4096,16384,0,True,,1000001,438621,43.9,0.0556948184967041,0.008702278137207031
ctx,1,1,1048576,4096,65536,10,,,1000001,443952,44.4,0.05343437194824219,0.009478092193603516
ctx,1,1,1048576,4096,65536,10,True,,1000001,442083,44.2,0.055390357971191406,0.009922504425048828
ctx,1,1,1048576,4096,65536,1000,,,1000001,440606,44.1,0.05932474136352539,0.010239839553833008
ctx,1,1,1048576,4096,65536,1000,True,,1000001,438621,43.9,0.05782485008239746,0.009137630462646484
ctx,1,1,1048576,4096,65536,0,,,1000001,440606,44.1,0.05579257011413574,0.008704185485839844
ctx,1,1,1048576,4096,65536,0,True,,1000001,438621,43.9,0.05484342575073242,0.01049184799194336
ctx,1,1,1048576,4096,262144,10,,,1000001,443952,44.4,0.05059480667114258,0.009426116943359375
ctx,1,1,1048576,4096,262144,10,True,,1000001,442083,44.2,0.057724714279174805,0.008913040161132812
ctx,1,1,1048576,4096,262144,1000,,,1000001,440606,44.1,0.055130720138549805,0.008616924285888672
ctx,1,1,1048576,4096,262144,1000,True,,1000001,438621,43.9,0.05851459503173828,0.01003408432006836
ctx,1,1,1048576,4096,262144,0,,,1000001,440606,44.1,0.05153298377990723,0.009002447128295898
ctx,1,1,1048576,4096,262144,0,True,,1000001,438621,43.9,0.0569615364074707,0.009697437286376953
ctx,1,1,1048576,4096,1048576,10,,,1000001,443952,44.4,0.05045461654663086,0.008725166320800781
ctx,1,1,1048576,4096,1048576,10,True,,1000001,442083,44.2,0.05973172187805176,0.009715557098388672
ctx,1,1,1048576,4096,1048576,1000,,,1000001,440606,44.1,0.05233359336853027,0.008551359176635742
ctx,1,1,1048576,4096,1048576,1000,True,,1000001,438621,43.9,0.05646634101867676,0.009429693222045898
ctx,1,1,1048576,4096,1048576,0,,,1000001,440606,44.1,0.05438351631164551,0.008608341217041016
ctx,1,1,1048576,4096,1048576,0,True,,1000001,438621,43.9,0.05770707130432129,0.008649826049804688
ctx,1,1,1048576,16384,4096,10,,,1000001,398325,39.8,0.05072808265686035,0.00987386703491211
ctx,1,1,1048576,16384,4096,10,True,,1000001,396931,39.7,0.05160045623779297,0.007847070693969727
ctx,1,1,1048576,16384,4096,1000,,,1000001,389643,39.0,0.05760693550109863,0.007457256317138672
ctx,1,1,1048576,16384,4096,1000,True,,1000001,387351,38.7,0.06528425216674805,0.00733494758605957
ctx,1,1,1048576,16384,4096,0,,,1000001,389643,39.0,0.056961774826049805,0.00781869888305664
ctx,1,1,1048576,16384,4096,0,True,,1000001,387351,38.7,0.06066250801086426,0.008323907852172852
ctx,1,1,1048576,16384,16384,10,,,1000001,398325,39.8,0.04880690574645996,0.008119583129882812
ctx,1,1,1048576,16384,16384,10,True,,1000001,396931,39.7,0.053362131118774414,0.00860905647277832
ctx,1,1,1048576,16384,16384,1000,,,1000001,389643,39.0,0.055939435958862305,0.0075681209564208984
ctx,1,1,1048576,16384,16384,1000,True,,1000001,387351,38.7,0.06063079833984375,0.007956981658935547
ctx,1,1,1048576,16384,16384,0,,,1000001,389643,39.0,0.05373024940490723,0.007941961288452148
ctx,1,1,1048576,16384,16384,0,True,,1000001,387351,38.7,0.06075620651245117,0.008703470230102539
ctx,1,1,1048576,16384,65536,10,,,1000001,398325,39.8,0.0516817569732666,0.008464336395263672
ctx,1,1,1048576,16384,65536,10,True,,1000001,396931,39.7,0.05407881736755371,0.007756710052490234
ctx,1,1,1048576,16384,65536,1000,,,1000001,389643,39.0,0.056176185607910156,0.00736689567565918
ctx,1,1,1048576,16384,65536,1000,True,,1000001,387351,38.7,0.06569051742553711,0.007643938064575195
ctx,1,1,1048576,16384,65536,0,,,1000001,389643,39.0,0.0545659065246582,0.007312297821044922
ctx,1,1,1048576,16384,65536,0,True,,1000001,387351,38.7,0.06265759468078613,0.008032083511352539
ctx,1,1,1048576,16384,262144,10,,,1000001,398325,39.8,0.054358482360839844,0.007779836654663086
ctx,1,1,1048576,16384,262144,10,True,,1000001,396931,39.7,0.04977607727050781,0.008966684341430664
ctx,1,1,1048576,16384,262144,1000,,,1000001,389643,39.0,0.058490753173828125,0.007502317428588867
ctx,1,1,1048576,16384,262144,1000,True,,1000001,387351,38.7,0.06998777389526367,0.008908510208129883
ctx,1,1,1048576,16384,262144,0,,,1000001,389643,39.0,0.055986642837524414,0.008569717407226562
ctx,1,1,1048576,16384,262144,0,True,,1000001,387351,38.7,0.06440520286560059,0.007515430450439453
ctx,1,1,1048576,16384,1048576,10,,,1000001,398325,39.8,0.0494694709777832,0.007428407669067383
ctx,1,1,1048576,16384,1048576,10,True,,1000001,396931,39.7,0.05464935302734375,0.008530855178833008
ctx,1,1,1048576,16384,1048576,1000,,,1000001,389643,39.0,0.0601344108581543,0.008714437484741211
ctx,1,1,1048576,16384,1048576,1000,True,,1000001,387351,38.7,0.060585975646972656,0.007448911666870117
ctx,1,1,1048576,16384,1048576,0,,,1000001,389643,39.0,0.058292388916015625,0.007806539535522461
ctx,1,1,1048576,16384,1048576,0,True,,1000001,387351,38.7,0.06189107894897461,0.007793426513671875
ctx,1,1,1048576,65536,4096,10,,,1000001,374995,37.5,0.05280494689941406,0.0070934295654296875
ctx,1,1,1048576,65536,4096,10,True,,1000001,374079,37.4,0.05577898025512695,0.008268594741821289
ctx,1,1,1048576,65536,4096,1000,,,1000001,356836,35.7,0.07485222816467285,0.006968259811401367
ctx,1,1,1048576,65536,4096,1000,True,,1000001,354286,35.4,0.09448099136352539,0.006857633590698242
ctx,1,1,1048576,65536,4096,0,,,1000001,356836,35.7,0.07852864265441895,0.007020235061645508
ctx,1,1,1048576,65536,4096,0,True,,1000001,354286,35.4,0.0958561897277832,0.00685572624206543
ctx,1,1,1048576,65536,16384,10,,,1000001,374995,37.5,0.05098915100097656,0.007998943328857422
ctx,1,1,1048576,65536,16384,10,True,,1000001,374079,37.4,0.054149627685546875,0.008209466934204102
ctx,1,1,1048576,65536,16384,1000,,,1000001,356836,35.7,0.07502555847167969,0.006156444549560547
ctx,1,1,1048576,65536,16384,1000,True,,1000001,354286,35.4,0.10103130340576172,0.006884336471557617
ctx,1,1,1048576,65536,16384,0,,,1000001,356836,35.7,0.07386255264282227,0.006895303726196289
ctx,1,1,1048576,65536,16384,0,True,,1000001,354286,35.4,0.09172439575195312,0.006985664367675781
ctx,1,1,1048576,65536,65536,10,,,1000001,374995,37.5,0.050516605377197266,0.007061004638671875
ctx,1,1,1048576,65536,65536,10,True,,1000001,374079,37.4,0.06052231788635254,0.0072133541107177734
ctx,1,1,1048576,65536,65536,1000,,,1000001,356836,35.7,0.07449078559875488,0.006707668304443359
ctx,1,1,1048576,65536,65536,1000,True,,1000001,354286,35.4,0.09863638877868652,0.006653785705566406
ctx,1,1,1048576,65536,65536,0,,,1000001,356836,35.7,0.0723886489868164,0.006887912750244141
ctx,1,1,1048576,65536,65536,0,True,,1000001,354286,35.4,0.09618568420410156,0.007319450378417969
ctx,1,1,1048576,65536,262144,10,,,1000001,374995,37.5,0.04768538475036621,0.008887767791748047
ctx,1,1,1048576,65536,262144,10,True,,1000001,374079,37.4,0.052504539489746094,0.008586645126342773
ctx,1,1,1048576,65536,262144,1000,,,1000001,356836,35.7,0.07871031761169434,0.006663799285888672
ctx,1,1,1048576,65536,262144,1000,True,,1000001,354286,35.4,0.09882354736328125,0.007683753967285156
ctx,1,1,1048576,65536,262144,0,,,1000001,356836,35.7,0.07814192771911621,0.0076999664306640625
ctx,1,1,1048576,65536,262144,0,True,,1000001,354286,35.4,0.09332275390625,0.006636857986450195
ctx,1,1,1048576,65536,1048576,10,,,1000001,374995,37.5,0.052628517150878906,0.007618904113769531
ctx,1,1,1048576,65536,1048576,10,True,,1000001,374079,37.4,0.05446028709411621,0.008171319961547852
ctx,1,1,1048576,65536,1048576,1000,,,1000001,356836,35.7,0.07138824462890625,0.0072476863861083984
ctx,1,1,1048576,65536,1048576,1000,True,,1000001,354286,35.4,0.10304379463195801,0.006643533706665039
ctx,1,1,1048576,65536,1048576,0,,,1000001,356836,35.7,0.07357931137084961,0.006726503372192383
ctx,1,1,1048576,65536,1048576,0,True,,1000001,354286,35.4,0.09605956077575684,0.006696462631225586
ctx,1,1,1048576,262144,4096,10,,,1000001,368818,36.9,0.04925227165222168,0.008013725280761719
ctx,1,1,1048576,262144,4096,10,True,,1000001,368599,36.9,0.05765414237976074,0.007184267044067383
ctx,1,1,1048576,262144,4096,1000,,,1000001,341245,34.1,0.14760041236877441,0.006312131881713867
ctx,1,1,1048576,262144,4096,1000,True,,1000001,338287,33.8,0.2143387794494629,0.006014108657836914
ctx,1,1,1048576,262144,4096,0,,,1000001,340909,34.1,0.17524313926696777,0.0065267086029052734
ctx,1,1,1048576,262144,4096,0,True,,1000001,337929,33.8,0.2478041648864746,0.00617218017578125
ctx,1,1,1048576,262144,16384,10,,,1000001,368818,36.9,0.05065584182739258,0.0077667236328125
ctx,1,1,1048576,262144,16384,10,True,,1000001,368599,36.9,0.053717613220214844,0.006979942321777344
ctx,1,1,1048576,262144,16384,1000,,,1000001,341245,34.1,0.14969658851623535,0.005962371826171875
ctx,1,1,1048576,262144,16384,1000,True,,1000001,338287,33.8,0.22284722328186035,0.006474018096923828
ctx,1,1,1048576,262144,16384,0,,,1000001,340909,34.1,0.17046093940734863,0.00677037239074707
ctx,1,1,1048576,262144,16384,0,True,,1000001,337929,33.8,0.24595260620117188,0.006250619888305664
ctx,1,1,1048576,262144,65536,10,,,1000001,368818,36.9,0.05047440528869629,0.007058620452880859
ctx,1,1,1048576,262144,65536,10,True,,1000001,368599,36.9,0.05252504348754883,0.007655620574951172
ctx,1,1,1048576,262144,65536,1000,,,1000001,341245,34.1,0.15140438079833984,0.006704568862915039
ctx,1,1,1048576,262144,65536,1000,True,,1000001,338287,33.8,0.2206575870513916,0.006925821304321289
ctx,1,1,1048576,262144,65536,0,,,1000001,340909,34.1,0.16019845008850098,0.006874799728393555
ctx,1,1,1048576,262144,65536,0,True,,1000001,337929,33.8,0.25162506103515625,0.0066776275634765625
ctx,1,1,1048576,262144,262144,10,,,1000001,368818,36.9,0.050369977951049805,0.00778651237487793
ctx,1,1,1048576,262144,262144,10,True,,1000001,368599,36.9,0.053955793380737305,0.00834512710571289
ctx,1,1,1048576,262144,262144,1000,,,1000001,341245,34.1,0.15093755722045898,0.006010532379150391
ctx,1,1,1048576,262144,262144,1000,True,,1000001,338287,33.8,0.22030162811279297,0.006630420684814453
ctx,1,1,1048576,262144,262144,0,,,1000001,340909,34.1,0.1606156826019287,0.0063323974609375
ctx,1,1,1048576,262144,262144,0,True,,1000001,337929,33.8,0.265167236328125,0.007059574127197266
ctx,1,1,1048576,262144,1048576,10,,,1000001,368818,36.9,0.04741382598876953,0.007208585739135742
ctx,1,1,1048576,262144,1048576,10,True,,1000001,368599,36.9,0.05624794960021973,0.006987571716308594
ctx,1,1,1048576,262144,1048576,1000,,,1000001,341245,34.1,0.14625978469848633,0.006443023681640625
ctx,1,1,1048576,262144,1048576,1000,True,,1000001,338287,33.8,0.2211158275604248,0.006693840026855469
ctx,1,1,1048576,262144,1048576,0,,,1000001,340909,34.1,0.1605367660522461,0.007020473480224609
ctx,1,1,1048576,262144,1048576,0,True,,1000001,337929,33.8,0.25310754776000977,0.006361722946166992
ctx,1,1,1048576,1048576,4096,10,,,1000001,367532,36.8,0.052217721939086914,0.008876800537109375
ctx,1,1,1048576,1048576,4096,10,True,,1000001,367789,36.8,0.05387473106384277,0.008110761642456055
ctx,1,1,1048576,1048576,4096,1000,,,1000001,336715,33.7,0.2616767883300781,0.00597071647644043
ctx,1,1,1048576,1048576,4096,1000,True,,1000001,334203,33.4,0.4256021976470947,0.006477832794189453
ctx,1,1,1048576,1048576,4096,0,,,1000001,335868,33.6,0.4025733470916748,0.005975484848022461
ctx,1,1,1048576,1048576,4096,0,True,,1000001,333194,33.3,0.6676931381225586,0.006348848342895508
ctx,1,1,1048576,1048576,16384,10,,,1000001,367532,36.8,0.0487208366394043,0.00806570053100586
ctx,1,1,1048576,1048576,16384,10,True,,1000001,367789,36.8,0.0552220344543457,0.008294105529785156
ctx,1,1,1048576,1048576,16384,1000,,,1000001,336715,33.7,0.25817084312438965,0.006209611892700195
ctx,1,1,1048576,1048576,16384,1000,True,,1000001,334203,33.4,0.41847944259643555,0.006480216979980469
ctx,1,1,1048576,1048576,16384,0,,,1000001,335868,33.6,0.4068784713745117,0.007398366928100586
ctx,1,1,1048576,1048576,16384,0,True,,1000001,333194,33.3,0.6704213619232178,0.0055272579193115234
ctx,1,1,1048576,1048576,65536,10,,,1000001,367532,36.8,0.05303692817687988,0.007189512252807617
ctx,1,1,1048576,1048576,65536,10,True,,1000001,367789,36.8,0.059362173080444336,0.007254600524902344
ctx,1,1,1048576,1048576,65536,1000,,,1000001,336715,33.7,0.26656270027160645,0.0064928531646728516
ctx,1,1,1048576,1048576,65536,1000,True,,1000001,334203,33.4,0.425154447555542,0.006291627883911133
ctx,1,1,1048576,1048576,65536,0,,,1000001,335868,33.6,0.501002311706543,0.006121635437011719
ctx,1,1,1048576,1048576,65536,0,True,,1000001,333194,33.3,0.7943103313446045,0.005851030349731445
ctx,1,1,1048576,1048576,262144,10,,,1000001,367532,36.8,0.05459189414978027,0.006661653518676758
ctx,1,1,1048576,1048576,262144,10,True,,1000001,367789,36.8,0.05086493492126465,0.008798360824584961
ctx,1,1,1048576,1048576,262144,1000,,,1000001,336715,33.7,0.25826573371887207,0.007829904556274414
ctx,1,1,1048576,1048576,262144,1000,True,,1000001,334203,33.4,0.419431209564209,0.006317853927612305
ctx,1,1,1048576,1048576,262144,0,,,1000001,335868,33.6,0.5459263324737549,0.005822420120239258
ctx,1,1,1048576,1048576,262144,0,True,,1000001,333194,33.3,0.6614656448364258,0.006122112274169922
ctx,1,1,1048576,1048576,1048576,10,,,1000001,367532,36.8,0.05271410942077637,0.007893800735473633
ctx,1,1,1048576,1048576,1048576,10,True,,1000001,367789,36.8,0.051645755767822266,0.007617950439453125
ctx,1,1,1048576,1048576,1048576,1000,,,1000001,336715,33.7,0.2544999122619629,0.005984306335449219
ctx,1,1,1048576,1048576,1048576,1000,True,,1000001,334203,33.4,0.3974497318267822,0.005717277526855469
ctx,1,1,1048576,1048576,1048576,0,,,1000001,335868,33.6,0.41280508041381836,0.005839347839355469
ctx,1,1,1048576,1048576,1048576,0,True,,1000001,333194,33.3,0.664116382598877,0.006109714508056641
ctx,1,1,16384,4096,4096,10,,True,1000001,465958,46.6,1.7743899822235107,0.007201671600341797
ctx,1,1,16384,4096,4096,1000,,True,1000001,463164,46.3,1.8129396438598633,0.0070993900299072266
ctx,1,1,16384,4096,4096,0,,True,1000001,463164,46.3,1.8175783157348633,0.006686210632324219
ctx,1,1,16384,4096,16384,10,,True,1000001,465958,46.6,1.727799654006958,0.00664210319519043
ctx,1,1,16384,4096,16384,1000,,True,1000001,463164,46.3,1.7806289196014404,0.006697177886962891
ctx,1,1,16384,4096,16384,0,,True,1000001,463164,46.3,1.7961785793304443,0.007391214370727539
ctx,1,1,16384,16384,4096,10,,True,1000001,444229,44.4,1.7897183895111084,0.006590366363525391
ctx,1,1,16384,16384,4096,1000,,True,1000001,439409,43.9,1.8720970153808594,0.006685733795166016
ctx,1,1,16384,16384,4096,0,,True,1000001,439409,43.9,1.8503141403198242,0.0077972412109375
ctx,1,1,16384,16384,16384,10,,True,1000001,444229,44.4,1.785402536392212,0.008276224136352539
ctx,1,1,16384,16384,16384,1000,,True,1000001,439409,43.9,1.8468868732452393,0.0060138702392578125
ctx,1,1,16384,16384,16384,0,,True,1000001,439409,43.9,1.8685216903686523,0.0061779022216796875
ctx,1,1,65536,4096,4096,10,,True,1000001,446478,44.6,0.49889516830444336,0.0066182613372802734
ctx,1,1,65536,4096,4096,1000,,True,1000001,443192,44.3,0.5179436206817627,0.006651639938354492
ctx,1,1,65536,4096,4096,0,,True,1000001,443192,44.3,0.5539741516113281,0.0066716670989990234
ctx,1,1,65536,4096,16384,10,,True,1000001,446478,44.6,0.5088884830474854,0.006792783737182617
ctx,1,1,65536,4096,16384,1000,,True,1000001,443192,44.3,0.5415976047515869,0.00684356689453125
ctx,1,1,65536,4096,16384,0,,True,1000001,443192,44.3,0.522813081741333,0.007216215133666992
ctx,1,1,65536,4096,65536,10,,True,1000001,446478,44.6,0.5100307464599609,0.007031917572021484
ctx,1,1,65536,4096,65536,1000,,True,1000001,443192,44.3,0.5477464199066162,0.008565902709960938
ctx,1,1,65536,4096,65536,0,,True,1000001,443192,44.3,0.5385284423828125,0.007383584976196289
ctx,1,1,65536,16384,4096,10,,True,1000001,404273,40.4,0.5166285037994385,0.00677800178527832
ctx,1,1,65536,16384,4096,1000,,True,1000001,396205,39.6,0.6175670623779297,0.007401227951049805
ctx,1,1,65536,16384,4096,0,,True,1000001,396205,39.6,0.6309897899627686,0.006029367446899414
ctx,1,1,65536,16384,16384,10,,True,1000001,404273,40.4,0.49860358238220215,0.006059169769287109
ctx,1,1,65536,16384,16384,1000,,True,1000001,396205,39.6,0.6246745586395264,0.007402181625366211
ctx,1,1,65536,16384,16384,0,,True,1000001,396205,39.6,0.6121759414672852,0.0062868595123291016
ctx,1,1,65536,16384,65536,10,,True,1000001,404273,40.4,0.5152194499969482,0.006165742874145508
ctx,1,1,65536,16384,65536,1000,,True,1000001,396205,39.6,0.6286656856536865,0.0063037872314453125
ctx,1,1,65536,16384,65536,0,,True,1000001,396205,39.6,0.6318223476409912,0.005968809127807617
ctx,1,1,65536,65536,4096,10,,True,1000001,393201,39.3,0.5270340442657471,0.0058536529541015625
ctx,1,1,65536,65536,4096,1000,,True,1000001,381680,38.2,0.7314660549163818,0.0055882930755615234
ctx,1,1,65536,65536,4096,0,,True,1000001,381680,38.2,0.7277374267578125,0.006880760192871094
ctx,1,1,65536,65536,16384,10,,True,1000001,393201,39.3,0.5291275978088379,0.0064334869384765625
ctx,1,1,65536,65536,16384,1000,,True,1000001,381680,38.2,0.7442500591278076,0.006293296813964844
ctx,1,1,65536,65536,16384,0,,True,1000001,381680,38.2,0.7411603927612305,0.005954265594482422
ctx,1,1,65536,65536,65536,10,,True,1000001,393201,39.3,0.5243508815765381,0.0056307315826416016
ctx,1,1,65536,65536,65536,1000,,True,1000001,381680,38.2,0.7414164543151855,0.005617380142211914
ctx,1,1,65536,65536,65536,0,,True,1000001,381680,38.2,0.7418372631072998,0.006196260452270508
ctx,1,1,262144,4096,4096,10,,True,1000001,441544,44.2,0.18487858772277832,0.00895071029663086
ctx,1,1,262144,4096,4096,1000,,True,1000001,438168,43.8,0.21542906761169434,0.007790565490722656
ctx,1,1,262144,4096,4096,0,,True,1000001,438168,43.8,0.20737767219543457,0.0071756839752197266
ctx,1,1,262144,4096,16384,10,,True,1000001,441544,44.2,0.17597699165344238,0.008070707321166992
ctx,1,1,262144,4096,16384,1000,,True,1000001,438168,43.8,0.21077990531921387,0.00976419448852539
ctx,1,1,262144,4096,16384,0,,True,1000001,438168,43.8,0.21127986907958984,0.009087324142456055
ctx,1,1,262144,4096,65536,10,,True,1000001,441544,44.2,0.17839932441711426,0.008080005645751953
ctx,1,1,262144,4096,65536,1000,,True,1000001,438168,43.8,0.2192392349243164,0.007979631423950195
ctx,1,1,262144,4096,65536,0,,True,1000001,438168,43.8,0.2099909782409668,0.007780790328979492
ctx,1,1,262144,4096,262144,10,,True,1000001,441544,44.2,0.17801761627197266,0.008414030075073242
ctx,1,1,262144,4096,262144,1000,,True,1000001,438168,43.8,0.21156954765319824,0.007661581039428711
ctx,1,1,262144,4096,262144,0,,True,1000001,438168,43.8,0.20612287521362305,0.007685422897338867
ctx,1,1,262144,16384,4096,10,,True,1000001,393641,39.4,0.19428348541259766,0.00873112678527832
ctx,1,1,262144,16384,4096,1000,,True,1000001,384755,38.5,0.29649853706359863,0.006968975067138672
ctx,1,1,262144,16384,4096,0,,True,1000001,384755,38.5,0.3093376159667969,0.0067865848541259766
ctx,1,1,262144,16384,16384,10,,True,1000001,393641,39.4,0.1911911964416504,0.006537199020385742
ctx,1,1,262144,16384,16384,1000,,True,1000001,384755,38.5,0.30370068550109863,0.006345510482788086
ctx,1,1,262144,16384,16384,0,,True,1000001,384755,38.5,0.3111584186553955,0.007060050964355469
ctx,1,1,262144,16384,65536,10,,True,1000001,393641,39.4,0.1913163661956787,0.007045269012451172
ctx,1,1,262144,16384,65536,1000,,True,1000001,384755,38.5,0.30132508277893066,0.006471872329711914
ctx,1,1,262144,16384,65536,0,,True,1000001,384755,38.5,0.30425000190734863,0.0067026615142822266
ctx,1,1,262144,16384,262144,10,,True,1000001,393641,39.4,0.19848871231079102,0.008115768432617188
ctx,1,1,262144,16384,262144,1000,,True,1000001,384755,38.5,0.29572582244873047,0.006417274475097656
ctx,1,1,262144,16384,262144,0,,True,1000001,384755,38.5,0.304241418838501,0.006883382797241211
ctx,1,1,262144,65536,4096,10,,True,1000001,372046,37.2,0.20041584968566895,0.006863832473754883
ctx,1,1,262144,65536,4096,1000,,True,1000001,355050,35.5,0.5433320999145508,0.006198883056640625
ctx,1,1,262144,65536,4096,0,,True,1000001,355050,35.5,0.545912504196167,0.005930423736572266
ctx,1,1,262144,65536,16384,10,,True,1000001,372046,37.2,0.2053661346435547,0.006571292877197266
ctx,1,1,262144,65536,16384,1000,,True,1000001,355050,35.5,0.5413408279418945,0.006052494049072266
ctx,1,1,262144,65536,16384,0,,True,1000001,355050,35.5,0.550135612487793,0.006609678268432617
ctx,1,1,262144,65536,65536,10,,True,1000001,372046,37.2,0.19545626640319824,0.006177663803100586
ctx,1,1,262144,65536,65536,1000,,True,1000001,355050,35.5,0.528289794921875,0.0059661865234375
ctx,1,1,262144,65536,65536,0,,True,1000001,355050,35.5,0.5534722805023193,0.006395578384399414
ctx,1,1,262144,65536,262144,10,,True,1000001,372046,37.2,0.1974804401397705,0.006037712097167969
ctx,1,1,262144,65536,262144,1000,,True,1000001,355050,35.5,0.5307981967926025,0.006197929382324219
ctx,1,1,262144,65536,262144,0,,True,1000001,355050,35.5,0.5577237606048584,0.007754325866699219
ctx,1,1,262144,262144,4096,10,,True,1000001,367385,36.7,0.2091372013092041,0.006744861602783203
ctx,1,1,262144,262144,4096,1000,,True,1000001,345547,34.6,0.8985617160797119,0.0056304931640625
ctx,1,1,262144,262144,4096,0,,True,1000001,345455,34.5,0.9692223072052002,0.006186246871948242
ctx,1,1,262144,262144,16384,10,,True,1000001,367385,36.7,0.20710134506225586,0.006127357482910156
ctx,1,1,262144,262144,16384,1000,,True,1000001,345547,34.6,0.8869271278381348,0.0060346126556396484
ctx,1,1,262144,262144,16384,0,,True,1000001,345455,34.5,0.9812667369842529,0.005795955657958984
ctx,1,1,262144,262144,65536,10,,True,1000001,367385,36.7,0.2110729217529297,0.006272315979003906
ctx,1,1,262144,262144,65536,1000,,True,1000001,345547,34.6,0.8960371017456055,0.00623631477355957
ctx,1,1,262144,262144,65536,0,,True,1000001,345455,34.5,0.9819040298461914,0.005780458450317383
ctx,1,1,262144,262144,262144,10,,True,1000001,367385,36.7,0.2094097137451172,0.0067844390869140625
ctx,1,1,262144,262144,262144,1000,,True,1000001,345547,34.6,0.9088790416717529,0.007187366485595703
ctx,1,1,262144,262144,262144,0,,True,1000001,345455,34.5,0.9787306785583496,0.005401134490966797
ctx,1,1,1048576,4096,4096,10,,True,1000001,440117,44.0,0.11035943031311035,0.009558439254760742
ctx,1,1,1048576,4096,4096,1000,,True,1000001,436707,43.7,0.14704656600952148,0.008761167526245117
ctx,1,1,1048576,4096,4096,0,,True,1000001,436707,43.7,0.14776062965393066,0.00853109359741211
ctx,1,1,1048576,4096,16384,10,,True,1000001,440117,44.0,0.10697555541992188,0.008918285369873047
ctx,1,1,1048576,4096,16384,1000,,True,1000001,436707,43.7,0.14511704444885254,0.008771657943725586
ctx,1,1,1048576,4096,16384,0,,True,1000001,436707,43.7,0.15149307250976562,0.009623527526855469
ctx,1,1,1048576,4096,65536,10,,True,1000001,440117,44.0,0.10653519630432129,0.008837223052978516
ctx,1,1,1048576,4096,65536,1000,,True,1000001,436707,43.7,0.14179420471191406,0.0087127685546875
ctx,1,1,1048576,4096,65536,0,,True,1000001,436707,43.7,0.14218902587890625,0.009087800979614258
ctx,1,1,1048576,4096,262144,10,,True,1000001,440117,44.0,0.10827422142028809,0.008905410766601562
ctx,1,1,1048576,4096,262144,1000,,True,1000001,436707,43.7,0.14414548873901367,0.008643388748168945
ctx,1,1,1048576,4096,262144,0,,True,1000001,436707,43.7,0.1478581428527832,0.008781194686889648
ctx,1,1,1048576,4096,1048576,10,,True,1000001,440117,44.0,0.11016726493835449,0.008581876754760742
ctx,1,1,1048576,4096,1048576,1000,,True,1000001,436707,43.7,0.1426377296447754,0.00873875617980957
ctx,1,1,1048576,4096,1048576,0,,True,1000001,436707,43.7,0.14150452613830566,0.00890350341796875
ctx,1,1,1048576,16384,4096,10,,True,1000001,390579,39.1,0.13386797904968262,0.009962081909179688
ctx,1,1,1048576,16384,4096,1000,,True,1000001,381411,38.1,0.23202300071716309,0.008449077606201172
ctx,1,1,1048576,16384,4096,0,,True,1000001,381411,38.1,0.24469828605651855,0.007949113845825195
ctx,1,1,1048576,16384,16384,10,,True,1000001,390579,39.1,0.12186479568481445,0.007871627807617188
ctx,1,1,1048576,16384,16384,1000,,True,1000001,381411,38.1,0.22909832000732422,0.007554769515991211
ctx,1,1,1048576,16384,16384,0,,True,1000001,381411,38.1,0.23865103721618652,0.008054971694946289
ctx,1,1,1048576,16384,65536,10,,True,1000001,390579,39.1,0.12067484855651855,0.00784754753112793
ctx,1,1,1048576,16384,65536,1000,,True,1000001,381411,38.1,0.2409501075744629,0.00860142707824707
ctx,1,1,1048576,16384,65536,0,,True,1000001,381411,38.1,0.23226213455200195,0.0066645145416259766
ctx,1,1,1048576,16384,262144,10,,True,1000001,390579,39.1,0.12468838691711426,0.007844209671020508
ctx,1,1,1048576,16384,262144,1000,,True,1000001,381411,38.1,0.23572850227355957,0.007468223571777344
ctx,1,1,1048576,16384,262144,0,,True,1000001,381411,38.1,0.23715591430664062,0.007833003997802734
ctx,1,1,1048576,16384,1048576,10,,True,1000001,390579,39.1,0.12447309494018555,0.008060455322265625
ctx,1,1,1048576,16384,1048576,1000,,True,1000001,381411,38.1,0.22861552238464355,0.00787663459777832
ctx,1,1,1048576,16384,1048576,0,,True,1000001,381411,38.1,0.24197149276733398,0.008718490600585938
ctx,1,1,1048576,65536,4096,10,,True,1000001,364837,36.5,0.12976408004760742,0.007410764694213867
ctx,1,1,1048576,65536,4096,1000,,True,1000001,345842,34.6,0.5122480392456055,0.006606578826904297
ctx,1,1,1048576,65536,4096,0,,True,1000001,345842,34.6,0.5166940689086914,0.0068204402923583984
ctx,1,1,1048576,65536,16384,10,,True,1000001,364837,36.5,0.13010954856872559,0.007346153259277344
ctx,1,1,1048576,65536,16384,1000,,True,1000001,345842,34.6,0.5161607265472412,0.00709223747253418
ctx,1,1,1048576,65536,16384,0,,True,1000001,345842,34.6,0.5253551006317139,0.007070302963256836
ctx,1,1,1048576,65536,65536,10,,True,1000001,364837,36.5,0.13528060913085938,0.007455110549926758
ctx,1,1,1048576,65536,65536,1000,,True,1000001,345842,34.6,0.5125844478607178,0.0073528289794921875
ctx,1,1,1048576,65536,65536,0,,True,1000001,345842,34.6,0.5220098495483398,0.007039308547973633
ctx,1,1,1048576,65536,262144,10,,True,1000001,364837,36.5,0.13094806671142578,0.007340431213378906
ctx,1,1,1048576,65536,262144,1000,,True,1000001,345842,34.6,0.5105788707733154,0.0068035125732421875
ctx,1,1,1048576,65536,262144,0,,True,1000001,345842,34.6,0.5243020057678223,0.006679058074951172
ctx,1,1,1048576,65536,1048576,10,,True,1000001,364837,36.5,0.1390080451965332,0.0069637298583984375
ctx,1,1,1048576,65536,1048576,1000,,True,1000001,345842,34.6,0.5178935527801514,0.006728172302246094
ctx,1,1,1048576,65536,1048576,0,,True,1000001,345842,34.6,0.5151104927062988,0.00683903694152832
ctx,1,1,1048576,262144,4096,10,,True,1000001,355350,35.5,0.14606046676635742,0.007153034210205078
ctx,1,1,1048576,262144,4096,1000,,True,1000001,325025,32.5,1.374495506286621,0.007444858551025391
ctx,1,1,1048576,262144,4096,0,,True,1000001,324703,32.5,1.6080412864685059,0.006782054901123047
ctx,1,1,1048576,262144,16384,10,,True,1000001,355350,35.5,0.13956403732299805,0.006952047348022461
ctx,1,1,1048576,262144,16384,1000,,True,1000001,325025,32.5,1.3600506782531738,0.006714820861816406
ctx,1,1,1048576,262144,16384,0,,True,1000001,324703,32.5,1.620954990386963,0.0065822601318359375
ctx,1,1,1048576,262144,65536,10,,True,1000001,355350,35.5,0.14337754249572754,0.008034706115722656
ctx,1,1,1048576,262144,65536,1000,,True,1000001,325025,32.5,1.3618967533111572,0.006606578826904297
ctx,1,1,1048576,262144,65536,0,,True,1000001,324703,32.5,1.6126253604888916,0.006696224212646484
ctx,1,1,1048576,262144,262144,10,,True,1000001,355350,35.5,0.14107990264892578,0.007420063018798828
ctx,1,1,1048576,262144,262144,1000,,True,1000001,325025,32.5,1.3579151630401611,0.006473541259765625
ctx,1,1,1048576,262144,262144,0,,True,1000001,324703,32.5,1.6209638118743896,0.006769418716430664
ctx,1,1,1048576,262144,1048576,10,,True,1000001,355350,35.5,0.13760590553283691,0.007136106491088867
ctx,1,1,1048576,262144,1048576,1000,,True,1000001,325025,32.5,1.3500232696533203,0.006829977035522461
ctx,1,1,1048576,262144,1048576,0,,True,1000001,324703,32.5,1.61857271194458,0.0066070556640625
ctx,1,1,1048576,1048576,4096,10,,True,1000001,352672,35.3,0.13821816444396973,0.007513761520385742
ctx,1,1,1048576,1048576,4096,1000,,True,1000001,317267,31.7,2.504246234893799,0.005828142166137695
ctx,1,1,1048576,1048576,4096,0,,True,1000001,316458,31.6,4.299657583236694,0.007170677185058594
ctx,1,1,1048576,1048576,16384,10,,True,1000001,352672,35.3,0.14231061935424805,0.007319450378417969
ctx,1,1,1048576,1048576,16384,1000,,True,1000001,317267,31.7,2.6607425212860107,0.007323503494262695
ctx,1,1,1048576,1048576,16384,0,,True,1000001,316458,31.6,4.912824869155884,0.006959199905395508
ctx,1,1,1048576,1048576,65536,10,,True,1000001,352672,35.3,0.15328001976013184,0.008198261260986328
ctx,1,1,1048576,1048576,65536,1000,,True,1000001,317267,31.7,2.665937900543213,0.0076863765716552734
ctx,1,1,1048576,1048576,65536,0,,True,1000001,316458,31.6,4.488724231719971,0.00786280632019043
ctx,1,1,1048576,1048576,262144,10,,True,1000001,352672,35.3,0.15579771995544434,0.007871150970458984
ctx,1,1,1048576,1048576,262144,1000,,True,1000001,317267,31.7,2.6629347801208496,0.007942676544189453
ctx,1,1,1048576,1048576,262144,0,,True,1000001,316458,31.6,4.4628894329071045,0.007323741912841797
ctx,1,1,1048576,1048576,1048576,10,,True,1000001,352672,35.3,0.15629982948303223,0.00822758674621582
ctx,1,1,1048576,1048576,1048576,1000,,True,1000001,317267,31.7,2.6711766719818115,0.007704257965087891
ctx,1,1,1048576,1048576,1048576,0,,True,1000001,316458,31.6,4.50190806388855,0.007222652435302734
ctx,2,1,16384,4096,4096,10,,,1000001,469948,47.0,1.1360750198364258,0.007833242416381836
ctx,2,1,16384,4096,4096,10,True,,1000001,467802,46.8,1.1100142002105713,0.006913185119628906
ctx,2,1,16384,4096,4096,1000,,,1000001,467270,46.7,0.9396412372589111,0.006883144378662109
ctx,2,1,16384,4096,4096,1000,True,,1000001,464989,46.5,1.0187878608703613,0.006659269332885742
ctx,2,1,16384,4096,4096,0,,,1000001,467270,46.7,1.000011682510376,0.00745081901550293
ctx,2,1,16384,4096,4096,0,True,,1000001,464989,46.5,1.0146596431732178,0.00655055046081543
ctx,2,1,16384,4096,16384,10,,,1000001,469948,47.0,1.1245965957641602,0.007592201232910156
ctx,2,1,16384,4096,16384,10,True,,1000001,467802,46.8,1.2154154777526855,0.007145881652832031
ctx,2,1,16384,4096,16384,1000,,,1000001,467270,46.7,1.1622214317321777,0.007904052734375
ctx,2,1,16384,4096,16384,1000,True,,1000001,464989,46.5,1.1354126930236816,0.006946086883544922
ctx,2,1,16384,4096,16384,0,,,1000001,467270,46.7,1.1288352012634277,0.007465839385986328
ctx,2,1,16384,4096,16384,0,True,,1000001,464989,46.5,1.1908149719238281,0.007443904876708984
ctx,2,1,16384,16384,4096,10,,,1000001,451345,45.1,1.1196646690368652,0.0065348148345947266
ctx,2,1,16384,16384,4096,10,True,,1000001,449141,44.9,1.089294195175171,0.0064122676849365234
ctx,2,1,16384,16384,4096,1000,,,1000001,447346,44.7,1.1554181575775146,0.008658409118652344
ctx,2,1,16384,16384,4096,1000,True,,1000001,444456,44.4,1.1679253578186035,0.0071294307708740234
ctx,2,1,16384,16384,4096,0,,,1000001,447346,44.7,1.150040626525879,0.007191896438598633
ctx,2,1,16384,16384,4096,0,True,,1000001,444456,44.4,1.1208746433258057,0.007190227508544922
ctx,2,1,16384,16384,16384,10,,,1000001,451345,45.1,1.233447551727295,0.00737452507019043
ctx,2,1,16384,16384,16384,10,True,,1000001,449141,44.9,1.1350634098052979,0.007390737533569336
ctx,2,1,16384,16384,16384,1000,,,1000001,447346,44.7,1.1669220924377441,0.008028030395507812
ctx,2,1,16384,16384,16384,1000,True,,1000001,444456,44.4,1.1251122951507568,0.007179737091064453
ctx,2,1,16384,16384,16384,0,,,1000001,447346,44.7,1.1148834228515625,0.0070798397064208984
ctx,2,1,16384,16384,16384,0,True,,1000001,444456,44.4,1.1491451263427734,0.008501529693603516
ctx,2,1,65536,4096,4096,10,,,1000001,450317,45.0,0.3028888702392578,0.00746607780456543
ctx,2,1,65536,4096,4096,10,True,,1000001,448409,44.8,0.3104076385498047,0.00730586051940918
ctx,2,1,65536,4096,4096,1000,,,1000001,447140,44.7,0.2791101932525635,0.007213115692138672
ctx,2,1,65536,4096,4096,1000,True,,1000001,445082,44.5,0.29571080207824707,0.00726771354675293
ctx,2,1,65536,4096,4096,0,,,1000001,447140,44.7,0.30290961265563965,0.00793766975402832
ctx,2,1,65536,4096,4096,0,True,,1000001,445082,44.5,0.27771878242492676,0.006364583969116211
ctx,2,1,65536,4096,16384,10,,,1000001,450317,45.0,0.29074883460998535,0.007384538650512695
ctx,2,1,65536,4096,16384,10,True,,1000001,448409,44.8,0.29440832138061523,0.006516456604003906
ctx,2,1,65536,4096,16384,1000,,,1000001,447140,44.7,0.28609442710876465,0.0065076351165771484
ctx,2,1,65536,4096,16384,1000,True,,1000001,445082,44.5,0.29694104194641113,0.007401943206787109
ctx,2,1,65536,4096,16384,0,,,1000001,447140,44.7,0.3295290470123291,0.007206916809082031
ctx,2,1,65536,4096,16384,0,True,,1000001,445082,44.5,0.3123142719268799,0.006539583206176758
ctx,2,1,65536,4096,65536,10,,,1000001,450317,45.0,0.28630971908569336,0.008119583129882812
ctx,2,1,65536,4096,65536,10,True,,1000001,448409,44.8,0.3113992214202881,0.008220911026000977
ctx,2,1,65536,4096,65536,1000,,,1000001,447140,44.7,0.28660058975219727,0.006935596466064453
ctx,2,1,65536,4096,65536,1000,True,,1000001,445082,44.5,0.29271960258483887,0.009058713912963867
ctx,2,1,65536,4096,65536,0,,,1000001,447140,44.7,0.3015468120574951,0.0074656009674072266
ctx,2,1,65536,4096,65536,0,True,,1000001,445082,44.5,0.29361820220947266,0.008884668350219727
ctx,2,1,65536,16384,4096,10,,,1000001,412153,41.2,0.2971229553222656,0.00778651237487793
ctx,2,1,65536,16384,4096,10,True,,1000001,410431,41.0,0.30367136001586914,0.007497072219848633
ctx,2,1,65536,16384,4096,1000,,,1000001,404803,40.5,0.3027670383453369,0.0067255496978759766
ctx,2,1,65536,16384,4096,1000,True,,1000001,402199,40.2,0.2996664047241211,0.007724285125732422
ctx,2,1,65536,16384,4096,0,,,1000001,404803,40.5,0.30083560943603516,0.006491184234619141
ctx,2,1,65536,16384,4096,0,True,,1000001,402199,40.2,0.3061816692352295,0.005998373031616211
ctx,2,1,65536,16384,16384,10,,,1000001,412153,41.2,0.29180908203125,0.007282257080078125
ctx,2,1,65536,16384,16384,10,True,,1000001,410431,41.0,0.28670477867126465,0.007056236267089844
ctx,2,1,65536,16384,16384,1000,,,1000001,404803,40.5,0.30315351486206055,0.006043434143066406
ctx,2,1,65536,16384,16384,1000,True,,1000001,402199,40.2,0.3014082908630371,0.006736040115356445
ctx,2,1,65536,16384,16384,0,,,1000001,404803,40.5,0.2841072082519531,0.0060002803802490234
ctx,2,1,65536,16384,16384,0,True,,1000001,402199,40.2,0.299344539642334,0.006093502044677734
ctx,2,1,65536,16384,65536,10,,,1000001,412153,41.2,0.3022887706756592,0.0063629150390625
ctx,2,1,65536,16384,65536,10,True,,1000001,410431,41.0,0.3011486530303955,0.008059024810791016
ctx,2,1,65536,16384,65536,1000,,,1000001,404803,40.5,0.3103971481323242,0.0077457427978515625
ctx,2,1,65536,16384,65536,1000,True,,1000001,402199,40.2,0.2999887466430664,0.007068634033203125
ctx,2,1,65536,16384,65536,0,,,1000001,404803,40.5,0.2994232177734375,0.006514549255371094
ctx,2,1,65536,16384,65536,0,True,,1000001,402199,40.2,0.30426931381225586,0.008183479309082031
ctx,2,1,65536,65536,4096,10,,,1000001,402963,40.3,0.29051876068115234,0.006433963775634766
ctx,2,1,65536,65536,4096,10,True,,1000001,401384,40.1,0.28331851959228516,0.0069653987884521484
ctx,2,1,65536,65536,4096,1000,,,1000001,392927,39.3,0.25377440452575684,0.0066509246826171875
ctx,2,1,65536,65536,4096,1000,True,,1000001,389842,39.0,0.266141414642334,0.006973743438720703
ctx,2,1,65536,65536,4096,0,,,1000001,392927,39.3,0.2656223773956299,0.007176637649536133
ctx,2,1,65536,65536,4096,0,True,,1000001,389842,39.0,0.31625890731811523,0.0055963993072509766
ctx,2,1,65536,65536,16384,10,,,1000001,402963,40.3,0.2833390235900879,0.007745981216430664
ctx,2,1,65536,65536,16384,10,True,,1000001,401384,40.1,0.2830393314361572,0.0074198246002197266
ctx,2,1,65536,65536,16384,1000,,,1000001,392927,39.3,0.28653526306152344,0.007019996643066406
ctx,2,1,65536,65536,16384,1000,True,,1000001,389842,39.0,0.26642584800720215,0.005996227264404297
ctx,2,1,65536,65536,16384,0,,,1000001,392927,39.3,0.27292704582214355,0.00615239143371582
ctx,2,1,65536,65536,16384,0,True,,1000001,389842,39.0,0.3042159080505371,0.005781888961791992
ctx,2,1,65536,65536,65536,10,,,1000001,402963,40.3,0.31646156311035156,0.006842851638793945
ctx,2,1,65536,65536,65536,10,True,,1000001,401384,40.1,0.3273193836212158,0.006929159164428711
ctx,2,1,65536,65536,65536,1000,,,1000001,392927,39.3,0.2813873291015625,0.0055615901947021484
ctx,2,1,65536,65536,65536,1000,True,,1000001,389842,39.0,0.31400299072265625,0.0066030025482177734
ctx,2,1,65536,65536,65536,0,,,1000001,392927,39.3,0.3149073123931885,0.007534980773925781
ctx,2,1,65536,65536,65536,0,True,,1000001,389842,39.0,0.32869768142700195,0.0061686038970947266
ctx,2,1,262144,4096,4096,10,,,1000001,445376,44.5,0.07488584518432617,0.008397340774536133
ctx,2,1,262144,4096,4096,10,True,,1000001,443477,44.3,0.08431363105773926,0.009313821792602539
ctx,2,1,262144,4096,4096,1000,,,1000001,442092,44.2,0.08832430839538574,0.008668184280395508
ctx,2,1,262144,4096,4096,1000,True,,1000001,440063,44.0,0.10056066513061523,0.00954580307006836
ctx,2,1,262144,4096,4096,0,,,1000001,442092,44.2,0.09724688529968262,0.008806943893432617
ctx,2,1,262144,4096,4096,0,True,,1000001,440063,44.0,0.08873510360717773,0.010004997253417969
ctx,2,1,262144,4096,16384,10,,,1000001,445376,44.5,0.09517908096313477,0.010438919067382812
ctx,2,1,262144,4096,16384,10,True,,1000001,443477,44.3,0.08982396125793457,0.009456634521484375
ctx,2,1,262144,4096,16384,1000,,,1000001,442092,44.2,0.08712506294250488,0.008600234985351562
ctx,2,1,262144,4096,16384,1000,True,,1000001,440063,44.0,0.09765291213989258,0.009318828582763672
ctx,2,1,262144,4096,16384,0,,,1000001,442092,44.2,0.09390044212341309,0.0073854923248291016
ctx,2,1,262144,4096,16384,0,True,,1000001,440063,44.0,0.08759307861328125,0.008081436157226562
ctx,2,1,262144,4096,65536,10,,,1000001,445376,44.5,0.07760882377624512,0.009518861770629883
ctx,2,1,262144,4096,65536,10,True,,1000001,443477,44.3,0.09008264541625977,0.007875680923461914
ctx,2,1,262144,4096,65536,1000,,,1000001,442092,44.2,0.0860755443572998,0.008059263229370117
ctx,2,1,262144,4096,65536,1000,True,,1000001,440063,44.0,0.08718752861022949,0.009802579879760742
ctx,2,1,262144,4096,65536,0,,,1000001,442092,44.2,0.08178305625915527,0.009268045425415039
ctx,2,1,262144,4096,65536,0,True,,1000001,440063,44.0,0.09747028350830078,0.008935928344726562
ctx,2,1,262144,4096,262144,10,,,1000001,445376,44.5,0.08150863647460938,0.008739233016967773
ctx,2,1,262144,4096,262144,10,True,,1000001,443477,44.3,0.0892331600189209,0.009125709533691406
ctx,2,1,262144,4096,262144,1000,,,1000001,442092,44.2,0.09031033515930176,0.007820844650268555
ctx,2,1,262144,4096,262144,1000,True,,1000001,440063,44.0,0.08536243438720703,0.00957942008972168
ctx,2,1,262144,4096,262144,0,,,1000001,442092,44.2,0.08931422233581543,0.007596492767333984
ctx,2,1,262144,4096,262144,0,True,,1000001,440063,44.0,0.08002638816833496,0.00812983512878418
ctx,2,1,262144,16384,4096,10,,,1000001,401414,40.1,0.07879877090454102,0.007269859313964844
ctx,2,1,262144,16384,4096,10,True,,1000001,399918,40.0,0.09020185470581055,0.007559061050415039
ctx,2,1,262144,16384,4096,1000,,,1000001,393115,39.3,0.08544588088989258,0.00676417350769043
ctx,2,1,262144,16384,4096,1000,True,,1000001,390723,39.1,0.09191489219665527,0.007686138153076172
ctx,2,1,262144,16384,4096,0,,,1000001,393115,39.3,0.08882975578308105,0.0072209835052490234
ctx,2,1,262144,16384,4096,0,True,,1000001,390723,39.1,0.10097241401672363,0.006737947463989258
ctx,2,1,262144,16384,16384,10,,,1000001,401414,40.1,0.09344077110290527,0.008783340454101562
ctx,2,1,262144,16384,16384,10,True,,1000001,399918,40.0,0.09329557418823242,0.006448268890380859
ctx,2,1,262144,16384,16384,1000,,,1000001,393115,39.3,0.0890500545501709,0.007532596588134766
ctx,2,1,262144,16384,16384,1000,True,,1000001,390723,39.1,0.08576250076293945,0.007115602493286133
ctx,2,1,262144,16384,16384,0,,,1000001,393115,39.3,0.09685969352722168,0.007819890975952148
ctx,2,1,262144,16384,16384,0,True,,1000001,390723,39.1,0.08791708946228027,0.006632328033447266
ctx,2,1,262144,16384,65536,10,,,1000001,401414,40.1,0.07998085021972656,0.00761866569519043
ctx,2,1,262144,16384,65536,10,True,,1000001,399918,40.0,0.08333277702331543,0.007633686065673828
ctx,2,1,262144,16384,65536,1000,,,1000001,393115,39.3,0.08496832847595215,0.006201028823852539
ctx,2,1,262144,16384,65536,1000,True,,1000001,390723,39.1,0.08997559547424316,0.007902383804321289
ctx,2,1,262144,16384,65536,0,,,1000001,393115,39.3,0.07695531845092773,0.007273197174072266
ctx,2,1,262144,16384,65536,0,True,,1000001,390723,39.1,0.09269094467163086,0.006760120391845703
ctx,2,1,262144,16384,262144,10,,,1000001,401414,40.1,0.08181381225585938,0.007719516754150391
ctx,2,1,262144,16384,262144,10,True,,1000001,399918,40.0,0.09292173385620117,0.0071752071380615234
ctx,2,1,262144,16384,262144,1000,,,1000001,393115,39.3,0.0897684097290039,0.007302761077880859
ctx,2,1,262144,16384,262144,1000,True,,1000001,390723,39.1,0.0944356918334961,0.008392810821533203
ctx,2,1,262144,16384,262144,0,,,1000001,393115,39.3,0.09550142288208008,0.007975101470947266
ctx,2,1,262144,16384,262144,0,True,,1000001,390723,39.1,0.09236931800842285,0.007669925689697266
ctx,2,1,262144,65536,4096,10,,,1000001,382256,38.2,0.0922243595123291,0.008356332778930664
ctx,2,1,262144,65536,4096,10,True,,1000001,381089,38.1,0.09465742111206055,0.006499767303466797
ctx,2,1,262144,65536,4096,1000,,,1000001,366473,36.6,0.09799051284790039,0.006795406341552734
ctx,2,1,262144,65536,4096,1000,True,,1000001,363701,36.4,0.11062812805175781,0.006617546081542969
ctx,2,1,262144,65536,4096,0,,,1000001,366473,36.6,0.09373879432678223,0.005950212478637695
ctx,2,1,262144,65536,4096,0,True,,1000001,363701,36.4,0.11937880516052246,0.006778240203857422
ctx,2,1,262144,65536,16384,10,,,1000001,382256,38.2,0.08658576011657715,0.0066182613372802734
ctx,2,1,262144,65536,16384,10,True,,1000001,381089,38.1,0.08621954917907715,0.006842136383056641
ctx,2,1,262144,65536,16384,1000,,,1000001,366473,36.6,0.09397339820861816,0.007376194000244141
ctx,2,1,262144,65536,16384,1000,True,,1000001,363701,36.4,0.12160277366638184,0.006209611892700195
ctx,2,1,262144,65536,16384,0,,,1000001,366473,36.6,0.10192465782165527,0.006610870361328125
ctx,2,1,262144,65536,16384,0,True,,1000001,363701,36.4,0.10735869407653809,0.007312297821044922
ctx,2,1,262144,65536,65536,10,,,1000001,382256,38.2,0.08850455284118652,0.006503582000732422
ctx,2,1,262144,65536,65536,10,True,,1000001,381089,38.1,0.09041142463684082,0.007784128189086914
ctx,2,1,262144,65536,65536,1000,,,1000001,366473,36.6,0.10219764709472656,0.007191658020019531
ctx,2,1,262144,65536,65536,1000,True,,1000001,363701,36.4,0.11080598831176758,0.00677180290222168
ctx,2,1,262144,65536,65536,0,,,1000001,366473,36.6,0.10139036178588867,0.0065190792083740234
ctx,2,1,262144,65536,65536,0,True,,1000001,363701,36.4,0.11546826362609863,0.008951187133789062
ctx,2,1,262144,65536,262144,10,,,1000001,382256,38.2,0.08902168273925781,0.006204128265380859
ctx,2,1,262144,65536,262144,10,True,,1000001,381089,38.1,0.09203267097473145,0.008194208145141602
ctx,2,1,262144,65536,262144,1000,,,1000001,366473,36.6,0.09790754318237305,0.008086681365966797
ctx,2,1,262144,65536,262144,1000,True,,1000001,363701,36.4,0.10334110260009766,0.006892204284667969
ctx,2,1,262144,65536,262144,0,,,1000001,366473,36.6,0.1006629467010498,0.006311178207397461
ctx,2,1,262144,65536,262144,0,True,,1000001,363701,36.4,0.11057519912719727,0.007033109664916992
ctx,2,1,262144,262144,4096,10,,,1000001,379792,38.0,0.09220266342163086,0.007566690444946289
ctx,2,1,262144,262144,4096,10,True,,1000001,378953,37.9,0.09252262115478516,0.007417917251586914
ctx,2,1,262144,262144,4096,1000,,,1000001,360871,36.1,0.12293052673339844,0.006855010986328125
ctx,2,1,262144,262144,4096,1000,True,,1000001,357762,35.8,0.13244962692260742,0.005900382995605469
ctx,2,1,262144,262144,4096,0,,,1000001,360812,36.1,0.11900687217712402,0.006368875503540039
ctx,2,1,262144,262144,4096,0,True,,1000001,357673,35.8,0.15435028076171875,0.0066127777099609375
ctx,2,1,262144,262144,16384,10,,,1000001,379792,38.0,0.09981465339660645,0.008054733276367188
ctx,2,1,262144,262144,16384,10,True,,1000001,378953,37.9,0.09852838516235352,0.007345676422119141
ctx,2,1,262144,262144,16384,1000,,,1000001,360871,36.1,0.12503862380981445,0.0076100826263427734
ctx,2,1,262144,262144,16384,1000,True,,1000001,357762,35.8,0.148329496383667,0.006765842437744141
ctx,2,1,262144,262144,16384,0,,,1000001,360812,36.1,0.12486648559570312,0.006821155548095703
ctx,2,1,262144,262144,16384,0,True,,1000001,357673,35.8,0.13861370086669922,0.007573843002319336
ctx,2,1,262144,262144,65536,10,,,1000001,379792,38.0,0.07987856864929199,0.007003068923950195
ctx,2,1,262144,262144,65536,10,True,,1000001,378953,37.9,0.10200738906860352,0.007092952728271484
ctx,2,1,262144,262144,65536,1000,,,1000001,360871,36.1,0.12105202674865723,0.006003379821777344
ctx,2,1,262144,262144,65536,1000,True,,1000001,357762,35.8,0.12611103057861328,0.0064432621002197266
ctx,2,1,262144,262144,65536,0,,,1000001,360812,36.1,0.11401653289794922,0.006678581237792969
ctx,2,1,262144,262144,65536,0,True,,1000001,357673,35.8,0.14110279083251953,0.006895303726196289
ctx,2,1,262144,262144,262144,10,,,1000001,379792,38.0,0.1023859977722168,0.005883455276489258
ctx,2,1,262144,262144,262144,10,True,,1000001,378953,37.9,0.08378195762634277,0.006750583648681641
ctx,2,1,262144,262144,262144,1000,,,1000001,360871,36.1,0.1185450553894043,0.0061647891998291016
ctx,2,1,262144,262144,262144,1000,True,,1000001,357762,35.8,0.12641096115112305,0.0071561336517333984
ctx,2,1,262144,262144,262144,0,,,1000001,360812,36.1,0.12424492835998535,0.008368492126464844
ctx,2,1,262144,262144,262144,0,True,,1000001,357673,35.8,0.14171624183654785,0.005940914154052734
ctx,2,1,1048576,4096,4096,10,,,1000001,443952,44.4,0.05662655830383301,0.010837316513061523
ctx,2,1,1048576,4096,4096,10,True,,1000001,442083,44.2,0.06326436996459961,0.010614156723022461
ctx,2,1,1048576,4096,4096,1000,,,1000001,440606,44.1,0.054457902908325195,0.009647846221923828
ctx,2,1,1048576,4096,4096,1000,True,,1000001,438621,43.9,0.06543397903442383,0.009600400924682617
ctx,2,1,1048576,4096,4096,0,,,1000001,440606,44.1,0.061809539794921875,0.008629083633422852
ctx,2,1,1048576,4096,4096,0,True,,1000001,438621,43.9,0.06416201591491699,0.009664773941040039
ctx,2,1,1048576,4096,16384,10,,,1000001,443952,44.4,0.0597386360168457,0.009295463562011719
ctx,2,1,1048576,4096,16384,10,True,,1000001,442083,44.2,0.05756187438964844,0.010478734970092773
ctx,2,1,1048576,4096,16384,1000,,,1000001,440606,44.1,0.06653523445129395,0.010353326797485352
ctx,2,1,1048576,4096,16384,1000,True,,1000001,438621,43.9,0.06049633026123047,0.01159358024597168
ctx,2,1,1048576,4096,16384,0,,,1000001,440606,44.1,0.05596113204956055,0.009088516235351562
ctx,2,1,1048576,4096,16384,0,True,,1000001,438621,43.9,0.05783796310424805,0.009362936019897461
ctx,2,1,1048576,4096,65536,10,,,1000001,443952,44.4,0.06140422821044922,0.010984420776367188
ctx,2,1,1048576,4096,65536,10,True,,1000001,442083,44.2,0.06360316276550293,0.00991368293762207
ctx,2,1,1048576,4096,65536,1000,,,1000001,440606,44.1,0.05352187156677246,0.009234189987182617
ctx,2,1,1048576,4096,65536,1000,True,,1000001,438621,43.9,0.0550539493560791,0.0090789794921875
ctx,2,1,1048576,4096,65536,0,,,1000001,440606,44.1,0.06293559074401855,0.009551048278808594
ctx,2,1,1048576,4096,65536,0,True,,1000001,438621,43.9,0.057753801345825195,0.009590864181518555
ctx,2,1,1048576,4096,262144,10,,,1000001,443952,44.4,0.05933380126953125,0.008250951766967773
ctx,2,1,1048576,4096,262144,10,True,,1000001,442083,44.2,0.05621790885925293,0.009976625442504883
ctx,2,1,1048576,4096,262144,1000,,,1000001,440606,44.1,0.06273698806762695,0.01014256477355957
ctx,2,1,1048576,4096,262144,1000,True,,1000001,438621,43.9,0.05951118469238281,0.009796619415283203
ctx,2,1,1048576,4096,262144,0,,,1000001,440606,44.1,0.054251909255981445,0.009731769561767578
ctx,2,1,1048576,4096,262144,0,True,,1000001,438621,43.9,0.06694555282592773,0.009216785430908203
ctx,2,1,1048576,4096,1048576,10,,,1000001,443952,44.4,0.0552678108215332,0.009737730026245117
ctx,2,1,1048576,4096,1048576,10,True,,1000001,442083,44.2,0.06315183639526367,0.009273529052734375
ctx,2,1,1048576,4096,1048576,1000,,,1000001,440606,44.1,0.05775642395019531,0.00935053825378418
ctx,2,1,1048576,4096,1048576,1000,True,,1000001,438621,43.9,0.0636739730834961,0.01031184196472168
ctx,2,1,1048576,4096,1048576,0,,,1000001,440606,44.1,0.05412626266479492,0.009779930114746094
ctx,2,1,1048576,4096,1048576,0,True,,1000001,438621,43.9,0.05959725379943848,0.009737730026245117
ctx,2,1,1048576,16384,4096,10,,,1000001,398325,39.8,0.05465102195739746,0.008605480194091797
ctx,2,1,1048576,16384,4096,10,True,,1000001,396931,39.7,0.055774688720703125,0.008948802947998047
ctx,2,1,1048576,16384,4096,1000,,,1000001,389643,39.0,0.0645301342010498,0.007877588272094727
ctx,2,1,1048576,16384,4096,1000,True,,1000001,387351,38.7,0.06386518478393555,0.008306264877319336
ctx,2,1,1048576,16384,4096,0,,,1000001,389643,39.0,0.06387877464294434,0.008105278015136719
ctx,2,1,1048576,16384,4096,0,True,,1000001,387351,38.7,0.06877660751342773,0.008646488189697266
ctx,2,1,1048576,16384,16384,10,,,1000001,398325,39.8,0.05265164375305176,0.008154869079589844
ctx,2,1,1048576,16384,16384,10,True,,1000001,396931,39.7,0.05478191375732422,0.009767293930053711
ctx,2,1,1048576,16384,16384,1000,,,1000001,389643,39.0,0.056703805923461914,0.00861358642578125
ctx,2,1,1048576,16384,16384,1000,True,,1000001,387351,38.7,0.06697249412536621,0.009621381759643555
ctx,2,1,1048576,16384,16384,0,,,1000001,389643,39.0,0.05852770805358887,0.008423566818237305
ctx,2,1,1048576,16384,16384,0,True,,1000001,387351,38.7,0.07022857666015625,0.009680032730102539
ctx,2,1,1048576,16384,65536,10,,,1000001,398325,39.8,0.05386757850646973,0.009389162063598633
ctx,2,1,1048576,16384,65536,10,True,,1000001,396931,39.7,0.06330060958862305,0.009245872497558594
ctx,2,1,1048576,16384,65536,1000,,,1000001,389643,39.0,0.0628054141998291,0.008949041366577148
ctx,2,1,1048576,16384,65536,1000,True,,1000001,387351,38.7,0.06918454170227051,0.009378910064697266
ctx,2,1,1048576,16384,65536,0,,,1000001,389643,39.0,0.0535435676574707,0.008840322494506836
ctx,2,1,1048576,16384,65536,0,True,,1000001,387351,38.7,0.0629582405090332,0.00795125961303711
ctx,2,1,1048576,16384,262144,10,,,1000001,398325,39.8,0.057590484619140625,0.008649826049804688
ctx,2,1,1048576,16384,262144,10,True,,1000001,396931,39.7,0.05305933952331543,0.007898569107055664
ctx,2,1,1048576,16384,262144,1000,,,1000001,389643,39.0,0.055413246154785156,0.007610797882080078
ctx,2,1,1048576,16384,262144,1000,True,,1000001,387351,38.7,0.06556200981140137,0.007737874984741211
ctx,2,1,1048576,16384,262144,0,,,1000001,389643,39.0,0.056036949157714844,0.008652925491333008
ctx,2,1,1048576,16384,262144,0,True,,1000001,387351,38.7,0.06132054328918457,0.00737452507019043
ctx,2,1,1048576,16384,1048576,10,,,1000001,398325,39.8,0.05176687240600586,0.008596420288085938
ctx,2,1,1048576,16384,1048576,10,True,,1000001,396931,39.7,0.05266141891479492,0.008330106735229492
ctx,2,1,1048576,16384,1048576,1000,,,1000001,389643,39.0,0.058612823486328125,0.008138179779052734
ctx,2,1,1048576,16384,1048576,1000,True,,1000001,387351,38.7,0.06316947937011719,0.007946014404296875
ctx,2,1,1048576,16384,1048576,0,,,1000001,389643,39.0,0.05705761909484863,0.008316516876220703
ctx,2,1,1048576,16384,1048576,0,True,,1000001,387351,38.7,0.0674290657043457,0.007848501205444336
ctx,2,1,1048576,65536,4096,10,,,1000001,374995,37.5,0.04945778846740723,0.007553577423095703
ctx,2,1,1048576,65536,4096,10,True,,1000001,374079,37.4,0.04810595512390137,0.007225513458251953
ctx,2,1,1048576,65536,4096,1000,,,1000001,356836,35.7,0.08060050010681152,0.008616447448730469
ctx,2,1,1048576,65536,4096,1000,True,,1000001,354286,35.4,0.10206961631774902,0.0070362091064453125
ctx,2,1,1048576,65536,4096,0,,,1000001,356836,35.7,0.07740998268127441,0.007656574249267578
ctx,2,1,1048576,65536,4096,0,True,,1000001,354286,35.4,0.0967409610748291,0.007729530334472656
ctx,2,1,1048576,65536,16384,10,,,1000001,374995,37.5,0.05208992958068848,0.007357358932495117
ctx,2,1,1048576,65536,16384,10,True,,1000001,374079,37.4,0.05514836311340332,0.007524013519287109
ctx,2,1,1048576,65536,16384,1000,,,1000001,356836,35.7,0.07888269424438477,0.008237123489379883
ctx,2,1,1048576,65536,16384,1000,True,,1000001,354286,35.4,0.09849381446838379,0.006864070892333984
ctx,2,1,1048576,65536,16384,0,,,1000001,356836,35.7,0.07838106155395508,0.007005214691162109
ctx,2,1,1048576,65536,16384,0,True,,1000001,354286,35.4,0.09963369369506836,0.007458686828613281
ctx,2,1,1048576,65536,65536,10,,,1000001,374995,37.5,0.05091094970703125,0.0066907405853271484
ctx,2,1,1048576,65536,65536,10,True,,1000001,374079,37.4,0.04807782173156738,0.007296323776245117
ctx,2,1,1048576,65536,65536,1000,,,1000001,356836,35.7,0.0801401138305664,0.007043123245239258
ctx,2,1,1048576,65536,65536,1000,True,,1000001,354286,35.4,0.0972740650177002,0.008117437362670898
ctx,2,1,1048576,65536,65536,0,,,1000001,356836,35.7,0.08161330223083496,0.007578849792480469
ctx,2,1,1048576,65536,65536,0,True,,1000001,354286,35.4,0.09953165054321289,0.007458686828613281
ctx,2,1,1048576,65536,262144,10,,,1000001,374995,37.5,0.05629777908325195,0.007932901382446289
ctx,2,1,1048576,65536,262144,10,True,,1000001,374079,37.4,0.05762600898742676,0.007598400115966797
ctx,2,1,1048576,65536,262144,1000,,,1000001,356836,35.7,0.07604432106018066,0.007531881332397461
ctx,2,1,1048576,65536,262144,1000,True,,1000001,354286,35.4,0.10726165771484375,0.007566928863525391
ctx,2,1,1048576,65536,262144,0,,,1000001,356836,35.7,0.07997417449951172,0.007755279541015625
ctx,2,1,1048576,65536,262144,0,True,,1000001,354286,35.4,0.09983968734741211,0.007261514663696289
ctx,2,1,1048576,65536,1048576,10,,,1000001,374995,37.5,0.0522768497467041,0.00811767578125
ctx,2,1,1048576,65536,1048576,10,True,,1000001,374079,37.4,0.05419754981994629,0.008644819259643555
ctx,2,1,1048576,65536,1048576,1000,,,1000001,356836,35.7,0.08372139930725098,0.008207559585571289
ctx,2,1,1048576,65536,1048576,1000,True,,1000001,354286,35.4,0.09825539588928223,0.007467031478881836
ctx,2,1,1048576,65536,1048576,0,,,1000001,356836,35.7,0.07779908180236816,0.0073316097259521484
ctx,2,1,1048576,65536,1048576,0,True,,1000001,354286,35.4,0.10083127021789551,0.008243322372436523
ctx,2,1,1048576,262144,4096,10,,,1000001,368818,36.9,0.05318880081176758,0.007691860198974609
ctx,2,1,1048576,262144,4096,10,True,,1000001,368599,36.9,0.05885457992553711,0.00749659538269043
ctx,2,1,1048576,262144,4096,1000,,,1000001,341245,34.1,0.15108799934387207,0.0069370269775390625
ctx,2,1,1048576,262144,4096,1000,True,,1000001,338287,33.8,0.22803759574890137,0.0076372623443603516
ctx,2,1,1048576,262144,4096,0,,,1000001,340909,34.1,0.16602373123168945,0.008270978927612305
ctx,2,1,1048576,262144,4096,0,True,,1000001,337929,33.8,0.2575960159301758,0.007691144943237305
ctx,2,1,1048576,262144,16384,10,,,1000001,368818,36.9,0.06113266944885254,0.008414983749389648
ctx,2,1,1048576,262144,16384,10,True,,1000001,368599,36.9,0.05686545372009277,0.00814962387084961
ctx,2,1,1048576,262144,16384,1000,,,1000001,341245,34.1,0.1560509204864502,0.006852626800537109
ctx,2,1,1048576,262144,16384,1000,True,,1000001,338287,33.8,0.23422956466674805,0.009057998657226562
ctx,2,1,1048576,262144,16384,0,,,1000001,340909,34.1,0.17124056816101074,0.009367704391479492
ctx,2,1,1048576,262144,16384,0,True,,1000001,337929,33.8,0.2667992115020752,0.007550954818725586
ctx,2,1,1048576,262144,65536,10,,,1000001,368818,36.9,0.053809404373168945,0.0070497989654541016
ctx,2,1,1048576,262144,65536,10,True,,1000001,368599,36.9,0.05614471435546875,0.009148597717285156
ctx,2,1,1048576,262144,65536,1000,,,1000001,341245,34.1,0.1554393768310547,0.007276058197021484
ctx,2,1,1048576,262144,65536,1000,True,,1000001,338287,33.8,0.22784042358398438,0.00676417350769043
ctx,2,1,1048576,262144,65536,0,,,1000001,340909,34.1,0.17846417427062988,0.0073070526123046875
ctx,2,1,1048576,262144,65536,0,True,,1000001,337929,33.8,0.2679157257080078,0.007834672927856445
ctx,2,1,1048576,262144,262144,10,,,1000001,368818,36.9,0.05491304397583008,0.00799417495727539
ctx,2,1,1048576,262144,262144,10,True,,1000001,368599,36.9,0.060671091079711914,0.007816314697265625
ctx,2,1,1048576,262144,262144,1000,,,1000001,341245,34.1,0.15500569343566895,0.006810903549194336
ctx,2,1,1048576,262144,262144,1000,True,,1000001,338287,33.8,0.22435545921325684,0.007246732711791992
ctx,2,1,1048576,262144,262144,0,,,1000001,340909,34.1,0.16479206085205078,0.006449460983276367
ctx,2,1,1048576,262144,262144,0,True,,1000001,337929,33.8,0.25690603256225586,0.007537364959716797
ctx,2,1,1048576,262144,1048576,10,,,1000001,368818,36.9,0.053774118423461914,0.007781267166137695
ctx,2,1,1048576,262144,1048576,10,True,,1000001,368599,36.9,0.05535483360290527,0.007883310317993164
ctx,2,1,1048576,262144,1048576,1000,,,1000001,341245,34.1,0.15396499633789062,0.006169319152832031
ctx,2,1,1048576,262144,1048576,1000,True,,1000001,338287,33.8,0.23369455337524414,0.006393909454345703
ctx,2,1,1048576,262144,1048576,0,,,1000001,340909,34.1,0.1719670295715332,0.007535457611083984
ctx,2,1,1048576,262144,1048576,0,True,,1000001,337929,33.8,0.2592439651489258,0.008161306381225586
ctx,2,1,1048576,1048576,4096,10,,,1000001,367532,36.8,0.05552196502685547,0.008788108825683594
ctx,2,1,1048576,1048576,4096,10,True,,1000001,367789,36.8,0.05163407325744629,0.007889747619628906
ctx,2,1,1048576,1048576,4096,1000,,,1000001,336715,33.7,0.2778205871582031,0.006682872772216797
ctx,2,1,1048576,1048576,4096,1000,True,,1000001,334203,33.4,0.4366424083709717,0.006931781768798828
ctx,2,1,1048576,1048576,4096,0,,,1000001,335868,33.6,0.41596078872680664,0.006338357925415039
ctx,2,1,1048576,1048576,4096,0,True,,1000001,333194,33.3,0.6797597408294678,0.007636308670043945
ctx,2,1,1048576,1048576,16384,10,,,1000001,367532,36.8,0.057308197021484375,0.0073354244232177734
ctx,2,1,1048576,1048576,16384,10,True,,1000001,367789,36.8,0.06117701530456543,0.007215023040771484
ctx,2,1,1048576,1048576,16384,1000,,,1000001,336715,33.7,0.2784867286682129,0.0069637298583984375
ctx,2,1,1048576,1048576,16384,1000,True,,1000001,334203,33.4,0.43793487548828125,0.008361101150512695
ctx,2,1,1048576,1048576,16384,0,,,1000001,335868,33.6,0.4264998435974121,0.006864786148071289
ctx,2,1,1048576,1048576,16384,0,True,,1000001,333194,33.3,0.6837115287780762,0.0072557926177978516
ctx,2,1,1048576,1048576,65536,10,,,1000001,367532,36.8,0.059905290603637695,0.007289409637451172
ctx,2,1,1048576,1048576,65536,10,True,,1000001,367789,36.8,0.058431386947631836,0.009008407592773438
ctx,2,1,1048576,1048576,65536,1000,,,1000001,336715,33.7,0.3042569160461426,0.006754636764526367
ctx,2,1,1048576,1048576,65536,1000,True,,1000001,334203,33.4,0.43297791481018066,0.0074841976165771484
ctx,2,1,1048576,1048576,65536,0,,,1000001,335868,33.6,0.4454483985900879,0.007093667984008789
ctx,2,1,1048576,1048576,65536,0,True,,1000001,333194,33.3,0.6753213405609131,0.0061473846435546875
ctx,2,1,1048576,1048576,262144,10,,,1000001,367532,36.8,0.06068539619445801,0.007562160491943359
ctx,2,1,1048576,1048576,262144,10,True,,1000001,367789,36.8,0.062227725982666016,0.008239507675170898
ctx,2,1,1048576,1048576,262144,1000,,,1000001,336715,33.7,0.27934908866882324,0.0071604251861572266
ctx,2,1,1048576,1048576,262144,1000,True,,1000001,334203,33.4,0.4319164752960205,0.007368803024291992
ctx,2,1,1048576,1048576,262144,0,,,1000001,335868,33.6,0.4215278625488281,0.008154630661010742
ctx,2,1,1048576,1048576,262144,0,True,,1000001,333194,33.3,0.6828110218048096,0.007481098175048828
ctx,2,1,1048576,1048576,1048576,10,,,1000001,367532,36.8,0.052582502365112305,0.007800579071044922
ctx,2,1,1048576,1048576,1048576,10,True,,1000001,367789,36.8,0.060552358627319336,0.010119915008544922
ctx,2,1,1048576,1048576,1048576,1000,,,1000001,336715,33.7,0.2734503746032715,0.008321285247802734
ctx,2,1,1048576,1048576,1048576,1000,True,,1000001,334203,33.4,0.44078946113586426,0.007104158401489258
ctx,2,1,1048576,1048576,1048576,0,,,1000001,335868,33.6,0.4203529357910156,0.006738185882568359
ctx,2,1,1048576,1048576,1048576,0,True,,1000001,333194,33.3,0.6833441257476807,0.006775617599487305
ctx,2,1,16384,4096,4096,10,,True,1000001,465958,46.6,1.2699763774871826,0.008688211441040039
ctx,2,1,16384,4096,4096,1000,,True,1000001,463164,46.3,1.302161455154419,0.0072443485260009766
ctx,2,1,16384,4096,4096,0,,True,1000001,463164,46.3,1.2261006832122803,0.007100343704223633
ctx,2,1,16384,4096,16384,10,,True,1000001,465958,46.6,1.2208828926086426,0.0075223445892333984
ctx,2,1,16384,4096,16384,1000,,True,1000001,463164,46.3,1.2353074550628662,0.006688117980957031
ctx,2,1,16384,4096,16384,0,,True,1000001,463164,46.3,1.2307474613189697,0.009179830551147461
ctx,2,1,16384,16384,4096,10,,True,1000001,444229,44.4,1.230074167251587,0.006776094436645508
ctx,2,1,16384,16384,4096,1000,,True,1000001,439409,43.9,1.2439916133880615,0.006905078887939453
ctx,2,1,16384,16384,4096,0,,True,1000001,439409,43.9,1.3074612617492676,0.0075359344482421875
ctx,2,1,16384,16384,16384,10,,True,1000001,444229,44.4,1.246140718460083,0.007412433624267578
ctx,2,1,16384,16384,16384,1000,,True,1000001,439409,43.9,1.2435178756713867,0.006324291229248047
ctx,2,1,16384,16384,16384,0,,True,1000001,439409,43.9,1.2664401531219482,0.00828242301940918
ctx,2,1,65536,4096,4096,10,,True,1000001,446478,44.6,0.3481907844543457,0.0072383880615234375
ctx,2,1,65536,4096,4096,1000,,True,1000001,443192,44.3,0.3555114269256592,0.007294416427612305
ctx,2,1,65536,4096,4096,0,,True,1000001,443192,44.3,0.34746599197387695,0.00666046142578125
ctx,2,1,65536,4096,16384,10,,True,1000001,446478,44.6,0.34659457206726074,0.007679939270019531
ctx,2,1,65536,4096,16384,1000,,True,1000001,443192,44.3,0.3636746406555176,0.007229804992675781
ctx,2,1,65536,4096,16384,0,,True,1000001,443192,44.3,0.3858020305633545,0.0075473785400390625
ctx,2,1,65536,4096,65536,10,,True,1000001,446478,44.6,0.3412172794342041,0.007330179214477539
ctx,2,1,65536,4096,65536,1000,,True,1000001,443192,44.3,0.3528308868408203,0.007235288619995117
ctx,2,1,65536,4096,65536,0,,True,1000001,443192,44.3,0.36218929290771484,0.008013248443603516
ctx,2,1,65536,16384,4096,10,,True,1000001,404273,40.4,0.34798336029052734,0.0072841644287109375
ctx,2,1,65536,16384,4096,1000,,True,1000001,396205,39.6,0.4171488285064697,0.00600743293762207
ctx,2,1,65536,16384,4096,0,,True,1000001,396205,39.6,0.4280111789703369,0.0070955753326416016
ctx,2,1,65536,16384,16384,10,,True,1000001,404273,40.4,0.3659024238586426,0.008329629898071289
ctx,2,1,65536,16384,16384,1000,,True,1000001,396205,39.6,0.4156351089477539,0.007532596588134766
ctx,2,1,65536,16384,16384,0,,True,1000001,396205,39.6,0.41962742805480957,0.007735490798950195
ctx,2,1,65536,16384,65536,10,,True,1000001,404273,40.4,0.3640413284301758,0.007403850555419922
ctx,2,1,65536,16384,65536,1000,,True,1000001,396205,39.6,0.40237927436828613,0.006241321563720703
ctx,2,1,65536,16384,65536,0,,True,1000001,396205,39.6,0.4075582027435303,0.006642818450927734
ctx,2,1,65536,65536,4096,10,,True,1000001,393201,39.3,0.3409464359283447,0.008319616317749023
ctx,2,1,65536,65536,4096,1000,,True,1000001,381680,38.2,0.4625852108001709,0.006531953811645508
ctx,2,1,65536,65536,4096,0,,True,1000001,381680,38.2,0.47284936904907227,0.007380247116088867
ctx,2,1,65536,65536,16384,10,,True,1000001,393201,39.3,0.3500661849975586,0.006272792816162109
ctx,2,1,65536,65536,16384,1000,,True,1000001,381680,38.2,0.44650816917419434,0.008074522018432617
ctx,2,1,65536,65536,16384,0,,True,1000001,381680,38.2,0.4797372817993164,0.00622248649597168
ctx,2,1,65536,65536,65536,10,,True,1000001,393201,39.3,0.3533642292022705,0.0068454742431640625
ctx,2,1,65536,65536,65536,1000,,True,1000001,381680,38.2,0.462787389755249,0.006207942962646484
ctx,2,1,65536,65536,65536,0,,True,1000001,381680,38.2,0.456998348236084,0.007067680358886719
ctx,2,1,262144,4096,4096,10,,True,1000001,441544,44.2,0.13252711296081543,0.007637739181518555
ctx,2,1,262144,4096,4096,1000,,True,1000001,438168,43.8,0.14081382751464844,0.007969856262207031
ctx,2,1,262144,4096,4096,0,,True,1000001,438168,43.8,0.1474907398223877,0.010422706604003906
ctx,2,1,262144,4096,16384,10,,True,1000001,441544,44.2,0.12874770164489746,0.008844852447509766
ctx,2,1,262144,4096,16384,1000,,True,1000001,438168,43.8,0.14240574836730957,0.008364439010620117
ctx,2,1,262144,4096,16384,0,,True,1000001,438168,43.8,0.1475832462310791,0.00839543342590332
ctx,2,1,262144,4096,65536,10,,True,1000001,441544,44.2,0.1273972988128662,0.009310722351074219
ctx,2,1,262144,4096,65536,1000,,True,1000001,438168,43.8,0.13307428359985352,0.007994413375854492
ctx,2,1,262144,4096,65536,0,,True,1000001,438168,43.8,0.14298367500305176,0.008901357650756836
ctx,2,1,262144,4096,262144,10,,True,1000001,441544,44.2,0.13259220123291016,0.008766889572143555
ctx,2,1,262144,4096,262144,1000,,True,1000001,438168,43.8,0.14202189445495605,0.00845479965209961
ctx,2,1,262144,4096,262144,0,,True,1000001,438168,43.8,0.1439521312713623,0.009894847869873047
ctx,2,1,262144,16384,4096,10,,True,1000001,393641,39.4,0.12763357162475586,0.00821232795715332
ctx,2,1,262144,16384,4096,1000,,True,1000001,384755,38.5,0.18572139739990234,0.008816957473754883
ctx,2,1,262144,16384,4096,0,,True,1000001,384755,38.5,0.2031257152557373,0.007172107696533203
ctx,2,1,262144,16384,16384,10,,True,1000001,393641,39.4,0.13425827026367188,0.008074283599853516
ctx,2,1,262144,16384,16384,1000,,True,1000001,384755,38.5,0.19874024391174316,0.007653236389160156
ctx,2,1,262144,16384,16384,0,,True,1000001,384755,38.5,0.18474674224853516,0.00789022445678711
ctx,2,1,262144,16384,65536,10,,True,1000001,393641,39.4,0.12688326835632324,0.0074918270111083984
ctx,2,1,262144,16384,65536,1000,,True,1000001,384755,38.5,0.19245147705078125,0.007413148880004883
ctx,2,1,262144,16384,65536,0,,True,1000001,384755,38.5,0.19101214408874512,0.007634162902832031
ctx,2,1,262144,16384,262144,10,,True,1000001,393641,39.4,0.1328442096710205,0.007230520248413086
ctx,2,1,262144,16384,262144,1000,,True,1000001,384755,38.5,0.19451618194580078,0.008136510848999023
ctx,2,1,262144,16384,262144,0,,True,1000001,384755,38.5,0.19230103492736816,0.0067577362060546875
ctx,2,1,262144,65536,4096,10,,True,1000001,372046,37.2,0.1277179718017578,0.006772041320800781
ctx,2,1,262144,65536,4096,1000,,True,1000001,355050,35.5,0.30038905143737793,0.006887674331665039
ctx,2,1,262144,65536,4096,0,,True,1000001,355050,35.5,0.31621408462524414,0.006905317306518555
ctx,2,1,262144,65536,16384,10,,True,1000001,372046,37.2,0.1439189910888672,0.007223367691040039
ctx,2,1,262144,65536,16384,1000,,True,1000001,355050,35.5,0.30385541915893555,0.007550239562988281
ctx,2,1,262144,65536,16384,0,,True,1000001,355050,35.5,0.31029772758483887,0.006539344787597656
ctx,2,1,262144,65536,65536,10,,True,1000001,372046,37.2,0.1368098258972168,0.007052183151245117
ctx,2,1,262144,65536,65536,1000,,True,1000001,355050,35.5,0.29816770553588867,0.007196187973022461
ctx,2,1,262144,65536,65536,0,,True,1000001,355050,35.5,0.3066587448120117,0.007169485092163086
ctx,2,1,262144,65536,262144,10,,True,1000001,372046,37.2,0.14436960220336914,0.008586883544921875
ctx,2,1,262144,65536,262144,1000,,True,1000001,355050,35.5,0.3060798645019531,0.006816387176513672
ctx,2,1,262144,65536,262144,0,,True,1000001,355050,35.5,0.32482433319091797,0.006687641143798828
ctx,2,1,262144,262144,4096,10,,True,1000001,367385,36.7,0.14383172988891602,0.007827997207641602
ctx,2,1,262144,262144,4096,1000,,True,1000001,345547,34.6,0.507899284362793,0.008761405944824219
ctx,2,1,262144,262144,4096,0,,True,1000001,345455,34.5,0.549220085144043,0.007430315017700195
ctx,2,1,262144,262144,16384,10,,True,1000001,367385,36.7,0.14433860778808594,0.007305622100830078
ctx,2,1,262144,262144,16384,1000,,True,1000001,345547,34.6,0.5148358345031738,0.007843017578125
ctx,2,1,262144,262144,16384,0,,True,1000001,345455,34.5,0.551856279373169,0.007253170013427734
ctx,2,1,262144,262144,65536,10,,True,1000001,367385,36.7,0.14734840393066406,0.0073430538177490234
ctx,2,1,262144,262144,65536,1000,,True,1000001,345547,34.6,0.5105550289154053,0.0071489810943603516
ctx,2,1,262144,262144,65536,0,,True,1000001,345455,34.5,0.5525524616241455,0.0065953731536865234
ctx,2,1,262144,262144,262144,10,,True,1000001,367385,36.7,0.1453380584716797,0.006799936294555664
ctx,2,1,262144,262144,262144,1000,,True,1000001,345547,34.6,0.5170361995697021,0.00680851936340332
ctx,2,1,262144,262144,262144,0,,True,1000001,345455,34.5,0.55637526512146,0.006739139556884766
ctx,2,1,1048576,4096,4096,10,,True,1000001,440117,44.0,0.12957000732421875,0.011053800582885742
ctx,2,1,1048576,4096,4096,1000,,True,1000001,436707,43.7,0.15787887573242188,0.009762763977050781
ctx,2,1,1048576,4096,4096,0,,True,1000001,436707,43.7,0.15240907669067383,0.01001119613647461
ctx,2,1,1048576,4096,16384,10,,True,1000001,440117,44.0,0.12860870361328125,0.009898185729980469
ctx,2,1,1048576,4096,16384,1000,,True,1000001,436707,43.7,0.16706633567810059,0.010275602340698242
ctx,2,1,1048576,4096,16384,0,,True,1000001,436707,43.7,0.15285420417785645,0.009923219680786133
ctx,2,1,1048576,4096,65536,10,,True,1000001,440117,44.0,0.12672829627990723,0.010332584381103516
ctx,2,1,1048576,4096,65536,1000,,True,1000001,436707,43.7,0.1598498821258545,0.01043558120727539
ctx,2,1,1048576,4096,65536,0,,True,1000001,436707,43.7,0.15445637702941895,0.011260747909545898
ctx,2,1,1048576,4096,262144,10,,True,1000001,440117,44.0,0.11756086349487305,0.009231090545654297
ctx,2,1,1048576,4096,262144,1000,,True,1000001,436707,43.7,0.1506197452545166,0.011216402053833008
ctx,2,1,1048576,4096,262144,0,,True,1000001,436707,43.7,0.1596837043762207,0.009851217269897461
ctx,2,1,1048576,4096,1048576,10,,True,1000001,440117,44.0,0.12080860137939453,0.010994434356689453
ctx,2,1,1048576,4096,1048576,1000,,True,1000001,436707,43.7,0.16118264198303223,0.009945869445800781
ctx,2,1,1048576,4096,1048576,0,,True,1000001,436707,43.7,0.15900921821594238,0.009924173355102539
ctx,2,1,1048576,16384,4096,10,,True,1000001,390579,39.1,0.132124662399292,0.008319377899169922
ctx,2,1,1048576,16384,4096,1000,,True,1000001,381411,38.1,0.25536155700683594,0.008939027786254883
ctx,2,1,1048576,16384,4096,0,,True,1000001,381411,38.1,0.2537558078765869,0.008371829986572266
ctx,2,1,1048576,16384,16384,10,,True,1000001,390579,39.1,0.12928414344787598,0.008432149887084961
ctx,2,1,1048576,16384,16384,1000,,True,1000001,381411,38.1,0.250213623046875,0.008571863174438477
ctx,2,1,1048576,16384,16384,0,,True,1000001,381411,38.1,0.253803014755249,0.008082866668701172
ctx,2,1,1048576,16384,65536,10,,True,1000001,390579,39.1,0.14917707443237305,0.008900880813598633
ctx,2,1,1048576,16384,65536,1000,,True,1000001,381411,38.1,0.24856019020080566,0.00817418098449707
ctx,2,1,1048576,16384,65536,0,,True,1000001,381411,38.1,0.24841952323913574,0.010346174240112305
ctx,2,1,1048576,16384,262144,10,,True,1000001,390579,39.1,0.1316540241241455,0.009089469909667969
ctx,2,1,1048576,16384,262144,1000,,True,1000001,381411,38.1,0.2523989677429199,0.008901834487915039
ctx,2,1,1048576,16384,262144,0,,True,1000001,381411,38.1,0.2578883171081543,0.008454084396362305
ctx,2,1,1048576,16384,1048576,10,,True,1000001,390579,39.1,0.13496780395507812,0.009664058685302734
ctx,2,1,1048576,16384,1048576,1000,,True,1000001,381411,38.1,0.2597053050994873,0.008719682693481445
ctx,2,1,1048576,16384,1048576,0,,True,1000001,381411,38.1,0.26128220558166504,0.007691860198974609
ctx,2,1,1048576,65536,4096,10,,True,1000001,364837,36.5,0.14743614196777344,0.007036447525024414
ctx,2,1,1048576,65536,4096,1000,,True,1000001,345842,34.6,0.5427520275115967,0.007273197174072266
ctx,2,1,1048576,65536,4096,0,,True,1000001,345842,34.6,0.5527558326721191,0.0074291229248046875
ctx,2,1,1048576,65536,16384,10,,True,1000001,364837,36.5,0.15496158599853516,0.007978200912475586
ctx,2,1,1048576,65536,16384,1000,,True,1000001,345842,34.6,0.5607626438140869,0.00822591781616211
ctx,2,1,1048576,65536,16384,0,,True,1000001,345842,34.6,0.5561285018920898,0.007519245147705078
ctx,2,1,1048576,65536,65536,10,,True,1000001,364837,36.5,0.14552879333496094,0.007082223892211914
ctx,2,1,1048576,65536,65536,1000,,True,1000001,345842,34.6,0.5514938831329346,0.007383584976196289
ctx,2,1,1048576,65536,65536,0,,True,1000001,345842,34.6,0.5544989109039307,0.008677244186401367
ctx,2,1,1048576,65536,262144,10,,True,1000001,364837,36.5,0.1415843963623047,0.009215831756591797
ctx,2,1,1048576,65536,262144,1000,,True,1000001,345842,34.6,0.5435857772827148,0.0071566104888916016
ctx,2,1,1048576,65536,262144,0,,True,1000001,345842,34.6,0.5519399642944336,0.00902557373046875
ctx,2,1,1048576,65536,1048576,10,,True,1000001,364837,36.5,0.15042376518249512,0.007413387298583984
ctx,2,1,1048576,65536,1048576,1000,,True,1000001,345842,34.6,0.5434815883636475,0.008194446563720703
ctx,2,1,1048576,65536,1048576,0,,True,1000001,345842,34.6,0.5742673873901367,0.007924795150756836
ctx,2,1,1048576,262144,4096,10,,True,1000001,355350,35.5,0.16146230697631836,0.008222103118896484
ctx,2,1,1048576,262144,4096,1000,,True,1000001,325025,32.5,1.4226007461547852,0.00597834587097168
ctx,2,1,1048576,262144,4096,0,,True,1000001,324703,32.5,1.6847786903381348,0.00791025161743164
ctx,2,1,1048576,262144,16384,10,,True,1000001,355350,35.5,0.15291285514831543,0.008996009826660156
ctx,2,1,1048576,262144,16384,1000,,True,1000001,325025,32.5,1.415281057357788,0.007651567459106445
ctx,2,1,1048576,262144,16384,0,,True,1000001,324703,32.5,1.6746387481689453,0.00850987434387207
ctx,2,1,1048576,262144,65536,10,,True,1000001,355350,35.5,0.1607799530029297,0.009524822235107422
ctx,2,1,1048576,262144,65536,1000,,True,1000001,325025,32.5,1.4471509456634521,0.00783538818359375
ctx,2,1,1048576,262144,65536,0,,True,1000001,324703,32.5,1.6855242252349854,0.0071201324462890625
ctx,2,1,1048576,262144,262144,10,,True,1000001,355350,35.5,0.14817237854003906,0.008600234985351562
ctx,2,1,1048576,262144,262144,1000,,True,1000001,325025,32.5,1.4171142578125,0.00846099853515625
ctx,2,1,1048576,262144,262144,0,,True,1000001,324703,32.5,1.6536881923675537,0.009063720703125
ctx,2,1,1048576,262144,1048576,10,,True,1000001,355350,35.5,0.15249276161193848,0.009086132049560547
ctx,2,1,1048576,262144,1048576,1000,,True,1000001,325025,32.5,1.4293863773345947,0.008002758026123047
ctx,2,1,1048576,262144,1048576,0,,True,1000001,324703,32.5,1.6713404655456543,0.008247137069702148
ctx,2,1,1048576,1048576,4096,10,,True,1000001,352672,35.3,0.16115593910217285,0.008903264999389648
ctx,2,1,1048576,1048576,4096,1000,,True,1000001,317267,31.7,2.6361191272735596,0.00646519660949707
ctx,2,1,1048576,1048576,4096,0,,True,1000001,316458,31.6,4.410338401794434,0.007344722747802734
ctx,2,1,1048576,1048576,16384,10,,True,1000001,352672,35.3,0.16175436973571777,0.008023738861083984
ctx,2,1,1048576,1048576,16384,1000,,True,1000001,317267,31.7,2.6488800048828125,0.007241010665893555
ctx,2,1,1048576,1048576,16384,0,,True,1000001,316458,31.6,4.446291446685791,0.0072519779205322266
ctx,2,1,1048576,1048576,65536,10,,True,1000001,352672,35.3,0.16510272026062012,0.008452653884887695
ctx,2,1,1048576,1048576,65536,1000,,True,1000001,317267,31.7,2.7190566062927246,0.007346630096435547
ctx,2,1,1048576,1048576,65536,0,,True,1000001,316458,31.6,4.437485933303833,0.006423473358154297
ctx,2,1,1048576,1048576,262144,10,,True,1000001,352672,35.3,0.16533851623535156,0.007985830307006836
ctx,2,1,1048576,1048576,262144,1000,,True,1000001,317267,31.7,2.6439294815063477,0.00697636604309082
ctx,2,1,1048576,1048576,262144,0,,True,1000001,316458,31.6,4.452828645706177,0.007590293884277344
ctx,2,1,1048576,1048576,1048576,10,,True,1000001,352672,35.3,0.15863299369812012,0.006806135177612305
ctx,2,1,1048576,1048576,1048576,1000,,True,1000001,317267,31.7,2.605131149291992,0.007694244384765625
ctx,2,1,1048576,1048576,1048576,0,,True,1000001,316458,31.6,4.424686431884766,0.006750345230102539
ctx,4,1,16384,4096,4096,10,,,1000001,469948,47.0,0.5883617401123047,0.006925106048583984
ctx,4,1,16384,4096,4096,10,True,,1000001,467802,46.8,0.6739425659179688,0.00793313980102539
ctx,4,1,16384,4096,4096,1000,,,1000001,467270,46.7,0.5934910774230957,0.007734537124633789
ctx,4,1,16384,4096,4096,1000,True,,1000001,464989,46.5,0.6408812999725342,0.0069599151611328125
ctx,4,1,16384,4096,4096,0,,,1000001,467270,46.7,0.627671480178833,0.007143974304199219
ctx,4,1,16384,4096,4096,0,True,,1000001,464989,46.5,0.6280570030212402,0.007163286209106445
ctx,4,1,16384,4096,16384,10,,,1000001,469948,47.0,0.6208341121673584,0.007447481155395508
ctx,4,1,16384,4096,16384,10,True,,1000001,467802,46.8,0.654350996017456,0.007042646408081055
ctx,4,1,16384,4096,16384,1000,,,1000001,467270,46.7,0.5601153373718262,0.007155418395996094
ctx,4,1,16384,4096,16384,1000,True,,1000001,464989,46.5,0.6764039993286133,0.007402181625366211
ctx,4,1,16384,4096,16384,0,,,1000001,467270,46.7,0.6110599040985107,0.007375478744506836
ctx,4,1,16384,4096,16384,0,True,,1000001,464989,46.5,0.5937037467956543,0.007573366165161133
ctx,4,1,16384,16384,4096,10,,,1000001,451345,45.1,0.5936541557312012,0.007029056549072266
ctx,4,1,16384,16384,4096,10,True,,1000001,449141,44.9,0.644136905670166,0.00821065902709961
ctx,4,1,16384,16384,4096,1000,,,1000001,447346,44.7,0.6662702560424805,0.007272481918334961
ctx,4,1,16384,16384,4096,1000,True,,1000001,444456,44.4,0.6169750690460205,0.007435798645019531
ctx,4,1,16384,16384,4096,0,,,1000001,447346,44.7,0.6187853813171387,0.006612062454223633
ctx,4,1,16384,16384,4096,0,True,,1000001,444456,44.4,0.5903878211975098,0.0062181949615478516
ctx,4,1,16384,16384,16384,10,,,1000001,451345,45.1,0.5905287265777588,0.0068929195404052734
ctx,4,1,16384,16384,16384,10,True,,1000001,449141,44.9,0.5962696075439453,0.0073125362396240234
ctx,4,1,16384,16384,16384,1000,,,1000001,447346,44.7,0.6077508926391602,0.007343769073486328
ctx,4,1,16384,16384,16384,1000,True,,1000001,444456,44.4,0.587216854095459,0.007050991058349609
ctx,4,1,16384,16384,16384,0,,,1000001,447346,44.7,0.6395015716552734,0.006143093109130859
ctx,4,1,16384,16384,16384,0,True,,1000001,444456,44.4,0.6367690563201904,0.009403467178344727
ctx,4,1,65536,4096,4096,10,,,1000001,450317,45.0,0.16537714004516602,0.008264541625976562
ctx,4,1,65536,4096,4096,10,True,,1000001,448409,44.8,0.16670966148376465,0.00718998908996582
ctx,4,1,65536,4096,4096,1000,,,1000001,447140,44.7,0.16669845581054688,0.008384943008422852
ctx,4,1,65536,4096,4096,1000,True,,1000001,445082,44.5,0.17674040794372559,0.007653713226318359
ctx,4,1,65536,4096,4096,0,,,1000001,447140,44.7,0.18645715713500977,0.0067980289459228516
ctx,4,1,65536,4096,4096,0,True,,1000001,445082,44.5,0.17815685272216797,0.006873369216918945
ctx,4,1,65536,4096,16384,10,,,1000001,450317,45.0,0.17894577980041504,0.007449626922607422
ctx,4,1,65536,4096,16384,10,True,,1000001,448409,44.8,0.1639409065246582,0.008211612701416016
ctx,4,1,65536,4096,16384,1000,,,1000001,447140,44.7,0.16236352920532227,0.007049560546875
ctx,4,1,65536,4096,16384,1000,True,,1000001,445082,44.5,0.16939282417297363,0.007006645202636719
ctx,4,1,65536,4096,16384,0,,,1000001,447140,44.7,0.16785788536071777,0.007425069808959961
ctx,4,1,65536,4096,16384,0,True,,1000001,445082,44.5,0.1736304759979248,0.008136272430419922
ctx,4,1,65536,4096,65536,10,,,1000001,450317,45.0,0.1675419807434082,0.0073130130767822266
ctx,4,1,65536,4096,65536,10,True,,1000001,448409,44.8,0.1760118007659912,0.008324623107910156
ctx,4,1,65536,4096,65536,1000,,,1000001,447140,44.7,0.15942692756652832,0.007081270217895508
ctx,4,1,65536,4096,65536,1000,True,,1000001,445082,44.5,0.15272974967956543,0.006981611251831055
ctx,4,1,65536,4096,65536,0,,,1000001,447140,44.7,0.1902611255645752,0.007897615432739258
ctx,4,1,65536,4096,65536,0,True,,1000001,445082,44.5,0.15798425674438477,0.007166862487792969
ctx,4,1,65536,16384,4096,10,,,1000001,412153,41.2,0.1672525405883789,0.007120370864868164
ctx,4,1,65536,16384,4096,10,True,,1000001,410431,41.0,0.1674668788909912,0.006501436233520508
ctx,4,1,65536,16384,4096,1000,,,1000001,404803,40.5,0.1653459072113037,0.006404399871826172
ctx,4,1,65536,16384,4096,1000,True,,1000001,402199,40.2,0.16463851928710938,0.006790876388549805
ctx,4,1,65536,16384,4096,0,,,1000001,404803,40.5,0.18498992919921875,0.006463527679443359
ctx,4,1,65536,16384,4096,0,True,,1000001,402199,40.2,0.15975308418273926,0.00652766227722168
ctx,4,1,65536,16384,16384,10,,,1000001,412153,41.2,0.15805602073669434,0.006135463714599609
ctx,4,1,65536,16384,16384,10,True,,1000001,410431,41.0,0.17098569869995117,0.0070896148681640625
ctx,4,1,65536,16384,16384,1000,,,1000001,404803,40.5,0.1650679111480713,0.0071446895599365234
ctx,4,1,65536,16384,16384,1000,True,,1000001,402199,40.2,0.16870737075805664,0.006228923797607422
ctx,4,1,65536,16384,16384,0,,,1000001,404803,40.5,0.18082809448242188,0.007907629013061523
ctx,4,1,65536,16384,16384,0,True,,1000001,402199,40.2,0.17708396911621094,0.008350610733032227
ctx,4,1,65536,16384,65536,10,,,1000001,412153,41.2,0.16689133644104004,0.007180213928222656
ctx,4,1,65536,16384,65536,10,True,,1000001,410431,41.0,0.17620539665222168,0.006584644317626953
ctx,4,1,65536,16384,65536,1000,,,1000001,404803,40.5,0.1694350242614746,0.008205175399780273
ctx,4,1,65536,16384,65536,1000,True,,1000001,402199,40.2,0.16457200050354004,0.007823467254638672
ctx,4,1,65536,16384,65536,0,,,1000001,404803,40.5,0.18710541725158691,0.006218433380126953
ctx,4,1,65536,16384,65536,0,True,,1000001,402199,40.2,0.1639404296875,0.005734920501708984
ctx,4,1,65536,65536,4096,10,,,1000001,402963,40.3,0.17288756370544434,0.005776643753051758
ctx,4,1,65536,65536,4096,10,True,,1000001,401384,40.1,0.17063379287719727,0.006170511245727539
ctx,4,1,65536,65536,4096,1000,,,1000001,392927,39.3,0.16059160232543945,0.00637364387512207
ctx,4,1,65536,65536,4096,1000,True,,1000001,389842,39.0,0.1785593032836914,0.006626129150390625
ctx,4,1,65536,65536,4096,0,,,1000001,392927,39.3,0.16808080673217773,0.007515430450439453
ctx,4,1,65536,65536,4096,0,True,,1000001,389842,39.0,0.18343234062194824,0.005458831787109375
ctx,4,1,65536,65536,16384,10,,,1000001,402963,40.3,0.16196298599243164,0.006294727325439453
ctx,4,1,65536,65536,16384,10,True,,1000001,401384,40.1,0.18053340911865234,0.006738901138305664
ctx,4,1,65536,65536,16384,1000,,,1000001,392927,39.3,0.16436028480529785,0.006814002990722656
ctx,4,1,65536,65536,16384,1000,True,,1000001,389842,39.0,0.16738605499267578,0.006306886672973633
ctx,4,1,65536,65536,16384,0,,,1000001,392927,39.3,0.1725480556488037,0.006836652755737305
ctx,4,1,65536,65536,16384,0,True,,1000001,389842,39.0,0.1805248260498047,0.006036520004272461
ctx,4,1,65536,65536,65536,10,,,1000001,402963,40.3,0.182037353515625,0.006372690200805664
ctx,4,1,65536,65536,65536,10,True,,1000001,401384,40.1,0.17780256271362305,0.006329774856567383
ctx,4,1,65536,65536,65536,1000,,,1000001,392927,39.3,0.1736290454864502,0.006425142288208008
ctx,4,1,65536,65536,65536,1000,True,,1000001,389842,39.0,0.18129634857177734,0.005502939224243164
ctx,4,1,65536,65536,65536,0,,,1000001,392927,39.3,0.17522883415222168,0.006046772003173828
ctx,4,1,65536,65536,65536,0,True,,1000001,389842,39.0,0.18970990180969238,0.0061647891998291016
ctx,4,1,262144,4096,4096,10,,,1000001,445376,44.5,0.05778646469116211,0.008436441421508789
ctx,4,1,262144,4096,4096,10,True,,1000001,443477,44.3,0.059273481369018555,0.009237527847290039
ctx,4,1,262144,4096,4096,1000,,,1000001,442092,44.2,0.05768871307373047,0.007756471633911133
ctx,4,1,262144,4096,4096,1000,True,,1000001,440063,44.0,0.06020998954772949,0.007514476776123047
ctx,4,1,262144,4096,4096,0,,,1000001,442092,44.2,0.06641578674316406,0.00845646858215332
ctx,4,1,262144,4096,4096,0,True,,1000001,440063,44.0,0.05955862998962402,0.009986400604248047
ctx,4,1,262144,4096,16384,10,,,1000001,445376,44.5,0.05790114402770996,0.008918046951293945
ctx,4,1,262144,4096,16384,10,True,,1000001,443477,44.3,0.06201934814453125,0.008054971694946289
ctx,4,1,262144,4096,16384,1000,,,1000001,442092,44.2,0.0607912540435791,0.008519887924194336
ctx,4,1,262144,4096,16384,1000,True,,1000001,440063,44.0,0.06431293487548828,0.008213281631469727
ctx,4,1,262144,4096,16384,0,,,1000001,442092,44.2,0.060575008392333984,0.008259773254394531
ctx,4,1,262144,4096,16384,0,True,,1000001,440063,44.0,0.06195855140686035,0.008161783218383789
ctx,4,1,262144,4096,65536,10,,,1000001,445376,44.5,0.05730271339416504,0.008109569549560547
ctx,4,1,262144,4096,65536,10,True,,1000001,443477,44.3,0.06336450576782227,0.009037017822265625
ctx,4,1,262144,4096,65536,1000,,,1000001,442092,44.2,0.06016111373901367,0.0076978206634521484
ctx,4,1,262144,4096,65536,1000,True,,1000001,440063,44.0,0.06387591361999512,0.00858759880065918
ctx,4,1,262144,4096,65536,0,,,1000001,442092,44.2,0.06296205520629883,0.00817418098449707
ctx,4,1,262144,4096,65536,0,True,,1000001,440063,44.0,0.0611724853515625,0.007768392562866211
ctx,4,1,262144,4096,262144,10,,,1000001,445376,44.5,0.06348633766174316,0.008507251739501953
ctx,4,1,262144,4096,262144,10,True,,1000001,443477,44.3,0.05950188636779785,0.00825953483581543
ctx,4,1,262144,4096,262144,1000,,,1000001,442092,44.2,0.05992841720581055,0.0076446533203125
ctx,4,1,262144,4096,262144,1000,True,,1000001,440063,44.0,0.060039520263671875,0.008606195449829102
ctx,4,1,262144,4096,262144,0,,,1000001,442092,44.2,0.06580948829650879,0.008867263793945312
ctx,4,1,262144,4096,262144,0,True,,1000001,440063,44.0,0.06202411651611328,0.008852005004882812
ctx,4,1,262144,16384,4096,10,,,1000001,401414,40.1,0.05713510513305664,0.007055759429931641
ctx,4,1,262144,16384,4096,10,True,,1000001,399918,40.0,0.06011795997619629,0.00651097297668457
ctx,4,1,262144,16384,4096,1000,,,1000001,393115,39.3,0.05904078483581543,0.006975412368774414
ctx,4,1,262144,16384,4096,1000,True,,1000001,390723,39.1,0.06128358840942383,0.006802797317504883
ctx,4,1,262144,16384,4096,0,,,1000001,393115,39.3,0.06069445610046387,0.007103919982910156
ctx,4,1,262144,16384,4096,0,True,,1000001,390723,39.1,0.059092044830322266,0.00673985481262207
ctx,4,1,262144,16384,16384,10,,,1000001,401414,40.1,0.06014871597290039,0.0073986053466796875
ctx,4,1,262144,16384,16384,10,True,,1000001,399918,40.0,0.05860733985900879,0.0074310302734375
ctx,4,1,262144,16384,16384,1000,,,1000001,393115,39.3,0.06024980545043945,0.008041143417358398
ctx,4,1,262144,16384,16384,1000,True,,1000001,390723,39.1,0.06249356269836426,0.0074160099029541016
ctx,4,1,262144,16384,16384,0,,,1000001,393115,39.3,0.05999398231506348,0.007360219955444336
ctx,4,1,262144,16384,16384,0,True,,1000001,390723,39.1,0.06051301956176758,0.0063936710357666016
ctx,4,1,262144,16384,65536,10,,,1000001,401414,40.1,0.06075143814086914,0.007472515106201172
ctx,4,1,262144,16384,65536,10,True,,1000001,399918,40.0,0.061361074447631836,0.008050203323364258
ctx,4,1,262144,16384,65536,1000,,,1000001,393115,39.3,0.059079647064208984,0.007103443145751953
ctx,4,1,262144,16384,65536,1000,True,,1000001,390723,39.1,0.061226844787597656,0.008107662200927734
ctx,4,1,262144,16384,65536,0,,,1000001,393115,39.3,0.060056209564208984,0.007074117660522461
ctx,4,1,262144,16384,65536,0,True,,1000001,390723,39.1,0.06233978271484375,0.0069255828857421875
ctx,4,1,262144,16384,262144,10,,,1000001,401414,40.1,0.060070037841796875,0.006896495819091797
ctx,4,1,262144,16384,262144,10,True,,1000001,399918,40.0,0.05910134315490723,0.0064661502838134766
ctx,4,1,262144,16384,262144,1000,,,1000001,393115,39.3,0.060449838638305664,0.007239580154418945
ctx,4,1,262144,16384,262144,1000,True,,1000001,390723,39.1,0.06115317344665527,0.006836891174316406
ctx,4,1,262144,16384,262144,0,,,1000001,393115,39.3,0.05663037300109863,0.008313179016113281
ctx,4,1,262144,16384,262144,0,True,,1000001,390723,39.1,0.061345815658569336,0.006984233856201172
ctx,4,1,262144,65536,4096,10,,,1000001,382256,38.2,0.057152748107910156,0.006952524185180664
ctx,4,1,262144,65536,4096,10,True,,1000001,381089,38.1,0.05921626091003418,0.007368326187133789
ctx,4,1,262144,65536,4096,1000,,,1000001,366473,36.6,0.06498360633850098,0.0061016082763671875
ctx,4,1,262144,65536,4096,1000,True,,1000001,363701,36.4,0.0680685043334961,0.00685429573059082
ctx,4,1,262144,65536,4096,0,,,1000001,366473,36.6,0.061373233795166016,0.006019115447998047
ctx,4,1,262144,65536,4096,0,True,,1000001,363701,36.4,0.0689082145690918,0.007189035415649414
ctx,4,1,262144,65536,16384,10,,,1000001,382256,38.2,0.05878114700317383,0.005960226058959961
ctx,4,1,262144,65536,16384,10,True,,1000001,381089,38.1,0.06048846244812012,0.006525993347167969
ctx,4,1,262144,65536,16384,1000,,,1000001,366473,36.6,0.06538701057434082,0.0061795711517333984
ctx,4,1,262144,65536,16384,1000,True,,1000001,363701,36.4,0.06686615943908691,0.007027864456176758
ctx,4,1,262144,65536,16384,0,,,1000001,366473,36.6,0.06575918197631836,0.006929636001586914
ctx,4,1,262144,65536,16384,0,True,,1000001,363701,36.4,0.06895852088928223,0.00629425048828125
ctx,4,1,262144,65536,65536,10,,,1000001,382256,38.2,0.05818891525268555,0.0068662166595458984
ctx,4,1,262144,65536,65536,10,True,,1000001,381089,38.1,0.061387062072753906,0.00802302360534668
ctx,4,1,262144,65536,65536,1000,,,1000001,366473,36.6,0.06375002861022949,0.007675647735595703
ctx,4,1,262144,65536,65536,1000,True,,1000001,363701,36.4,0.06861376762390137,0.006674766540527344
ctx,4,1,262144,65536,65536,0,,,1000001,366473,36.6,0.06072187423706055,0.005510091781616211
ctx,4,1,262144,65536,65536,0,True,,1000001,363701,36.4,0.06460738182067871,0.006051063537597656
ctx,4,1,262144,65536,262144,10,,,1000001,382256,38.2,0.06001019477844238,0.0058705806732177734
ctx,4,1,262144,65536,262144,10,True,,1000001,381089,38.1,0.05641746520996094,0.008187294006347656
ctx,4,1,262144,65536,262144,1000,,,1000001,366473,36.6,0.06260299682617188,0.005952358245849609
ctx,4,1,262144,65536,262144,1000,True,,1000001,363701,36.4,0.06570291519165039,0.0076580047607421875
ctx,4,1,262144,65536,262144,0,,,1000001,366473,36.6,0.06821584701538086,0.005495786666870117
ctx,4,1,262144,65536,262144,0,True,,1000001,363701,36.4,0.06897163391113281,0.007157325744628906
ctx,4,1,262144,262144,4096,10,,,1000001,379792,38.0,0.05961418151855469,0.0064029693603515625
ctx,4,1,262144,262144,4096,10,True,,1000001,378953,37.9,0.060904741287231445,0.0068056583404541016
ctx,4,1,262144,262144,4096,1000,,,1000001,360871,36.1,0.07181835174560547,0.005752086639404297
ctx,4,1,262144,262144,4096,1000,True,,1000001,357762,35.8,0.07960104942321777,0.00836181640625
ctx,4,1,262144,262144,4096,0,,,1000001,360812,36.1,0.07691287994384766,0.00713801383972168
ctx,4,1,262144,262144,4096,0,True,,1000001,357673,35.8,0.08461999893188477,0.007869958877563477
ctx,4,1,262144,262144,16384,10,,,1000001,379792,38.0,0.06480288505554199,0.0063724517822265625
ctx,4,1,262144,262144,16384,10,True,,1000001,378953,37.9,0.05954122543334961,0.0066297054290771484
ctx,4,1,262144,262144,16384,1000,,,1000001,360871,36.1,0.07393980026245117,0.007238864898681641
ctx,4,1,262144,262144,16384,1000,True,,1000001,357762,35.8,0.08088231086730957,0.0065457820892333984
ctx,4,1,262144,262144,16384,0,,,1000001,360812,36.1,0.07324504852294922,0.006949663162231445
ctx,4,1,262144,262144,16384,0,True,,1000001,357673,35.8,0.08105850219726562,0.006009340286254883
ctx,4,1,262144,262144,65536,10,,,1000001,379792,38.0,0.05992913246154785,0.007638454437255859
ctx,4,1,262144,262144,65536,10,True,,1000001,378953,37.9,0.058356523513793945,0.006948709487915039
ctx,4,1,262144,262144,65536,1000,,,1000001,360871,36.1,0.06943392753601074,0.006729841232299805
ctx,4,1,262144,262144,65536,1000,True,,1000001,357762,35.8,0.08300518989562988,0.007033348083496094
ctx,4,1,262144,262144,65536,0,,,1000001,360812,36.1,0.06989407539367676,0.006128787994384766
ctx,4,1,262144,262144,65536,0,True,,1000001,357673,35.8,0.0850074291229248,0.005915164947509766
ctx,4,1,262144,262144,262144,10,,,1000001,379792,38.0,0.06446361541748047,0.006989717483520508
ctx,4,1,262144,262144,262144,10,True,,1000001,378953,37.9,0.06280660629272461,0.007098197937011719
ctx,4,1,262144,262144,262144,1000,,,1000001,360871,36.1,0.0723106861114502,0.006057024002075195
ctx,4,1,262144,262144,262144,1000,True,,1000001,357762,35.8,0.0796663761138916,0.006330728530883789
ctx,4,1,262144,262144,262144,0,,,1000001,360812,36.1,0.07102441787719727,0.006224155426025391
ctx,4,1,262144,262144,262144,0,True,,1000001,357673,35.8,0.08493614196777344,0.006597995758056641
ctx,4,1,1048576,4096,4096,10,,,1000001,443952,44.4,0.04925107955932617,0.009018898010253906
ctx,4,1,1048576,4096,4096,10,True,,1000001,442083,44.2,0.053305864334106445,0.008968830108642578
ctx,4,1,1048576,4096,4096,1000,,,1000001,440606,44.1,0.05405831336975098,0.009404420852661133
ctx,4,1,1048576,4096,4096,1000,True,,1000001,438621,43.9,0.060692548751831055,0.0112457275390625
ctx,4,1,1048576,4096,4096,0,,,1000001,440606,44.1,0.06072854995727539,0.009669303894042969
ctx,4,1,1048576,4096,4096,0,True,,1000001,438621,43.9,0.06046557426452637,0.009164810180664062
ctx,4,1,1048576,4096,16384,10,,,1000001,443952,44.4,0.05680274963378906,0.009889602661132812
ctx,4,1,1048576,4096,16384,10,True,,1000001,442083,44.2,0.058999061584472656,0.010245561599731445
ctx,4,1,1048576,4096,16384,1000,,,1000001,440606,44.1,0.059163808822631836,0.009114980697631836
ctx,4,1,1048576,4096,16384,1000,True,,1000001,438621,43.9,0.06189107894897461,0.009528875350952148
ctx,4,1,1048576,4096,16384,0,,,1000001,440606,44.1,0.05211687088012695,0.009490489959716797
ctx,4,1,1048576,4096,16384,0,True,,1000001,438621,43.9,0.05751943588256836,0.010413169860839844
ctx,4,1,1048576,4096,65536,10,,,1000001,443952,44.4,0.05180692672729492,0.008717060089111328
ctx,4,1,1048576,4096,65536,10,True,,1000001,442083,44.2,0.0683438777923584,0.011255979537963867
ctx,4,1,1048576,4096,65536,1000,,,1000001,440606,44.1,0.060454368591308594,0.0096435546875
ctx,4,1,1048576,4096,65536,1000,True,,1000001,438621,43.9,0.054656982421875,0.009055137634277344
ctx,4,1,1048576,4096,65536,0,,,1000001,440606,44.1,0.0538785457611084,0.010103702545166016
ctx,4,1,1048576,4096,65536,0,True,,1000001,438621,43.9,0.05971384048461914,0.010550260543823242
ctx,4,1,1048576,4096,262144,10,,,1000001,443952,44.4,0.05381274223327637,0.00974583625793457
ctx,4,1,1048576,4096,262144,10,True,,1000001,442083,44.2,0.05222272872924805,0.009245634078979492
ctx,4,1,1048576,4096,262144,1000,,,1000001,440606,44.1,0.05246686935424805,0.009982109069824219
ctx,4,1,1048576,4096,262144,1000,True,,1000001,438621,43.9,0.05602264404296875,0.009801149368286133
ctx,4,1,1048576,4096,262144,0,,,1000001,440606,44.1,0.054335832595825195,0.009995698928833008
ctx,4,1,1048576,4096,262144,0,True,,1000001,438621,43.9,0.05520439147949219,0.009441137313842773
ctx,4,1,1048576,4096,1048576,10,,,1000001,443952,44.4,0.05423879623413086,0.010109901428222656
ctx,4,1,1048576,4096,1048576,10,True,,1000001,442083,44.2,0.056870460510253906,0.01000833511352539
ctx,4,1,1048576,4096,1048576,1000,,,1000001,440606,44.1,0.05507063865661621,0.009965658187866211
ctx,4,1,1048576,4096,1048576,1000,True,,1000001,438621,43.9,0.06231403350830078,0.011265993118286133
ctx,4,1,1048576,4096,1048576,0,,,1000001,440606,44.1,0.05723762512207031,0.008810043334960938
ctx,4,1,1048576,4096,1048576,0,True,,1000001,438621,43.9,0.05880331993103027,0.009225606918334961
ctx,4,1,1048576,16384,4096,10,,,1000001,398325,39.8,0.05785989761352539,0.008586883544921875
ctx,4,1,1048576,16384,4096,10,True,,1000001,396931,39.7,0.052405595779418945,0.008805274963378906
ctx,4,1,1048576,16384,4096,1000,,,1000001,389643,39.0,0.05347776412963867,0.008401632308959961
ctx,4,1,1048576,16384,4096,1000,True,,1000001,387351,38.7,0.06704306602478027,0.009674310684204102
ctx,4,1,1048576,16384,4096,0,,,1000001,389643,39.0,0.053344011306762695,0.009175539016723633
ctx,4,1,1048576,16384,4096,0,True,,1000001,387351,38.7,0.062200069427490234,0.008412599563598633
ctx,4,1,1048576,16384,16384,10,,,1000001,398325,39.8,0.05340170860290527,0.008500814437866211
ctx,4,1,1048576,16384,16384,10,True,,1000001,396931,39.7,0.048319101333618164,0.008168220520019531
ctx,4,1,1048576,16384,16384,1000,,,1000001,389643,39.0,0.05762958526611328,0.007673978805541992
ctx,4,1,1048576,16384,16384,1000,True,,1000001,387351,38.7,0.06403756141662598,0.009923219680786133
ctx,4,1,1048576,16384,16384,0,,,1000001,389643,39.0,0.05400872230529785,0.008377313613891602
ctx,4,1,1048576,16384,16384,0,True,,1000001,387351,38.7,0.06841278076171875,0.007909297943115234
ctx,4,1,1048576,16384,65536,10,,,1000001,398325,39.8,0.0556490421295166,0.010194540023803711
ctx,4,1,1048576,16384,65536,10,True,,1000001,396931,39.7,0.053408145904541016,0.008809328079223633
ctx,4,1,1048576,16384,65536,1000,,,1000001,389643,39.0,0.061266183853149414,0.008132696151733398
ctx,4,1,1048576,16384,65536,1000,True,,1000001,387351,38.7,0.06531381607055664,0.008040904998779297
ctx,4,1,1048576,16384,65536,0,,,1000001,389643,39.0,0.06286859512329102,0.009249448776245117
ctx,4,1,1048576,16384,65536,0,True,,1000001,387351,38.7,0.06358170509338379,0.009159088134765625
ctx,4,1,1048576,16384,262144,10,,,1000001,398325,39.8,0.05972123146057129,0.007889986038208008
ctx,4,1,1048576,16384,262144,10,True,,1000001,396931,39.7,0.05634641647338867,0.00897836685180664
ctx,4,1,1048576,16384,262144,1000,,,1000001,389643,39.0,0.06217837333679199,0.010131597518920898
ctx,4,1,1048576,16384,262144,1000,True,,1000001,387351,38.7,0.06334257125854492,0.007922887802124023
ctx,4,1,1048576,16384,262144,0,,,1000001,389643,39.0,0.05880331993103027,0.007275819778442383
ctx,4,1,1048576,16384,262144,0,True,,1000001,387351,38.7,0.06451201438903809,0.009757280349731445
ctx,4,1,1048576,16384,1048576,10,,,1000001,398325,39.8,0.05303788185119629,0.008809089660644531
ctx,4,1,1048576,16384,1048576,10,True,,1000001,396931,39.7,0.06144237518310547,0.009820222854614258
ctx,4,1,1048576,16384,1048576,1000,,,1000001,389643,39.0,0.06860923767089844,0.010124921798706055
ctx,4,1,1048576,16384,1048576,1000,True,,1000001,387351,38.7,0.06543946266174316,0.008528709411621094
ctx,4,1,1048576,16384,1048576,0,,,1000001,389643,39.0,0.06154298782348633,0.008768320083618164
ctx,4,1,1048576,16384,1048576,0,True,,1000001,387351,38.7,0.05963420867919922,0.009570837020874023
ctx,4,1,1048576,65536,4096,10,,,1000001,374995,37.5,0.056416988372802734,0.007504701614379883
ctx,4,1,1048576,65536,4096,10,True,,1000001,374079,37.4,0.06502389907836914,0.0076634883880615234
ctx,4,1,1048576,65536,4096,1000,,,1000001,356836,35.7,0.07393956184387207,0.007501840591430664
ctx,4,1,1048576,65536,4096,1000,True,,1000001,354286,35.4,0.10455965995788574,0.007425785064697266
ctx,4,1,1048576,65536,4096,0,,,1000001,356836,35.7,0.07536625862121582,0.007188558578491211
ctx,4,1,1048576,65536,4096,0,True,,1000001,354286,35.4,0.09812021255493164,0.008044242858886719
ctx,4,1,1048576,65536,16384,10,,,1000001,374995,37.5,0.04906129837036133,0.007160186767578125
ctx,4,1,1048576,65536,16384,10,True,,1000001,374079,37.4,0.05216336250305176,0.009737014770507812
ctx,4,1,1048576,65536,16384,1000,,,1000001,356836,35.7,0.07766890525817871,0.007384538650512695
ctx,4,1,1048576,65536,16384,1000,True,,1000001,354286,35.4,0.09508490562438965,0.007108211517333984
ctx,4,1,1048576,65536,16384,0,,,1000001,356836,35.7,0.08477330207824707,0.007439613342285156
ctx,4,1,1048576,65536,16384,0,True,,1000001,354286,35.4,0.10678696632385254,0.007519721984863281
ctx,4,1,1048576,65536,65536,10,,,1000001,374995,37.5,0.057350873947143555,0.0090179443359375
ctx,4,1,1048576,65536,65536,10,True,,1000001,374079,37.4,0.06091952323913574,0.008772134780883789
ctx,4,1,1048576,65536,65536,1000,,,1000001,356836,35.7,0.07480907440185547,0.00849461555480957
ctx,4,1,1048576,65536,65536,1000,True,,1000001,354286,35.4,0.10683298110961914,0.009984016418457031
ctx,4,1,1048576,65536,65536,0,,,1000001,356836,35.7,0.07665872573852539,0.009084224700927734
ctx,4,1,1048576,65536,65536,0,True,,1000001,354286,35.4,0.09957480430603027,0.0079193115234375
ctx,4,1,1048576,65536,262144,10,,,1000001,374995,37.5,0.05802607536315918,0.0073833465576171875
ctx,4,1,1048576,65536,262144,10,True,,1000001,374079,37.4,0.0565183162689209,0.008702993392944336
ctx,4,1,1048576,65536,262144,1000,,,1000001,356836,35.7,0.07745194435119629,0.008176326751708984
ctx,4,1,1048576,65536,262144,1000,True,,1000001,354286,35.4,0.10812830924987793,0.008247852325439453
ctx,4,1,1048576,65536,262144,0,,,1000001,356836,35.7,0.07955098152160645,0.008748292922973633
ctx,4,1,1048576,65536,262144,0,True,,1000001,354286,35.4,0.10499429702758789,0.007409095764160156
ctx,4,1,1048576,65536,1048576,10,,,1000001,374995,37.5,0.05150437355041504,0.009042501449584961
ctx,4,1,1048576,65536,1048576,10,True,,1000001,374079,37.4,0.057700157165527344,0.008257627487182617
ctx,4,1,1048576,65536,1048576,1000,,,1000001,356836,35.7,0.0801095962524414,0.007055997848510742
ctx,4,1,1048576,65536,1048576,1000,True,,1000001,354286,35.4,0.10720396041870117,0.008044004440307617
ctx,4,1,1048576,65536,1048576,0,,,1000001,356836,35.7,0.07638287544250488,0.009029388427734375
ctx,4,1,1048576,65536,1048576,0,True,,1000001,354286,35.4,0.10046815872192383,0.0071108341217041016
ctx,4,1,1048576,262144,4096,10,,,1000001,368818,36.9,0.060959815979003906,0.007345676422119141
ctx,4,1,1048576,262144,4096,10,True,,1000001,368599,36.9,0.053205013275146484,0.008343696594238281
ctx,4,1,1048576,262144,4096,1000,,,1000001,341245,34.1,0.1684725284576416,0.008060693740844727
ctx,4,1,1048576,262144,4096,1000,True,,1000001,338287,33.8,0.23655152320861816,0.007292747497558594
ctx,4,1,1048576,262144,4096,0,,,1000001,340909,34.1,0.1756906509399414,0.008014917373657227
ctx,4,1,1048576,262144,4096,0,True,,1000001,337929,33.8,0.26322221755981445,0.007394075393676758
ctx,4,1,1048576,262144,16384,10,,,1000001,368818,36.9,0.062056541442871094,0.007756710052490234
ctx,4,1,1048576,262144,16384,10,True,,1000001,368599,36.9,0.0526270866394043,0.007661104202270508
ctx,4,1,1048576,262144,16384,1000,,,1000001,341245,34.1,0.14958667755126953,0.007170677185058594
ctx,4,1,1048576,262144,16384,1000,True,,1000001,338287,33.8,0.23163771629333496,0.00747370719909668
ctx,4,1,1048576,262144,16384,0,,,1000001,340909,34.1,0.17068171501159668,0.00659632682800293
ctx,4,1,1048576,262144,16384,0,True,,1000001,337929,33.8,0.25588512420654297,0.007819890975952148
ctx,4,1,1048576,262144,65536,10,,,1000001,368818,36.9,0.06035327911376953,0.008245706558227539
ctx,4,1,1048576,262144,65536,10,True,,1000001,368599,36.9,0.056611061096191406,0.007964611053466797
ctx,4,1,1048576,262144,65536,1000,,,1000001,341245,34.1,0.15355157852172852,0.006223201751708984
ctx,4,1,1048576,262144,65536,1000,True,,1000001,338287,33.8,0.24441003799438477,0.0073108673095703125
ctx,4,1,1048576,262144,65536,0,,,1000001,340909,34.1,0.1749875545501709,0.006639003753662109
ctx,4,1,1048576,262144,65536,0,True,,1000001,337929,33.8,0.260495662689209,0.006661653518676758
ctx,4,1,1048576,262144,262144,10,,,1000001,368818,36.9,0.05017852783203125,0.007647514343261719
ctx,4,1,1048576,262144,262144,10,True,,1000001,368599,36.9,0.05171465873718262,0.0066759586334228516
ctx,4,1,1048576,262144,262144,1000,,,1000001,341245,34.1,0.15648698806762695,0.007104635238647461
ctx,4,1,1048576,262144,262144,1000,True,,1000001,338287,33.8,0.23798894882202148,0.007468700408935547
ctx,4,1,1048576,262144,262144,0,,,1000001,340909,34.1,0.18109464645385742,0.006641864776611328
ctx,4,1,1048576,262144,262144,0,True,,1000001,337929,33.8,0.25899338722229004,0.007592678070068359
ctx,4,1,1048576,262144,1048576,10,,,1000001,368818,36.9,0.05974292755126953,0.008742094039916992
ctx,4,1,1048576,262144,1048576,10,True,,1000001,368599,36.9,0.05598759651184082,0.00738215446472168
ctx,4,1,1048576,262144,1048576,1000,,,1000001,341245,34.1,0.14448118209838867,0.008459091186523438
ctx,4,1,1048576,262144,1048576,1000,True,,1000001,338287,33.8,0.2282412052154541,0.006668567657470703
ctx,4,1,1048576,262144,1048576,0,,,1000001,340909,34.1,0.1720130443572998,0.007414102554321289
ctx,4,1,1048576,262144,1048576,0,True,,1000001,337929,33.8,0.2879769802093506,0.007925271987915039
ctx,4,1,1048576,1048576,4096,10,,,1000001,367532,36.8,0.0547175407409668,0.009822607040405273
ctx,4,1,1048576,1048576,4096,10,True,,1000001,367789,36.8,0.05299782752990723,0.007885932922363281
ctx,4,1,1048576,1048576,4096,1000,,,1000001,336715,33.7,0.2927243709564209,0.008671760559082031
ctx,4,1,1048576,1048576,4096,1000,True,,1000001,334203,33.4,0.4391324520111084,0.0074269771575927734
ctx,4,1,1048576,1048576,4096,0,,,1000001,335868,33.6,0.4105224609375,0.006579399108886719
ctx,4,1,1048576,1048576,4096,0,True,,1000001,333194,33.3,0.6519684791564941,0.007102012634277344
ctx,4,1,1048576,1048576,16384,10,,,1000001,367532,36.8,0.05445384979248047,0.0072591304779052734
ctx,4,1,1048576,1048576,16384,10,True,,1000001,367789,36.8,0.049836158752441406,0.008069992065429688
ctx,4,1,1048576,1048576,16384,1000,,,1000001,336715,33.7,0.26650214195251465,0.007528066635131836
ctx,4,1,1048576,1048576,16384,1000,True,,1000001,334203,33.4,0.4503927230834961,0.00734400749206543
ctx,4,1,1048576,1048576,16384,0,,,1000001,335868,33.6,0.4199488162994385,0.009347915649414062
ctx,4,1,1048576,1048576,16384,0,True,,1000001,333194,33.3,0.6696066856384277,0.007462978363037109
ctx,4,1,1048576,1048576,65536,10,,,1000001,367532,36.8,0.05466794967651367,0.007567405700683594
ctx,4,1,1048576,1048576,65536,10,True,,1000001,367789,36.8,0.05804848670959473,0.009487390518188477
ctx,4,1,1048576,1048576,65536,1000,,,1000001,336715,33.7,0.26483964920043945,0.007491111755371094
ctx,4,1,1048576,1048576,65536,1000,True,,1000001,334203,33.4,0.4334371089935303,0.006352424621582031
ctx,4,1,1048576,1048576,65536,0,,,1000001,335868,33.6,0.4185781478881836,0.0065343379974365234
ctx,4,1,1048576,1048576,65536,0,True,,1000001,333194,33.3,0.6784243583679199,0.006665706634521484
ctx,4,1,1048576,1048576,262144,10,,,1000001,367532,36.8,0.06405949592590332,0.0076067447662353516
ctx,4,1,1048576,1048576,262144,10,True,,1000001,367789,36.8,0.05547595024108887,0.009191513061523438
ctx,4,1,1048576,1048576,262144,1000,,,1000001,336715,33.7,0.2737457752227783,0.007181644439697266
ctx,4,1,1048576,1048576,262144,1000,True,,1000001,334203,33.4,0.434476375579834,0.00854349136352539
ctx,4,1,1048576,1048576,262144,0,,,1000001,335868,33.6,0.4273993968963623,0.006842136383056641
ctx,4,1,1048576,1048576,262144,0,True,,1000001,333194,33.3,0.6795992851257324,0.007729291915893555
ctx,4,1,1048576,1048576,1048576,10,,,1000001,367532,36.8,0.06550955772399902,0.008357763290405273
ctx,4,1,1048576,1048576,1048576,10,True,,1000001,367789,36.8,0.0553896427154541,0.007380485534667969
ctx,4,1,1048576,1048576,1048576,1000,,,1000001,336715,33.7,0.26927804946899414,0.008044242858886719
ctx,4,1,1048576,1048576,1048576,1000,True,,1000001,334203,33.4,0.4489305019378662,0.007105588912963867
ctx,4,1,1048576,1048576,1048576,0,,,1000001,335868,33.6,0.4113626480102539,0.007059812545776367
ctx,4,1,1048576,1048576,1048576,0,True,,1000001,333194,33.3,0.6719419956207275,0.007764339447021484
ctx,4,1,16384,4096,4096,10,,True,1000001,465958,46.6,0.6223022937774658,0.00859212875366211
ctx,4,1,16384,4096,4096,1000,,True,1000001,463164,46.3,0.707852840423584,0.008127927780151367
ctx,4,1,16384,4096,4096,0,,True,1000001,463164,46.3,0.6180987358093262,0.008013010025024414
ctx,4,1,16384,4096,16384,10,,True,1000001,465958,46.6,0.599419116973877,0.00820159912109375
ctx,4,1,16384,4096,16384,1000,,True,1000001,463164,46.3,0.6315734386444092,0.007008075714111328
ctx,4,1,16384,4096,16384,0,,True,1000001,463164,46.3,0.6191914081573486,0.006462574005126953
ctx,4,1,16384,16384,4096,10,,True,1000001,444229,44.4,0.6268494129180908,0.007395744323730469
ctx,4,1,16384,16384,4096,1000,,True,1000001,439409,43.9,0.617760419845581,0.00687861442565918
ctx,4,1,16384,16384,4096,0,,True,1000001,439409,43.9,0.6528818607330322,0.006543397903442383
ctx,4,1,16384,16384,16384,10,,True,1000001,444229,44.4,0.6145918369293213,0.007072925567626953
ctx,4,1,16384,16384,16384,1000,,True,1000001,439409,43.9,0.6010172367095947,0.0069158077239990234
ctx,4,1,16384,16384,16384,0,,True,1000001,439409,43.9,0.6103785037994385,0.006735086441040039
ctx,4,1,65536,4096,4096,10,,True,1000001,446478,44.6,0.17328262329101562,0.006945610046386719
ctx,4,1,65536,4096,4096,1000,,True,1000001,443192,44.3,0.20334911346435547,0.0071408748626708984
ctx,4,1,65536,4096,4096,0,,True,1000001,443192,44.3,0.18045568466186523,0.006869316101074219
ctx,4,1,65536,4096,16384,10,,True,1000001,446478,44.6,0.1805424690246582,0.007822275161743164
ctx,4,1,65536,4096,16384,1000,,True,1000001,443192,44.3,0.18706536293029785,0.008213281631469727
ctx,4,1,65536,4096,16384,0,,True,1000001,443192,44.3,0.19375944137573242,0.00793910026550293
ctx,4,1,65536,4096,65536,10,,True,1000001,446478,44.6,0.17014002799987793,0.007879018783569336
ctx,4,1,65536,4096,65536,1000,,True,1000001,443192,44.3,0.19524383544921875,0.00734400749206543
ctx,4,1,65536,4096,65536,0,,True,1000001,443192,44.3,0.18627071380615234,0.006514549255371094
ctx,4,1,65536,16384,4096,10,,True,1000001,404273,40.4,0.18050885200500488,0.007975578308105469
ctx,4,1,65536,16384,4096,1000,,True,1000001,396205,39.6,0.21175885200500488,0.007925271987915039
ctx,4,1,65536,16384,4096,0,,True,1000001,396205,39.6,0.21129369735717773,0.007300138473510742
ctx,4,1,65536,16384,16384,10,,True,1000001,404273,40.4,0.17885065078735352,0.007297039031982422
ctx,4,1,65536,16384,16384,1000,,True,1000001,396205,39.6,0.21432733535766602,0.0069653987884521484
ctx,4,1,65536,16384,16384,0,,True,1000001,396205,39.6,0.216414213180542,0.006777048110961914
ctx,4,1,65536,16384,65536,10,,True,1000001,404273,40.4,0.18712639808654785,0.006951093673706055
ctx,4,1,65536,16384,65536,1000,,True,1000001,396205,39.6,0.22186923027038574,0.007002592086791992
ctx,4,1,65536,16384,65536,0,,True,1000001,396205,39.6,0.21349143981933594,0.007193565368652344
ctx,4,1,65536,65536,4096,10,,True,1000001,393201,39.3,0.1785106658935547,0.007177591323852539
ctx,4,1,65536,65536,4096,1000,,True,1000001,381680,38.2,0.24542808532714844,0.007540464401245117
ctx,4,1,65536,65536,4096,0,,True,1000001,381680,38.2,0.24939942359924316,0.006896495819091797
ctx,4,1,65536,65536,16384,10,,True,1000001,393201,39.3,0.1830577850341797,0.0067751407623291016
ctx,4,1,65536,65536,16384,1000,,True,1000001,381680,38.2,0.23738980293273926,0.00626826286315918
ctx,4,1,65536,65536,16384,0,,True,1000001,381680,38.2,0.2498321533203125,0.006598234176635742
ctx,4,1,65536,65536,65536,10,,True,1000001,393201,39.3,0.1867842674255371,0.006431102752685547
ctx,4,1,65536,65536,65536,1000,,True,1000001,381680,38.2,0.24336528778076172,0.0058591365814208984
ctx,4,1,65536,65536,65536,0,,True,1000001,381680,38.2,0.2504725456237793,0.005833148956298828
ctx,4,1,262144,4096,4096,10,,True,1000001,441544,44.2,0.08764100074768066,0.00837397575378418
ctx,4,1,262144,4096,4096,1000,,True,1000001,438168,43.8,0.08937954902648926,0.009037256240844727
ctx,4,1,262144,4096,4096,0,,True,1000001,438168,43.8,0.08850955963134766,0.00859212875366211
ctx,4,1,262144,4096,16384,10,,True,1000001,441544,44.2,0.08718585968017578,0.009765863418579102
ctx,4,1,262144,4096,16384,1000,,True,1000001,438168,43.8,0.09181785583496094,0.009397745132446289
ctx,4,1,262144,4096,16384,0,,True,1000001,438168,43.8,0.0865018367767334,0.007766246795654297
ctx,4,1,262144,4096,65536,10,,True,1000001,441544,44.2,0.0847940444946289,0.007854461669921875
ctx,4,1,262144,4096,65536,1000,,True,1000001,438168,43.8,0.08959054946899414,0.008349895477294922
ctx,4,1,262144,4096,65536,0,,True,1000001,438168,43.8,0.09126091003417969,0.00958561897277832
ctx,4,1,262144,4096,262144,10,,True,1000001,441544,44.2,0.08142590522766113,0.008430957794189453
ctx,4,1,262144,4096,262144,1000,,True,1000001,438168,43.8,0.08324122428894043,0.009272575378417969
ctx,4,1,262144,4096,262144,0,,True,1000001,438168,43.8,0.09383130073547363,0.00761103630065918
ctx,4,1,262144,16384,4096,10,,True,1000001,393641,39.4,0.08536791801452637,0.00738978385925293
ctx,4,1,262144,16384,4096,1000,,True,1000001,384755,38.5,0.11178874969482422,0.006824970245361328
ctx,4,1,262144,16384,4096,0,,True,1000001,384755,38.5,0.11661863327026367,0.007036447525024414
ctx,4,1,262144,16384,16384,10,,True,1000001,393641,39.4,0.08182644844055176,0.006867170333862305
ctx,4,1,262144,16384,16384,1000,,True,1000001,384755,38.5,0.1173102855682373,0.006727933883666992
ctx,4,1,262144,16384,16384,0,,True,1000001,384755,38.5,0.11710047721862793,0.007809162139892578
ctx,4,1,262144,16384,65536,10,,True,1000001,393641,39.4,0.08500170707702637,0.006911039352416992
ctx,4,1,262144,16384,65536,1000,,True,1000001,384755,38.5,0.11367940902709961,0.007350444793701172
ctx,4,1,262144,16384,65536,0,,True,1000001,384755,38.5,0.12038969993591309,0.00868368148803711
ctx,4,1,262144,16384,262144,10,,True,1000001,393641,39.4,0.08678579330444336,0.008522510528564453
ctx,4,1,262144,16384,262144,1000,,True,1000001,384755,38.5,0.11271142959594727,0.007240772247314453
ctx,4,1,262144,16384,262144,0,,True,1000001,384755,38.5,0.11951756477355957,0.006623983383178711
ctx,4,1,262144,65536,4096,10,,True,1000001,372046,37.2,0.08382630348205566,0.006422758102416992
ctx,4,1,262144,65536,4096,1000,,True,1000001,355050,35.5,0.1872854232788086,0.006151914596557617
ctx,4,1,262144,65536,4096,0,,True,1000001,355050,35.5,0.20466327667236328,0.006750822067260742
ctx,4,1,262144,65536,16384,10,,True,1000001,372046,37.2,0.08747220039367676,0.0066754817962646484
ctx,4,1,262144,65536,16384,1000,,True,1000001,355050,35.5,0.18856549263000488,0.007062673568725586
ctx,4,1,262144,65536,16384,0,,True,1000001,355050,35.5,0.20352816581726074,0.00726318359375
ctx,4,1,262144,65536,65536,10,,True,1000001,372046,37.2,0.0897982120513916,0.0066988468170166016
ctx,4,1,262144,65536,65536,1000,,True,1000001,355050,35.5,0.1897740364074707,0.00593876838684082
ctx,4,1,262144,65536,65536,0,,True,1000001,355050,35.5,0.19904303550720215,0.007873296737670898
ctx,4,1,262144,65536,262144,10,,True,1000001,372046,37.2,0.08112287521362305,0.0068378448486328125
ctx,4,1,262144,65536,262144,1000,,True,1000001,355050,35.5,0.19262027740478516,0.006943702697753906
ctx,4,1,262144,65536,262144,0,,True,1000001,355050,35.5,0.20122551918029785,0.0065310001373291016
ctx,4,1,262144,262144,4096,10,,True,1000001,367385,36.7,0.08863949775695801,0.006411075592041016
ctx,4,1,262144,262144,4096,1000,,True,1000001,345547,34.6,0.2946915626525879,0.006445646286010742
ctx,4,1,262144,262144,4096,0,,True,1000001,345455,34.5,0.33733558654785156,0.006600379943847656
ctx,4,1,262144,262144,16384,10,,True,1000001,367385,36.7,0.09310317039489746,0.006222248077392578
ctx,4,1,262144,262144,16384,1000,,True,1000001,345547,34.6,0.2979090213775635,0.006821870803833008
ctx,4,1,262144,262144,16384,0,,True,1000001,345455,34.5,0.34822678565979004,0.007123231887817383
ctx,4,1,262144,262144,65536,10,,True,1000001,367385,36.7,0.08338618278503418,0.007260799407958984
ctx,4,1,262144,262144,65536,1000,,True,1000001,345547,34.6,0.28862881660461426,0.006772518157958984
ctx,4,1,262144,262144,65536,0,,True,1000001,345455,34.5,0.34130001068115234,0.006235599517822266
ctx,4,1,262144,262144,262144,10,,True,1000001,367385,36.7,0.0832834243774414,0.007472515106201172
ctx,4,1,262144,262144,262144,1000,,True,1000001,345547,34.6,0.28497862815856934,0.00563812255859375
ctx,4,1,262144,262144,262144,0,,True,1000001,345455,34.5,0.3345065116882324,0.006731748580932617
ctx,4,1,1048576,4096,4096,10,,True,1000001,440117,44.0,0.11187481880187988,0.00935053825378418
ctx,4,1,1048576,4096,4096,1000,,True,1000001,436707,43.7,0.14800310134887695,0.011159420013427734
ctx,4,1,1048576,4096,4096,0,,True,1000001,436707,43.7,0.15262675285339355,0.00954747200012207
ctx,4,1,1048576,4096,16384,10,,True,1000001,440117,44.0,0.11109471321105957,0.009534835815429688
ctx,4,1,1048576,4096,16384,1000,,True,1000001,436707,43.7,0.16079092025756836,0.010288000106811523
ctx,4,1,1048576,4096,16384,0,,True,1000001,436707,43.7,0.15734124183654785,0.010960578918457031
ctx,4,1,1048576,4096,65536,10,,True,1000001,440117,44.0,0.11943674087524414,0.009058475494384766
ctx,4,1,1048576,4096,65536,1000,,True,1000001,436707,43.7,0.15654206275939941,0.009598493576049805
ctx,4,1,1048576,4096,65536,0,,True,1000001,436707,43.7,0.1456606388092041,0.009360313415527344
ctx,4,1,1048576,4096,262144,10,,True,1000001,440117,44.0,0.11936688423156738,0.009832620620727539
ctx,4,1,1048576,4096,262144,1000,,True,1000001,436707,43.7,0.16164588928222656,0.010229349136352539
ctx,4,1,1048576,4096,262144,0,,True,1000001,436707,43.7,0.1616215705871582,0.01000666618347168
ctx,4,1,1048576,4096,1048576,10,,True,1000001,440117,44.0,0.1159827709197998,0.009386777877807617
ctx,4,1,1048576,4096,1048576,1000,,True,1000001,436707,43.7,0.15378785133361816,0.010759592056274414
ctx,4,1,1048576,4096,1048576,0,,True,1000001,436707,43.7,0.1562213897705078,0.008379220962524414
ctx,4,1,1048576,16384,4096,10,,True,1000001,390579,39.1,0.135145902633667,0.00872659683227539
ctx,4,1,1048576,16384,4096,1000,,True,1000001,381411,38.1,0.2544686794281006,0.008255958557128906
ctx,4,1,1048576,16384,4096,0,,True,1000001,381411,38.1,0.24791502952575684,0.00947260856628418
ctx,4,1,1048576,16384,16384,10,,True,1000001,390579,39.1,0.13077902793884277,0.008726358413696289
ctx,4,1,1048576,16384,16384,1000,,True,1000001,381411,38.1,0.25380730628967285,0.008561372756958008
ctx,4,1,1048576,16384,16384,0,,True,1000001,381411,38.1,0.24904513359069824,0.00824594497680664
ctx,4,1,1048576,16384,65536,10,,True,1000001,390579,39.1,0.12898635864257812,0.008659839630126953
ctx,4,1,1048576,16384,65536,1000,,True,1000001,381411,38.1,0.24787497520446777,0.007602214813232422
ctx,4,1,1048576,16384,65536,0,,True,1000001,381411,38.1,0.24719858169555664,0.009397506713867188
ctx,4,1,1048576,16384,262144,10,,True,1000001,390579,39.1,0.13237261772155762,0.008395910263061523
ctx,4,1,1048576,16384,262144,1000,,True,1000001,381411,38.1,0.24539709091186523,0.00839686393737793
ctx,4,1,1048576,16384,262144,0,,True,1000001,381411,38.1,0.2514011859893799,0.009123086929321289
ctx,4,1,1048576,16384,1048576,10,,True,1000001,390579,39.1,0.12939214706420898,0.009263038635253906
ctx,4,1,1048576,16384,1048576,1000,,True,1000001,381411,38.1,0.2477095127105713,0.009885787963867188
ctx,4,1,1048576,16384,1048576,0,,True,1000001,381411,38.1,0.2610650062561035,0.008660316467285156
ctx,4,1,1048576,65536,4096,10,,True,1000001,364837,36.5,0.13742303848266602,0.007880687713623047
ctx,4,1,1048576,65536,4096,1000,,True,1000001,345842,34.6,0.5401403903961182,0.007296085357666016
ctx,4,1,1048576,65536,4096,0,,True,1000001,345842,34.6,0.5530931949615479,0.008959293365478516
ctx,4,1,1048576,65536,16384,10,,True,1000001,364837,36.5,0.14858245849609375,0.00848531723022461
ctx,4,1,1048576,65536,16384,1000,,True,1000001,345842,34.6,0.5373227596282959,0.007915973663330078
ctx,4,1,1048576,65536,16384,0,,True,1000001,345842,34.6,0.5558829307556152,0.007730722427368164
ctx,4,1,1048576,65536,65536,10,,True,1000001,364837,36.5,0.13535118103027344,0.007669210433959961
ctx,4,1,1048576,65536,65536,1000,,True,1000001,345842,34.6,0.5351505279541016,0.008448362350463867
ctx,4,1,1048576,65536,65536,0,,True,1000001,345842,34.6,0.5522058010101318,0.00829625129699707
ctx,4,1,1048576,65536,262144,10,,True,1000001,364837,36.5,0.14220714569091797,0.007696866989135742
ctx,4,1,1048576,65536,262144,1000,,True,1000001,345842,34.6,0.5459060668945312,0.007554531097412109
ctx,4,1,1048576,65536,262144,0,,True,1000001,345842,34.6,0.5440976619720459,0.0074388980865478516
ctx,4,1,1048576,65536,1048576,10,,True,1000001,364837,36.5,0.1542811393737793,0.008315563201904297
ctx,4,1,1048576,65536,1048576,1000,,True,1000001,345842,34.6,0.5436959266662598,0.008752107620239258
ctx,4,1,1048576,65536,1048576,0,,True,1000001,345842,34.6,0.5610818862915039,0.00732421875
ctx,4,1,1048576,262144,4096,10,,True,1000001,355350,35.5,0.1469569206237793,0.00798797607421875
ctx,4,1,1048576,262144,4096,1000,,True,1000001,325025,32.5,1.4314558506011963,0.007256746292114258
ctx,4,1,1048576,262144,4096,0,,True,1000001,324703,32.5,1.7082884311676025,0.007541179656982422
ctx,4,1,1048576,262144,16384,10,,True,1000001,355350,35.5,0.1573472023010254,0.009043693542480469
ctx,4,1,1048576,262144,16384,1000,,True,1000001,325025,32.5,1.4378383159637451,0.0072057247161865234
ctx,4,1,1048576,262144,16384,0,,True,1000001,324703,32.5,1.7182230949401855,0.008302688598632812
ctx,4,1,1048576,262144,65536,10,,True,1000001,355350,35.5,0.15047931671142578,0.008984088897705078
ctx,4,1,1048576,262144,65536,1000,,True,1000001,325025,32.5,1.4537205696105957,0.007983922958374023
ctx,4,1,1048576,262144,65536,0,,True,1000001,324703,32.5,1.720989465713501,0.007326602935791016
ctx,4,1,1048576,262144,262144,10,,True,1000001,355350,35.5,0.15707802772521973,0.007525920867919922
ctx,4,1,1048576,262144,262144,1000,,True,1000001,325025,32.5,1.420501708984375,0.0065953731536865234
ctx,4,1,1048576,262144,262144,0,,True,1000001,324703,32.5,1.6747019290924072,0.006236553192138672
ctx,4,1,1048576,262144,1048576,10,,True,1000001,355350,35.5,0.16007423400878906,0.008330583572387695
ctx,4,1,1048576,262144,1048576,1000,,True,1000001,325025,32.5,1.4201388359069824,0.007138490676879883
ctx,4,1,1048576,262144,1048576,0,,True,1000001,324703,32.5,1.6790695190429688,0.008574962615966797
ctx,4,1,1048576,1048576,4096,10,,True,1000001,352672,35.3,0.15948152542114258,0.010120630264282227
ctx,4,1,1048576,1048576,4096,1000,,True,1000001,317267,31.7,2.646127462387085,0.00805974006652832
ctx,4,1,1048576,1048576,4096,0,,True,1000001,316458,31.6,4.480538606643677,0.007146120071411133
ctx,4,1,1048576,1048576,16384,10,,True,1000001,352672,35.3,0.16153192520141602,0.009516477584838867
ctx,4,1,1048576,1048576,16384,1000,,True,1000001,317267,31.7,2.6356663703918457,0.007283687591552734
ctx,4,1,1048576,1048576,16384,0,,True,1000001,316458,31.6,4.436554670333862,0.00901937484741211
ctx,4,1,1048576,1048576,65536,10,,True,1000001,352672,35.3,0.15452146530151367,0.007890462875366211
ctx,4,1,1048576,1048576,65536,1000,,True,1000001,317267,31.7,2.6813650131225586,0.007436275482177734
ctx,4,1,1048576,1048576,65536,0,,True,1000001,316458,31.6,4.398030757904053,0.008083343505859375
ctx,4,1,1048576,1048576,262144,10,,True,1000001,352672,35.3,0.15807867050170898,0.007945060729980469
ctx,4,1,1048576,1048576,262144,1000,,True,1000001,317267,31.7,2.63993501663208,0.007870674133300781
ctx,4,1,1048576,1048576,262144,0,,True,1000001,316458,31.6,4.416240453720093,0.007149219512939453
ctx,4,1,1048576,1048576,1048576,10,,True,1000001,352672,35.3,0.15337085723876953,0.007620096206665039
ctx,4,1,1048576,1048576,1048576,1000,,True,1000001,317267,31.7,2.6384437084198,0.007105350494384766
ctx,4,1,1048576,1048576,1048576,0,,True,1000001,316458,31.6,4.373142957687378,0.0071563720703125
ctx,8,1,16384,4096,4096,10,,,1000001,469948,47.0,0.49965786933898926,0.006636619567871094
ctx,8,1,16384,4096,4096,10,True,,1000001,467802,46.8,0.47852611541748047,0.007848262786865234
ctx,8,1,16384,4096,4096,1000,,,1000001,467270,46.7,0.4725000858306885,0.006960868835449219
ctx,8,1,16384,4096,4096,1000,True,,1000001,464989,46.5,0.4621751308441162,0.007159233093261719
ctx,8,1,16384,4096,4096,0,,,1000001,467270,46.7,0.4661073684692383,0.0072422027587890625
ctx,8,1,16384,4096,4096,0,True,,1000001,464989,46.5,0.46021056175231934,0.007059812545776367
ctx,8,1,16384,4096,16384,10,,,1000001,469948,47.0,0.4651939868927002,0.0076863765716552734
ctx,8,1,16384,4096,16384,10,True,,1000001,467802,46.8,0.4677705764770508,0.007206439971923828
ctx,8,1,16384,4096,16384,1000,,,1000001,467270,46.7,0.47341370582580566,0.008184194564819336
ctx,8,1,16384,4096,16384,1000,True,,1000001,464989,46.5,0.4652426242828369,0.007986783981323242
ctx,8,1,16384,4096,16384,0,,,1000001,467270,46.7,0.4533660411834717,0.007592201232910156
ctx,8,1,16384,4096,16384,0,True,,1000001,464989,46.5,0.4694650173187256,0.006899833679199219
ctx,8,1,16384,16384,4096,10,,,1000001,451345,45.1,0.4579474925994873,0.007471323013305664
ctx,8,1,16384,16384,4096,10,True,,1000001,449141,44.9,0.4738423824310303,0.0067446231842041016
ctx,8,1,16384,16384,4096,1000,,,1000001,447346,44.7,0.47623324394226074,0.007422208786010742
ctx,8,1,16384,16384,4096,1000,True,,1000001,444456,44.4,0.4764082431793213,0.0071184635162353516
ctx,8,1,16384,16384,4096,0,,,1000001,447346,44.7,0.44542741775512695,0.008037805557250977
ctx,8,1,16384,16384,4096,0,True,,1000001,444456,44.4,0.4699885845184326,0.007993698120117188
ctx,8,1,16384,16384,16384,10,,,1000001,451345,45.1,0.48711371421813965,0.007177114486694336
ctx,8,1,16384,16384,16384,10,True,,1000001,449141,44.9,0.4508094787597656,0.007521152496337891
ctx,8,1,16384,16384,16384,1000,,,1000001,447346,44.7,0.4654991626739502,0.006782054901123047
ctx,8,1,16384,16384,16384,1000,True,,1000001,444456,44.4,0.46591758728027344,0.0069348812103271484
ctx,8,1,16384,16384,16384,0,,,1000001,447346,44.7,0.44635844230651855,0.006707668304443359
ctx,8,1,16384,16384,16384,0,True,,1000001,444456,44.4,0.5044629573822021,0.0067136287689208984
ctx,8,1,65536,4096,4096,10,,,1000001,450317,45.0,0.1398909091949463,0.007713794708251953
ctx,8,1,65536,4096,4096,10,True,,1000001,448409,44.8,0.1413571834564209,0.006924152374267578
ctx,8,1,65536,4096,4096,1000,,,1000001,447140,44.7,0.14573431015014648,0.007733345031738281
ctx,8,1,65536,4096,4096,1000,True,,1000001,445082,44.5,0.13868069648742676,0.006613969802856445
ctx,8,1,65536,4096,4096,0,,,1000001,447140,44.7,0.15610837936401367,0.00740504264831543
ctx,8,1,65536,4096,4096,0,True,,1000001,445082,44.5,0.1408541202545166,0.007211446762084961
ctx,8,1,65536,4096,16384,10,,,1000001,450317,45.0,0.13245272636413574,0.00672602653503418
ctx,8,1,65536,4096,16384,10,True,,1000001,448409,44.8,0.14632225036621094,0.007557868957519531
ctx,8,1,65536,4096,16384,1000,,,1000001,447140,44.7,0.13804173469543457,0.006772756576538086
ctx,8,1,65536,4096,16384,1000,True,,1000001,445082,44.5,0.14955759048461914,0.0063648223876953125
ctx,8,1,65536,4096,16384,0,,,1000001,447140,44.7,0.14916777610778809,0.007222175598144531
ctx,8,1,65536,4096,16384,0,True,,1000001,445082,44.5,0.14235377311706543,0.008143186569213867
ctx,8,1,65536,4096,65536,10,,,1000001,450317,45.0,0.1491684913635254,0.0071370601654052734
ctx,8,1,65536,4096,65536,10,True,,1000001,448409,44.8,0.14643073081970215,0.007448434829711914
ctx,8,1,65536,4096,65536,1000,,,1000001,447140,44.7,0.13562750816345215,0.00627446174621582
ctx,8,1,65536,4096,65536,1000,True,,1000001,445082,44.5,0.14699316024780273,0.007330894470214844
ctx,8,1,65536,4096,65536,0,,,1000001,447140,44.7,0.140089750289917,0.006769895553588867
ctx,8,1,65536,4096,65536,0,True,,1000001,445082,44.5,0.14812088012695312,0.007831573486328125
ctx,8,1,65536,16384,4096,10,,,1000001,412153,41.2,0.1357414722442627,0.006554603576660156
ctx,8,1,65536,16384,4096,10,True,,1000001,410431,41.0,0.1378192901611328,0.006871700286865234
ctx,8,1,65536,16384,4096,1000,,,1000001,404803,40.5,0.15536236763000488,0.006609439849853516
ctx,8,1,65536,16384,4096,1000,True,,1000001,402199,40.2,0.1415107250213623,0.007025480270385742
ctx,8,1,65536,16384,4096,0,,,1000001,404803,40.5,0.14839458465576172,0.006801128387451172
ctx,8,1,65536,16384,4096,0,True,,1000001,402199,40.2,0.16008687019348145,0.0062596797943115234
ctx,8,1,65536,16384,16384,10,,,1000001,412153,41.2,0.15016984939575195,0.0063588619232177734
ctx,8,1,65536,16384,16384,10,True,,1000001,410431,41.0,0.13895487785339355,0.007352590560913086
ctx,8,1,65536,16384,16384,1000,,,1000001,404803,40.5,0.1460866928100586,0.006873607635498047
ctx,8,1,65536,16384,16384,1000,True,,1000001,402199,40.2,0.15466928482055664,0.007456064224243164
ctx,8,1,65536,16384,16384,0,,,1000001,404803,40.5,0.15538883209228516,0.006831645965576172
ctx,8,1,65536,16384,16384,0,True,,1000001,402199,40.2,0.14497065544128418,0.006185293197631836
ctx,8,1,65536,16384,65536,10,,,1000001,412153,41.2,0.15606188774108887,0.007791757583618164
ctx,8,1,65536,16384,65536,10,True,,1000001,410431,41.0,0.15050816535949707,0.006127357482910156
ctx,8,1,65536,16384,65536,1000,,,1000001,404803,40.5,0.16082191467285156,0.006068229675292969
ctx,8,1,65536,16384,65536,1000,True,,1000001,402199,40.2,0.1492631435394287,0.006037712097167969
ctx,8,1,65536,16384,65536,0,,,1000001,404803,40.5,0.15175390243530273,0.006010770797729492
ctx,8,1,65536,16384,65536,0,True,,1000001,402199,40.2,0.16222357749938965,0.0056514739990234375
ctx,8,1,65536,65536,4096,10,,,1000001,402963,40.3,0.1531519889831543,0.00610041618347168
ctx,8,1,65536,65536,4096,10,True,,1000001,401384,40.1,0.15593171119689941,0.007687568664550781
ctx,8,1,65536,65536,4096,1000,,,1000001,392927,39.3,0.14789700508117676,0.006266355514526367
ctx,8,1,65536,65536,4096,1000,True,,1000001,389842,39.0,0.14374756813049316,0.005850791931152344
ctx,8,1,65536,65536,4096,0,,,1000001,392927,39.3,0.15322065353393555,0.006116390228271484
ctx,8,1,65536,65536,4096,0,True,,1000001,389842,39.0,0.14968419075012207,0.006237030029296875
ctx,8,1,65536,65536,16384,10,,,1000001,402963,40.3,0.14494824409484863,0.006110668182373047
ctx,8,1,65536,65536,16384,10,True,,1000001,401384,40.1,0.15769243240356445,0.00614476203918457
ctx,8,1,65536,65536,16384,1000,,,1000001,392927,39.3,0.14804387092590332,0.006594181060791016
ctx,8,1,65536,65536,16384,1000,True,,1000001,389842,39.0,0.16247248649597168,0.00594639778137207
ctx,8,1,65536,65536,16384,0,,,1000001,392927,39.3,0.14757537841796875,0.0055048465728759766
ctx,8,1,65536,65536,16384,0,True,,1000001,389842,39.0,0.14848828315734863,0.006295442581176758
ctx,8,1,65536,65536,65536,10,,,1000001,402963,40.3,0.1495208740234375,0.006789207458496094
ctx,8,1,65536,65536,65536,10,True,,1000001,401384,40.1,0.1438436508178711,0.00611567497253418
ctx,8,1,65536,65536,65536,1000,,,1000001,392927,39.3,0.15636920928955078,0.005887269973754883
ctx,8,1,65536,65536,65536,1000,True,,1000001,389842,39.0,0.1567974090576172,0.00584721565246582
ctx,8,1,65536,65536,65536,0,,,1000001,392927,39.3,0.14592742919921875,0.005734682083129883
ctx,8,1,65536,65536,65536,0,True,,1000001,389842,39.0,0.15167856216430664,0.0070002079010009766
ctx,8,1,262144,4096,4096,10,,,1000001,445376,44.5,0.05881953239440918,0.009358882904052734
ctx,8,1,262144,4096,4096,10,True,,1000001,443477,44.3,0.05695462226867676,0.008683204650878906
ctx,8,1,262144,4096,4096,1000,,,1000001,442092,44.2,0.059035301208496094,0.006957054138183594
ctx,8,1,262144,4096,4096,1000,True,,1000001,440063,44.0,0.05982232093811035,0.008739709854125977
ctx,8,1,262144,4096,4096,0,,,1000001,442092,44.2,0.05827045440673828,0.0075876712799072266
ctx,8,1,262144,4096,4096,0,True,,1000001,440063,44.0,0.06140446662902832,0.008161306381225586
ctx,8,1,262144,4096,16384,10,,,1000001,445376,44.5,0.06028103828430176,0.008415699005126953
ctx,8,1,262144,4096,16384,10,True,,1000001,443477,44.3,0.06095004081726074,0.008817195892333984
ctx,8,1,262144,4096,16384,1000,,,1000001,442092,44.2,0.062469482421875,0.007329702377319336
ctx,8,1,262144,4096,16384,1000,True,,1000001,440063,44.0,0.057459354400634766,0.008167266845703125
ctx,8,1,262144,4096,16384,0,,,1000001,442092,44.2,0.059679269790649414,0.007714033126831055
ctx,8,1,262144,4096,16384,0,True,,1000001,440063,44.0,0.06397366523742676,0.008893251419067383
ctx,8,1,262144,4096,65536,10,,,1000001,445376,44.5,0.05935311317443848,0.008655548095703125
ctx,8,1,262144,4096,65536,10,True,,1000001,443477,44.3,0.05788683891296387,0.008147478103637695
ctx,8,1,262144,4096,65536,1000,,,1000001,442092,44.2,0.05619502067565918,0.008019447326660156
ctx,8,1,262144,4096,65536,1000,True,,1000001,440063,44.0,0.057266950607299805,0.007643699645996094
ctx,8,1,262144,4096,65536,0,,,1000001,442092,44.2,0.05997347831726074,0.007742404937744141
ctx,8,1,262144,4096,65536,0,True,,1000001,440063,44.0,0.0642237663269043,0.0077972412109375
ctx,8,1,262144,4096,262144,10,,,1000001,445376,44.5,0.06198549270629883,0.008209466934204102
ctx,8,1,262144,4096,262144,10,True,,1000001,443477,44.3,0.05964493751525879,0.007935285568237305
ctx,8,1,262144,4096,262144,1000,,,1000001,442092,44.2,0.05811905860900879,0.008336067199707031
ctx,8,1,262144,4096,262144,1000,True,,1000001,440063,44.0,0.06196880340576172,0.007936239242553711
ctx,8,1,262144,4096,262144,0,,,1000001,442092,44.2,0.05779457092285156,0.007471323013305664
ctx,8,1,262144,4096,262144,0,True,,1000001,440063,44.0,0.06219029426574707,0.007827043533325195
ctx,8,1,262144,16384,4096,10,,,1000001,401414,40.1,0.05941605567932129,0.007871389389038086
ctx,8,1,262144,16384,4096,10,True,,1000001,399918,40.0,0.06027626991271973,0.007329463958740234
ctx,8,1,262144,16384,4096,1000,,,1000001,393115,39.3,0.05756950378417969,0.006584644317626953
ctx,8,1,262144,16384,4096,1000,True,,1000001,390723,39.1,0.06373906135559082,0.006537914276123047
ctx,8,1,262144,16384,4096,0,,,1000001,393115,39.3,0.059112548828125,0.006376028060913086
ctx,8,1,262144,16384,4096,0,True,,1000001,390723,39.1,0.05847907066345215,0.0067844390869140625
ctx,8,1,262144,16384,16384,10,,,1000001,401414,40.1,0.05922985076904297,0.006533622741699219
ctx,8,1,262144,16384,16384,10,True,,1000001,399918,40.0,0.06171464920043945,0.0063512325286865234
ctx,8,1,262144,16384,16384,1000,,,1000001,393115,39.3,0.05902552604675293,0.006556987762451172
ctx,8,1,262144,16384,16384,1000,True,,1000001,390723,39.1,0.06341838836669922,0.0067250728607177734
ctx,8,1,262144,16384,16384,0,,,1000001,393115,39.3,0.06165957450866699,0.006273031234741211
ctx,8,1,262144,16384,16384,0,True,,1000001,390723,39.1,0.061493635177612305,0.006998300552368164
ctx,8,1,262144,16384,65536,10,,,1000001,401414,40.1,0.061562299728393555,0.007811546325683594
ctx,8,1,262144,16384,65536,10,True,,1000001,399918,40.0,0.05952811241149902,0.0074274539947509766
ctx,8,1,262144,16384,65536,1000,,,1000001,393115,39.3,0.056307077407836914,0.0070188045501708984
ctx,8,1,262144,16384,65536,1000,True,,1000001,390723,39.1,0.06054401397705078,0.007118940353393555
ctx,8,1,262144,16384,65536,0,,,1000001,393115,39.3,0.06088566780090332,0.00608515739440918
ctx,8,1,262144,16384,65536,0,True,,1000001,390723,39.1,0.06039762496948242,0.0065648555755615234
ctx,8,1,262144,16384,262144,10,,,1000001,401414,40.1,0.055535078048706055,0.007337331771850586
ctx,8,1,262144,16384,262144,10,True,,1000001,399918,40.0,0.06021857261657715,0.007282257080078125
ctx,8,1,262144,16384,262144,1000,,,1000001,393115,39.3,0.0621185302734375,0.0076067447662353516
ctx,8,1,262144,16384,262144,1000,True,,1000001,390723,39.1,0.0643773078918457,0.0069539546966552734
ctx,8,1,262144,16384,262144,0,,,1000001,393115,39.3,0.05751466751098633,0.007614612579345703
ctx,8,1,262144,16384,262144,0,True,,1000001,390723,39.1,0.06210637092590332,0.006779670715332031
ctx,8,1,262144,65536,4096,10,,,1000001,382256,38.2,0.06016945838928223,0.006387472152709961
ctx,8,1,262144,65536,4096,10,True,,1000001,381089,38.1,0.060933828353881836,0.0063130855560302734
ctx,8,1,262144,65536,4096,1000,,,1000001,366473,36.6,0.06174898147583008,0.006382465362548828
ctx,8,1,262144,65536,4096,1000,True,,1000001,363701,36.4,0.06458592414855957,0.0069789886474609375
ctx,8,1,262144,65536,4096,0,,,1000001,366473,36.6,0.06060194969177246,0.0058705806732177734
ctx,8,1,262144,65536,4096,0,True,,1000001,363701,36.4,0.06899333000183105,0.006666421890258789
ctx,8,1,262144,65536,16384,10,,,1000001,382256,38.2,0.06067323684692383,0.007106781005859375
ctx,8,1,262144,65536,16384,10,True,,1000001,381089,38.1,0.061125993728637695,0.0069427490234375
ctx,8,1,262144,65536,16384,1000,,,1000001,366473,36.6,0.06511354446411133,0.005522966384887695
ctx,8,1,262144,65536,16384,1000,True,,1000001,363701,36.4,0.06558775901794434,0.007758378982543945
ctx,8,1,262144,65536,16384,0,,,1000001,366473,36.6,0.062062978744506836,0.006678581237792969
ctx,8,1,262144,65536,16384,0,True,,1000001,363701,36.4,0.07012057304382324,0.007257223129272461
ctx,8,1,262144,65536,65536,10,,,1000001,382256,38.2,0.05741715431213379,0.006951570510864258
ctx,8,1,262144,65536,65536,10,True,,1000001,381089,38.1,0.05814099311828613,0.007246732711791992
ctx,8,1,262144,65536,65536,1000,,,1000001,366473,36.6,0.06315827369689941,0.0062961578369140625
ctx,8,1,262144,65536,65536,1000,True,,1000001,363701,36.4,0.06644940376281738,0.005721569061279297
ctx,8,1,262144,65536,65536,0,,,1000001,366473,36.6,0.06284618377685547,0.0070188045501708984
ctx,8,1,262144,65536,65536,0,True,,1000001,363701,36.4,0.07409858703613281,0.00629878044128418
ctx,8,1,262144,65536,262144,10,,,1000001,382256,38.2,0.05979418754577637,0.006941318511962891
ctx,8,1,262144,65536,262144,10,True,,1000001,381089,38.1,0.06099534034729004,0.007376432418823242
ctx,8,1,262144,65536,262144,1000,,,1000001,366473,36.6,0.06452727317810059,0.006542205810546875
ctx,8,1,262144,65536,262144,1000,True,,1000001,363701,36.4,0.06586146354675293,0.005916118621826172
ctx,8,1,262144,65536,262144,0,,,1000001,366473,36.6,0.06255769729614258,0.006476163864135742
ctx,8,1,262144,65536,262144,0,True,,1000001,363701,36.4,0.06811022758483887,0.007585287094116211
ctx,8,1,262144,262144,4096,10,,,1000001,379792,38.0,0.06393814086914062,0.006609201431274414
ctx,8,1,262144,262144,4096,10,True,,1000001,378953,37.9,0.06382131576538086,0.007458686828613281
ctx,8,1,262144,262144,4096,1000,,,1000001,360871,36.1,0.06680488586425781,0.006808042526245117
ctx,8,1,262144,262144,4096,1000,True,,1000001,357762,35.8,0.07822918891906738,0.006130218505859375
ctx,8,1,262144,262144,4096,0,,,1000001,360812,36.1,0.06889820098876953,0.00538182258605957
ctx,8,1,262144,262144,4096,0,True,,1000001,357673,35.8,0.08011603355407715,0.006669282913208008
ctx,8,1,262144,262144,16384,10,,,1000001,379792,38.0,0.059490203857421875,0.006749153137207031
ctx,8,1,262144,262144,16384,10,True,,1000001,378953,37.9,0.059130191802978516,0.008188962936401367
ctx,8,1,262144,262144,16384,1000,,,1000001,360871,36.1,0.0709538459777832,0.006285429000854492
ctx,8,1,262144,262144,16384,1000,True,,1000001,357762,35.8,0.0798647403717041,0.006194114685058594
ctx,8,1,262144,262144,16384,0,,,1000001,360812,36.1,0.07465100288391113,0.006386995315551758
ctx,8,1,262144,262144,16384,0,True,,1000001,357673,35.8,0.08149194717407227,0.0062029361724853516
ctx,8,1,262144,262144,65536,10,,,1000001,379792,38.0,0.06209611892700195,0.006737947463989258
ctx,8,1,262144,262144,65536,10,True,,1000001,378953,37.9,0.05915355682373047,0.006555080413818359
ctx,8,1,262144,262144,65536,1000,,,1000001,360871,36.1,0.07207894325256348,0.006348848342895508
ctx,8,1,262144,262144,65536,1000,True,,1000001,357762,35.8,0.08082222938537598,0.00825643539428711
ctx,8,1,262144,262144,65536,0,,,1000001,360812,36.1,0.07164430618286133,0.00559544563293457
ctx,8,1,262144,262144,65536,0,True,,1000001,357673,35.8,0.08140158653259277,0.0067729949951171875
ctx,8,1,262144,262144,262144,10,,,1000001,379792,38.0,0.06139349937438965,0.006268978118896484
ctx,8,1,262144,262144,262144,10,True,,1000001,378953,37.9,0.05585312843322754,0.006765127182006836
ctx,8,1,262144,262144,262144,1000,,,1000001,360871,36.1,0.07288312911987305,0.006009817123413086
ctx,8,1,262144,262144,262144,1000,True,,1000001,357762,35.8,0.08147835731506348,0.00547480583190918
ctx,8,1,262144,262144,262144,0,,,1000001,360812,36.1,0.0702214241027832,0.005535602569580078
ctx,8,1,262144,262144,262144,0,True,,1000001,357673,35.8,0.08322930335998535,0.0063855648040771484
ctx,8,1,1048576,4096,4096,10,,,1000001,443952,44.4,0.055237770080566406,0.008879899978637695
ctx,8,1,1048576,4096,4096,10,True,,1000001,442083,44.2,0.05244898796081543,0.011340856552124023
ctx,8,1,1048576,4096,4096,1000,,,1000001,440606,44.1,0.052745819091796875,0.009246826171875
ctx,8,1,1048576,4096,4096,1000,True,,1000001,438621,43.9,0.05299806594848633,0.009653329849243164
ctx,8,1,1048576,4096,4096,0,,,1000001,440606,44.1,0.05313372611999512,0.00923776626586914
ctx,8,1,1048576,4096,4096,0,True,,1000001,438621,43.9,0.05379891395568848,0.009049415588378906
ctx,8,1,1048576,4096,16384,10,,,1000001,443952,44.4,0.051259756088256836,0.00843954086303711
ctx,8,1,1048576,4096,16384,10,True,,1000001,442083,44.2,0.05572819709777832,0.009215593338012695
ctx,8,1,1048576,4096,16384,1000,,,1000001,440606,44.1,0.048246145248413086,0.009588003158569336
ctx,8,1,1048576,4096,16384,1000,True,,1000001,438621,43.9,0.05446314811706543,0.009597301483154297
ctx,8,1,1048576,4096,16384,0,,,1000001,440606,44.1,0.05006074905395508,0.009093523025512695
ctx,8,1,1048576,4096,16384,0,True,,1000001,438621,43.9,0.050545692443847656,0.008759021759033203
ctx,8,1,1048576,4096,65536,10,,,1000001,443952,44.4,0.053809165954589844,0.009098052978515625
ctx,8,1,1048576,4096,65536,10,True,,1000001,442083,44.2,0.05058646202087402,0.009023427963256836
ctx,8,1,1048576,4096,65536,1000,,,1000001,440606,44.1,0.05152416229248047,0.009835958480834961
ctx,8,1,1048576,4096,65536,1000,True,,1000001,438621,43.9,0.0508425235748291,0.009309768676757812
ctx,8,1,1048576,4096,65536,0,,,1000001,440606,44.1,0.04929971694946289,0.009860038757324219
ctx,8,1,1048576,4096,65536,0,True,,1000001,438621,43.9,0.053014278411865234,0.008768081665039062
ctx,8,1,1048576,4096,262144,10,,,1000001,443952,44.4,0.0511777400970459,0.008905887603759766
ctx,8,1,1048576,4096,262144,10,True,,1000001,442083,44.2,0.054624319076538086,0.009041070938110352
ctx,8,1,1048576,4096,262144,1000,,,1000001,440606,44.1,0.04999208450317383,0.009570121765136719
ctx,8,1,1048576,4096,262144,1000,True,,1000001,438621,43.9,0.05427360534667969,0.00951242446899414
ctx,8,1,1048576,4096,262144,0,,,1000001,440606,44.1,0.050345420837402344,0.008993148803710938
ctx,8,1,1048576,4096,262144,0,True,,1000001,438621,43.9,0.05491781234741211,0.009972572326660156
ctx,8,1,1048576,4096,1048576,10,,,1000001,443952,44.4,0.05005693435668945,0.009894847869873047
ctx,8,1,1048576,4096,1048576,10,True,,1000001,442083,44.2,0.05571627616882324,0.009937524795532227
ctx,8,1,1048576,4096,1048576,1000,,,1000001,440606,44.1,0.061065673828125,0.009735345840454102
ctx,8,1,1048576,4096,1048576,1000,True,,1000001,438621,43.9,0.05687999725341797,0.010902643203735352
ctx,8,1,1048576,4096,1048576,0,,,1000001,440606,44.1,0.0507817268371582,0.009372472763061523
ctx,8,1,1048576,4096,1048576,0,True,,1000001,438621,43.9,0.055710792541503906,0.010999202728271484
ctx,8,1,1048576,16384,4096,10,,,1000001,398325,39.8,0.050898075103759766,0.008072376251220703
ctx,8,1,1048576,16384,4096,10,True,,1000001,396931,39.7,0.059591054916381836,0.010718584060668945
ctx,8,1,1048576,16384,4096,1000,,,1000001,389643,39.0,0.055113792419433594,0.00846552848815918
ctx,8,1,1048576,16384,4096,1000,True,,1000001,387351,38.7,0.061862945556640625,0.00961446762084961
ctx,8,1,1048576,16384,4096,0,,,1000001,389643,39.0,0.05893731117248535,0.007952690124511719
ctx,8,1,1048576,16384,4096,0,True,,1000001,387351,38.7,0.06013774871826172,0.008924484252929688
ctx,8,1,1048576,16384,16384,10,,,1000001,398325,39.8,0.05232691764831543,0.008370399475097656
ctx,8,1,1048576,16384,16384,10,True,,1000001,396931,39.7,0.04984903335571289,0.008097171783447266
ctx,8,1,1048576,16384,16384,1000,,,1000001,389643,39.0,0.05379652976989746,0.007231473922729492
ctx,8,1,1048576,16384,16384,1000,True,,1000001,387351,38.7,0.05929088592529297,0.009209871292114258
ctx,8,1,1048576,16384,16384,0,,,1000001,389643,39.0,0.05517148971557617,0.00776982307434082
ctx,8,1,1048576,16384,16384,0,True,,1000001,387351,38.7,0.0649271011352539,0.009305715560913086
ctx,8,1,1048576,16384,65536,10,,,1000001,398325,39.8,0.049826622009277344,0.007964611053466797
ctx,8,1,1048576,16384,65536,10,True,,1000001,396931,39.7,0.05030250549316406,0.009347677230834961
ctx,8,1,1048576,16384,65536,1000,,,1000001,389643,39.0,0.05175018310546875,0.007714748382568359
ctx,8,1,1048576,16384,65536,1000,True,,1000001,387351,38.7,0.060756683349609375,0.007168769836425781
ctx,8,1,1048576,16384,65536,0,,,1000001,389643,39.0,0.05168509483337402,0.008703470230102539
ctx,8,1,1048576,16384,65536,0,True,,1000001,387351,38.7,0.06541180610656738,0.007636547088623047
ctx,8,1,1048576,16384,262144,10,,,1000001,398325,39.8,0.046973228454589844,0.009152412414550781
ctx,8,1,1048576,16384,262144,10,True,,1000001,396931,39.7,0.04710698127746582,0.009612798690795898
ctx,8,1,1048576,16384,262144,1000,,,1000001,389643,39.0,0.05645179748535156,0.008243560791015625
ctx,8,1,1048576,16384,262144,1000,True,,1000001,387351,38.7,0.05789899826049805,0.007887601852416992
ctx,8,1,1048576,16384,262144,0,,,1000001,389643,39.0,0.05582880973815918,0.007107257843017578
ctx,8,1,1048576,16384,262144,0,True,,1000001,387351,38.7,0.06482696533203125,0.009346246719360352
ctx,8,1,1048576,16384,1048576,10,,,1000001,398325,39.8,0.055338382720947266,0.008400917053222656
ctx,8,1,1048576,16384,1048576,10,True,,1000001,396931,39.7,0.054059743881225586,0.009046316146850586
ctx,8,1,1048576,16384,1048576,1000,,,1000001,389643,39.0,0.06228947639465332,0.008641958236694336
ctx,8,1,1048576,16384,1048576,1000,True,,1000001,387351,38.7,0.062068939208984375,0.009002447128295898
ctx,8,1,1048576,16384,1048576,0,,,1000001,389643,39.0,0.059409141540527344,0.009733200073242188
ctx,8,1,1048576,16384,1048576,0,True,,1000001,387351,38.7,0.061580657958984375,0.009757757186889648
ctx,8,1,1048576,65536,4096,10,,,1000001,374995,37.5,0.05153012275695801,0.00840306282043457
ctx,8,1,1048576,65536,4096,10,True,,1000001,374079,37.4,0.050507307052612305,0.007489442825317383
ctx,8,1,1048576,65536,4096,1000,,,1000001,356836,35.7,0.07690834999084473,0.00783085823059082
ctx,8,1,1048576,65536,4096,1000,True,,1000001,354286,35.4,0.09631562232971191,0.008108377456665039
ctx,8,1,1048576,65536,4096,0,,,1000001,356836,35.7,0.07075881958007812,0.007456541061401367
ctx,8,1,1048576,65536,4096,0,True,,1000001,354286,35.4,0.09813404083251953,0.0071260929107666016
ctx,8,1,1048576,65536,16384,10,,,1000001,374995,37.5,0.05550980567932129,0.008733034133911133
ctx,8,1,1048576,65536,16384,10,True,,1000001,374079,37.4,0.05723309516906738,0.007825374603271484
ctx,8,1,1048576,65536,16384,1000,,,1000001,356836,35.7,0.07535147666931152,0.008092641830444336
ctx,8,1,1048576,65536,16384,1000,True,,1000001,354286,35.4,0.09761738777160645,0.0071599483489990234
ctx,8,1,1048576,65536,16384,0,,,1000001,356836,35.7,0.07510089874267578,0.0074307918548583984
ctx,8,1,1048576,65536,16384,0,True,,1000001,354286,35.4,0.09352278709411621,0.00702667236328125
ctx,8,1,1048576,65536,65536,10,,,1000001,374995,37.5,0.0574185848236084,0.007370471954345703
ctx,8,1,1048576,65536,65536,10,True,,1000001,374079,37.4,0.05306816101074219,0.00773930549621582
ctx,8,1,1048576,65536,65536,1000,,,1000001,356836,35.7,0.07504630088806152,0.008207559585571289
ctx,8,1,1048576,65536,65536,1000,True,,1000001,354286,35.4,0.09662961959838867,0.008475542068481445
ctx,8,1,1048576,65536,65536,0,,,1000001,356836,35.7,0.08018255233764648,0.00788569450378418
ctx,8,1,1048576,65536,65536,0,True,,1000001,354286,35.4,0.0944516658782959,0.008443355560302734
ctx,8,1,1048576,65536,262144,10,,,1000001,374995,37.5,0.0477292537689209,0.008008718490600586
ctx,8,1,1048576,65536,262144,10,True,,1000001,374079,37.4,0.05202507972717285,0.0076558589935302734
ctx,8,1,1048576,65536,262144,1000,,,1000001,356836,35.7,0.07284021377563477,0.00617218017578125
ctx,8,1,1048576,65536,262144,1000,True,,1000001,354286,35.4,0.10384106636047363,0.006386518478393555
ctx,8,1,1048576,65536,262144,0,,,1000001,356836,35.7,0.07760381698608398,0.007458209991455078
ctx,8,1,1048576,65536,262144,0,True,,1000001,354286,35.4,0.09591007232666016,0.008296966552734375
ctx,8,1,1048576,65536,1048576,10,,,1000001,374995,37.5,0.0498809814453125,0.007722616195678711
ctx,8,1,1048576,65536,1048576,10,True,,1000001,374079,37.4,0.0516049861907959,0.007528066635131836
ctx,8,1,1048576,65536,1048576,1000,,,1000001,356836,35.7,0.07624101638793945,0.007856130599975586
ctx,8,1,1048576,65536,1048576,1000,True,,1000001,354286,35.4,0.09790492057800293,0.008223772048950195
ctx,8,1,1048576,65536,1048576,0,,,1000001,356836,35.7,0.07684016227722168,0.008388042449951172
ctx,8,1,1048576,65536,1048576,0,True,,1000001,354286,35.4,0.09712791442871094,0.008688926696777344
ctx,8,1,1048576,262144,4096,10,,,1000001,368818,36.9,0.06223797798156738,0.006734371185302734
ctx,8,1,1048576,262144,4096,10,True,,1000001,368599,36.9,0.05171966552734375,0.007033586502075195
ctx,8,1,1048576,262144,4096,1000,,,1000001,341245,34.1,0.1571183204650879,0.006720304489135742
ctx,8,1,1048576,262144,4096,1000,True,,1000001,338287,33.8,0.22962474822998047,0.006958723068237305
ctx,8,1,1048576,262144,4096,0,,,1000001,340909,34.1,0.16862130165100098,0.006196260452270508
ctx,8,1,1048576,262144,4096,0,True,,1000001,337929,33.8,0.25710153579711914,0.007563591003417969
ctx,8,1,1048576,262144,16384,10,,,1000001,368818,36.9,0.053153276443481445,0.00844120979309082
ctx,8,1,1048576,262144,16384,10,True,,1000001,368599,36.9,0.05178666114807129,0.007084369659423828
ctx,8,1,1048576,262144,16384,1000,,,1000001,341245,34.1,0.14792943000793457,0.00725555419921875
ctx,8,1,1048576,262144,16384,1000,True,,1000001,338287,33.8,0.22592401504516602,0.008327960968017578
ctx,8,1,1048576,262144,16384,0,,,1000001,340909,34.1,0.17090749740600586,0.00713348388671875
ctx,8,1,1048576,262144,16384,0,True,,1000001,337929,33.8,0.25489234924316406,0.007954597473144531
ctx,8,1,1048576,262144,65536,10,,,1000001,368818,36.9,0.05235695838928223,0.0072824954986572266
ctx,8,1,1048576,262144,65536,10,True,,1000001,368599,36.9,0.049350738525390625,0.007951021194458008
ctx,8,1,1048576,262144,65536,1000,,,1000001,341245,34.1,0.14467263221740723,0.007672786712646484
ctx,8,1,1048576,262144,65536,1000,True,,1000001,338287,33.8,0.23203110694885254,0.007148265838623047
ctx,8,1,1048576,262144,65536,0,,,1000001,340909,34.1,0.16450786590576172,0.007552146911621094
ctx,8,1,1048576,262144,65536,0,True,,1000001,337929,33.8,0.25852179527282715,0.006349086761474609
ctx,8,1,1048576,262144,262144,10,,,1000001,368818,36.9,0.0626375675201416,0.0077342987060546875
ctx,8,1,1048576,262144,262144,10,True,,1000001,368599,36.9,0.05058884620666504,0.0071561336517333984
ctx,8,1,1048576,262144,262144,1000,,,1000001,341245,34.1,0.15099167823791504,0.005922079086303711
ctx,8,1,1048576,262144,262144,1000,True,,1000001,338287,33.8,0.22329306602478027,0.0063934326171875
ctx,8,1,1048576,262144,262144,0,,,1000001,340909,34.1,0.17009830474853516,0.0068395137786865234
ctx,8,1,1048576,262144,262144,0,True,,1000001,337929,33.8,0.2586832046508789,0.006827354431152344
ctx,8,1,1048576,262144,1048576,10,,,1000001,368818,36.9,0.049393415451049805,0.007447242736816406
ctx,8,1,1048576,262144,1048576,10,True,,1000001,368599,36.9,0.05385589599609375,0.0065860748291015625
ctx,8,1,1048576,262144,1048576,1000,,,1000001,341245,34.1,0.1446220874786377,0.00733637809753418
ctx,8,1,1048576,262144,1048576,1000,True,,1000001,338287,33.8,0.23273897171020508,0.007285594940185547
ctx,8,1,1048576,262144,1048576,0,,,1000001,340909,34.1,0.16843843460083008,0.0067424774169921875
ctx,8,1,1048576,262144,1048576,0,True,,1000001,337929,33.8,0.2567415237426758,0.00762486457824707
ctx,8,1,1048576,1048576,4096,10,,,1000001,367532,36.8,0.056401968002319336,0.007186412811279297
ctx,8,1,1048576,1048576,4096,10,True,,1000001,367789,36.8,0.05536913871765137,0.008124589920043945
ctx,8,1,1048576,1048576,4096,1000,,,1000001,336715,33.7,0.27559375762939453,0.00748896598815918
ctx,8,1,1048576,1048576,4096,1000,True,,1000001,334203,33.4,0.42603468894958496,0.007994413375854492
ctx,8,1,1048576,1048576,4096,0,,,1000001,335868,33.6,0.42093849182128906,0.0069386959075927734
ctx,8,1,1048576,1048576,4096,0,True,,1000001,333194,33.3,0.6916263103485107,0.0067098140716552734
ctx,8,1,1048576,1048576,16384,10,,,1000001,367532,36.8,0.053070783615112305,0.007338285446166992
ctx,8,1,1048576,1048576,16384,10,True,,1000001,367789,36.8,0.05385422706604004,0.008438587188720703
ctx,8,1,1048576,1048576,16384,1000,,,1000001,336715,33.7,0.2730405330657959,0.00659632682800293
ctx,8,1,1048576,1048576,16384,1000,True,,1000001,334203,33.4,0.4344296455383301,0.006816864013671875
ctx,8,1,1048576,1048576,16384,0,,,1000001,335868,33.6,0.4209287166595459,0.007428884506225586
ctx,8,1,1048576,1048576,16384,0,True,,1000001,333194,33.3,0.6896533966064453,0.0068511962890625
ctx,8,1,1048576,1048576,65536,10,,,1000001,367532,36.8,0.061154842376708984,0.008434057235717773
ctx,8,1,1048576,1048576,65536,10,True,,1000001,367789,36.8,0.05475664138793945,0.008188486099243164
ctx,8,1,1048576,1048576,65536,1000,,,1000001,336715,33.7,0.27648210525512695,0.00702667236328125
ctx,8,1,1048576,1048576,65536,1000,True,,1000001,334203,33.4,0.441037654876709,0.006963968276977539
ctx,8,1,1048576,1048576,65536,0,,,1000001,335868,33.6,0.4194955825805664,0.0057985782623291016
ctx,8,1,1048576,1048576,65536,0,True,,1000001,333194,33.3,0.6810171604156494,0.006783485412597656
ctx,8,1,1048576,1048576,262144,10,,,1000001,367532,36.8,0.04967951774597168,0.006899356842041016
ctx,8,1,1048576,1048576,262144,10,True,,1000001,367789,36.8,0.04990100860595703,0.008002281188964844
ctx,8,1,1048576,1048576,262144,1000,,,1000001,336715,33.7,0.2705368995666504,0.005655765533447266
ctx,8,1,1048576,1048576,262144,1000,True,,1000001,334203,33.4,0.4307076930999756,0.006426811218261719
ctx,8,1,1048576,1048576,262144,0,,,1000001,335868,33.6,0.4108564853668213,0.007539272308349609
ctx,8,1,1048576,1048576,262144,0,True,,1000001,333194,33.3,0.6807229518890381,0.007298469543457031
ctx,8,1,1048576,1048576,1048576,10,,,1000001,367532,36.8,0.06442832946777344,0.007930755615234375
ctx,8,1,1048576,1048576,1048576,10,True,,1000001,367789,36.8,0.05452585220336914,0.007937192916870117
ctx,8,1,1048576,1048576,1048576,1000,,,1000001,336715,33.7,0.27866291999816895,0.006929159164428711
ctx,8,1,1048576,1048576,1048576,1000,True,,1000001,334203,33.4,0.4288301467895508,0.006840944290161133
ctx,8,1,1048576,1048576,1048576,0,,,1000001,335868,33.6,0.41687726974487305,0.006719827651977539
ctx,8,1,1048576,1048576,1048576,0,True,,1000001,333194,33.3,0.680020809173584,0.007252216339111328
ctx,8,1,16384,4096,4096,10,,True,1000001,465958,46.6,0.483318567276001,0.007192373275756836
ctx,8,1,16384,4096,4096,1000,,True,1000001,463164,46.3,0.4826967716217041,0.006654024124145508
ctx,8,1,16384,4096,4096,0,,True,1000001,463164,46.3,0.4923243522644043,0.007855415344238281
ctx,8,1,16384,4096,16384,10,,True,1000001,465958,46.6,0.4603607654571533,0.006830930709838867
ctx,8,1,16384,4096,16384,1000,,True,1000001,463164,46.3,0.4492509365081787,0.007518768310546875
ctx,8,1,16384,4096,16384,0,,True,1000001,463164,46.3,0.4473764896392822,0.0072727203369140625
ctx,8,1,16384,16384,4096,10,,True,1000001,444229,44.4,0.4746558666229248,0.006943464279174805
ctx,8,1,16384,16384,4096,1000,,True,1000001,439409,43.9,0.4604032039642334,0.0072824954986572266
ctx,8,1,16384,16384,4096,0,,True,1000001,439409,43.9,0.4661891460418701,0.006421327590942383
ctx,8,1,16384,16384,16384,10,,True,1000001,444229,44.4,0.4783935546875,0.006825447082519531
ctx,8,1,16384,16384,16384,1000,,True,1000001,439409,43.9,0.4728248119354248,0.006625652313232422
ctx,8,1,16384,16384,16384,0,,True,1000001,439409,43.9,0.4762136936187744,0.0061798095703125
ctx,8,1,65536,4096,4096,10,,True,1000001,446478,44.6,0.1516430377960205,0.007760047912597656
ctx,8,1,65536,4096,4096,1000,,True,1000001,443192,44.3,0.15517115592956543,0.007039308547973633
ctx,8,1,65536,4096,4096,0,,True,1000001,443192,44.3,0.1610703468322754,0.0069522857666015625
ctx,8,1,65536,4096,16384,10,,True,1000001,446478,44.6,0.1555788516998291,0.0073070526123046875
ctx,8,1,65536,4096,16384,1000,,True,1000001,443192,44.3,0.15747857093811035,0.0071032047271728516
ctx,8,1,65536,4096,16384,0,,True,1000001,443192,44.3,0.1523454189300537,0.007961034774780273
ctx,8,1,65536,4096,65536,10,,True,1000001,446478,44.6,0.14789819717407227,0.007304191589355469
ctx,8,1,65536,4096,65536,1000,,True,1000001,443192,44.3,0.16046643257141113,0.007466793060302734
ctx,8,1,65536,4096,65536,0,,True,1000001,443192,44.3,0.1619739532470703,0.006888151168823242
ctx,8,1,65536,16384,4096,10,,True,1000001,404273,40.4,0.14958906173706055,0.006375789642333984
ctx,8,1,65536,16384,4096,1000,,True,1000001,396205,39.6,0.16404438018798828,0.0067751407623291016
ctx,8,1,65536,16384,4096,0,,True,1000001,396205,39.6,0.1613907814025879,0.007298707962036133
ctx,8,1,65536,16384,16384,10,,True,1000001,404273,40.4,0.15999078750610352,0.0058667659759521484
ctx,8,1,65536,16384,16384,1000,,True,1000001,396205,39.6,0.1636807918548584,0.005760669708251953
ctx,8,1,65536,16384,16384,0,,True,1000001,396205,39.6,0.16249299049377441,0.006321907043457031
ctx,8,1,65536,16384,65536,10,,True,1000001,404273,40.4,0.15822982788085938,0.006644487380981445
ctx,8,1,65536,16384,65536,1000,,True,1000001,396205,39.6,0.1609935760498047,0.00647425651550293
ctx,8,1,65536,16384,65536,0,,True,1000001,396205,39.6,0.16179871559143066,0.006355762481689453
ctx,8,1,65536,65536,4096,10,,True,1000001,393201,39.3,0.15578556060791016,0.006258487701416016
ctx,8,1,65536,65536,4096,1000,,True,1000001,381680,38.2,0.17686152458190918,0.00744938850402832
ctx,8,1,65536,65536,4096,0,,True,1000001,381680,38.2,0.17755818367004395,0.006435394287109375
ctx,8,1,65536,65536,16384,10,,True,1000001,393201,39.3,0.15169095993041992,0.006384611129760742
ctx,8,1,65536,65536,16384,1000,,True,1000001,381680,38.2,0.1728520393371582,0.005968809127807617
ctx,8,1,65536,65536,16384,0,,True,1000001,381680,38.2,0.17743468284606934,0.006596565246582031
ctx,8,1,65536,65536,65536,10,,True,1000001,393201,39.3,0.16364455223083496,0.006334066390991211
ctx,8,1,65536,65536,65536,1000,,True,1000001,381680,38.2,0.1771101951599121,0.0061299800872802734
ctx,8,1,65536,65536,65536,0,,True,1000001,381680,38.2,0.17337775230407715,0.0068552494049072266
ctx,8,1,262144,4096,4096,10,,True,1000001,441544,44.2,0.08570742607116699,0.008063316345214844
ctx,8,1,262144,4096,4096,1000,,True,1000001,438168,43.8,0.08904385566711426,0.00859975814819336
ctx,8,1,262144,4096,4096,0,,True,1000001,438168,43.8,0.08757281303405762,0.008917570114135742
ctx,8,1,262144,4096,16384,10,,True,1000001,441544,44.2,0.08245229721069336,0.007741451263427734
ctx,8,1,262144,4096,16384,1000,,True,1000001,438168,43.8,0.08755660057067871,0.008632659912109375
ctx,8,1,262144,4096,16384,0,,True,1000001,438168,43.8,0.0932919979095459,0.008632183074951172
ctx,8,1,262144,4096,65536,10,,True,1000001,441544,44.2,0.08718085289001465,0.008408784866333008
ctx,8,1,262144,4096,65536,1000,,True,1000001,438168,43.8,0.08534455299377441,0.00853109359741211
ctx,8,1,262144,4096,65536,0,,True,1000001,438168,43.8,0.08616304397583008,0.009633302688598633
ctx,8,1,262144,4096,262144,10,,True,1000001,441544,44.2,0.08277058601379395,0.009226799011230469
ctx,8,1,262144,4096,262144,1000,,True,1000001,438168,43.8,0.08930683135986328,0.008124828338623047
ctx,8,1,262144,4096,262144,0,,True,1000001,438168,43.8,0.08966374397277832,0.008476972579956055
ctx,8,1,262144,16384,4096,10,,True,1000001,393641,39.4,0.08392119407653809,0.007469892501831055
ctx,8,1,262144,16384,4096,1000,,True,1000001,384755,38.5,0.11397123336791992,0.007139444351196289
ctx,8,1,262144,16384,4096,0,,True,1000001,384755,38.5,0.11071085929870605,0.006690502166748047
ctx,8,1,262144,16384,16384,10,,True,1000001,393641,39.4,0.08368110656738281,0.006963968276977539
ctx,8,1,262144,16384,16384,1000,,True,1000001,384755,38.5,0.11260366439819336,0.008831501007080078
ctx,8,1,262144,16384,16384,0,,True,1000001,384755,38.5,0.1156625747680664,0.007700443267822266
ctx,8,1,262144,16384,65536,10,,True,1000001,393641,39.4,0.08444571495056152,0.00669097900390625
ctx,8,1,262144,16384,65536,1000,,True,1000001,384755,38.5,0.1131138801574707,0.007781267166137695
ctx,8,1,262144,16384,65536,0,,True,1000001,384755,38.5,0.11737918853759766,0.007414579391479492
ctx,8,1,262144,16384,262144,10,,True,1000001,393641,39.4,0.08290243148803711,0.007025957107543945
ctx,8,1,262144,16384,262144,1000,,True,1000001,384755,38.5,0.11110663414001465,0.008100271224975586
ctx,8,1,262144,16384,262144,0,,True,1000001,384755,38.5,0.12352132797241211,0.007826805114746094
ctx,8,1,262144,65536,4096,10,,True,1000001,372046,37.2,0.08779191970825195,0.006693840026855469
ctx,8,1,262144,65536,4096,1000,,True,1000001,355050,35.5,0.1874983310699463,0.007355451583862305
ctx,8,1,262144,65536,4096,0,,True,1000001,355050,35.5,0.20514130592346191,0.006230831146240234
ctx,8,1,262144,65536,16384,10,,True,1000001,372046,37.2,0.08875083923339844,0.006592273712158203
ctx,8,1,262144,65536,16384,1000,,True,1000001,355050,35.5,0.1891651153564453,0.008181095123291016
ctx,8,1,262144,65536,16384,0,,True,1000001,355050,35.5,0.20349931716918945,0.007250785827636719
ctx,8,1,262144,65536,65536,10,,True,1000001,372046,37.2,0.09099364280700684,0.007246494293212891
ctx,8,1,262144,65536,65536,1000,,True,1000001,355050,35.5,0.19022226333618164,0.006496429443359375
ctx,8,1,262144,65536,65536,0,,True,1000001,355050,35.5,0.19729852676391602,0.006603240966796875
ctx,8,1,262144,65536,262144,10,,True,1000001,372046,37.2,0.08506011962890625,0.00653386116027832
ctx,8,1,262144,65536,262144,1000,,True,1000001,355050,35.5,0.18672680854797363,0.00807642936706543
ctx,8,1,262144,65536,262144,0,,True,1000001,355050,35.5,0.20347833633422852,0.006028175354003906
ctx,8,1,262144,262144,4096,10,,True,1000001,367385,36.7,0.08634042739868164,0.006348609924316406
ctx,8,1,262144,262144,4096,1000,,True,1000001,345547,34.6,0.3023715019226074,0.005723714828491211
ctx,8,1,262144,262144,4096,0,,True,1000001,345455,34.5,0.32797670364379883,0.006987810134887695
ctx,8,1,262144,262144,16384,10,,True,1000001,367385,36.7,0.09021759033203125,0.005956411361694336
ctx,8,1,262144,262144,16384,1000,,True,1000001,345547,34.6,0.294628381729126,0.0064046382904052734
ctx,8,1,262144,262144,16384,0,,True,1000001,345455,34.5,0.3365471363067627,0.005591869354248047
ctx,8,1,262144,262144,65536,10,,True,1000001,367385,36.7,0.08586859703063965,0.00611567497253418
ctx,8,1,262144,262144,65536,1000,,True,1000001,345547,34.6,0.29152631759643555,0.006348848342895508
ctx,8,1,262144,262144,65536,0,,True,1000001,345455,34.5,0.33440279960632324,0.007111072540283203
ctx,8,1,262144,262144,262144,10,,True,1000001,367385,36.7,0.08815860748291016,0.006587505340576172
ctx,8,1,262144,262144,262144,1000,,True,1000001,345547,34.6,0.2972390651702881,0.006094217300415039
ctx,8,1,262144,262144,262144,0,,True,1000001,345455,34.5,0.3407721519470215,0.0069310665130615234
ctx,8,1,1048576,4096,4096,10,,True,1000001,440117,44.0,0.11356830596923828,0.01232290267944336
ctx,8,1,1048576,4096,4096,1000,,True,1000001,436707,43.7,0.15093660354614258,0.011407852172851562
ctx,8,1,1048576,4096,4096,0,,True,1000001,436707,43.7,0.16431522369384766,0.009801626205444336
ctx,8,1,1048576,4096,16384,10,,True,1000001,440117,44.0,0.11541748046875,0.00928187370300293
ctx,8,1,1048576,4096,16384,1000,,True,1000001,436707,43.7,0.15868186950683594,0.00981593132019043
ctx,8,1,1048576,4096,16384,0,,True,1000001,436707,43.7,0.15724635124206543,0.010152101516723633
ctx,8,1,1048576,4096,65536,10,,True,1000001,440117,44.0,0.12334728240966797,0.01093602180480957
ctx,8,1,1048576,4096,65536,1000,,True,1000001,436707,43.7,0.15507841110229492,0.00829625129699707
ctx,8,1,1048576,4096,65536,0,,True,1000001,436707,43.7,0.17858600616455078,0.010137796401977539
ctx,8,1,1048576,4096,262144,10,,True,1000001,440117,44.0,0.11734271049499512,0.011855363845825195
ctx,8,1,1048576,4096,262144,1000,,True,1000001,436707,43.7,0.16538500785827637,0.008896589279174805
ctx,8,1,1048576,4096,262144,0,,True,1000001,436707,43.7,0.17116808891296387,0.010077476501464844
ctx,8,1,1048576,4096,1048576,10,,True,1000001,440117,44.0,0.11050033569335938,0.009792327880859375
ctx,8,1,1048576,4096,1048576,1000,,True,1000001,436707,43.7,0.152299165725708,0.008507728576660156
ctx,8,1,1048576,4096,1048576,0,,True,1000001,436707,43.7,0.16049432754516602,0.008359432220458984
ctx,8,1,1048576,16384,4096,10,,True,1000001,390579,39.1,0.12729334831237793,0.008714914321899414
ctx,8,1,1048576,16384,4096,1000,,True,1000001,381411,38.1,0.2529914379119873,0.008890151977539062
ctx,8,1,1048576,16384,4096,0,,True,1000001,381411,38.1,0.24469780921936035,0.008414983749389648
ctx,8,1,1048576,16384,16384,10,,True,1000001,390579,39.1,0.14752602577209473,0.008849859237670898
ctx,8,1,1048576,16384,16384,1000,,True,1000001,381411,38.1,0.24417448043823242,0.009408235549926758
ctx,8,1,1048576,16384,16384,0,,True,1000001,381411,38.1,0.2522423267364502,0.008696556091308594
ctx,8,1,1048576,16384,65536,10,,True,1000001,390579,39.1,0.13415074348449707,0.009778261184692383
ctx,8,1,1048576,16384,65536,1000,,True,1000001,381411,38.1,0.25002551078796387,0.009060859680175781
ctx,8,1,1048576,16384,65536,0,,True,1000001,381411,38.1,0.2508254051208496,0.008252859115600586
ctx,8,1,1048576,16384,262144,10,,True,1000001,390579,39.1,0.12330746650695801,0.008347511291503906
ctx,8,1,1048576,16384,262144,1000,,True,1000001,381411,38.1,0.2464590072631836,0.009095430374145508
ctx,8,1,1048576,16384,262144,0,,True,1000001,381411,38.1,0.2690398693084717,0.008522987365722656
ctx,8,1,1048576,16384,1048576,10,,True,1000001,390579,39.1,0.13637804985046387,0.008866071701049805
ctx,8,1,1048576,16384,1048576,1000,,True,1000001,381411,38.1,0.25095415115356445,0.008589506149291992
ctx,8,1,1048576,16384,1048576,0,,True,1000001,381411,38.1,0.2529771327972412,0.008928537368774414
ctx,8,1,1048576,65536,4096,10,,True,1000001,364837,36.5,0.17069625854492188,0.00953364372253418
ctx,8,1,1048576,65536,4096,1000,,True,1000001,345842,34.6,0.5560722351074219,0.008986473083496094
ctx,8,1,1048576,65536,4096,0,,True,1000001,345842,34.6,0.5602154731750488,0.008415937423706055
ctx,8,1,1048576,65536,16384,10,,True,1000001,364837,36.5,0.14754247665405273,0.00922083854675293
ctx,8,1,1048576,65536,16384,1000,,True,1000001,345842,34.6,0.5610291957855225,0.0071866512298583984
ctx,8,1,1048576,65536,16384,0,,True,1000001,345842,34.6,0.5681984424591064,0.008999824523925781
ctx,8,1,1048576,65536,65536,10,,True,1000001,364837,36.5,0.14393186569213867,0.007654905319213867
ctx,8,1,1048576,65536,65536,1000,,True,1000001,345842,34.6,0.5568106174468994,0.008490324020385742
ctx,8,1,1048576,65536,65536,0,,True,1000001,345842,34.6,0.5641288757324219,0.008511066436767578
ctx,8,1,1048576,65536,262144,10,,True,1000001,364837,36.5,0.1531202793121338,0.008577108383178711
ctx,8,1,1048576,65536,262144,1000,,True,1000001,345842,34.6,0.5452413558959961,0.008171558380126953
ctx,8,1,1048576,65536,262144,0,,True,1000001,345842,34.6,0.5508050918579102,0.007818937301635742
ctx,8,1,1048576,65536,1048576,10,,True,1000001,364837,36.5,0.1462845802307129,0.008452653884887695
ctx,8,1,1048576,65536,1048576,1000,,True,1000001,345842,34.6,0.5468170642852783,0.007203817367553711
ctx,8,1,1048576,65536,1048576,0,,True,1000001,345842,34.6,0.557487964630127,0.008025646209716797
ctx,8,1,1048576,262144,4096,10,,True,1000001,355350,35.5,0.14485526084899902,0.008298158645629883
ctx,8,1,1048576,262144,4096,1000,,True,1000001,325025,32.5,1.4130733013153076,0.00784921646118164
ctx,8,1,1048576,262144,4096,0,,True,1000001,324703,32.5,1.6779663562774658,0.006288051605224609
ctx,8,1,1048576,262144,16384,10,,True,1000001,355350,35.5,0.15174460411071777,0.006622791290283203
ctx,8,1,1048576,262144,16384,1000,,True,1000001,325025,32.5,1.4336893558502197,0.007578134536743164
ctx,8,1,1048576,262144,16384,0,,True,1000001,324703,32.5,1.716813564300537,0.007814168930053711
ctx,8,1,1048576,262144,65536,10,,True,1000001,355350,35.5,0.15626239776611328,0.00785207748413086
ctx,8,1,1048576,262144,65536,1000,,True,1000001,325025,32.5,1.4322068691253662,0.008552074432373047
ctx,8,1,1048576,262144,65536,0,,True,1000001,324703,32.5,1.6972265243530273,0.007045269012451172
ctx,8,1,1048576,262144,262144,10,,True,1000001,355350,35.5,0.15947604179382324,0.00722050666809082
ctx,8,1,1048576,262144,262144,1000,,True,1000001,325025,32.5,1.431457281112671,0.007400035858154297
ctx,8,1,1048576,262144,262144,0,,True,1000001,324703,32.5,1.6850285530090332,0.006932258605957031
ctx,8,1,1048576,262144,1048576,10,,True,1000001,355350,35.5,0.15741634368896484,0.008072137832641602
ctx,8,1,1048576,262144,1048576,1000,,True,1000001,325025,32.5,1.4150710105895996,0.0070858001708984375
ctx,8,1,1048576,262144,1048576,0,,True,1000001,324703,32.5,1.6869609355926514,0.006409645080566406
ctx,8,1,1048576,1048576,4096,10,,True,1000001,352672,35.3,0.14295244216918945,0.008689165115356445
ctx,8,1,1048576,1048576,4096,1000,,True,1000001,317267,31.7,2.6253201961517334,0.008051872253417969
ctx,8,1,1048576,1048576,4096,0,,True,1000001,316458,31.6,4.403486967086792,0.00727391242980957
ctx,8,1,1048576,1048576,16384,10,,True,1000001,352672,35.3,0.14818644523620605,0.007787227630615234
ctx,8,1,1048576,1048576,16384,1000,,True,1000001,317267,31.7,2.633403778076172,0.007245302200317383
ctx,8,1,1048576,1048576,16384,0,,True,1000001,316458,31.6,4.4714906215667725,0.007444858551025391
ctx,8,1,1048576,1048576,65536,10,,True,1000001,352672,35.3,0.14838480949401855,0.00797128677368164
ctx,8,1,1048576,1048576,65536,1000,,True,1000001,317267,31.7,2.671689033508301,0.007889270782470703
ctx,8,1,1048576,1048576,65536,0,,True,1000001,316458,31.6,4.486751317977905,0.006453037261962891
ctx,8,1,1048576,1048576,262144,10,,True,1000001,352672,35.3,0.15086150169372559,0.008114337921142578
ctx,8,1,1048576,1048576,262144,1000,,True,1000001,317267,31.7,2.6691813468933105,0.0063593387603759766
ctx,8,1,1048576,1048576,262144,0,,True,1000001,316458,31.6,4.493982553482056,0.005910158157348633
ctx,8,1,1048576,1048576,1048576,10,,True,1000001,352672,35.3,0.15974998474121094,0.008603572845458984
ctx,8,1,1048576,1048576,1048576,1000,,True,1000001,317267,31.7,2.6703505516052246,0.008244752883911133
ctx,8,1,1048576,1048576,1048576,0,,True,1000001,316458,31.6,4.4804370403289795,0.006918191909790039
ctx,16,1,16384,4096,4096,10,,,1000001,469948,47.0,0.491260290145874,0.006678342819213867
ctx,16,1,16384,4096,4096,10,True,,1000001,467802,46.8,0.4920494556427002,0.00653839111328125
ctx,16,1,16384,4096,4096,1000,,,1000001,467270,46.7,0.4790463447570801,0.007841825485229492
ctx,16,1,16384,4096,4096,1000,True,,1000001,464989,46.5,0.4722404479980469,0.006475210189819336
ctx,16,1,16384,4096,4096,0,,,1000001,467270,46.7,0.4776637554168701,0.007772684097290039
ctx,16,1,16384,4096,4096,0,True,,1000001,464989,46.5,0.46724963188171387,0.0069653987884521484
ctx,16,1,16384,4096,16384,10,,,1000001,469948,47.0,0.46926403045654297,0.006491422653198242
ctx,16,1,16384,4096,16384,10,True,,1000001,467802,46.8,0.4568812847137451,0.006590604782104492
ctx,16,1,16384,4096,16384,1000,,,1000001,467270,46.7,0.47324323654174805,0.006745100021362305
ctx,16,1,16384,4096,16384,1000,True,,1000001,464989,46.5,0.4603707790374756,0.006461620330810547
ctx,16,1,16384,4096,16384,0,,,1000001,467270,46.7,0.4549732208251953,0.0068492889404296875
ctx,16,1,16384,4096,16384,0,True,,1000001,464989,46.5,0.4664740562438965,0.0072727203369140625
ctx,16,1,16384,16384,4096,10,,,1000001,451345,45.1,0.45075201988220215,0.006474494934082031
ctx,16,1,16384,16384,4096,10,True,,1000001,449141,44.9,0.48061203956604004,0.0069293975830078125
ctx,16,1,16384,16384,4096,1000,,,1000001,447346,44.7,0.46563720703125,0.007235288619995117
ctx,16,1,16384,16384,4096,1000,True,,1000001,444456,44.4,0.4839897155761719,0.007213592529296875
ctx,16,1,16384,16384,4096,0,,,1000001,447346,44.7,0.46866917610168457,0.006421089172363281
ctx,16,1,16384,16384,4096,0,True,,1000001,444456,44.4,0.45923709869384766,0.007065534591674805
ctx,16,1,16384,16384,16384,10,,,1000001,451345,45.1,0.48538947105407715,0.007672548294067383
ctx,16,1,16384,16384,16384,10,True,,1000001,449141,44.9,0.4924132823944092,0.0062351226806640625
ctx,16,1,16384,16384,16384,1000,,,1000001,447346,44.7,0.5116195678710938,0.006731748580932617
ctx,16,1,16384,16384,16384,1000,True,,1000001,444456,44.4,0.45998477935791016,0.0065860748291015625
ctx,16,1,16384,16384,16384,0,,,1000001,447346,44.7,0.46199655532836914,0.00720524787902832
ctx,16,1,16384,16384,16384,0,True,,1000001,444456,44.4,0.46540069580078125,0.0069277286529541016
ctx,16,1,65536,4096,4096,10,,,1000001,450317,45.0,0.1589949131011963,0.007078647613525391
ctx,16,1,65536,4096,4096,10,True,,1000001,448409,44.8,0.16352534294128418,0.007403850555419922
ctx,16,1,65536,4096,4096,1000,,,1000001,447140,44.7,0.16107916831970215,0.007693290710449219
ctx,16,1,65536,4096,4096,1000,True,,1000001,445082,44.5,0.16826176643371582,0.008328437805175781
ctx,16,1,65536,4096,4096,0,,,1000001,447140,44.7,0.16561174392700195,0.0066242218017578125
ctx,16,1,65536,4096,4096,0,True,,1000001,445082,44.5,0.16413593292236328,0.00715947151184082
ctx,16,1,65536,4096,16384,10,,,1000001,450317,45.0,0.16350603103637695,0.007492542266845703
ctx,16,1,65536,4096,16384,10,True,,1000001,448409,44.8,0.17096829414367676,0.006860256195068359
ctx,16,1,65536,4096,16384,1000,,,1000001,447140,44.7,0.16198325157165527,0.0074765682220458984
ctx,16,1,65536,4096,16384,1000,True,,1000001,445082,44.5,0.16160821914672852,0.006887674331665039
ctx,16,1,65536,4096,16384,0,,,1000001,447140,44.7,0.16199278831481934,0.00711512565612793
ctx,16,1,65536,4096,16384,0,True,,1000001,445082,44.5,0.16740655899047852,0.00717616081237793
ctx,16,1,65536,4096,65536,10,,,1000001,450317,45.0,0.1685488224029541,0.007614850997924805
ctx,16,1,65536,4096,65536,10,True,,1000001,448409,44.8,0.1672210693359375,0.0069522857666015625
ctx,16,1,65536,4096,65536,1000,,,1000001,447140,44.7,0.1718919277191162,0.0065534114837646484
ctx,16,1,65536,4096,65536,1000,True,,1000001,445082,44.5,0.1653881072998047,0.0077037811279296875
ctx,16,1,65536,4096,65536,0,,,1000001,447140,44.7,0.16636323928833008,0.006812334060668945
ctx,16,1,65536,4096,65536,0,True,,1000001,445082,44.5,0.16140151023864746,0.007926225662231445
ctx,16,1,65536,16384,4096,10,,,1000001,412153,41.2,0.1600940227508545,0.006730556488037109
ctx,16,1,65536,16384,4096,10,True,,1000001,410431,41.0,0.16299986839294434,0.005816459655761719
ctx,16,1,65536,16384,4096,1000,,,1000001,404803,40.5,0.16694974899291992,0.0067942142486572266
ctx,16,1,65536,16384,4096,1000,True,,1000001,402199,40.2,0.16584515571594238,0.0059320926666259766
ctx,16,1,65536,16384,4096,0,,,1000001,404803,40.5,0.16571497917175293,0.006690025329589844
ctx,16,1,65536,16384,4096,0,True,,1000001,402199,40.2,0.16895508766174316,0.00679469108581543
ctx,16,1,65536,16384,16384,10,,,1000001,412153,41.2,0.16543269157409668,0.005930662155151367
ctx,16,1,65536,16384,16384,10,True,,1000001,410431,41.0,0.16300678253173828,0.0063436031341552734
ctx,16,1,65536,16384,16384,1000,,,1000001,404803,40.5,0.16749215126037598,0.005576610565185547
ctx,16,1,65536,16384,16384,1000,True,,1000001,402199,40.2,0.16602182388305664,0.00695347785949707
ctx,16,1,65536,16384,16384,0,,,1000001,404803,40.5,0.16282176971435547,0.0072443485260009766
ctx,16,1,65536,16384,16384,0,True,,1000001,402199,40.2,0.16657614707946777,0.006041526794433594
ctx,16,1,65536,16384,65536,10,,,1000001,412153,41.2,0.15664982795715332,0.007421970367431641
ctx,16,1,65536,16384,65536,10,True,,1000001,410431,41.0,0.15736174583435059,0.006299257278442383
ctx,16,1,65536,16384,65536,1000,,,1000001,404803,40.5,0.15621590614318848,0.006136894226074219
ctx,16,1,65536,16384,65536,1000,True,,1000001,402199,40.2,0.16134905815124512,0.007184505462646484
ctx,16,1,65536,16384,65536,0,,,1000001,404803,40.5,0.1650557518005371,0.005726337432861328
ctx,16,1,65536,16384,65536,0,True,,1000001,402199,40.2,0.1628274917602539,0.006425619125366211
ctx,16,1,65536,65536,4096,10,,,1000001,402963,40.3,0.16104912757873535,0.00723576545715332
ctx,16,1,65536,65536,4096,10,True,,1000001,401384,40.1,0.15858125686645508,0.00637507438659668
ctx,16,1,65536,65536,4096,1000,,,1000001,392927,39.3,0.16323018074035645,0.006009340286254883
ctx,16,1,65536,65536,4096,1000,True,,1000001,389842,39.0,0.1622457504272461,0.005850076675415039
ctx,16,1,65536,65536,4096,0,,,1000001,392927,39.3,0.16115736961364746,0.005842447280883789
ctx,16,1,65536,65536,4096,0,True,,1000001,389842,39.0,0.15799450874328613,0.006058692932128906
ctx,16,1,65536,65536,16384,10,,,1000001,402963,40.3,0.1623845100402832,0.005661964416503906
ctx,16,1,65536,65536,16384,10,True,,1000001,401384,40.1,0.16465067863464355,0.006013393402099609
ctx,16,1,65536,65536,16384,1000,,,1000001,392927,39.3,0.16002559661865234,0.0061798095703125
ctx,16,1,65536,65536,16384,1000,True,,1000001,389842,39.0,0.16036224365234375,0.005839109420776367
ctx,16,1,65536,65536,16384,0,,,1000001,392927,39.3,0.17440485954284668,0.006264686584472656
ctx,16,1,65536,65536,16384,0,True,,1000001,389842,39.0,0.17045021057128906,0.005507469177246094
ctx,16,1,65536,65536,65536,10,,,1000001,402963,40.3,0.16518878936767578,0.007055759429931641
ctx,16,1,65536,65536,65536,10,True,,1000001,401384,40.1,0.16678667068481445,0.008218765258789062
ctx,16,1,65536,65536,65536,1000,,,1000001,392927,39.3,0.16634607315063477,0.0053899288177490234
ctx,16,1,65536,65536,65536,1000,True,,1000001,389842,39.0,0.17012238502502441,0.005778789520263672
ctx,16,1,65536,65536,65536,0,,,1000001,392927,39.3,0.16724538803100586,0.005625724792480469
ctx,16,1,65536,65536,65536,0,True,,1000001,389842,39.0,0.1593170166015625,0.006273031234741211
ctx,16,1,262144,4096,4096,10,,,1000001,445376,44.5,0.059510231018066406,0.008108377456665039
ctx,16,1,262144,4096,4096,10,True,,1000001,443477,44.3,0.06405830383300781,0.007754087448120117
ctx,16,1,262144,4096,4096,1000,,,1000001,442092,44.2,0.060973167419433594,0.007513523101806641
ctx,16,1,262144,4096,4096,1000,True,,1000001,440063,44.0,0.0619204044342041,0.008300542831420898
ctx,16,1,262144,4096,4096,0,,,1000001,442092,44.2,0.06128263473510742,0.007438182830810547
ctx,16,1,262144,4096,4096,0,True,,1000001,440063,44.0,0.057908058166503906,0.007430315017700195
ctx,16,1,262144,4096,16384,10,,,1000001,445376,44.5,0.06053781509399414,0.00812840461730957
ctx,16,1,262144,4096,16384,10,True,,1000001,443477,44.3,0.062340736389160156,0.008668899536132812
ctx,16,1,262144,4096,16384,1000,,,1000001,442092,44.2,0.05884289741516113,0.007813692092895508
ctx,16,1,262144,4096,16384,1000,True,,1000001,440063,44.0,0.05935049057006836,0.009197235107421875
ctx,16,1,262144,4096,16384,0,,,1000001,442092,44.2,0.06035041809082031,0.007705211639404297
ctx,16,1,262144,4096,16384,0,True,,1000001,440063,44.0,0.05955958366394043,0.008677005767822266
ctx,16,1,262144,4096,65536,10,,,1000001,445376,44.5,0.05737566947937012,0.007765293121337891
ctx,16,1,262144,4096,65536,10,True,,1000001,443477,44.3,0.0608980655670166,0.0073888301849365234
ctx,16,1,262144,4096,65536,1000,,,1000001,442092,44.2,0.059439659118652344,0.007921695709228516
ctx,16,1,262144,4096,65536,1000,True,,1000001,440063,44.0,0.06432199478149414,0.00852656364440918
ctx,16,1,262144,4096,65536,0,,,1000001,442092,44.2,0.06135845184326172,0.007132053375244141
ctx,16,1,262144,4096,65536,0,True,,1000001,440063,44.0,0.06345105171203613,0.009540319442749023
ctx,16,1,262144,4096,262144,10,,,1000001,445376,44.5,0.05733680725097656,0.00801396369934082
ctx,16,1,262144,4096,262144,10,True,,1000001,443477,44.3,0.06180143356323242,0.008710384368896484
ctx,16,1,262144,4096,262144,1000,,,1000001,442092,44.2,0.05751991271972656,0.007348299026489258
ctx,16,1,262144,4096,262144,1000,True,,1000001,440063,44.0,0.060210466384887695,0.008204221725463867
ctx,16,1,262144,4096,262144,0,,,1000001,442092,44.2,0.05698204040527344,0.007977485656738281
ctx,16,1,262144,4096,262144,0,True,,1000001,440063,44.0,0.06310200691223145,0.00852823257446289
ctx,16,1,262144,16384,4096,10,,,1000001,401414,40.1,0.057586669921875,0.006951570510864258
ctx,16,1,262144,16384,4096,10,True,,1000001,399918,40.0,0.05667924880981445,0.00728607177734375
ctx,16,1,262144,16384,4096,1000,,,1000001,393115,39.3,0.0620424747467041,0.0069122314453125
ctx,16,1,262144,16384,4096,1000,True,,1000001,390723,39.1,0.06084108352661133,0.007230520248413086
ctx,16,1,262144,16384,4096,0,,,1000001,393115,39.3,0.0585942268371582,0.006624460220336914
ctx,16,1,262144,16384,4096,0,True,,1000001,390723,39.1,0.05959677696228027,0.006649017333984375
ctx,16,1,262144,16384,16384,10,,,1000001,401414,40.1,0.06051802635192871,0.007180690765380859
ctx,16,1,262144,16384,16384,10,True,,1000001,399918,40.0,0.06111001968383789,0.0063822269439697266
ctx,16,1,262144,16384,16384,1000,,,1000001,393115,39.3,0.05873823165893555,0.006617069244384766
ctx,16,1,262144,16384,16384,1000,True,,1000001,390723,39.1,0.06107807159423828,0.006241559982299805
ctx,16,1,262144,16384,16384,0,,,1000001,393115,39.3,0.06150364875793457,0.007277250289916992
ctx,16,1,262144,16384,16384,0,True,,1000001,390723,39.1,0.06109881401062012,0.006415128707885742
ctx,16,1,262144,16384,65536,10,,,1000001,401414,40.1,0.05896639823913574,0.00644373893737793
ctx,16,1,262144,16384,65536,10,True,,1000001,399918,40.0,0.05899930000305176,0.007124662399291992
ctx,16,1,262144,16384,65536,1000,,,1000001,393115,39.3,0.05900073051452637,0.0066375732421875
ctx,16,1,262144,16384,65536,1000,True,,1000001,390723,39.1,0.06165742874145508,0.007269144058227539
ctx,16,1,262144,16384,65536,0,,,1000001,393115,39.3,0.06089353561401367,0.006793498992919922
ctx,16,1,262144,16384,65536,0,True,,1000001,390723,39.1,0.05817103385925293,0.007955789566040039
ctx,16,1,262144,16384,262144,10,,,1000001,401414,40.1,0.056861162185668945,0.006929874420166016
ctx,16,1,262144,16384,262144,10,True,,1000001,399918,40.0,0.06150221824645996,0.007051706314086914
ctx,16,1,262144,16384,262144,1000,,,1000001,393115,39.3,0.05531930923461914,0.00602412223815918
ctx,16,1,262144,16384,262144,1000,True,,1000001,390723,39.1,0.06258440017700195,0.006773948669433594
ctx,16,1,262144,16384,262144,0,,,1000001,393115,39.3,0.0586850643157959,0.0065310001373291016
ctx,16,1,262144,16384,262144,0,True,,1000001,390723,39.1,0.05954241752624512,0.007455587387084961
ctx,16,1,262144,65536,4096,10,,,1000001,382256,38.2,0.05693864822387695,0.0071468353271484375
ctx,16,1,262144,65536,4096,10,True,,1000001,381089,38.1,0.05852794647216797,0.006535053253173828
ctx,16,1,262144,65536,4096,1000,,,1000001,366473,36.6,0.06188535690307617,0.006356477737426758
ctx,16,1,262144,65536,4096,1000,True,,1000001,363701,36.4,0.06766271591186523,0.006211757659912109
ctx,16,1,262144,65536,4096,0,,,1000001,366473,36.6,0.06107473373413086,0.006573200225830078
ctx,16,1,262144,65536,4096,0,True,,1000001,363701,36.4,0.07147693634033203,0.006350994110107422
ctx,16,1,262144,65536,16384,10,,,1000001,382256,38.2,0.05825924873352051,0.0070645809173583984
ctx,16,1,262144,65536,16384,10,True,,1000001,381089,38.1,0.06028890609741211,0.006261348724365234
ctx,16,1,262144,65536,16384,1000,,,1000001,366473,36.6,0.06308245658874512,0.0059392452239990234
ctx,16,1,262144,65536,16384,1000,True,,1000001,363701,36.4,0.06508088111877441,0.006354331970214844
ctx,16,1,262144,65536,16384,0,,,1000001,366473,36.6,0.06258153915405273,0.00629734992980957
ctx,16,1,262144,65536,16384,0,True,,1000001,363701,36.4,0.06603217124938965,0.006090879440307617
ctx,16,1,262144,65536,65536,10,,,1000001,382256,38.2,0.056546688079833984,0.006867885589599609
ctx,16,1,262144,65536,65536,10,True,,1000001,381089,38.1,0.05698370933532715,0.008015871047973633
ctx,16,1,262144,65536,65536,1000,,,1000001,366473,36.6,0.06692218780517578,0.00791478157043457
ctx,16,1,262144,65536,65536,1000,True,,1000001,363701,36.4,0.07008051872253418,0.006127357482910156
ctx,16,1,262144,65536,65536,0,,,1000001,366473,36.6,0.06292033195495605,0.0058863162994384766
ctx,16,1,262144,65536,65536,0,True,,1000001,363701,36.4,0.06563615798950195,0.0065631866455078125
ctx,16,1,262144,65536,262144,10,,,1000001,382256,38.2,0.06129932403564453,0.0061130523681640625
ctx,16,1,262144,65536,262144,10,True,,1000001,381089,38.1,0.05796384811401367,0.0077877044677734375
ctx,16,1,262144,65536,262144,1000,,,1000001,366473,36.6,0.06324076652526855,0.005566596984863281
ctx,16,1,262144,65536,262144,1000,True,,1000001,363701,36.4,0.0676565170288086,0.006173133850097656
ctx,16,1,262144,65536,262144,0,,,1000001,366473,36.6,0.05973529815673828,0.006844758987426758
ctx,16,1,262144,65536,262144,0,True,,1000001,363701,36.4,0.06518316268920898,0.005990743637084961
ctx,16,1,262144,262144,4096,10,,,1000001,379792,38.0,0.06040000915527344,0.006303548812866211
ctx,16,1,262144,262144,4096,10,True,,1000001,378953,37.9,0.05990004539489746,0.005957126617431641
ctx,16,1,262144,262144,4096,1000,,,1000001,360871,36.1,0.0682370662689209,0.006676197052001953
ctx,16,1,262144,262144,4096,1000,True,,1000001,357762,35.8,0.07916426658630371,0.0069882869720458984
ctx,16,1,262144,262144,4096,0,,,1000001,360812,36.1,0.0708014965057373,0.005983591079711914
ctx,16,1,262144,262144,4096,0,True,,1000001,357673,35.8,0.0785837173461914,0.006919384002685547
ctx,16,1,262144,262144,16384,10,,,1000001,379792,38.0,0.05751681327819824,0.006708383560180664
ctx,16,1,262144,262144,16384,10,True,,1000001,378953,37.9,0.05844736099243164,0.0067632198333740234
ctx,16,1,262144,262144,16384,1000,,,1000001,360871,36.1,0.07016396522521973,0.006426095962524414
ctx,16,1,262144,262144,16384,1000,True,,1000001,357762,35.8,0.08028435707092285,0.0070590972900390625
ctx,16,1,262144,262144,16384,0,,,1000001,360812,36.1,0.06625509262084961,0.007439851760864258
ctx,16,1,262144,262144,16384,0,True,,1000001,357673,35.8,0.08186936378479004,0.006638765335083008
ctx,16,1,262144,262144,65536,10,,,1000001,379792,38.0,0.05760478973388672,0.006429433822631836
ctx,16,1,262144,262144,65536,10,True,,1000001,378953,37.9,0.0576324462890625,0.0060579776763916016
ctx,16,1,262144,262144,65536,1000,,,1000001,360871,36.1,0.06833815574645996,0.0069086551666259766
ctx,16,1,262144,262144,65536,1000,True,,1000001,357762,35.8,0.08171939849853516,0.00600886344909668
ctx,16,1,262144,262144,65536,0,,,1000001,360812,36.1,0.07243490219116211,0.005699634552001953
ctx,16,1,262144,262144,65536,0,True,,1000001,357673,35.8,0.08123469352722168,0.007334232330322266
ctx,16,1,262144,262144,262144,10,,,1000001,379792,38.0,0.05814361572265625,0.006424427032470703
ctx,16,1,262144,262144,262144,10,True,,1000001,378953,37.9,0.057514190673828125,0.0072634220123291016
ctx,16,1,262144,262144,262144,1000,,,1000001,360871,36.1,0.06901979446411133,0.005624532699584961
ctx,16,1,262144,262144,262144,1000,True,,1000001,357762,35.8,0.0798487663269043,0.005454540252685547
ctx,16,1,262144,262144,262144,0,,,1000001,360812,36.1,0.07111430168151855,0.005952596664428711
ctx,16,1,262144,262144,262144,0,True,,1000001,357673,35.8,0.08262038230895996,0.0063931941986083984
ctx,16,1,1048576,4096,4096,10,,,1000001,443952,44.4,0.049791574478149414,0.009739875793457031
ctx,16,1,1048576,4096,4096,10,True,,1000001,442083,44.2,0.05207419395446777,0.009424209594726562
ctx,16,1,1048576,4096,4096,1000,,,1000001,440606,44.1,0.05023026466369629,0.009978771209716797
ctx,16,1,1048576,4096,4096,1000,True,,1000001,438621,43.9,0.05250978469848633,0.00934457778930664
ctx,16,1,1048576,4096,4096,0,,,1000001,440606,44.1,0.05130910873413086,0.011973142623901367
ctx,16,1,1048576,4096,4096,0,True,,1000001,438621,43.9,0.05278491973876953,0.008798599243164062
ctx,16,1,1048576,4096,16384,10,,,1000001,443952,44.4,0.049060821533203125,0.008251428604125977
ctx,16,1,1048576,4096,16384,10,True,,1000001,442083,44.2,0.05164146423339844,0.009073257446289062
ctx,16,1,1048576,4096,16384,1000,,,1000001,440606,44.1,0.05124950408935547,0.00845479965209961
ctx,16,1,1048576,4096,16384,1000,True,,1000001,438621,43.9,0.055355072021484375,0.009646415710449219
ctx,16,1,1048576,4096,16384,0,,,1000001,440606,44.1,0.05212521553039551,0.00875234603881836
ctx,16,1,1048576,4096,16384,0,True,,1000001,438621,43.9,0.05334734916687012,0.009504079818725586
ctx,16,1,1048576,4096,65536,10,,,1000001,443952,44.4,0.050809383392333984,0.00909113883972168
ctx,16,1,1048576,4096,65536,10,True,,1000001,442083,44.2,0.05175209045410156,0.011022806167602539
ctx,16,1,1048576,4096,65536,1000,,,1000001,440606,44.1,0.05041646957397461,0.00921630859375
ctx,16,1,1048576,4096,65536,1000,True,,1000001,438621,43.9,0.05359911918640137,0.010105371475219727
ctx,16,1,1048576,4096,65536,0,,,1000001,440606,44.1,0.05312919616699219,0.009533882141113281
ctx,16,1,1048576,4096,65536,0,True,,1000001,438621,43.9,0.05299210548400879,0.009928703308105469
ctx,16,1,1048576,4096,262144,10,,,1000001,443952,44.4,0.049600839614868164,0.008794784545898438
ctx,16,1,1048576,4096,262144,10,True,,1000001,442083,44.2,0.051444053649902344,0.009946823120117188
ctx,16,1,1048576,4096,262144,1000,,,1000001,440606,44.1,0.05452442169189453,0.008428573608398438
ctx,16,1,1048576,4096,262144,1000,True,,1000001,438621,43.9,0.053652286529541016,0.009821176528930664
ctx,16,1,1048576,4096,262144,0,,,1000001,440606,44.1,0.05050539970397949,0.009498357772827148
ctx,16,1,1048576,4096,262144,0,True,,1000001,438621,43.9,0.05286836624145508,0.009232282638549805
ctx,16,1,1048576,4096,1048576,10,,,1000001,443952,44.4,0.05362820625305176,0.009167671203613281
ctx,16,1,1048576,4096,1048576,10,True,,1000001,442083,44.2,0.054288625717163086,0.00887298583984375
ctx,16,1,1048576,4096,1048576,1000,,,1000001,440606,44.1,0.051629066467285156,0.009189128875732422
ctx,16,1,1048576,4096,1048576,1000,True,,1000001,438621,43.9,0.05228233337402344,0.008715152740478516
ctx,16,1,1048576,4096,1048576,0,,,1000001,440606,44.1,0.05153083801269531,0.009795188903808594
ctx,16,1,1048576,4096,1048576,0,True,,1000001,438621,43.9,0.054520368576049805,0.009111881256103516
ctx,16,1,1048576,16384,4096,10,,,1000001,398325,39.8,0.04895305633544922,0.0078008174896240234
ctx,16,1,1048576,16384,4096,10,True,,1000001,396931,39.7,0.04971957206726074,0.007531166076660156
ctx,16,1,1048576,16384,4096,1000,,,1000001,389643,39.0,0.053554534912109375,0.00838327407836914
ctx,16,1,1048576,16384,4096,1000,True,,1000001,387351,38.7,0.06037425994873047,0.007700204849243164
ctx,16,1,1048576,16384,4096,0,,,1000001,389643,39.0,0.05547595024108887,0.0072956085205078125
ctx,16,1,1048576,16384,4096,0,True,,1000001,387351,38.7,0.060103654861450195,0.008803606033325195
ctx,16,1,1048576,16384,16384,10,,,1000001,398325,39.8,0.04929399490356445,0.009274005889892578
ctx,16,1,1048576,16384,16384,10,True,,1000001,396931,39.7,0.04953718185424805,0.008692502975463867
ctx,16,1,1048576,16384,16384,1000,,,1000001,389643,39.0,0.05341053009033203,0.008617639541625977
ctx,16,1,1048576,16384,16384,1000,True,,1000001,387351,38.7,0.05913901329040527,0.008180379867553711
ctx,16,1,1048576,16384,16384,0,,,1000001,389643,39.0,0.05347275733947754,0.008280754089355469
ctx,16,1,1048576,16384,16384,0,True,,1000001,387351,38.7,0.06159067153930664,0.008586406707763672
ctx,16,1,1048576,16384,65536,10,,,1000001,398325,39.8,0.04776191711425781,0.008643865585327148
ctx,16,1,1048576,16384,65536,10,True,,1000001,396931,39.7,0.04848647117614746,0.007948637008666992
ctx,16,1,1048576,16384,65536,1000,,,1000001,389643,39.0,0.05556035041809082,0.008637189865112305
ctx,16,1,1048576,16384,65536,1000,True,,1000001,387351,38.7,0.06072378158569336,0.008331775665283203
ctx,16,1,1048576,16384,65536,0,,,1000001,389643,39.0,0.05655527114868164,0.008047342300415039
ctx,16,1,1048576,16384,65536,0,True,,1000001,387351,38.7,0.06228280067443848,0.00939798355102539
ctx,16,1,1048576,16384,262144,10,,,1000001,398325,39.8,0.052288055419921875,0.01000356674194336
ctx,16,1,1048576,16384,262144,10,True,,1000001,396931,39.7,0.051690101623535156,0.008728265762329102
ctx,16,1,1048576,16384,262144,1000,,,1000001,389643,39.0,0.05423164367675781,0.007785797119140625
ctx,16,1,1048576,16384,262144,1000,True,,1000001,387351,38.7,0.05954933166503906,0.008238077163696289
ctx,16,1,1048576,16384,262144,0,,,1000001,389643,39.0,0.05503344535827637,0.008298873901367188
ctx,16,1,1048576,16384,262144,0,True,,1000001,387351,38.7,0.05969882011413574,0.007730722427368164
ctx,16,1,1048576,16384,1048576,10,,,1000001,398325,39.8,0.04912281036376953,0.008004426956176758
ctx,16,1,1048576,16384,1048576,10,True,,1000001,396931,39.7,0.05359673500061035,0.007723569869995117
ctx,16,1,1048576,16384,1048576,1000,,,1000001,389643,39.0,0.05517840385437012,0.008331775665283203
ctx,16,1,1048576,16384,1048576,1000,True,,1000001,387351,38.7,0.05873417854309082,0.009213447570800781
ctx,16,1,1048576,16384,1048576,0,,,1000001,389643,39.0,0.05206894874572754,0.00839853286743164
ctx,16,1,1048576,16384,1048576,0,True,,1000001,387351,38.7,0.06189727783203125,0.009012460708618164
ctx,16,1,1048576,65536,4096,10,,,1000001,374995,37.5,0.047850847244262695,0.007264614105224609
ctx,16,1,1048576,65536,4096,10,True,,1000001,374079,37.4,0.04954862594604492,0.009418487548828125
ctx,16,1,1048576,65536,4096,1000,,,1000001,356836,35.7,0.07524895668029785,0.007592201232910156
ctx,16,1,1048576,65536,4096,1000,True,,1000001,354286,35.4,0.0931100845336914,0.007910490036010742
ctx,16,1,1048576,65536,4096,0,,,1000001,356836,35.7,0.07552170753479004,0.00800633430480957
ctx,16,1,1048576,65536,4096,0,True,,1000001,354286,35.4,0.0950467586517334,0.00852203369140625
ctx,16,1,1048576,65536,16384,10,,,1000001,374995,37.5,0.04802989959716797,0.008286237716674805
ctx,16,1,1048576,65536,16384,10,True,,1000001,374079,37.4,0.05027961730957031,0.009255647659301758
ctx,16,1,1048576,65536,16384,1000,,,1000001,356836,35.7,0.07218241691589355,0.007009744644165039
ctx,16,1,1048576,65536,16384,1000,True,,1000001,354286,35.4,0.09602499008178711,0.007942676544189453
ctx,16,1,1048576,65536,16384,0,,,1000001,356836,35.7,0.07235193252563477,0.007630586624145508
ctx,16,1,1048576,65536,16384,0,True,,1000001,354286,35.4,0.09655904769897461,0.008090019226074219
ctx,16,1,1048576,65536,65536,10,,,1000001,374995,37.5,0.048931121826171875,0.0077702999114990234
ctx,16,1,1048576,65536,65536,10,True,,1000001,374079,37.4,0.0488736629486084,0.009051084518432617
ctx,16,1,1048576,65536,65536,1000,,,1000001,356836,35.7,0.07410669326782227,0.007252693176269531
ctx,16,1,1048576,65536,65536,1000,True,,1000001,354286,35.4,0.09348201751708984,0.007611513137817383
ctx,16,1,1048576,65536,65536,0,,,1000001,356836,35.7,0.07497882843017578,0.007695674896240234
ctx,16,1,1048576,65536,65536,0,True,,1000001,354286,35.4,0.09468340873718262,0.006311893463134766
ctx,16,1,1048576,65536,262144,10,,,1000001,374995,37.5,0.05045032501220703,0.007153749465942383
ctx,16,1,1048576,65536,262144,10,True,,1000001,374079,37.4,0.0522608757019043,0.00795602798461914
ctx,16,1,1048576,65536,262144,1000,,,1000001,356836,35.7,0.07367134094238281,0.008685111999511719
ctx,16,1,1048576,65536,262144,1000,True,,1000001,354286,35.4,0.0947268009185791,0.007933855056762695
ctx,16,1,1048576,65536,262144,0,,,1000001,356836,35.7,0.07369351387023926,0.007897377014160156
ctx,16,1,1048576,65536,262144,0,True,,1000001,354286,35.4,0.0943915843963623,0.007199525833129883
ctx,16,1,1048576,65536,1048576,10,,,1000001,374995,37.5,0.04903578758239746,0.006749153137207031
ctx,16,1,1048576,65536,1048576,10,True,,1000001,374079,37.4,0.04990100860595703,0.007807731628417969
ctx,16,1,1048576,65536,1048576,1000,,,1000001,356836,35.7,0.07486224174499512,0.006357669830322266
ctx,16,1,1048576,65536,1048576,1000,True,,1000001,354286,35.4,0.0958411693572998,0.007537841796875
ctx,16,1,1048576,65536,1048576,0,,,1000001,356836,35.7,0.07309794425964355,0.008352041244506836
ctx,16,1,1048576,65536,1048576,0,True,,1000001,354286,35.4,0.0956716537475586,0.006971120834350586
ctx,16,1,1048576,262144,4096,10,,,1000001,368818,36.9,0.05449342727661133,0.007715702056884766
ctx,16,1,1048576,262144,4096,10,True,,1000001,368599,36.9,0.04824471473693848,0.006853818893432617
ctx,16,1,1048576,262144,4096,1000,,,1000001,341245,34.1,0.15214109420776367,0.007319927215576172
ctx,16,1,1048576,262144,4096,1000,True,,1000001,338287,33.8,0.22110557556152344,0.0071659088134765625
ctx,16,1,1048576,262144,4096,0,,,1000001,340909,34.1,0.16908550262451172,0.007063865661621094
ctx,16,1,1048576,262144,4096,0,True,,1000001,337929,33.8,0.25748300552368164,0.006526470184326172
ctx,16,1,1048576,262144,16384,10,,,1000001,368818,36.9,0.04973125457763672,0.0070171356201171875
ctx,16,1,1048576,262144,16384,10,True,,1000001,368599,36.9,0.05056571960449219,0.007195711135864258
ctx,16,1,1048576,262144,16384,1000,,,1000001,341245,34.1,0.14972829818725586,0.007195234298706055
ctx,16,1,1048576,262144,16384,1000,True,,1000001,338287,33.8,0.22123026847839355,0.006752967834472656
ctx,16,1,1048576,262144,16384,0,,,1000001,340909,34.1,0.16362547874450684,0.00675654411315918
ctx,16,1,1048576,262144,16384,0,True,,1000001,337929,33.8,0.25637364387512207,0.007311820983886719
ctx,16,1,1048576,262144,65536,10,,,1000001,368818,36.9,0.04839491844177246,0.00773310661315918
ctx,16,1,1048576,262144,65536,10,True,,1000001,368599,36.9,0.05043196678161621,0.007447004318237305
ctx,16,1,1048576,262144,65536,1000,,,1000001,341245,34.1,0.14659500122070312,0.007136106491088867
ctx,16,1,1048576,262144,65536,1000,True,,1000001,338287,33.8,0.22771596908569336,0.008475065231323242
ctx,16,1,1048576,262144,65536,0,,,1000001,340909,34.1,0.17153167724609375,0.007745504379272461
ctx,16,1,1048576,262144,65536,0,True,,1000001,337929,33.8,0.2598090171813965,0.007046699523925781
ctx,16,1,1048576,262144,262144,10,,,1000001,368818,36.9,0.04695868492126465,0.007414102554321289
ctx,16,1,1048576,262144,262144,10,True,,1000001,368599,36.9,0.050208091735839844,0.007017374038696289
ctx,16,1,1048576,262144,262144,1000,,,1000001,341245,34.1,0.15216851234436035,0.00759434700012207
ctx,16,1,1048576,262144,262144,1000,True,,1000001,338287,33.8,0.22538137435913086,0.007067203521728516
ctx,16,1,1048576,262144,262144,0,,,1000001,340909,34.1,0.16567277908325195,0.007117748260498047
ctx,16,1,1048576,262144,262144,0,True,,1000001,337929,33.8,0.25258421897888184,0.007884025573730469
ctx,16,1,1048576,262144,1048576,10,,,1000001,368818,36.9,0.05152106285095215,0.008986234664916992
ctx,16,1,1048576,262144,1048576,10,True,,1000001,368599,36.9,0.04957699775695801,0.007010936737060547
ctx,16,1,1048576,262144,1048576,1000,,,1000001,341245,34.1,0.1516437530517578,0.006939411163330078
ctx,16,1,1048576,262144,1048576,1000,True,,1000001,338287,33.8,0.22781109809875488,0.00737309455871582
ctx,16,1,1048576,262144,1048576,0,,,1000001,340909,34.1,0.16680240631103516,0.006116151809692383
ctx,16,1,1048576,262144,1048576,0,True,,1000001,337929,33.8,0.2575359344482422,0.007309913635253906
ctx,16,1,1048576,1048576,4096,10,,,1000001,367532,36.8,0.049345970153808594,0.008828878402709961
ctx,16,1,1048576,1048576,4096,10,True,,1000001,367789,36.8,0.05305171012878418,0.007353067398071289
ctx,16,1,1048576,1048576,4096,1000,,,1000001,336715,33.7,0.27260661125183105,0.007790327072143555
ctx,16,1,1048576,1048576,4096,1000,True,,1000001,334203,33.4,0.4347727298736572,0.008914470672607422
ctx,16,1,1048576,1048576,4096,0,,,1000001,335868,33.6,0.41054749488830566,0.007799625396728516
ctx,16,1,1048576,1048576,4096,0,True,,1000001,333194,33.3,0.6869869232177734,0.006852149963378906
ctx,16,1,1048576,1048576,16384,10,,,1000001,367532,36.8,0.05015373229980469,0.0075838565826416016
ctx,16,1,1048576,1048576,16384,10,True,,1000001,367789,36.8,0.05077171325683594,0.008026599884033203
ctx,16,1,1048576,1048576,16384,1000,,,1000001,336715,33.7,0.27566003799438477,0.006644010543823242
ctx,16,1,1048576,1048576,16384,1000,True,,1000001,334203,33.4,0.42862939834594727,0.008763313293457031
ctx,16,1,1048576,1048576,16384,0,,,1000001,335868,33.6,0.41680026054382324,0.007383823394775391
ctx,16,1,1048576,1048576,16384,0,True,,1000001,333194,33.3,0.6830317974090576,0.00584721565246582
ctx,16,1,1048576,1048576,65536,10,,,1000001,367532,36.8,0.05202126502990723,0.007363557815551758
ctx,16,1,1048576,1048576,65536,10,True,,1000001,367789,36.8,0.05061006546020508,0.008368730545043945
ctx,16,1,1048576,1048576,65536,1000,,,1000001,336715,33.7,0.27074408531188965,0.0068476200103759766
ctx,16,1,1048576,1048576,65536,1000,True,,1000001,334203,33.4,0.43465399742126465,0.007306575775146484
ctx,16,1,1048576,1048576,65536,0,,,1000001,335868,33.6,0.4104170799255371,0.007352352142333984
ctx,16,1,1048576,1048576,65536,0,True,,1000001,333194,33.3,0.6869354248046875,0.007050275802612305
ctx,16,1,1048576,1048576,262144,10,,,1000001,367532,36.8,0.049077510833740234,0.007635593414306641
ctx,16,1,1048576,1048576,262144,10,True,,1000001,367789,36.8,0.052277565002441406,0.008088350296020508
ctx,16,1,1048576,1048576,262144,1000,,,1000001,336715,33.7,0.27207279205322266,0.006148815155029297
ctx,16,1,1048576,1048576,262144,1000,True,,1000001,334203,33.4,0.4427332878112793,0.00643467903137207
ctx,16,1,1048576,1048576,262144,0,,,1000001,335868,33.6,0.4161534309387207,0.0077478885650634766
ctx,16,1,1048576,1048576,262144,0,True,,1000001,333194,33.3,0.6829650402069092,0.0064580440521240234
ctx,16,1,1048576,1048576,1048576,10,,,1000001,367532,36.8,0.05101442337036133,0.007399320602416992
ctx,16,1,1048576,1048576,1048576,10,True,,1000001,367789,36.8,0.04985690116882324,0.007551431655883789
ctx,16,1,1048576,1048576,1048576,1000,,,1000001,336715,33.7,0.27608156204223633,0.0073089599609375
ctx,16,1,1048576,1048576,1048576,1000,True,,1000001,334203,33.4,0.4544029235839844,0.006032466888427734
ctx,16,1,1048576,1048576,1048576,0,,,1000001,335868,33.6,0.4562983512878418,0.007584333419799805
ctx,16,1,1048576,1048576,1048576,0,True,,1000001,333194,33.3,0.6846072673797607,0.006496429443359375
ctx,16,1,16384,4096,4096,10,,True,1000001,465958,46.6,0.495349645614624,0.0067555904388427734
ctx,16,1,16384,4096,4096,1000,,True,1000001,463164,46.3,0.4772496223449707,0.006842851638793945
ctx,16,1,16384,4096,4096,0,,True,1000001,463164,46.3,0.4689671993255615,0.00812387466430664
ctx,16,1,16384,4096,16384,10,,True,1000001,465958,46.6,0.46259450912475586,0.00680851936340332
ctx,16,1,16384,4096,16384,1000,,True,1000001,463164,46.3,0.49088096618652344,0.008755207061767578
ctx,16,1,16384,4096,16384,0,,True,1000001,463164,46.3,0.47129273414611816,0.007183551788330078
ctx,16,1,16384,16384,4096,10,,True,1000001,444229,44.4,0.4643263816833496,0.007106304168701172
ctx,16,1,16384,16384,4096,1000,,True,1000001,439409,43.9,0.4744687080383301,0.00760650634765625
ctx,16,1,16384,16384,4096,0,,True,1000001,439409,43.9,0.4871177673339844,0.0068361759185791016
ctx,16,1,16384,16384,16384,10,,True,1000001,444229,44.4,0.4988265037536621,0.007111072540283203
ctx,16,1,16384,16384,16384,1000,,True,1000001,439409,43.9,0.4698305130004883,0.007016181945800781
ctx,16,1,16384,16384,16384,0,,True,1000001,439409,43.9,0.47806835174560547,0.008220911026000977
ctx,16,1,65536,4096,4096,10,,True,1000001,446478,44.6,0.17264389991760254,0.006776571273803711
ctx,16,1,65536,4096,4096,1000,,True,1000001,443192,44.3,0.17537426948547363,0.007233619689941406
ctx,16,1,65536,4096,4096,0,,True,1000001,443192,44.3,0.1698296070098877,0.007442951202392578
ctx,16,1,65536,4096,16384,10,,True,1000001,446478,44.6,0.17185711860656738,0.007799863815307617
ctx,16,1,65536,4096,16384,1000,,True,1000001,443192,44.3,0.1709580421447754,0.008471012115478516
ctx,16,1,65536,4096,16384,0,,True,1000001,443192,44.3,0.17141962051391602,0.007547855377197266
ctx,16,1,65536,4096,65536,10,,True,1000001,446478,44.6,0.16815710067749023,0.006989479064941406
ctx,16,1,65536,4096,65536,1000,,True,1000001,443192,44.3,0.16371512413024902,0.006971597671508789
ctx,16,1,65536,4096,65536,0,,True,1000001,443192,44.3,0.17711663246154785,0.00676727294921875
ctx,16,1,65536,16384,4096,10,,True,1000001,404273,40.4,0.17113018035888672,0.006045818328857422
ctx,16,1,65536,16384,4096,1000,,True,1000001,396205,39.6,0.17425131797790527,0.007186174392700195
ctx,16,1,65536,16384,4096,0,,True,1000001,396205,39.6,0.17554259300231934,0.005796670913696289
ctx,16,1,65536,16384,16384,10,,True,1000001,404273,40.4,0.17294073104858398,0.006355762481689453
ctx,16,1,65536,16384,16384,1000,,True,1000001,396205,39.6,0.1677258014678955,0.006464719772338867
ctx,16,1,65536,16384,16384,0,,True,1000001,396205,39.6,0.1728074550628662,0.006082296371459961
ctx,16,1,65536,16384,65536,10,,True,1000001,404273,40.4,0.1687488555908203,0.006696224212646484
ctx,16,1,65536,16384,65536,1000,,True,1000001,396205,39.6,0.1781330108642578,0.0065746307373046875
ctx,16,1,65536,16384,65536,0,,True,1000001,396205,39.6,0.17442011833190918,0.007374286651611328
ctx,16,1,65536,65536,4096,10,,True,1000001,393201,39.3,0.16879773139953613,0.006153583526611328
ctx,16,1,65536,65536,4096,1000,,True,1000001,381680,38.2,0.18124818801879883,0.006009101867675781
ctx,16,1,65536,65536,4096,0,,True,1000001,381680,38.2,0.18082857131958008,0.0060384273529052734
ctx,16,1,65536,65536,16384,10,,True,1000001,393201,39.3,0.16660571098327637,0.006998300552368164
ctx,16,1,65536,65536,16384,1000,,True,1000001,381680,38.2,0.18181371688842773,0.0070683956146240234
ctx,16,1,65536,65536,16384,0,,True,1000001,381680,38.2,0.18370389938354492,0.0069446563720703125
ctx,16,1,65536,65536,65536,10,,True,1000001,393201,39.3,0.17624354362487793,0.00700068473815918
ctx,16,1,65536,65536,65536,1000,,True,1000001,381680,38.2,0.1862962245941162,0.005677938461303711
ctx,16,1,65536,65536,65536,0,,True,1000001,381680,38.2,0.18573951721191406,0.00803065299987793
ctx,16,1,262144,4096,4096,10,,True,1000001,441544,44.2,0.08157873153686523,0.008088111877441406
ctx,16,1,262144,4096,4096,1000,,True,1000001,438168,43.8,0.0842738151550293,0.009019136428833008
ctx,16,1,262144,4096,4096,0,,True,1000001,438168,43.8,0.08727550506591797,0.007718801498413086
ctx,16,1,262144,4096,16384,10,,True,1000001,441544,44.2,0.08954286575317383,0.008882761001586914
ctx,16,1,262144,4096,16384,1000,,True,1000001,438168,43.8,0.0890963077545166,0.007483720779418945
ctx,16,1,262144,4096,16384,0,,True,1000001,438168,43.8,0.08666157722473145,0.008585453033447266
ctx,16,1,262144,4096,65536,10,,True,1000001,441544,44.2,0.07741904258728027,0.007758140563964844
ctx,16,1,262144,4096,65536,1000,,True,1000001,438168,43.8,0.08850598335266113,0.009019136428833008
ctx,16,1,262144,4096,65536,0,,True,1000001,438168,43.8,0.08777832984924316,0.008071660995483398
ctx,16,1,262144,4096,262144,10,,True,1000001,441544,44.2,0.08279705047607422,0.008588314056396484
ctx,16,1,262144,4096,262144,1000,,True,1000001,438168,43.8,0.08761739730834961,0.008248329162597656
ctx,16,1,262144,4096,262144,0,,True,1000001,438168,43.8,0.08672595024108887,0.007649421691894531
ctx,16,1,262144,16384,4096,10,,True,1000001,393641,39.4,0.08103203773498535,0.006898403167724609
ctx,16,1,262144,16384,4096,1000,,True,1000001,384755,38.5,0.11270308494567871,0.00770115852355957
ctx,16,1,262144,16384,4096,0,,True,1000001,384755,38.5,0.12052202224731445,0.007129192352294922
ctx,16,1,262144,16384,16384,10,,True,1000001,393641,39.4,0.0801091194152832,0.0070993900299072266
ctx,16,1,262144,16384,16384,1000,,True,1000001,384755,38.5,0.1127626895904541,0.007860660552978516
ctx,16,1,262144,16384,16384,0,,True,1000001,384755,38.5,0.1206672191619873,0.007370710372924805
ctx,16,1,262144,16384,65536,10,,True,1000001,393641,39.4,0.08367538452148438,0.007589817047119141
ctx,16,1,262144,16384,65536,1000,,True,1000001,384755,38.5,0.11566710472106934,0.006797313690185547
ctx,16,1,262144,16384,65536,0,,True,1000001,384755,38.5,0.11481761932373047,0.0067288875579833984
ctx,16,1,262144,16384,262144,10,,True,1000001,393641,39.4,0.08114218711853027,0.0068852901458740234
ctx,16,1,262144,16384,262144,1000,,True,1000001,384755,38.5,0.1189429759979248,0.007294893264770508
ctx,16,1,262144,16384,262144,0,,True,1000001,384755,38.5,0.11631131172180176,0.0066568851470947266
ctx,16,1,262144,65536,4096,10,,True,1000001,372046,37.2,0.08751058578491211,0.00710296630859375
ctx,16,1,262144,65536,4096,1000,,True,1000001,355050,35.5,0.1914997100830078,0.0067594051361083984
ctx,16,1,262144,65536,4096,0,,True,1000001,355050,35.5,0.20205092430114746,0.006697416305541992
ctx,16,1,262144,65536,16384,10,,True,1000001,372046,37.2,0.08126091957092285,0.006572723388671875
ctx,16,1,262144,65536,16384,1000,,True,1000001,355050,35.5,0.18915700912475586,0.007470607757568359
ctx,16,1,262144,65536,16384,0,,True,1000001,355050,35.5,0.19582462310791016,0.006288051605224609
ctx,16,1,262144,65536,65536,10,,True,1000001,372046,37.2,0.08825302124023438,0.006261587142944336
ctx,16,1,262144,65536,65536,1000,,True,1000001,355050,35.5,0.18898487091064453,0.008095026016235352
ctx,16,1,262144,65536,65536,0,,True,1000001,355050,35.5,0.1981804370880127,0.005898237228393555
ctx,16,1,262144,65536,262144,10,,True,1000001,372046,37.2,0.0852663516998291,0.006593465805053711
ctx,16,1,262144,65536,262144,1000,,True,1000001,355050,35.5,0.19316339492797852,0.007158041000366211
ctx,16,1,262144,65536,262144,0,,True,1000001,355050,35.5,0.19647955894470215,0.006612300872802734
ctx,16,1,262144,262144,4096,10,,True,1000001,367385,36.7,0.08627057075500488,0.006444692611694336
ctx,16,1,262144,262144,4096,1000,,True,1000001,345547,34.6,0.29858899116516113,0.005820035934448242
ctx,16,1,262144,262144,4096,0,,True,1000001,345455,34.5,0.34168243408203125,0.006366252899169922
ctx,16,1,262144,262144,16384,10,,True,1000001,367385,36.7,0.09001040458679199,0.007328987121582031
ctx,16,1,262144,262144,16384,1000,,True,1000001,345547,34.6,0.298107385635376,0.006946086883544922
ctx,16,1,262144,262144,16384,0,,True,1000001,345455,34.5,0.33582043647766113,0.005738496780395508
ctx,16,1,262144,262144,65536,10,,True,1000001,367385,36.7,0.08903980255126953,0.006916522979736328
ctx,16,1,262144,262144,65536,1000,,True,1000001,345547,34.6,0.28905797004699707,0.006742954254150391
ctx,16,1,262144,262144,65536,0,,True,1000001,345455,34.5,0.33400893211364746,0.006466865539550781
ctx,16,1,262144,262144,262144,10,,True,1000001,367385,36.7,0.08822345733642578,0.006987333297729492
ctx,16,1,262144,262144,262144,1000,,True,1000001,345547,34.6,0.2895040512084961,0.006233692169189453
ctx,16,1,262144,262144,262144,0,,True,1000001,345455,34.5,0.3391754627227783,0.0060656070709228516
ctx,16,1,1048576,4096,4096,10,,True,1000001,440117,44.0,0.11868548393249512,0.010357141494750977
ctx,16,1,1048576,4096,4096,1000,,True,1000001,436707,43.7,0.1520693302154541,0.011519432067871094
ctx,16,1,1048576,4096,4096,0,,True,1000001,436707,43.7,0.14786481857299805,0.010697364807128906
ctx,16,1,1048576,4096,16384,10,,True,1000001,440117,44.0,0.11711502075195312,0.00876617431640625
ctx,16,1,1048576,4096,16384,1000,,True,1000001,436707,43.7,0.1577293872833252,0.010299205780029297
ctx,16,1,1048576,4096,16384,0,,True,1000001,436707,43.7,0.14552044868469238,0.009514331817626953
ctx,16,1,1048576,4096,65536,10,,True,1000001,440117,44.0,0.121368408203125,0.010033130645751953
ctx,16,1,1048576,4096,65536,1000,,True,1000001,436707,43.7,0.14811921119689941,0.00961446762084961
ctx,16,1,1048576,4096,65536,0,,True,1000001,436707,43.7,0.1471691131591797,0.010335922241210938
ctx,16,1,1048576,4096,262144,10,,True,1000001,440117,44.0,0.11821937561035156,0.011519432067871094
ctx,16,1,1048576,4096,262144,1000,,True,1000001,436707,43.7,0.15940451622009277,0.009833335876464844
ctx,16,1,1048576,4096,262144,0,,True,1000001,436707,43.7,0.15946483612060547,0.009717226028442383
ctx,16,1,1048576,4096,1048576,10,,True,1000001,440117,44.0,0.1060938835144043,0.009331464767456055
ctx,16,1,1048576,4096,1048576,1000,,True,1000001,436707,43.7,0.1467902660369873,0.0108489990234375
ctx,16,1,1048576,4096,1048576,0,,True,1000001,436707,43.7,0.146378755569458,0.01067662239074707
ctx,16,1,1048576,16384,4096,10,,True,1000001,390579,39.1,0.12636423110961914,0.010635852813720703
ctx,16,1,1048576,16384,4096,1000,,True,1000001,381411,38.1,0.24628019332885742,0.008649826049804688
ctx,16,1,1048576,16384,4096,0,,True,1000001,381411,38.1,0.25287294387817383,0.010084867477416992
ctx,16,1,1048576,16384,16384,10,,True,1000001,390579,39.1,0.11779284477233887,0.011360406875610352
ctx,16,1,1048576,16384,16384,1000,,True,1000001,381411,38.1,0.24506878852844238,0.008067846298217773
ctx,16,1,1048576,16384,16384,0,,True,1000001,381411,38.1,0.24358916282653809,0.009005546569824219
ctx,16,1,1048576,16384,65536,10,,True,1000001,390579,39.1,0.12766075134277344,0.010716438293457031
ctx,16,1,1048576,16384,65536,1000,,True,1000001,381411,38.1,0.23938894271850586,0.0076291561126708984
ctx,16,1,1048576,16384,65536,0,,True,1000001,381411,38.1,0.24732422828674316,0.008292198181152344
ctx,16,1,1048576,16384,262144,10,,True,1000001,390579,39.1,0.1255505084991455,0.009008407592773438
ctx,16,1,1048576,16384,262144,1000,,True,1000001,381411,38.1,0.2553863525390625,0.010514259338378906
ctx,16,1,1048576,16384,262144,0,,True,1000001,381411,38.1,0.25005340576171875,0.008343935012817383
ctx,16,1,1048576,16384,1048576,10,,True,1000001,390579,39.1,0.13811516761779785,0.008735179901123047
ctx,16,1,1048576,16384,1048576,1000,,True,1000001,381411,38.1,0.2501866817474365,0.008679628372192383
ctx,16,1,1048576,16384,1048576,0,,True,1000001,381411,38.1,0.24811792373657227,0.008015155792236328
ctx,16,1,1048576,65536,4096,10,,True,1000001,364837,36.5,0.14809441566467285,0.00850224494934082
ctx,16,1,1048576,65536,4096,1000,,True,1000001,345842,34.6,0.5480592250823975,0.00789642333984375
ctx,16,1,1048576,65536,4096,0,,True,1000001,345842,34.6,0.5486037731170654,0.008713483810424805
ctx,16,1,1048576,65536,16384,10,,True,1000001,364837,36.5,0.14690375328063965,0.0076215267181396484
ctx,16,1,1048576,65536,16384,1000,,True,1000001,345842,34.6,0.5437803268432617,0.007060527801513672
ctx,16,1,1048576,65536,16384,0,,True,1000001,345842,34.6,0.5459692478179932,0.008051156997680664
ctx,16,1,1048576,65536,65536,10,,True,1000001,364837,36.5,0.13571763038635254,0.00787043571472168
ctx,16,1,1048576,65536,65536,1000,,True,1000001,345842,34.6,0.528660774230957,0.007401943206787109
ctx,16,1,1048576,65536,65536,0,,True,1000001,345842,34.6,0.551372766494751,0.007996320724487305
ctx,16,1,1048576,65536,262144,10,,True,1000001,364837,36.5,0.1382286548614502,0.008987903594970703
ctx,16,1,1048576,65536,262144,1000,,True,1000001,345842,34.6,0.5414540767669678,0.008758306503295898
ctx,16,1,1048576,65536,262144,0,,True,1000001,345842,34.6,0.5527679920196533,0.006791114807128906
ctx,16,1,1048576,65536,1048576,10,,True,1000001,364837,36.5,0.13044261932373047,0.008529424667358398
ctx,16,1,1048576,65536,1048576,1000,,True,1000001,345842,34.6,0.5438110828399658,0.007786273956298828
ctx,16,1,1048576,65536,1048576,0,,True,1000001,345842,34.6,0.5423486232757568,0.007391452789306641
ctx,16,1,1048576,262144,4096,10,,True,1000001,355350,35.5,0.14452004432678223,0.007783174514770508
ctx,16,1,1048576,262144,4096,1000,,True,1000001,325025,32.5,1.4272642135620117,0.007089376449584961
ctx,16,1,1048576,262144,4096,0,,True,1000001,324703,32.5,1.712378740310669,0.0074541568756103516
ctx,16,1,1048576,262144,16384,10,,True,1000001,355350,35.5,0.14797472953796387,0.007506847381591797
ctx,16,1,1048576,262144,16384,1000,,True,1000001,325025,32.5,1.4233286380767822,0.006991147994995117
ctx,16,1,1048576,262144,16384,0,,True,1000001,324703,32.5,1.669724702835083,0.0074307918548583984
ctx,16,1,1048576,262144,65536,10,,True,1000001,355350,35.5,0.14338374137878418,0.007907390594482422
ctx,16,1,1048576,262144,65536,1000,,True,1000001,325025,32.5,1.4018986225128174,0.0060994625091552734
ctx,16,1,1048576,262144,65536,0,,True,1000001,324703,32.5,1.6715562343597412,0.009013652801513672
ctx,16,1,1048576,262144,262144,10,,True,1000001,355350,35.5,0.1581425666809082,0.009128808975219727
ctx,16,1,1048576,262144,262144,1000,,True,1000001,325025,32.5,1.391524314880371,0.008322954177856445
ctx,16,1,1048576,262144,262144,0,,True,1000001,324703,32.5,1.657336950302124,0.007073640823364258
ctx,16,1,1048576,262144,1048576,10,,True,1000001,355350,35.5,0.14664292335510254,0.007284402847290039
ctx,16,1,1048576,262144,1048576,1000,,True,1000001,325025,32.5,1.4208757877349854,0.006737232208251953
ctx,16,1,1048576,262144,1048576,0,,True,1000001,324703,32.5,1.6946532726287842,0.007265329360961914
ctx,16,1,1048576,1048576,4096,10,,True,1000001,352672,35.3,0.15163183212280273,0.007543325424194336
ctx,16,1,1048576,1048576,4096,1000,,True,1000001,317267,31.7,2.631124973297119,0.0070345401763916016
ctx,16,1,1048576,1048576,4096,0,,True,1000001,316458,31.6,4.438647031784058,0.007004737854003906
ctx,16,1,1048576,1048576,16384,10,,True,1000001,352672,35.3,0.14688634872436523,0.007031679153442383
ctx,16,1,1048576,1048576,16384,1000,,True,1000001,317267,31.7,2.672632932662964,0.007867813110351562
ctx,16,1,1048576,1048576,16384,0,,True,1000001,316458,31.6,4.437120676040649,0.007653236389160156
ctx,16,1,1048576,1048576,65536,10,,True,1000001,352672,35.3,0.14048242568969727,0.00832676887512207
ctx,16,1,1048576,1048576,65536,1000,,True,1000001,317267,31.7,2.621269702911377,0.007356166839599609
ctx,16,1,1048576,1048576,65536,0,,True,1000001,316458,31.6,4.45108699798584,0.007567167282104492
ctx,16,1,1048576,1048576,262144,10,,True,1000001,352672,35.3,0.1606135368347168,0.00860595703125
ctx,16,1,1048576,1048576,262144,1000,,True,1000001,317267,31.7,2.6279566287994385,0.007384061813354492
ctx,16,1,1048576,1048576,262144,0,,True,1000001,316458,31.6,4.386092901229858,0.006696462631225586
ctx,16,1,1048576,1048576,1048576,10,,True,1000001,352672,35.3,0.1442699432373047,0.008536100387573242
ctx,16,1,1048576,1048576,1048576,1000,,True,1000001,317267,31.7,2.6371262073516846,0.007399082183837891
ctx,16,1,1048576,1048576,1048576,0,,True,1000001,316458,31.6,4.411621809005737,0.00799703598022461
