-f,-j,-b,--block-size,--window-size,--future-limit,--max-matches,--lazy-matching,-O,orig_size,enc_size,ratio,enc_time,dec_time
ctx,1,1,16384,4096,4096,10,,,10000000,4892610,48.9,19.60613489151001,0.056014060974121094
ctx,1,1,16384,4096,4096,10,True,,10000000,4869117,48.7,19.821134567260742,0.05819416046142578
ctx,1,1,16384,4096,4096,1000,,,10000000,4864360,48.6,20.00606060028076,0.05469703674316406
ctx,1,1,16384,4096,4096,1000,True,,10000000,4839283,48.4,19.498652696609497,0.057225704193115234
ctx,1,1,16384,4096,4096,0,,,10000000,4864360,48.6,19.52678155899048,0.05616044998168945
ctx,1,1,16384,4096,4096,0,True,,10000000,4839283,48.4,19.677356004714966,0.05743718147277832
ctx,1,1,16384,4096,16384,10,,,10000000,4892610,48.9,19.72916078567505,0.05882549285888672
ctx,1,1,16384,4096,16384,10,True,,10000000,4869117,48.7,19.671508073806763,0.05718541145324707
ctx,1,1,16384,4096,16384,1000,,,10000000,4864360,48.6,19.42173194885254,0.05717635154724121
ctx,1,1,16384,4096,16384,1000,True,,10000000,4839283,48.4,19.00232219696045,0.061893463134765625
ctx,1,1,16384,4096,16384,0,,,10000000,4864360,48.6,20.168821096420288,0.05583763122558594
ctx,1,1,16384,4096,16384,0,True,,10000000,4839283,48.4,20.345412254333496,0.05546998977661133
ctx,1,1,16384,16384,4096,10,,,10000000,4693575,46.9,19.741684913635254,0.055176496505737305
ctx,1,1,16384,16384,4096,10,True,,10000000,4668019,46.7,20.156768321990967,0.0532073974609375
ctx,1,1,16384,16384,4096,1000,,,10000000,4651729,46.5,20.00112509727478,0.05274796485900879
ctx,1,1,16384,16384,4096,1000,True,,10000000,4620577,46.2,19.877336978912354,0.053876638412475586
ctx,1,1,16384,16384,4096,0,,,10000000,4651729,46.5,20.18409538269043,0.05502748489379883
ctx,1,1,16384,16384,4096,0,True,,10000000,4620577,46.2,19.757325649261475,0.05292630195617676
ctx,1,1,16384,16384,16384,10,,,10000000,4693575,46.9,19.431405067443848,0.05439352989196777
ctx,1,1,16384,16384,16384,10,True,,10000000,4668019,46.7,18.939398527145386,0.054489850997924805
ctx,1,1,16384,16384,16384,1000,,,10000000,4651729,46.5,17.958567142486572,0.05120587348937988
ctx,1,1,16384,16384,16384,1000,True,,10000000,4620577,46.2,18.91471266746521,0.05263805389404297
ctx,1,1,16384,16384,16384,0,,,10000000,4651729,46.5,19.848341703414917,0.05384349822998047
ctx,1,1,16384,16384,16384,0,True,,10000000,4620577,46.2,20.03666067123413,0.053949832916259766
ctx,1,1,65536,4096,4096,10,,,10000000,4700021,47.0,5.131617307662964,0.05563545227050781
ctx,1,1,65536,4096,4096,10,True,,10000000,4678739,46.8,5.17519998550415,0.05436086654663086
ctx,1,1,65536,4096,4096,1000,,,10000000,4667677,46.7,5.248625993728638,0.05574846267700195
ctx,1,1,65536,4096,4096,1000,True,,10000000,4644627,46.4,5.194578409194946,0.05243253707885742
ctx,1,1,65536,4096,4096,0,,,10000000,4667677,46.7,5.172914981842041,0.05262327194213867
ctx,1,1,65536,4096,4096,0,True,,10000000,4644627,46.4,5.17522931098938,0.05260181427001953
ctx,1,1,65536,4096,16384,10,,,10000000,4700021,47.0,5.102588653564453,0.05618405342102051
ctx,1,1,65536,4096,16384,10,True,,10000000,4678739,46.8,5.1173224449157715,0.054793357849121094
ctx,1,1,65536,4096,16384,1000,,,10000000,4667677,46.7,5.122299909591675,0.053336143493652344
ctx,1,1,65536,4096,16384,1000,True,,10000000,4644627,46.4,5.244342088699341,0.05639171600341797
ctx,1,1,65536,4096,16384,0,,,10000000,4667677,46.7,5.150024890899658,0.05356717109680176
ctx,1,1,65536,4096,16384,0,True,,10000000,4644627,46.4,5.2255494594573975,0.05431056022644043
ctx,1,1,65536,4096,65536,10,,,10000000,4700021,47.0,5.111220836639404,0.05494523048400879
ctx,1,1,65536,4096,65536,10,True,,10000000,4678739,46.8,5.1179118156433105,0.055238962173461914
ctx,1,1,65536,4096,65536,1000,,,10000000,4667677,46.7,5.140029668807983,0.054961442947387695
ctx,1,1,65536,4096,65536,1000,True,,10000000,4644627,46.4,5.147537469863892,0.05414152145385742
ctx,1,1,65536,4096,65536,0,,,10000000,4667677,46.7,5.13499903678894,0.05366253852844238
ctx,1,1,65536,4096,65536,0,True,,10000000,4644627,46.4,5.063445329666138,0.054995059967041016
ctx,1,1,65536,16384,4096,10,,,10000000,4280636,42.8,4.779896259307861,0.04732513427734375
ctx,1,1,65536,16384,4096,10,True,,10000000,4262166,42.6,4.783327341079712,0.05078697204589844
ctx,1,1,65536,16384,4096,1000,,,10000000,4205898,42.1,4.542282342910767,0.04526066780090332
ctx,1,1,65536,16384,4096,1000,True,,10000000,4179677,41.8,4.734712839126587,0.04490947723388672
ctx,1,1,65536,16384,4096,0,,,10000000,4205892,42.1,4.672108888626099,0.043952226638793945
ctx,1,1,65536,16384,4096,0,True,,10000000,4179678,41.8,4.77783203125,0.04546093940734863
ctx,1,1,65536,16384,16384,10,,,10000000,4280636,42.8,4.606188058853149,0.04600858688354492
ctx,1,1,65536,16384,16384,10,True,,10000000,4262166,42.6,4.663454055786133,0.05127143859863281
ctx,1,1,65536,16384,16384,1000,,,10000000,4205898,42.1,4.746192693710327,0.04561758041381836
ctx,1,1,65536,16384,16384,1000,True,,10000000,4179677,41.8,4.703711986541748,0.04491448402404785
ctx,1,1,65536,16384,16384,0,,,10000000,4205892,42.1,4.734586000442505,0.04332542419433594
ctx,1,1,65536,16384,16384,0,True,,10000000,4179678,41.8,4.859701633453369,0.046071529388427734
ctx,1,1,65536,16384,65536,10,,,10000000,4280636,42.8,4.797913312911987,0.04803323745727539
ctx,1,1,65536,16384,65536,10,True,,10000000,4262166,42.6,4.73274302482605,0.04471087455749512
ctx,1,1,65536,16384,65536,1000,,,10000000,4205898,42.1,4.798094749450684,0.04592418670654297
ctx,1,1,65536,16384,65536,1000,True,,10000000,4179677,41.8,4.619141578674316,0.04960322380065918
ctx,1,1,65536,16384,65536,0,,,10000000,4205892,42.1,4.495510816574097,0.047768354415893555
ctx,1,1,65536,16384,65536,0,True,,10000000,4179678,41.8,4.773684978485107,0.04773831367492676
ctx,1,1,65536,65536,4096,10,,,10000000,4187980,41.9,4.599349737167358,0.043361663818359375
ctx,1,1,65536,65536,4096,10,True,,10000000,4170912,41.7,4.631645917892456,0.04847097396850586
ctx,1,1,65536,65536,4096,1000,,,10000000,4089542,40.9,4.755578517913818,0.04344820976257324
ctx,1,1,65536,65536,4096,1000,True,,10000000,4057701,40.6,4.786576509475708,0.04760599136352539
ctx,1,1,65536,65536,4096,0,,,10000000,4089538,40.9,4.943196773529053,0.04453754425048828
ctx,1,1,65536,65536,4096,0,True,,10000000,4057697,40.6,4.962835788726807,0.04508543014526367
ctx,1,1,65536,65536,16384,10,,,10000000,4187980,41.9,4.429880380630493,0.044904232025146484
ctx,1,1,65536,65536,16384,10,True,,10000000,4170912,41.7,4.703387498855591,0.04759931564331055
ctx,1,1,65536,65536,16384,1000,,,10000000,4089542,40.9,4.812735557556152,0.04235720634460449
ctx,1,1,65536,65536,16384,1000,True,,10000000,4057701,40.6,4.947812795639038,0.04366254806518555
ctx,1,1,65536,65536,16384,0,,,10000000,4089538,40.9,4.815962553024292,0.0423123836517334
ctx,1,1,65536,65536,16384,0,True,,10000000,4057697,40.6,4.913386583328247,0.042641401290893555
ctx,1,1,65536,65536,65536,10,,,10000000,4187980,41.9,4.64415717124939,0.04550480842590332
ctx,1,1,65536,65536,65536,10,True,,10000000,4170912,41.7,4.7327916622161865,0.045488595962524414
ctx,1,1,65536,65536,65536,1000,,,10000000,4089542,40.9,4.830004453659058,0.04527425765991211
ctx,1,1,65536,65536,65536,1000,True,,10000000,4057701,40.6,5.03288197517395,0.04915142059326172
ctx,1,1,65536,65536,65536,0,,,10000000,4089538,40.9,4.884510278701782,0.04574084281921387
ctx,1,1,65536,65536,65536,0,True,,10000000,4057697,40.6,4.929932594299316,0.0438075065612793
ctx,1,1,262144,4096,4096,10,,,10000000,4650414,46.5,1.3162248134613037,0.0534512996673584
ctx,1,1,262144,4096,4096,10,True,,10000000,4629482,46.3,1.2728691101074219,0.052993059158325195
ctx,1,1,262144,4096,4096,1000,,,10000000,4616863,46.2,1.3326208591461182,0.05357050895690918
ctx,1,1,262144,4096,4096,1000,True,,10000000,4594311,45.9,1.3153715133666992,0.053522348403930664
ctx,1,1,262144,4096,4096,0,,,10000000,4616863,46.2,1.2856121063232422,0.05625605583190918
ctx,1,1,262144,4096,4096,0,True,,10000000,4594311,45.9,1.3431506156921387,0.05332803726196289
ctx,1,1,262144,4096,16384,10,,,10000000,4650414,46.5,1.2802462577819824,0.054244279861450195
ctx,1,1,262144,4096,16384,10,True,,10000000,4629482,46.3,1.2775254249572754,0.055844783782958984
ctx,1,1,262144,4096,16384,1000,,,10000000,4616863,46.2,1.2321486473083496,0.056237220764160156
ctx,1,1,262144,4096,16384,1000,True,,10000000,4594311,45.9,1.306222677230835,0.05379509925842285
ctx,1,1,262144,4096,16384,0,,,10000000,4616863,46.2,1.271177053451538,0.05433845520019531
ctx,1,1,262144,4096,16384,0,True,,10000000,4594311,45.9,1.293365478515625,0.055577993392944336
ctx,1,1,262144,4096,65536,10,,,10000000,4650414,46.5,1.2622101306915283,0.052779436111450195
ctx,1,1,262144,4096,65536,10,True,,10000000,4629482,46.3,1.310051679611206,0.053302764892578125
ctx,1,1,262144,4096,65536,1000,,,10000000,4616863,46.2,1.2919833660125732,0.05499434471130371
ctx,1,1,262144,4096,65536,1000,True,,10000000,4594311,45.9,1.3165948390960693,0.05337190628051758
ctx,1,1,262144,4096,65536,0,,,10000000,4616863,46.2,1.2753136157989502,0.05549955368041992
ctx,1,1,262144,4096,65536,0,True,,10000000,4594311,45.9,1.3204092979431152,0.05723834037780762
ctx,1,1,262144,4096,262144,10,,,10000000,4650414,46.5,1.2899301052093506,0.055823564529418945
ctx,1,1,262144,4096,262144,10,True,,10000000,4629482,46.3,1.2938613891601562,0.05507254600524902
ctx,1,1,262144,4096,262144,1000,,,10000000,4616863,46.2,1.2404186725616455,0.052008867263793945
ctx,1,1,262144,4096,262144,1000,True,,10000000,4594311,45.9,1.3076269626617432,0.05255413055419922
ctx,1,1,262144,4096,262144,0,,,10000000,4616863,46.2,1.368988275527954,0.05355072021484375
ctx,1,1,262144,4096,262144,0,True,,10000000,4594311,45.9,1.3934953212738037,0.053151845932006836
ctx,1,1,262144,16384,4096,10,,,10000000,4164625,41.6,1.2694575786590576,0.04783034324645996
ctx,1,1,262144,16384,4096,10,True,,10000000,4149186,41.5,1.2468957901000977,0.04389500617980957
ctx,1,1,262144,16384,4096,1000,,,10000000,4079954,40.8,1.2900073528289795,0.04592728614807129
ctx,1,1,262144,16384,4096,1000,True,,10000000,4056359,40.6,1.3302063941955566,0.04386591911315918
ctx,1,1,262144,16384,4096,0,,,10000000,4079947,40.8,1.279465913772583,0.04289984703063965
ctx,1,1,262144,16384,4096,0,True,,10000000,4056357,40.6,1.3619308471679688,0.04316425323486328
ctx,1,1,262144,16384,16384,10,,,10000000,4164625,41.6,1.2344396114349365,0.04295182228088379
ctx,1,1,262144,16384,16384,10,True,,10000000,4149186,41.5,1.2556180953979492,0.0433499813079834
ctx,1,1,262144,16384,16384,1000,,,10000000,4079954,40.8,1.3213038444519043,0.044559478759765625
ctx,1,1,262144,16384,16384,1000,True,,10000000,4056359,40.6,1.3998525142669678,0.04605364799499512
ctx,1,1,262144,16384,16384,0,,,10000000,4079947,40.8,1.3123180866241455,0.04375267028808594
ctx,1,1,262144,16384,16384,0,True,,10000000,4056357,40.6,1.3824186325073242,0.0458226203918457
ctx,1,1,262144,16384,65536,10,,,10000000,4164625,41.6,1.2562832832336426,0.0438082218170166
ctx,1,1,262144,16384,65536,10,True,,10000000,4149186,41.5,1.286529541015625,0.04977130889892578
ctx,1,1,262144,16384,65536,1000,,,10000000,4079954,40.8,1.32478666305542,0.04479622840881348
ctx,1,1,262144,16384,65536,1000,True,,10000000,4056359,40.6,1.307239294052124,0.046450138092041016
ctx,1,1,262144,16384,65536,0,,,10000000,4079947,40.8,1.3169147968292236,0.04379153251647949
ctx,1,1,262144,16384,65536,0,True,,10000000,4056357,40.6,1.2979271411895752,0.04317665100097656
ctx,1,1,262144,16384,262144,10,,,10000000,4164625,41.6,1.2658579349517822,0.048430442810058594
ctx,1,1,262144,16384,262144,10,True,,10000000,4149186,41.5,1.2783262729644775,0.04767346382141113
ctx,1,1,262144,16384,262144,1000,,,10000000,4079954,40.8,1.3384966850280762,0.044925689697265625
ctx,1,1,262144,16384,262144,1000,True,,10000000,4056359,40.6,1.4314963817596436,0.046248674392700195
ctx,1,1,262144,16384,262144,0,,,10000000,4079947,40.8,1.3886265754699707,0.04552817344665527
ctx,1,1,262144,16384,262144,0,True,,10000000,4056357,40.6,1.4150898456573486,0.04647064208984375
ctx,1,1,262144,65536,4096,10,,,10000000,3972503,39.7,1.2672336101531982,0.04102897644042969
ctx,1,1,262144,65536,4096,10,True,,10000000,3962892,39.6,1.305405616760254,0.04531979560852051
ctx,1,1,262144,65536,4096,1000,,,10000000,3816150,38.2,1.537022352218628,0.040564537048339844
ctx,1,1,262144,65536,4096,1000,True,,10000000,3787743,37.9,1.7471508979797363,0.04199934005737305
ctx,1,1,262144,65536,4096,0,,,10000000,3816139,38.2,1.4852144718170166,0.03756237030029297
ctx,1,1,262144,65536,4096,0,True,,10000000,3787741,37.9,1.7508773803710938,0.038370609283447266
ctx,1,1,262144,65536,16384,10,,,10000000,3972503,39.7,1.2992570400238037,0.042783260345458984
ctx,1,1,262144,65536,16384,10,True,,10000000,3962892,39.6,1.2229115962982178,0.04449963569641113
ctx,1,1,262144,65536,16384,1000,,,10000000,3816150,38.2,1.5441405773162842,0.04018235206604004
ctx,1,1,262144,65536,16384,1000,True,,10000000,3787743,37.9,1.6015090942382812,0.04255342483520508
ctx,1,1,262144,65536,16384,0,,,10000000,3816139,38.2,1.5010545253753662,0.04129743576049805
ctx,1,1,262144,65536,16384,0,True,,10000000,3787741,37.9,1.6539645195007324,0.042491912841796875
ctx,1,1,262144,65536,65536,10,,,10000000,3972503,39.7,1.1778895854949951,0.04706549644470215
ctx,1,1,262144,65536,65536,10,True,,10000000,3962892,39.6,1.284602165222168,0.04475712776184082
ctx,1,1,262144,65536,65536,1000,,,10000000,3816150,38.2,1.518113613128662,0.03962230682373047
ctx,1,1,262144,65536,65536,1000,True,,10000000,3787743,37.9,1.6568024158477783,0.04226279258728027
ctx,1,1,262144,65536,65536,0,,,10000000,3816139,38.2,1.5177404880523682,0.039276838302612305
ctx,1,1,262144,65536,65536,0,True,,10000000,3787741,37.9,1.7223103046417236,0.04203987121582031
ctx,1,1,262144,65536,262144,10,,,10000000,3972503,39.7,1.2772676944732666,0.04528069496154785
ctx,1,1,262144,65536,262144,10,True,,10000000,3962892,39.6,1.2759685516357422,0.0433347225189209
ctx,1,1,262144,65536,262144,1000,,,10000000,3816150,38.2,1.4897103309631348,0.04030418395996094
ctx,1,1,262144,65536,262144,1000,True,,10000000,3787743,37.9,1.6699342727661133,0.044283151626586914
ctx,1,1,262144,65536,262144,0,,,10000000,3816139,38.2,1.5344138145446777,0.04069089889526367
ctx,1,1,262144,65536,262144,0,True,,10000000,3787741,37.9,1.5792510509490967,0.04192781448364258
ctx,1,1,262144,262144,4096,10,,,10000000,3938368,39.4,1.177351713180542,0.04267716407775879
ctx,1,1,262144,262144,4096,10,True,,10000000,3930885,39.3,1.248779535293579,0.042265892028808594
ctx,1,1,262144,262144,4096,1000,,,10000000,3744431,37.4,1.7183153629302979,0.037465572357177734
ctx,1,1,262144,262144,4096,1000,True,,10000000,3712575,37.1,2.197749614715576,0.03957366943359375
ctx,1,1,262144,262144,4096,0,,,10000000,3743599,37.4,1.8684489727020264,0.037583112716674805
ctx,1,1,262144,262144,4096,0,True,,10000000,3711576,37.1,2.3270046710968018,0.04027700424194336
ctx,1,1,262144,262144,16384,10,,,10000000,3938368,39.4,1.2318294048309326,0.04055309295654297
ctx,1,1,262144,262144,16384,10,True,,10000000,3930885,39.3,1.2768423557281494,0.039932966232299805
ctx,1,1,262144,262144,16384,1000,,,10000000,3744431,37.4,1.8395979404449463,0.03987431526184082
ctx,1,1,262144,262144,16384,1000,True,,10000000,3712575,37.1,2.2659494876861572,0.037030696868896484
ctx,1,1,262144,262144,16384,0,,,10000000,3743599,37.4,1.9300885200500488,0.03696894645690918
ctx,1,1,262144,262144,16384,0,True,,10000000,3711576,37.1,2.3149118423461914,0.04145169258117676
ctx,1,1,262144,262144,65536,10,,,10000000,3938368,39.4,1.2282073497772217,0.04087424278259277
ctx,1,1,262144,262144,65536,10,True,,10000000,3930885,39.3,1.2432186603546143,0.04265165328979492
ctx,1,1,262144,262144,65536,1000,,,10000000,3744431,37.4,1.7403016090393066,0.04022789001464844
ctx,1,1,262144,262144,65536,1000,True,,10000000,3712575,37.1,2.236708879470825,0.03893542289733887
ctx,1,1,262144,262144,65536,0,,,10000000,3743599,37.4,1.813708782196045,0.03753995895385742
ctx,1,1,262144,262144,65536,0,True,,10000000,3711576,37.1,2.326342821121216,0.04156064987182617
ctx,1,1,262144,262144,262144,10,,,10000000,3938368,39.4,1.2853505611419678,0.04410076141357422
ctx,1,1,262144,262144,262144,10,True,,10000000,3930885,39.3,1.2500476837158203,0.04255795478820801
ctx,1,1,262144,262144,262144,1000,,,10000000,3744431,37.4,1.7932114601135254,0.041829586029052734
ctx,1,1,262144,262144,262144,1000,True,,10000000,3712575,37.1,2.2384815216064453,0.039254188537597656
ctx,1,1,262144,262144,262144,0,,,10000000,3743599,37.4,1.8766083717346191,0.044953346252441406
ctx,1,1,262144,262144,262144,0,True,,10000000,3711576,37.1,2.3711049556732178,0.03798723220825195
ctx,1,1,1048576,4096,4096,10,,,10000000,4638238,46.4,0.3946361541748047,0.0595095157623291
ctx,1,1,1048576,4096,4096,10,True,,10000000,4617464,46.2,0.3976278305053711,0.0630180835723877
ctx,1,1,1048576,4096,4096,1000,,,10000000,4604320,46.0,0.37963247299194336,0.054924726486206055
ctx,1,1,1048576,4096,4096,1000,True,,10000000,4582007,45.8,0.40746092796325684,0.05390429496765137
ctx,1,1,1048576,4096,4096,0,,,10000000,4604320,46.0,0.3851635456085205,0.05763363838195801
ctx,1,1,1048576,4096,4096,0,True,,10000000,4582007,45.8,0.42896032333374023,0.055741071701049805
ctx,1,1,1048576,4096,16384,10,,,10000000,4638238,46.4,0.37215685844421387,0.058260202407836914
ctx,1,1,1048576,4096,16384,10,True,,10000000,4617464,46.2,0.3925132751464844,0.06021380424499512
ctx,1,1,1048576,4096,16384,1000,,,10000000,4604320,46.0,0.38411569595336914,0.05408954620361328
ctx,1,1,1048576,4096,16384,1000,True,,10000000,4582007,45.8,0.4245033264160156,0.05541563034057617
ctx,1,1,1048576,4096,16384,0,,,10000000,4604320,46.0,0.3974945545196533,0.055686235427856445
ctx,1,1,1048576,4096,16384,0,True,,10000000,4582007,45.8,0.4067354202270508,0.05543041229248047
ctx,1,1,1048576,4096,65536,10,,,10000000,4638238,46.4,0.38698863983154297,0.0570828914642334
ctx,1,1,1048576,4096,65536,10,True,,10000000,4617464,46.2,0.39775514602661133,0.060330867767333984
ctx,1,1,1048576,4096,65536,1000,,,10000000,4604320,46.0,0.39390039443969727,0.056229352951049805
ctx,1,1,1048576,4096,65536,1000,True,,10000000,4582007,45.8,0.42011523246765137,0.058075666427612305
ctx,1,1,1048576,4096,65536,0,,,10000000,4604320,46.0,0.4011228084564209,0.05389761924743652
ctx,1,1,1048576,4096,65536,0,True,,10000000,4582007,45.8,0.44853997230529785,0.05533099174499512
ctx,1,1,1048576,4096,262144,10,,,10000000,4638238,46.4,0.39185070991516113,0.05341053009033203
ctx,1,1,1048576,4096,262144,10,True,,10000000,4617464,46.2,0.418529748916626,0.05872917175292969
ctx,1,1,1048576,4096,262144,1000,,,10000000,4604320,46.0,0.3914370536804199,0.05890321731567383
ctx,1,1,1048576,4096,262144,1000,True,,10000000,4582007,45.8,0.4085686206817627,0.059604644775390625
ctx,1,1,1048576,4096,262144,0,,,10000000,4604320,46.0,0.39397525787353516,0.05615425109863281
ctx,1,1,1048576,4096,262144,0,True,,10000000,4582007,45.8,0.42224574089050293,0.06061744689941406
ctx,1,1,1048576,4096,1048576,10,,,10000000,4638238,46.4,0.38117194175720215,0.05591416358947754
ctx,1,1,1048576,4096,1048576,10,True,,10000000,4617464,46.2,0.41069483757019043,0.05946516990661621
ctx,1,1,1048576,4096,1048576,1000,,,10000000,4604320,46.0,0.3945131301879883,0.057424068450927734
ctx,1,1,1048576,4096,1048576,1000,True,,10000000,4582007,45.8,0.42470812797546387,0.057539939880371094
ctx,1,1,1048576,4096,1048576,0,,,10000000,4604320,46.0,0.382443904876709,0.0596773624420166
ctx,1,1,1048576,4096,1048576,0,True,,10000000,4582007,45.8,0.4110255241394043,0.05658078193664551
ctx,1,1,1048576,16384,4096,10,,,10000000,4134543,41.3,0.3588106632232666,0.0469667911529541
ctx,1,1,1048576,16384,4096,10,True,,10000000,4119936,41.2,0.39988064765930176,0.04999518394470215
ctx,1,1,1048576,16384,4096,1000,,,10000000,4046746,40.5,0.43059778213500977,0.045421600341796875
ctx,1,1,1048576,16384,4096,1000,True,,10000000,4023917,40.2,0.49024415016174316,0.044710397720336914
ctx,1,1,1048576,16384,4096,0,,,10000000,4046740,40.5,0.4164702892303467,0.04946327209472656
ctx,1,1,1048576,16384,4096,0,True,,10000000,4023915,40.2,0.4836106300354004,0.04893302917480469
ctx,1,1,1048576,16384,16384,10,,,10000000,4134543,41.3,0.37279510498046875,0.048871517181396484
ctx,1,1,1048576,16384,16384,10,True,,10000000,4119936,41.2,0.3913908004760742,0.05200552940368652
ctx,1,1,1048576,16384,16384,1000,,,10000000,4046746,40.5,0.42476916313171387,0.04777336120605469
ctx,1,1,1048576,16384,16384,1000,True,,10000000,4023917,40.2,0.4951949119567871,0.04741334915161133
ctx,1,1,1048576,16384,16384,0,,,10000000,4046740,40.5,0.4314615726470947,0.04803919792175293
ctx,1,1,1048576,16384,16384,0,True,,10000000,4023915,40.2,0.5108654499053955,0.0481877326965332
ctx,1,1,1048576,16384,65536,10,,,10000000,4134543,41.3,0.37842655181884766,0.050192832946777344
ctx,1,1,1048576,16384,65536,10,True,,10000000,4119936,41.2,0.4020817279815674,0.04931211471557617
ctx,1,1,1048576,16384,65536,1000,,,10000000,4046746,40.5,0.42607593536376953,0.048218727111816406
ctx,1,1,1048576,16384,65536,1000,True,,10000000,4023917,40.2,0.5084221363067627,0.05124068260192871
ctx,1,1,1048576,16384,65536,0,,,10000000,4046740,40.5,0.4319939613342285,0.04905390739440918
ctx,1,1,1048576,16384,65536,0,True,,10000000,4023915,40.2,0.4831969738006592,0.04938030242919922
ctx,1,1,1048576,16384,262144,10,,,10000000,4134543,41.3,0.3595578670501709,0.04710960388183594
ctx,1,1,1048576,16384,262144,10,True,,10000000,4119936,41.2,0.3806266784667969,0.04601025581359863
ctx,1,1,1048576,16384,262144,1000,,,10000000,4046746,40.5,0.44435858726501465,0.04422450065612793
ctx,1,1,1048576,16384,262144,1000,True,,10000000,4023917,40.2,0.4906654357910156,0.04632234573364258
ctx,1,1,1048576,16384,262144,0,,,10000000,4046740,40.5,0.41675853729248047,0.04598808288574219
ctx,1,1,1048576,16384,262144,0,True,,10000000,4023915,40.2,0.47992968559265137,0.046521663665771484
ctx,1,1,1048576,16384,1048576,10,,,10000000,4134543,41.3,0.36667799949645996,0.04752230644226074
ctx,1,1,1048576,16384,1048576,10,True,,10000000,4119936,41.2,0.3860187530517578,0.04972243309020996
ctx,1,1,1048576,16384,1048576,1000,,,10000000,4046746,40.5,0.43648481369018555,0.04713726043701172
ctx,1,1,1048576,16384,1048576,1000,True,,10000000,4023917,40.2,0.4890625476837158,0.04646921157836914
ctx,1,1,1048576,16384,1048576,0,,,10000000,4046740,40.5,0.42386817932128906,0.04872775077819824
ctx,1,1,1048576,16384,1048576,0,True,,10000000,4023915,40.2,0.5054116249084473,0.047440528869628906
ctx,1,1,1048576,65536,4096,10,,,10000000,3908422,39.1,0.3689384460449219,0.04678487777709961
ctx,1,1,1048576,65536,4096,10,True,,10000000,3901729,39.0,0.41199278831481934,0.04866433143615723
ctx,1,1,1048576,65536,4096,1000,,,10000000,3732344,37.3,0.6436216831207275,0.041112661361694336
ctx,1,1,1048576,65536,4096,1000,True,,10000000,3706162,37.1,0.8665838241577148,0.04405808448791504
ctx,1,1,1048576,65536,4096,0,,,10000000,3732328,37.3,0.6478328704833984,0.043749332427978516
ctx,1,1,1048576,65536,4096,0,True,,10000000,3706149,37.1,0.8604626655578613,0.041654348373413086
ctx,1,1,1048576,65536,16384,10,,,10000000,3908422,39.1,0.38724517822265625,0.04418826103210449
ctx,1,1,1048576,65536,16384,10,True,,10000000,3901729,39.0,0.3924367427825928,0.044973134994506836
ctx,1,1,1048576,65536,16384,1000,,,10000000,3732344,37.3,0.6215200424194336,0.03776431083679199
ctx,1,1,1048576,65536,16384,1000,True,,10000000,3706162,37.1,0.8498785495758057,0.039629220962524414
ctx,1,1,1048576,65536,16384,0,,,10000000,3732328,37.3,0.6852197647094727,0.04275631904602051
ctx,1,1,1048576,65536,16384,0,True,,10000000,3706149,37.1,0.8335492610931396,0.0404052734375
ctx,1,1,1048576,65536,65536,10,,,10000000,3908422,39.1,0.37990260124206543,0.04413723945617676
ctx,1,1,1048576,65536,65536,10,True,,10000000,3901729,39.0,0.3991367816925049,0.04573941230773926
ctx,1,1,1048576,65536,65536,1000,,,10000000,3732344,37.3,0.6413414478302002,0.04172515869140625
ctx,1,1,1048576,65536,65536,1000,True,,10000000,3706162,37.1,0.8326630592346191,0.03968000411987305
ctx,1,1,1048576,65536,65536,0,,,10000000,3732328,37.3,0.6427559852600098,0.04034066200256348
ctx,1,1,1048576,65536,65536,0,True,,10000000,3706149,37.1,0.8222241401672363,0.039957284927368164
ctx,1,1,1048576,65536,262144,10,,,10000000,3908422,39.1,0.3897697925567627,0.04217672348022461
ctx,1,1,1048576,65536,262144,10,True,,10000000,3901729,39.0,0.41370463371276855,0.045235633850097656
ctx,1,1,1048576,65536,262144,1000,,,10000000,3732344,37.3,0.6370177268981934,0.040950775146484375
ctx,1,1,1048576,65536,262144,1000,True,,10000000,3706162,37.1,0.8484039306640625,0.04022216796875
ctx,1,1,1048576,65536,262144,0,,,10000000,3732328,37.3,0.6435070037841797,0.042333126068115234
ctx,1,1,1048576,65536,262144,0,True,,10000000,3706149,37.1,0.8517649173736572,0.04500913619995117
ctx,1,1,1048576,65536,1048576,10,,,10000000,3908422,39.1,0.3982112407684326,0.04276132583618164
ctx,1,1,1048576,65536,1048576,10,True,,10000000,3901729,39.0,0.3938717842102051,0.04492521286010742
ctx,1,1,1048576,65536,1048576,1000,,,10000000,3732344,37.3,0.6380198001861572,0.041655540466308594
ctx,1,1,1048576,65536,1048576,1000,True,,10000000,3706162,37.1,0.8270530700683594,0.03966116905212402
ctx,1,1,1048576,65536,1048576,0,,,10000000,3732328,37.3,0.6251029968261719,0.038543701171875
ctx,1,1,1048576,65536,1048576,0,True,,10000000,3706149,37.1,0.8394591808319092,0.04473733901977539
ctx,1,1,1048576,262144,4096,10,,,10000000,3834260,38.3,0.3986237049102783,0.04041242599487305
ctx,1,1,1048576,262144,4096,10,True,,10000000,3834406,38.3,0.4166898727416992,0.04339957237243652
ctx,1,1,1048576,262144,4096,1000,,,10000000,3555112,35.6,1.3555445671081543,0.037207841873168945
ctx,1,1,1048576,262144,4096,1000,True,,10000000,3527221,35.3,2.096738815307617,0.03731989860534668
ctx,1,1,1048576,262144,4096,0,,,10000000,3551696,35.5,1.615920066833496,0.03653240203857422
ctx,1,1,1048576,262144,4096,0,True,,10000000,3523393,35.2,2.5792055130004883,0.04397010803222656
ctx,1,1,1048576,262144,16384,10,,,10000000,3834260,38.3,0.3874683380126953,0.04320240020751953
ctx,1,1,1048576,262144,16384,10,True,,10000000,3834406,38.3,0.43586111068725586,0.04271554946899414
ctx,1,1,1048576,262144,16384,1000,,,10000000,3555112,35.6,1.4493412971496582,0.03564906120300293
ctx,1,1,1048576,262144,16384,1000,True,,10000000,3527221,35.3,2.2068350315093994,0.037789344787597656
ctx,1,1,1048576,262144,16384,0,,,10000000,3551696,35.5,1.5519952774047852,0.038666486740112305
ctx,1,1,1048576,262144,16384,0,True,,10000000,3523393,35.2,2.4944612979888916,0.04021453857421875
ctx,1,1,1048576,262144,65536,10,,,10000000,3834260,38.3,0.3913271427154541,0.04065084457397461
ctx,1,1,1048576,262144,65536,10,True,,10000000,3834406,38.3,0.4121427536010742,0.04172229766845703
ctx,1,1,1048576,262144,65536,1000,,,10000000,3555112,35.6,1.3741893768310547,0.03736090660095215
ctx,1,1,1048576,262144,65536,1000,True,,10000000,3527221,35.3,2.1371986865997314,0.04284071922302246
ctx,1,1,1048576,262144,65536,0,,,10000000,3551696,35.5,1.576575756072998,0.037000179290771484
ctx,1,1,1048576,262144,65536,0,True,,10000000,3523393,35.2,2.511930465698242,0.03786444664001465
ctx,1,1,1048576,262144,262144,10,,,10000000,3834260,38.3,0.39963817596435547,0.04205679893493652
ctx,1,1,1048576,262144,262144,10,True,,10000000,3834406,38.3,0.4243471622467041,0.0458073616027832
ctx,1,1,1048576,262144,262144,1000,,,10000000,3555112,35.6,1.3937087059020996,0.04056143760681152
ctx,1,1,1048576,262144,262144,1000,True,,10000000,3527221,35.3,2.1077699661254883,0.03602480888366699
ctx,1,1,1048576,262144,262144,0,,,10000000,3551696,35.5,1.554765224456787,0.03969979286193848
ctx,1,1,1048576,262144,262144,0,True,,10000000,3523393,35.2,2.3832404613494873,0.03725433349609375
ctx,1,1,1048576,262144,1048576,10,,,10000000,3834260,38.3,0.3954157829284668,0.04055476188659668
ctx,1,1,1048576,262144,1048576,10,True,,10000000,3834406,38.3,0.40598344802856445,0.042798519134521484
ctx,1,1,1048576,262144,1048576,1000,,,10000000,3555112,35.6,1.4527084827423096,0.03632521629333496
ctx,1,1,1048576,262144,1048576,1000,True,,10000000,3527221,35.3,2.223987340927124,0.03947043418884277
ctx,1,1,1048576,262144,1048576,0,,,10000000,3551696,35.5,1.6328296661376953,0.039826393127441406
ctx,1,1,1048576,262144,1048576,0,True,,10000000,3523393,35.2,2.536532163619995,0.03905606269836426
ctx,1,1,1048576,1048576,4096,10,,,10000000,3820085,38.2,0.4069838523864746,0.04152727127075195
ctx,1,1,1048576,1048576,4096,10,True,,10000000,3823108,38.2,0.4310765266418457,0.04443812370300293
ctx,1,1,1048576,1048576,4096,1000,,,10000000,3504430,35.0,2.849531412124634,0.03949737548828125
ctx,1,1,1048576,1048576,4096,1000,True,,10000000,3478254,34.8,5.16070032119751,0.038179874420166016
ctx,1,1,1048576,1048576,4096,0,,,10000000,3495502,35.0,5.549291372299194,0.035890817642211914
ctx,1,1,1048576,1048576,4096,0,True,,10000000,3467412,34.7,8.013930320739746,0.04166436195373535
ctx,1,1,1048576,1048576,16384,10,,,10000000,3820085,38.2,0.45064687728881836,0.04694676399230957
ctx,1,1,1048576,1048576,16384,10,True,,10000000,3823108,38.2,0.4665966033935547,0.044376373291015625
ctx,1,1,1048576,1048576,16384,1000,,,10000000,3504430,35.0,2.896484613418579,0.037694454193115234
ctx,1,1,1048576,1048576,16384,1000,True,,10000000,3478254,34.8,4.588426113128662,0.037706851959228516
ctx,1,1,1048576,1048576,16384,0,,,10000000,3495502,35.0,4.629780530929565,0.04033684730529785
ctx,1,1,1048576,1048576,16384,0,True,,10000000,3467412,34.7,7.919431447982788,0.041124820709228516
ctx,1,1,1048576,1048576,65536,10,,,10000000,3820085,38.2,0.4074230194091797,0.042862653732299805
ctx,1,1,1048576,1048576,65536,10,True,,10000000,3823108,38.2,0.4425995349884033,0.04623770713806152
ctx,1,1,1048576,1048576,65536,1000,,,10000000,3504430,35.0,2.865386724472046,0.03665280342102051
ctx,1,1,1048576,1048576,65536,1000,True,,10000000,3478254,34.8,4.945535182952881,0.03750729560852051
ctx,1,1,1048576,1048576,65536,0,,,10000000,3495502,35.0,4.837899923324585,0.037018537521362305
ctx,1,1,1048576,1048576,65536,0,True,,10000000,3467412,34.7,8.234161138534546,0.03894543647766113
ctx,1,1,1048576,1048576,262144,10,,,10000000,3820085,38.2,0.43326306343078613,0.04307293891906738
ctx,1,1,1048576,1048576,262144,10,True,,10000000,3823108,38.2,0.4118962287902832,0.04558420181274414
ctx,1,1,1048576,1048576,262144,1000,,,10000000,3504430,35.0,2.7446815967559814,0.03521251678466797
ctx,1,1,1048576,1048576,262144,1000,True,,10000000,3478254,34.8,4.422144412994385,0.03750872611999512
ctx,1,1,1048576,1048576,262144,0,,,10000000,3495502,35.0,4.463335990905762,0.0343785285949707
ctx,1,1,1048576,1048576,262144,0,True,,10000000,3467412,34.7,7.693080902099609,0.03826713562011719
ctx,1,1,1048576,1048576,1048576,10,,,10000000,3820085,38.2,0.4159982204437256,0.04293489456176758
ctx,1,1,1048576,1048576,1048576,10,True,,10000000,3823108,38.2,0.4238595962524414,0.04682803153991699
ctx,1,1,1048576,1048576,1048576,1000,,,10000000,3504430,35.0,2.649951696395874,0.04062533378601074
ctx,1,1,1048576,1048576,1048576,1000,True,,10000000,3478254,34.8,4.515789031982422,0.038537025451660156
ctx,1,1,1048576,1048576,1048576,0,,,10000000,3495502,35.0,4.934632062911987,0.038613319396972656
ctx,1,1,1048576,1048576,1048576,0,True,,10000000,3467412,34.7,9.466164827346802,0.040114402770996094
ctx,1,1,16384,4096,4096,10,,True,10000000,4848388,48.5,18.381488800048828,0.05581307411193848
ctx,1,1,16384,4096,4096,1000,,True,10000000,4819342,48.2,18.468050956726074,0.05565810203552246
ctx,1,1,16384,4096,4096,0,,True,10000000,4819342,48.2,18.88785219192505,0.05305743217468262
ctx,1,1,16384,4096,16384,10,,True,10000000,4848388,48.5,19.05021619796753,0.06010007858276367
ctx,1,1,16384,4096,16384,1000,,True,10000000,4819342,48.2,19.229252099990845,0.05654501914978027
ctx,1,1,16384,4096,16384,0,,True,10000000,4819342,48.2,18.863073110580444,0.05784797668457031
ctx,1,1,16384,16384,4096,10,,True,10000000,4618162,46.2,19.232503652572632,0.05345010757446289
ctx,1,1,16384,16384,4096,1000,,True,10000000,4569553,45.7,19.612957000732422,0.05005025863647461
ctx,1,1,16384,16384,4096,0,,True,10000000,4569553,45.7,19.49624514579773,0.05498147010803223
ctx,1,1,16384,16384,16384,10,,True,10000000,4618162,46.2,18.596848249435425,0.05576205253601074
ctx,1,1,16384,16384,16384,1000,,True,10000000,4569553,45.7,19.481847047805786,0.054674386978149414
ctx,1,1,16384,16384,16384,0,,True,10000000,4569553,45.7,19.646793842315674,0.052834272384643555
ctx,1,1,65536,4096,4096,10,,True,10000000,4658305,46.6,5.120967864990234,0.05567336082458496
ctx,1,1,65536,4096,4096,1000,,True,10000000,4625383,46.3,5.340758323669434,0.0513308048248291
ctx,1,1,65536,4096,4096,0,,True,10000000,4625383,46.3,5.398339033126831,0.051677703857421875
ctx,1,1,65536,4096,16384,10,,True,10000000,4658305,46.6,5.140556573867798,0.05549144744873047
ctx,1,1,65536,4096,16384,1000,,True,10000000,4625383,46.3,5.25855827331543,0.05380368232727051
ctx,1,1,65536,4096,16384,0,,True,10000000,4625383,46.3,5.459407806396484,0.05128669738769531
ctx,1,1,65536,4096,65536,10,,True,10000000,4658305,46.6,5.1328325271606445,0.054398536682128906
ctx,1,1,65536,4096,65536,1000,,True,10000000,4625383,46.3,5.328250169754028,0.05217719078063965
ctx,1,1,65536,4096,65536,0,,True,10000000,4625383,46.3,5.328861474990845,0.05129599571228027
ctx,1,1,65536,16384,4096,10,,True,10000000,4200096,42.0,5.116804838180542,0.04768943786621094
ctx,1,1,65536,16384,4096,1000,,True,10000000,4119224,41.2,6.041484117507935,0.04517245292663574
ctx,1,1,65536,16384,4096,0,,True,10000000,4119222,41.2,6.12293815612793,0.04895591735839844
ctx,1,1,65536,16384,16384,10,,True,10000000,4200096,42.0,5.351438283920288,0.048468589782714844
ctx,1,1,65536,16384,16384,1000,,True,10000000,4119224,41.2,6.187391757965088,0.04815101623535156
ctx,1,1,65536,16384,16384,0,,True,10000000,4119222,41.2,6.2883522510528564,0.04817914962768555
ctx,1,1,65536,16384,65536,10,,True,10000000,4200096,42.0,5.307429552078247,0.049391984939575195
ctx,1,1,65536,16384,65536,1000,,True,10000000,4119224,41.2,6.16811728477478,0.04708719253540039
ctx,1,1,65536,16384,65536,0,,True,10000000,4119222,41.2,6.073578119277954,0.04490971565246582
ctx,1,1,65536,65536,4096,10,,True,10000000,4090239,40.9,5.314748525619507,0.0471949577331543
ctx,1,1,65536,65536,4096,1000,,True,10000000,3974461,39.7,7.1389124393463135,0.04701066017150879
ctx,1,1,65536,65536,4096,0,,True,10000000,3974460,39.7,7.132353782653809,0.04554438591003418
ctx,1,1,65536,65536,16384,10,,True,10000000,4090239,40.9,5.308094024658203,0.049072265625
ctx,1,1,65536,65536,16384,1000,,True,10000000,3974461,39.7,7.256312608718872,0.04757356643676758
ctx,1,1,65536,65536,16384,0,,True,10000000,3974460,39.7,6.981088399887085,0.04541516304016113
ctx,1,1,65536,65536,65536,10,,True,10000000,4090239,40.9,5.333359241485596,0.04523205757141113
ctx,1,1,65536,65536,65536,1000,,True,10000000,3974461,39.7,7.12685751914978,0.04736518859863281
ctx,1,1,65536,65536,65536,0,,True,10000000,3974460,39.7,7.285790920257568,0.04460597038269043
ctx,1,1,262144,4096,4096,10,,True,10000000,4609192,46.1,1.751819133758545,0.05413222312927246
ctx,1,1,262144,4096,4096,1000,,True,10000000,4575214,45.8,1.9165012836456299,0.05581784248352051
ctx,1,1,262144,4096,4096,0,,True,10000000,4575214,45.8,1.9475772380828857,0.05565977096557617
ctx,1,1,262144,4096,16384,10,,True,10000000,4609192,46.1,1.6851744651794434,0.057973384857177734
ctx,1,1,262144,4096,16384,1000,,True,10000000,4575214,45.8,1.9443566799163818,0.0544435977935791
ctx,1,1,262144,4096,16384,0,,True,10000000,4575214,45.8,1.9889795780181885,0.05380702018737793
ctx,1,1,262144,4096,65536,10,,True,10000000,4609192,46.1,1.7020936012268066,0.052016258239746094
ctx,1,1,262144,4096,65536,1000,,True,10000000,4575214,45.8,1.9653677940368652,0.05410480499267578
ctx,1,1,262144,4096,65536,0,,True,10000000,4575214,45.8,1.9621827602386475,0.05503964424133301
ctx,1,1,262144,4096,262144,10,,True,10000000,4609192,46.1,1.728639841079712,0.05320453643798828
ctx,1,1,262144,4096,262144,1000,,True,10000000,4575214,45.8,1.9939072132110596,0.05222487449645996
ctx,1,1,262144,4096,262144,0,,True,10000000,4575214,45.8,1.982743263244629,0.052030324935913086
ctx,1,1,262144,16384,4096,10,,True,10000000,4086622,40.9,1.8982303142547607,0.049326419830322266
ctx,1,1,262144,16384,4096,1000,,True,10000000,3996726,40.0,2.7485368251800537,0.0450749397277832
ctx,1,1,262144,16384,4096,0,,True,10000000,3996723,40.0,2.800588846206665,0.04468560218811035
ctx,1,1,262144,16384,16384,10,,True,10000000,4086622,40.9,1.887674331665039,0.04963064193725586
ctx,1,1,262144,16384,16384,1000,,True,10000000,3996726,40.0,2.7463738918304443,0.04429268836975098
ctx,1,1,262144,16384,16384,0,,True,10000000,3996723,40.0,2.7453086376190186,0.043497562408447266
ctx,1,1,262144,16384,65536,10,,True,10000000,4086622,40.9,1.8248934745788574,0.04451584815979004
ctx,1,1,262144,16384,65536,1000,,True,10000000,3996726,40.0,2.819359540939331,0.05005836486816406
ctx,1,1,262144,16384,65536,0,,True,10000000,3996723,40.0,2.70747447013855,0.04615521430969238
ctx,1,1,262144,16384,262144,10,,True,10000000,4086622,40.9,1.842294692993164,0.04746747016906738
ctx,1,1,262144,16384,262144,1000,,True,10000000,3996726,40.0,2.7321102619171143,0.04775738716125488
ctx,1,1,262144,16384,262144,0,,True,10000000,3996723,40.0,2.757019281387329,0.044979095458984375
ctx,1,1,262144,65536,4096,10,,True,10000000,3874055,38.7,2.014031410217285,0.041642189025878906
ctx,1,1,262144,65536,4096,1000,,True,10000000,3701351,37.0,5.036232948303223,0.0413975715637207
ctx,1,1,262144,65536,4096,0,,True,10000000,3701340,37.0,5.111821889877319,0.03970623016357422
ctx,1,1,262144,65536,16384,10,,True,10000000,3874055,38.7,1.9881694316864014,0.04407453536987305
ctx,1,1,262144,65536,16384,1000,,True,10000000,3701351,37.0,5.027179479598999,0.04183816909790039
ctx,1,1,262144,65536,16384,0,,True,10000000,3701340,37.0,5.105893135070801,0.043654680252075195
ctx,1,1,262144,65536,65536,10,,True,10000000,3874055,38.7,1.9672999382019043,0.04171633720397949
ctx,1,1,262144,65536,65536,1000,,True,10000000,3701351,37.0,5.091006755828857,0.04124808311462402
ctx,1,1,262144,65536,65536,0,,True,10000000,3701340,37.0,5.085840940475464,0.043775081634521484
ctx,1,1,262144,65536,262144,10,,True,10000000,3874055,38.7,1.9716815948486328,0.042587995529174805
ctx,1,1,262144,65536,262144,1000,,True,10000000,3701351,37.0,5.045421600341797,0.044249534606933594
ctx,1,1,262144,65536,262144,0,,True,10000000,3701340,37.0,5.057669639587402,0.04039955139160156
ctx,1,1,262144,262144,4096,10,,True,10000000,3816740,38.2,1.9958765506744385,0.03983879089355469
ctx,1,1,262144,262144,4096,1000,,True,10000000,3588731,35.9,8.869704961776733,0.039717674255371094
ctx,1,1,262144,262144,4096,0,,True,10000000,3587826,35.9,9.956453084945679,0.039667367935180664
ctx,1,1,262144,262144,16384,10,,True,10000000,3816740,38.2,2.0075461864471436,0.04336214065551758
ctx,1,1,262144,262144,16384,1000,,True,10000000,3588731,35.9,9.048196077346802,0.04092216491699219
ctx,1,1,262144,262144,16384,0,,True,10000000,3587826,35.9,9.722146272659302,0.03871035575866699
ctx,1,1,262144,262144,65536,10,,True,10000000,3816740,38.2,2.0716025829315186,0.045926809310913086
ctx,1,1,262144,262144,65536,1000,,True,10000000,3588731,35.9,9.048049449920654,0.03792309761047363
ctx,1,1,262144,262144,65536,0,,True,10000000,3587826,35.9,9.679837226867676,0.04006195068359375
ctx,1,1,262144,262144,262144,10,,True,10000000,3816740,38.2,2.0324037075042725,0.04320120811462402
ctx,1,1,262144,262144,262144,1000,,True,10000000,3588731,35.9,9.011762142181396,0.04084062576293945
ctx,1,1,262144,262144,262144,0,,True,10000000,3587826,35.9,9.801360130310059,0.04107975959777832
ctx,1,1,1048576,4096,4096,10,,True,10000000,4597181,46.0,0.8531191349029541,0.06215786933898926
ctx,1,1,1048576,4096,4096,1000,,True,10000000,4562881,45.6,1.104778528213501,0.061937570571899414
ctx,1,1,1048576,4096,4096,0,,True,10000000,4562881,45.6,1.1063172817230225,0.0615847110748291
ctx,1,1,1048576,4096,16384,10,,True,10000000,4597181,46.0,0.8623366355895996,0.05791783332824707
ctx,1,1,1048576,4096,16384,1000,,True,10000000,4562881,45.6,1.0775740146636963,0.0543973445892334
ctx,1,1,1048576,4096,16384,0,,True,10000000,4562881,45.6,1.101243019104004,0.05671334266662598
ctx,1,1,1048576,4096,65536,10,,True,10000000,4597181,46.0,0.8581748008728027,0.06135296821594238
ctx,1,1,1048576,4096,65536,1000,,True,10000000,4562881,45.6,1.084519863128662,0.05704140663146973
ctx,1,1,1048576,4096,65536,0,,True,10000000,4562881,45.6,1.0974361896514893,0.06148195266723633
ctx,1,1,1048576,4096,262144,10,,True,10000000,4597181,46.0,0.838294506072998,0.05553793907165527
ctx,1,1,1048576,4096,262144,1000,,True,10000000,4562881,45.6,1.1239392757415771,0.061583518981933594
ctx,1,1,1048576,4096,262144,0,,True,10000000,4562881,45.6,1.1248061656951904,0.06259417533874512
ctx,1,1,1048576,4096,1048576,10,,True,10000000,4597181,46.0,0.8401038646697998,0.062161922454833984
ctx,1,1,1048576,4096,1048576,1000,,True,10000000,4562881,45.6,1.0866692066192627,0.059813737869262695
ctx,1,1,1048576,4096,1048576,0,,True,10000000,4562881,45.6,1.098494529724121,0.059224843978881836
ctx,1,1,1048576,16384,4096,10,,True,10000000,4056914,40.6,0.9828007221221924,0.05052328109741211
ctx,1,1,1048576,16384,4096,1000,,True,10000000,3964392,39.6,1.9161956310272217,0.05056285858154297
ctx,1,1,1048576,16384,4096,0,,True,10000000,3964387,39.6,1.9425618648529053,0.04827308654785156
ctx,1,1,1048576,16384,16384,10,,True,10000000,4056914,40.6,1.0103929042816162,0.052094459533691406
ctx,1,1,1048576,16384,16384,1000,,True,10000000,3964392,39.6,1.9105603694915771,0.04891204833984375
ctx,1,1,1048576,16384,16384,0,,True,10000000,3964387,39.6,1.951812505722046,0.049831390380859375
ctx,1,1,1048576,16384,65536,10,,True,10000000,4056914,40.6,1.0405895709991455,0.049948692321777344
ctx,1,1,1048576,16384,65536,1000,,True,10000000,3964392,39.6,1.9411036968231201,0.04789471626281738
ctx,1,1,1048576,16384,65536,0,,True,10000000,3964387,39.6,1.9362359046936035,0.05137896537780762
ctx,1,1,1048576,16384,262144,10,,True,10000000,4056914,40.6,0.9831616878509521,0.051636695861816406
ctx,1,1,1048576,16384,262144,1000,,True,10000000,3964392,39.6,1.92431640625,0.05026960372924805
ctx,1,1,1048576,16384,262144,0,,True,10000000,3964387,39.6,1.9376790523529053,0.0477747917175293
ctx,1,1,1048576,16384,1048576,10,,True,10000000,4056914,40.6,1.012251853942871,0.05235600471496582
ctx,1,1,1048576,16384,1048576,1000,,True,10000000,3964392,39.6,1.9067246913909912,0.04932355880737305
ctx,1,1,1048576,16384,1048576,0,,True,10000000,3964387,39.6,1.914506435394287,0.0488736629486084
ctx,1,1,1048576,65536,4096,10,,True,10000000,3811868,38.1,1.1179308891296387,0.04563450813293457
ctx,1,1,1048576,65536,4096,1000,,True,10000000,3621823,36.2,4.539547443389893,0.04327750205993652
ctx,1,1,1048576,65536,4096,0,,True,10000000,3621810,36.2,4.588327407836914,0.04414033889770508
ctx,1,1,1048576,65536,16384,10,,True,10000000,3811868,38.1,1.0990159511566162,0.04749917984008789
ctx,1,1,1048576,65536,16384,1000,,True,10000000,3621823,36.2,4.641113519668579,0.045168399810791016
ctx,1,1,1048576,65536,16384,0,,True,10000000,3621810,36.2,4.602320671081543,0.04522252082824707
ctx,1,1,1048576,65536,65536,10,,True,10000000,3811868,38.1,1.0833890438079834,0.04587101936340332
ctx,1,1,1048576,65536,65536,1000,,True,10000000,3621823,36.2,4.58170747756958,0.044385671615600586
ctx,1,1,1048576,65536,65536,0,,True,10000000,3621810,36.2,4.556255340576172,0.045212745666503906
ctx,1,1,1048576,65536,262144,10,,True,10000000,3811868,38.1,1.1370899677276611,0.049233198165893555
ctx,1,1,1048576,65536,262144,1000,,True,10000000,3621823,36.2,4.577154159545898,0.043991804122924805
ctx,1,1,1048576,65536,262144,0,,True,10000000,3621810,36.2,4.538270473480225,0.042649030685424805
ctx,1,1,1048576,65536,1048576,10,,True,10000000,3811868,38.1,1.095001220703125,0.04530763626098633
ctx,1,1,1048576,65536,1048576,1000,,True,10000000,3621823,36.2,4.592052698135376,0.04220104217529297
ctx,1,1,1048576,65536,1048576,0,,True,10000000,3621810,36.2,4.5340495109558105,0.043120384216308594
ctx,1,1,1048576,262144,4096,10,,True,10000000,3704520,37.0,1.197744369506836,0.04395008087158203
ctx,1,1,1048576,262144,4096,1000,,True,10000000,3392452,33.9,13.398398876190186,0.03846168518066406
ctx,1,1,1048576,262144,4096,0,,True,10000000,3389503,33.9,16.07978129386902,0.03860330581665039
ctx,1,1,1048576,262144,16384,10,,True,10000000,3704520,37.0,1.195871114730835,0.04365992546081543
ctx,1,1,1048576,262144,16384,1000,,True,10000000,3392452,33.9,13.272769451141357,0.041370391845703125
ctx,1,1,1048576,262144,16384,0,,True,10000000,3389503,33.9,16.04093289375305,0.039099693298339844
ctx,1,1,1048576,262144,65536,10,,True,10000000,3704520,37.0,1.2474923133850098,0.046819210052490234
ctx,1,1,1048576,262144,65536,1000,,True,10000000,3392452,33.9,13.452611446380615,0.040190935134887695
ctx,1,1,1048576,262144,65536,0,,True,10000000,3389503,33.9,16.266680002212524,0.04180550575256348
ctx,1,1,1048576,262144,262144,10,,True,10000000,3704520,37.0,1.225527048110962,0.044914960861206055
ctx,1,1,1048576,262144,262144,1000,,True,10000000,3392452,33.9,13.448508501052856,0.04119420051574707
ctx,1,1,1048576,262144,262144,0,,True,10000000,3389503,33.9,15.624697208404541,0.03826475143432617
ctx,1,1,1048576,262144,1048576,10,,True,10000000,3704520,37.0,1.242164134979248,0.045056819915771484
ctx,1,1,1048576,262144,1048576,1000,,True,10000000,3392452,33.9,13.67875599861145,0.044054269790649414
ctx,1,1,1048576,262144,1048576,0,,True,10000000,3389503,33.9,15.521065950393677,0.037750959396362305
ctx,1,1,1048576,1048576,4096,10,,True,10000000,3674424,36.7,1.227813959121704,0.044196128845214844
ctx,1,1,1048576,1048576,4096,1000,,True,10000000,3307065,33.1,26.38718271255493,0.03839564323425293
ctx,1,1,1048576,1048576,4096,0,,True,10000000,3298414,33.0,49.07171082496643,0.03942990303039551
ctx,1,1,1048576,1048576,16384,10,,True,10000000,3674424,36.7,1.2320735454559326,0.0470426082611084
ctx,1,1,1048576,1048576,16384,1000,,True,10000000,3307065,33.1,27.29205560684204,0.03838038444519043
ctx,1,1,1048576,1048576,16384,0,,True,10000000,3298414,33.0,49.53831124305725,0.038080692291259766
ctx,1,1,1048576,1048576,65536,10,,True,10000000,3674424,36.7,1.226905107498169,0.04369950294494629
ctx,1,1,1048576,1048576,65536,1000,,True,10000000,3307065,33.1,25.757825136184692,0.03991842269897461
ctx,1,1,1048576,1048576,65536,0,,True,10000000,3298414,33.0,49.494537591934204,0.03699326515197754
ctx,1,1,1048576,1048576,262144,10,,True,10000000,3674424,36.7,1.2654902935028076,0.045235633850097656
ctx,1,1,1048576,1048576,262144,1000,,True,10000000,3307065,33.1,27.877870082855225,0.039156198501586914
ctx,1,1,1048576,1048576,262144,0,,True,10000000,3298414,33.0,50.649494647979736,0.038721561431884766
ctx,1,1,1048576,1048576,1048576,10,,True,10000000,3674424,36.7,1.2564682960510254,0.04459261894226074
ctx,1,1,1048576,1048576,1048576,1000,,True,10000000,3307065,33.1,29.62056541442871,0.04032135009765625
ctx,1,1,1048576,1048576,1048576,0,,True,10000000,3298414,33.0,48.827497482299805,0.039934396743774414
ctx,2,1,16384,4096,4096,10,,,10000000,4892610,48.9,10.655557632446289,0.054564714431762695
ctx,2,1,16384,4096,4096,10,True,,10000000,4869117,48.7,9.95469617843628,0.05321860313415527
ctx,2,1,16384,4096,4096,1000,,,10000000,4864360,48.6,10.290955543518066,0.056864023208618164
ctx,2,1,16384,4096,4096,1000,True,,10000000,4839283,48.4,10.973784923553467,0.05663871765136719
ctx,2,1,16384,4096,4096,0,,,10000000,4864360,48.6,10.486586332321167,0.05582404136657715
ctx,2,1,16384,4096,4096,0,True,,10000000,4839283,48.4,10.724875688552856,0.05546998977661133
ctx,2,1,16384,4096,16384,10,,,10000000,4892610,48.9,10.706780433654785,0.05520749092102051
ctx,2,1,16384,4096,16384,10,True,,10000000,4869117,48.7,10.56967282295227,0.05692148208618164
ctx,2,1,16384,4096,16384,1000,,,10000000,4864360,48.6,10.697666645050049,0.05830097198486328
ctx,2,1,16384,4096,16384,1000,True,,10000000,4839283,48.4,10.620359420776367,0.056255340576171875
ctx,2,1,16384,4096,16384,0,,,10000000,4864360,48.6,10.065099716186523,0.0599210262298584
ctx,2,1,16384,4096,16384,0,True,,10000000,4839283,48.4,11.183375358581543,0.056018829345703125
ctx,2,1,16384,16384,4096,10,,,10000000,4693575,46.9,10.28099775314331,0.0533294677734375
ctx,2,1,16384,16384,4096,10,True,,10000000,4668019,46.7,10.458173036575317,0.055933237075805664
ctx,2,1,16384,16384,4096,1000,,,10000000,4651729,46.5,10.649883270263672,0.051476240158081055
ctx,2,1,16384,16384,4096,1000,True,,10000000,4620577,46.2,10.501295804977417,0.05321764945983887
ctx,2,1,16384,16384,4096,0,,,10000000,4651729,46.5,10.469809770584106,0.05206441879272461
ctx,2,1,16384,16384,4096,0,True,,10000000,4620577,46.2,10.273539066314697,0.0529477596282959
ctx,2,1,16384,16384,16384,10,,,10000000,4693575,46.9,10.558630228042603,0.056206703186035156
ctx,2,1,16384,16384,16384,10,True,,10000000,4668019,46.7,10.625485897064209,0.054779767990112305
ctx,2,1,16384,16384,16384,1000,,,10000000,4651729,46.5,10.80122971534729,0.05164957046508789
ctx,2,1,16384,16384,16384,1000,True,,10000000,4620577,46.2,9.972943305969238,0.05206656455993652
ctx,2,1,16384,16384,16384,0,,,10000000,4651729,46.5,9.895204782485962,0.05296134948730469
ctx,2,1,16384,16384,16384,0,True,,10000000,4620577,46.2,9.965572595596313,0.05358624458312988
ctx,2,1,65536,4096,4096,10,,,10000000,4700021,47.0,2.628305673599243,0.053437232971191406
ctx,2,1,65536,4096,4096,10,True,,10000000,4678739,46.8,2.4678261280059814,0.053585052490234375
ctx,2,1,65536,4096,4096,1000,,,10000000,4667677,46.7,2.449866533279419,0.052642107009887695
ctx,2,1,65536,4096,4096,1000,True,,10000000,4644627,46.4,2.644261121749878,0.05068230628967285
ctx,2,1,65536,4096,4096,0,,,10000000,4667677,46.7,2.6019763946533203,0.05435538291931152
ctx,2,1,65536,4096,4096,0,True,,10000000,4644627,46.4,2.638270854949951,0.05397844314575195
ctx,2,1,65536,4096,16384,10,,,10000000,4700021,47.0,2.5695102214813232,0.05208396911621094
ctx,2,1,65536,4096,16384,10,True,,10000000,4678739,46.8,2.5986135005950928,0.0522003173828125
ctx,2,1,65536,4096,16384,1000,,,10000000,4667677,46.7,2.5360264778137207,0.05271744728088379
ctx,2,1,65536,4096,16384,1000,True,,10000000,4644627,46.4,2.699606418609619,0.052698612213134766
ctx,2,1,65536,4096,16384,0,,,10000000,4667677,46.7,2.6691269874572754,0.05397176742553711
ctx,2,1,65536,4096,16384,0,True,,10000000,4644627,46.4,2.590074062347412,0.05171942710876465
ctx,2,1,65536,4096,65536,10,,,10000000,4700021,47.0,2.629162549972534,0.056624650955200195
ctx,2,1,65536,4096,65536,10,True,,10000000,4678739,46.8,2.452439069747925,0.05167818069458008
ctx,2,1,65536,4096,65536,1000,,,10000000,4667677,46.7,2.4061291217803955,0.051527976989746094
ctx,2,1,65536,4096,65536,1000,True,,10000000,4644627,46.4,2.687741279602051,0.049765586853027344
ctx,2,1,65536,4096,65536,0,,,10000000,4667677,46.7,2.715421676635742,0.05144953727722168
ctx,2,1,65536,4096,65536,0,True,,10000000,4644627,46.4,2.6446683406829834,0.05339622497558594
ctx,2,1,65536,16384,4096,10,,,10000000,4280636,42.8,2.44374942779541,0.04559206962585449
ctx,2,1,65536,16384,4096,10,True,,10000000,4262166,42.6,2.6931099891662598,0.0486907958984375
ctx,2,1,65536,16384,4096,1000,,,10000000,4205898,42.1,2.7356784343719482,0.0461583137512207
ctx,2,1,65536,16384,4096,1000,True,,10000000,4179677,41.8,2.590853691101074,0.04526853561401367
ctx,2,1,65536,16384,4096,0,,,10000000,4205892,42.1,2.7156779766082764,0.044996023178100586
ctx,2,1,65536,16384,4096,0,True,,10000000,4179678,41.8,2.678468942642212,0.04714179039001465
ctx,2,1,65536,16384,16384,10,,,10000000,4280636,42.8,2.668374538421631,0.050035953521728516
ctx,2,1,65536,16384,16384,10,True,,10000000,4262166,42.6,2.5664029121398926,0.05097627639770508
ctx,2,1,65536,16384,16384,1000,,,10000000,4205898,42.1,2.797048807144165,0.04672074317932129
ctx,2,1,65536,16384,16384,1000,True,,10000000,4179677,41.8,2.6439778804779053,0.04465937614440918
ctx,2,1,65536,16384,16384,0,,,10000000,4205892,42.1,2.5319130420684814,0.04507303237915039
ctx,2,1,65536,16384,16384,0,True,,10000000,4179678,41.8,2.4526782035827637,0.04306483268737793
ctx,2,1,65536,16384,65536,10,,,10000000,4280636,42.8,2.3622164726257324,0.047139883041381836
ctx,2,1,65536,16384,65536,10,True,,10000000,4262166,42.6,2.524524211883545,0.049001455307006836
ctx,2,1,65536,16384,65536,1000,,,10000000,4205898,42.1,2.381023406982422,0.04786872863769531
ctx,2,1,65536,16384,65536,1000,True,,10000000,4179677,41.8,2.427290678024292,0.047095298767089844
ctx,2,1,65536,16384,65536,0,,,10000000,4205892,42.1,2.4977452754974365,0.04504990577697754
ctx,2,1,65536,16384,65536,0,True,,10000000,4179678,41.8,2.6218855381011963,0.04739499092102051
ctx,2,1,65536,65536,4096,10,,,10000000,4187980,41.9,2.551001787185669,0.04820513725280762
ctx,2,1,65536,65536,4096,10,True,,10000000,4170912,41.7,2.487534284591675,0.04698967933654785
ctx,2,1,65536,65536,4096,1000,,,10000000,4089542,40.9,2.7312276363372803,0.046328067779541016
ctx,2,1,65536,65536,4096,1000,True,,10000000,4057701,40.6,2.7115488052368164,0.04793953895568848
ctx,2,1,65536,65536,4096,0,,,10000000,4089538,40.9,2.724250078201294,0.04360842704772949
ctx,2,1,65536,65536,4096,0,True,,10000000,4057697,40.6,2.6601600646972656,0.04602861404418945
ctx,2,1,65536,65536,16384,10,,,10000000,4187980,41.9,2.543780565261841,0.04674077033996582
ctx,2,1,65536,65536,16384,10,True,,10000000,4170912,41.7,2.3269197940826416,0.04515552520751953
ctx,2,1,65536,65536,16384,1000,,,10000000,4089542,40.9,2.428724765777588,0.04431414604187012
ctx,2,1,65536,65536,16384,1000,True,,10000000,4057701,40.6,2.6915059089660645,0.044733285903930664
ctx,2,1,65536,65536,16384,0,,,10000000,4089538,40.9,2.68856143951416,0.04488658905029297
ctx,2,1,65536,65536,16384,0,True,,10000000,4057697,40.6,2.972929000854492,0.04502606391906738
ctx,2,1,65536,65536,65536,10,,,10000000,4187980,41.9,2.7288575172424316,0.04648399353027344
ctx,2,1,65536,65536,65536,10,True,,10000000,4170912,41.7,2.5340330600738525,0.04672503471374512
ctx,2,1,65536,65536,65536,1000,,,10000000,4089542,40.9,2.6160736083984375,0.04153871536254883
ctx,2,1,65536,65536,65536,1000,True,,10000000,4057701,40.6,2.5394296646118164,0.044675350189208984
ctx,2,1,65536,65536,65536,0,,,10000000,4089538,40.9,2.660322904586792,0.04143500328063965
ctx,2,1,65536,65536,65536,0,True,,10000000,4057697,40.6,2.5327725410461426,0.042984962463378906
ctx,2,1,262144,4096,4096,10,,,10000000,4650414,46.5,0.767423152923584,0.05566239356994629
ctx,2,1,262144,4096,4096,10,True,,10000000,4629482,46.3,0.7503631114959717,0.05362296104431152
ctx,2,1,262144,4096,4096,1000,,,10000000,4616863,46.2,0.7785000801086426,0.05102348327636719
ctx,2,1,262144,4096,4096,1000,True,,10000000,4594311,45.9,0.6994848251342773,0.05338263511657715
ctx,2,1,262144,4096,4096,0,,,10000000,4616863,46.2,0.6808977127075195,0.05237317085266113
ctx,2,1,262144,4096,4096,0,True,,10000000,4594311,45.9,0.713902473449707,0.05413699150085449
ctx,2,1,262144,4096,16384,10,,,10000000,4650414,46.5,0.694267749786377,0.05418682098388672
ctx,2,1,262144,4096,16384,10,True,,10000000,4629482,46.3,0.7745380401611328,0.0556638240814209
ctx,2,1,262144,4096,16384,1000,,,10000000,4616863,46.2,0.6868350505828857,0.050475120544433594
ctx,2,1,262144,4096,16384,1000,True,,10000000,4594311,45.9,0.7479996681213379,0.05421042442321777
ctx,2,1,262144,4096,16384,0,,,10000000,4616863,46.2,0.7180120944976807,0.05423092842102051
ctx,2,1,262144,4096,16384,0,True,,10000000,4594311,45.9,0.7290840148925781,0.053362369537353516
ctx,2,1,262144,4096,65536,10,,,10000000,4650414,46.5,0.7203633785247803,0.0594785213470459
ctx,2,1,262144,4096,65536,10,True,,10000000,4629482,46.3,0.7293000221252441,0.05623292922973633
ctx,2,1,262144,4096,65536,1000,,,10000000,4616863,46.2,0.7268133163452148,0.052608489990234375
ctx,2,1,262144,4096,65536,1000,True,,10000000,4594311,45.9,0.7392714023590088,0.056594133377075195
ctx,2,1,262144,4096,65536,0,,,10000000,4616863,46.2,0.7469296455383301,0.05520009994506836
ctx,2,1,262144,4096,65536,0,True,,10000000,4594311,45.9,0.7304885387420654,0.05349135398864746
ctx,2,1,262144,4096,262144,10,,,10000000,4650414,46.5,0.7341341972351074,0.055562734603881836
ctx,2,1,262144,4096,262144,10,True,,10000000,4629482,46.3,0.7211902141571045,0.055190086364746094
ctx,2,1,262144,4096,262144,1000,,,10000000,4616863,46.2,0.6576557159423828,0.05444669723510742
ctx,2,1,262144,4096,262144,1000,True,,10000000,4594311,45.9,0.7216215133666992,0.05160188674926758
ctx,2,1,262144,4096,262144,0,,,10000000,4616863,46.2,0.6831889152526855,0.05198025703430176
ctx,2,1,262144,4096,262144,0,True,,10000000,4594311,45.9,0.7302274703979492,0.05611300468444824
ctx,2,1,262144,16384,4096,10,,,10000000,4164625,41.6,0.6499333381652832,0.043691396713256836
ctx,2,1,262144,16384,4096,10,True,,10000000,4149186,41.5,0.6744413375854492,0.05016779899597168
ctx,2,1,262144,16384,4096,1000,,,10000000,4079954,40.8,0.7181906700134277,0.04135775566101074
ctx,2,1,262144,16384,4096,1000,True,,10000000,4056359,40.6,0.7409725189208984,0.04698753356933594
ctx,2,1,262144,16384,4096,0,,,10000000,4079947,40.8,0.7359015941619873,0.042999267578125
ctx,2,1,262144,16384,4096,0,True,,10000000,4056357,40.6,0.7724971771240234,0.04960060119628906
ctx,2,1,262144,16384,16384,10,,,10000000,4164625,41.6,0.6632771492004395,0.045477867126464844
ctx,2,1,262144,16384,16384,10,True,,10000000,4149186,41.5,0.6952910423278809,0.04588794708251953
ctx,2,1,262144,16384,16384,1000,,,10000000,4079954,40.8,0.706768274307251,0.04573559761047363
ctx,2,1,262144,16384,16384,1000,True,,10000000,4056359,40.6,0.7528443336486816,0.04563260078430176
ctx,2,1,262144,16384,16384,0,,,10000000,4079947,40.8,0.7509348392486572,0.0461580753326416
ctx,2,1,262144,16384,16384,0,True,,10000000,4056357,40.6,0.7089889049530029,0.045308828353881836
ctx,2,1,262144,16384,65536,10,,,10000000,4164625,41.6,0.6425549983978271,0.044637203216552734
ctx,2,1,262144,16384,65536,10,True,,10000000,4149186,41.5,0.68796706199646,0.04498291015625
ctx,2,1,262144,16384,65536,1000,,,10000000,4079954,40.8,0.6668407917022705,0.04406929016113281
ctx,2,1,262144,16384,65536,1000,True,,10000000,4056359,40.6,0.7306642532348633,0.04486560821533203
ctx,2,1,262144,16384,65536,0,,,10000000,4079947,40.8,0.7082209587097168,0.04215049743652344
ctx,2,1,262144,16384,65536,0,True,,10000000,4056357,40.6,0.7362027168273926,0.04668569564819336
ctx,2,1,262144,16384,262144,10,,,10000000,4164625,41.6,0.7327401638031006,0.04986286163330078
ctx,2,1,262144,16384,262144,10,True,,10000000,4149186,41.5,0.659348726272583,0.04578804969787598
ctx,2,1,262144,16384,262144,1000,,,10000000,4079954,40.8,0.6976790428161621,0.04601168632507324
ctx,2,1,262144,16384,262144,1000,True,,10000000,4056359,40.6,0.7352073192596436,0.047025442123413086
ctx,2,1,262144,16384,262144,0,,,10000000,4079947,40.8,0.7001955509185791,0.04399466514587402
ctx,2,1,262144,16384,262144,0,True,,10000000,4056357,40.6,0.7121901512145996,0.04635024070739746
ctx,2,1,262144,65536,4096,10,,,10000000,3972503,39.7,0.6654152870178223,0.04156613349914551
ctx,2,1,262144,65536,4096,10,True,,10000000,3962892,39.6,0.6773052215576172,0.04452228546142578
ctx,2,1,262144,65536,4096,1000,,,10000000,3816150,38.2,0.7813351154327393,0.03968548774719238
ctx,2,1,262144,65536,4096,1000,True,,10000000,3787743,37.9,0.8493213653564453,0.040541887283325195
ctx,2,1,262144,65536,4096,0,,,10000000,3816139,38.2,0.7751176357269287,0.037824153900146484
ctx,2,1,262144,65536,4096,0,True,,10000000,3787741,37.9,0.9354877471923828,0.037935495376586914
ctx,2,1,262144,65536,16384,10,,,10000000,3972503,39.7,0.6677689552307129,0.04347801208496094
ctx,2,1,262144,65536,16384,10,True,,10000000,3962892,39.6,0.6937949657440186,0.04490208625793457
ctx,2,1,262144,65536,16384,1000,,,10000000,3816150,38.2,0.7639548778533936,0.04043316841125488
ctx,2,1,262144,65536,16384,1000,True,,10000000,3787743,37.9,0.8940317630767822,0.04050874710083008
ctx,2,1,262144,65536,16384,0,,,10000000,3816139,38.2,0.8202946186065674,0.04037332534790039
ctx,2,1,262144,65536,16384,0,True,,10000000,3787741,37.9,0.9177956581115723,0.0476686954498291
ctx,2,1,262144,65536,65536,10,,,10000000,3972503,39.7,0.7177870273590088,0.04299664497375488
ctx,2,1,262144,65536,65536,10,True,,10000000,3962892,39.6,0.6890037059783936,0.044267892837524414
ctx,2,1,262144,65536,65536,1000,,,10000000,3816150,38.2,0.8069617748260498,0.04165005683898926
ctx,2,1,262144,65536,65536,1000,True,,10000000,3787743,37.9,0.8871555328369141,0.04131913185119629
ctx,2,1,262144,65536,65536,0,,,10000000,3816139,38.2,0.8112599849700928,0.040117502212524414
ctx,2,1,262144,65536,65536,0,True,,10000000,3787741,37.9,0.8948800563812256,0.04098248481750488
ctx,2,1,262144,65536,262144,10,,,10000000,3972503,39.7,0.715320348739624,0.04348254203796387
ctx,2,1,262144,65536,262144,10,True,,10000000,3962892,39.6,0.7167513370513916,0.04360365867614746
ctx,2,1,262144,65536,262144,1000,,,10000000,3816150,38.2,0.8149929046630859,0.04282736778259277
ctx,2,1,262144,65536,262144,1000,True,,10000000,3787743,37.9,0.8925435543060303,0.040656089782714844
ctx,2,1,262144,65536,262144,0,,,10000000,3816139,38.2,0.768017053604126,0.038969993591308594
ctx,2,1,262144,65536,262144,0,True,,10000000,3787741,37.9,0.8586935997009277,0.0429997444152832
ctx,2,1,262144,262144,4096,10,,,10000000,3938368,39.4,0.681640625,0.040999412536621094
ctx,2,1,262144,262144,4096,10,True,,10000000,3930885,39.3,0.6781589984893799,0.04172468185424805
ctx,2,1,262144,262144,4096,1000,,,10000000,3744431,37.4,0.9550507068634033,0.038840532302856445
ctx,2,1,262144,262144,4096,1000,True,,10000000,3712575,37.1,1.1481647491455078,0.04075121879577637
ctx,2,1,262144,262144,4096,0,,,10000000,3743599,37.4,1.0124967098236084,0.04287838935852051
ctx,2,1,262144,262144,4096,0,True,,10000000,3711576,37.1,1.1853644847869873,0.03925323486328125
ctx,2,1,262144,262144,16384,10,,,10000000,3938368,39.4,0.7365000247955322,0.043480634689331055
ctx,2,1,262144,262144,16384,10,True,,10000000,3930885,39.3,0.6976828575134277,0.04299592971801758
ctx,2,1,262144,262144,16384,1000,,,10000000,3744431,37.4,0.935786247253418,0.03769946098327637
ctx,2,1,262144,262144,16384,1000,True,,10000000,3712575,37.1,1.1396996974945068,0.04136943817138672
ctx,2,1,262144,262144,16384,0,,,10000000,3743599,37.4,0.9408941268920898,0.03594660758972168
ctx,2,1,262144,262144,16384,0,True,,10000000,3711576,37.1,1.2776315212249756,0.03841853141784668
ctx,2,1,262144,262144,65536,10,,,10000000,3938368,39.4,0.7494242191314697,0.04381871223449707
ctx,2,1,262144,262144,65536,10,True,,10000000,3930885,39.3,0.6944375038146973,0.04478263854980469
ctx,2,1,262144,262144,65536,1000,,,10000000,3744431,37.4,0.9485476016998291,0.039794206619262695
ctx,2,1,262144,262144,65536,1000,True,,10000000,3712575,37.1,1.2583630084991455,0.038613319396972656
ctx,2,1,262144,262144,65536,0,,,10000000,3743599,37.4,0.9217391014099121,0.0391077995300293
ctx,2,1,262144,262144,65536,0,True,,10000000,3711576,37.1,1.1751420497894287,0.038797855377197266
ctx,2,1,262144,262144,262144,10,,,10000000,3938368,39.4,0.6730124950408936,0.048435211181640625
ctx,2,1,262144,262144,262144,10,True,,10000000,3930885,39.3,0.6879775524139404,0.04255270957946777
ctx,2,1,262144,262144,262144,1000,,,10000000,3744431,37.4,0.9377601146697998,0.03739190101623535
ctx,2,1,262144,262144,262144,1000,True,,10000000,3712575,37.1,1.1815552711486816,0.04039645195007324
ctx,2,1,262144,262144,262144,0,,,10000000,3743599,37.4,0.9539804458618164,0.03964638710021973
ctx,2,1,262144,262144,262144,0,True,,10000000,3711576,37.1,1.175856590270996,0.03812098503112793
ctx,2,1,1048576,4096,4096,10,,,10000000,4638238,46.4,0.21884822845458984,0.05866813659667969
ctx,2,1,1048576,4096,4096,10,True,,10000000,4617464,46.2,0.2285752296447754,0.05663871765136719
ctx,2,1,1048576,4096,4096,1000,,,10000000,4604320,46.0,0.2448878288269043,0.05905485153198242
ctx,2,1,1048576,4096,4096,1000,True,,10000000,4582007,45.8,0.2324504852294922,0.06065821647644043
ctx,2,1,1048576,4096,4096,0,,,10000000,4604320,46.0,0.2608041763305664,0.05603456497192383
ctx,2,1,1048576,4096,4096,0,True,,10000000,4582007,45.8,0.2400045394897461,0.05807685852050781
ctx,2,1,1048576,4096,16384,10,,,10000000,4638238,46.4,0.22406411170959473,0.059107065200805664
ctx,2,1,1048576,4096,16384,10,True,,10000000,4617464,46.2,0.2245635986328125,0.05942392349243164
ctx,2,1,1048576,4096,16384,1000,,,10000000,4604320,46.0,0.23785614967346191,0.06094002723693848
ctx,2,1,1048576,4096,16384,1000,True,,10000000,4582007,45.8,0.2490711212158203,0.06826019287109375
ctx,2,1,1048576,4096,16384,0,,,10000000,4604320,46.0,0.2667877674102783,0.058030128479003906
ctx,2,1,1048576,4096,16384,0,True,,10000000,4582007,45.8,0.27555203437805176,0.06223583221435547
ctx,2,1,1048576,4096,65536,10,,,10000000,4638238,46.4,0.2541787624359131,0.05957460403442383
ctx,2,1,1048576,4096,65536,10,True,,10000000,4617464,46.2,0.24895811080932617,0.06125640869140625
ctx,2,1,1048576,4096,65536,1000,,,10000000,4604320,46.0,0.23336005210876465,0.056145429611206055
ctx,2,1,1048576,4096,65536,1000,True,,10000000,4582007,45.8,0.25037407875061035,0.061675310134887695
ctx,2,1,1048576,4096,65536,0,,,10000000,4604320,46.0,0.2473313808441162,0.055904388427734375
ctx,2,1,1048576,4096,65536,0,True,,10000000,4582007,45.8,0.26520323753356934,0.059310197830200195
ctx,2,1,1048576,4096,262144,10,,,10000000,4638238,46.4,0.24338197708129883,0.0596005916595459
ctx,2,1,1048576,4096,262144,10,True,,10000000,4617464,46.2,0.22504472732543945,0.056752681732177734
ctx,2,1,1048576,4096,262144,1000,,,10000000,4604320,46.0,0.23887181282043457,0.05696535110473633
ctx,2,1,1048576,4096,262144,1000,True,,10000000,4582007,45.8,0.24729037284851074,0.05684685707092285
ctx,2,1,1048576,4096,262144,0,,,10000000,4604320,46.0,0.23040342330932617,0.05463075637817383
ctx,2,1,1048576,4096,262144,0,True,,10000000,4582007,45.8,0.23160147666931152,0.061064958572387695
ctx,2,1,1048576,4096,1048576,10,,,10000000,4638238,46.4,0.21432137489318848,0.054849863052368164
ctx,2,1,1048576,4096,1048576,10,True,,10000000,4617464,46.2,0.23794341087341309,0.06047987937927246
ctx,2,1,1048576,4096,1048576,1000,,,10000000,4604320,46.0,0.2211322784423828,0.05669760704040527
ctx,2,1,1048576,4096,1048576,1000,True,,10000000,4582007,45.8,0.2430102825164795,0.05976462364196777
ctx,2,1,1048576,4096,1048576,0,,,10000000,4604320,46.0,0.23531007766723633,0.06042623519897461
ctx,2,1,1048576,4096,1048576,0,True,,10000000,4582007,45.8,0.2440953254699707,0.05676984786987305
ctx,2,1,1048576,16384,4096,10,,,10000000,4134543,41.3,0.2185351848602295,0.05107283592224121
ctx,2,1,1048576,16384,4096,10,True,,10000000,4119936,41.2,0.22472167015075684,0.04999232292175293
ctx,2,1,1048576,16384,4096,1000,,,10000000,4046746,40.5,0.25121355056762695,0.04522418975830078
ctx,2,1,1048576,16384,4096,1000,True,,10000000,4023917,40.2,0.274538516998291,0.04871344566345215
ctx,2,1,1048576,16384,4096,0,,,10000000,4046740,40.5,0.2557504177093506,0.04805159568786621
ctx,2,1,1048576,16384,4096,0,True,,10000000,4023915,40.2,0.2857706546783447,0.04930520057678223
ctx,2,1,1048576,16384,16384,10,,,10000000,4134543,41.3,0.22283101081848145,0.04926633834838867
ctx,2,1,1048576,16384,16384,10,True,,10000000,4119936,41.2,0.2530097961425781,0.05088925361633301
ctx,2,1,1048576,16384,16384,1000,,,10000000,4046746,40.5,0.25954270362854004,0.050646305084228516
ctx,2,1,1048576,16384,16384,1000,True,,10000000,4023917,40.2,0.27994298934936523,0.045533180236816406
ctx,2,1,1048576,16384,16384,0,,,10000000,4046740,40.5,0.24108576774597168,0.04415130615234375
ctx,2,1,1048576,16384,16384,0,True,,10000000,4023915,40.2,0.2705347537994385,0.047440290451049805
ctx,2,1,1048576,16384,65536,10,,,10000000,4134543,41.3,0.22614717483520508,0.05040454864501953
ctx,2,1,1048576,16384,65536,10,True,,10000000,4119936,41.2,0.23811125755310059,0.053073883056640625
ctx,2,1,1048576,16384,65536,1000,,,10000000,4046746,40.5,0.23511052131652832,0.048711538314819336
ctx,2,1,1048576,16384,65536,1000,True,,10000000,4023917,40.2,0.28147006034851074,0.046610116958618164
ctx,2,1,1048576,16384,65536,0,,,10000000,4046740,40.5,0.24107646942138672,0.04431033134460449
ctx,2,1,1048576,16384,65536,0,True,,10000000,4023915,40.2,0.2822122573852539,0.04750943183898926
ctx,2,1,1048576,16384,262144,10,,,10000000,4134543,41.3,0.21903276443481445,0.05039668083190918
ctx,2,1,1048576,16384,262144,10,True,,10000000,4119936,41.2,0.22981619834899902,0.04747271537780762
ctx,2,1,1048576,16384,262144,1000,,,10000000,4046746,40.5,0.25003886222839355,0.04527592658996582
ctx,2,1,1048576,16384,262144,1000,True,,10000000,4023917,40.2,0.27953410148620605,0.0497891902923584
ctx,2,1,1048576,16384,262144,0,,,10000000,4046740,40.5,0.2549021244049072,0.04697275161743164
ctx,2,1,1048576,16384,262144,0,True,,10000000,4023915,40.2,0.28109145164489746,0.0493624210357666
ctx,2,1,1048576,16384,1048576,10,,,10000000,4134543,41.3,0.22214508056640625,0.047332048416137695
ctx,2,1,1048576,16384,1048576,10,True,,10000000,4119936,41.2,0.23331904411315918,0.05083942413330078
ctx,2,1,1048576,16384,1048576,1000,,,10000000,4046746,40.5,0.2688422203063965,0.05132293701171875
ctx,2,1,1048576,16384,1048576,1000,True,,10000000,4023917,40.2,0.29953694343566895,0.052448272705078125
ctx,2,1,1048576,16384,1048576,0,,,10000000,4046740,40.5,0.27153849601745605,0.046534061431884766
ctx,2,1,1048576,16384,1048576,0,True,,10000000,4023915,40.2,0.30429792404174805,0.05688905715942383
ctx,2,1,1048576,65536,4096,10,,,10000000,3908422,39.1,0.2302722930908203,0.04653048515319824
ctx,2,1,1048576,65536,4096,10,True,,10000000,3901729,39.0,0.24285578727722168,0.0447845458984375
ctx,2,1,1048576,65536,4096,1000,,,10000000,3732344,37.3,0.35605931282043457,0.04094958305358887
ctx,2,1,1048576,65536,4096,1000,True,,10000000,3706162,37.1,0.478271484375,0.041669368743896484
ctx,2,1,1048576,65536,4096,0,,,10000000,3732328,37.3,0.3470308780670166,0.04453253746032715
ctx,2,1,1048576,65536,4096,0,True,,10000000,3706149,37.1,0.4700143337249756,0.04300355911254883
ctx,2,1,1048576,65536,16384,10,,,10000000,3908422,39.1,0.25362348556518555,0.04652047157287598
ctx,2,1,1048576,65536,16384,10,True,,10000000,3901729,39.0,0.2404332160949707,0.04741215705871582
ctx,2,1,1048576,65536,16384,1000,,,10000000,3732344,37.3,0.34961843490600586,0.041554927825927734
ctx,2,1,1048576,65536,16384,1000,True,,10000000,3706162,37.1,0.47041964530944824,0.042273759841918945
ctx,2,1,1048576,65536,16384,0,,,10000000,3732328,37.3,0.3654348850250244,0.04216146469116211
ctx,2,1,1048576,65536,16384,0,True,,10000000,3706149,37.1,0.45438194274902344,0.041521549224853516
ctx,2,1,1048576,65536,65536,10,,,10000000,3908422,39.1,0.21883034706115723,0.04331088066101074
ctx,2,1,1048576,65536,65536,10,True,,10000000,3901729,39.0,0.2444920539855957,0.046202898025512695
ctx,2,1,1048576,65536,65536,1000,,,10000000,3732344,37.3,0.3487818241119385,0.04058194160461426
ctx,2,1,1048576,65536,65536,1000,True,,10000000,3706162,37.1,0.4855647087097168,0.04125690460205078
ctx,2,1,1048576,65536,65536,0,,,10000000,3732328,37.3,0.348156213760376,0.03867650032043457
ctx,2,1,1048576,65536,65536,0,True,,10000000,3706149,37.1,0.4832942485809326,0.040929555892944336
ctx,2,1,1048576,65536,262144,10,,,10000000,3908422,39.1,0.23923039436340332,0.050255775451660156
ctx,2,1,1048576,65536,262144,10,True,,10000000,3901729,39.0,0.22780966758728027,0.04696393013000488
ctx,2,1,1048576,65536,262144,1000,,,10000000,3732344,37.3,0.36243486404418945,0.04314541816711426
ctx,2,1,1048576,65536,262144,1000,True,,10000000,3706162,37.1,0.47069406509399414,0.043168067932128906
ctx,2,1,1048576,65536,262144,0,,,10000000,3732328,37.3,0.34729480743408203,0.04087471961975098
ctx,2,1,1048576,65536,262144,0,True,,10000000,3706149,37.1,0.470226526260376,0.04226374626159668
ctx,2,1,1048576,65536,1048576,10,,,10000000,3908422,39.1,0.22000956535339355,0.047005653381347656
ctx,2,1,1048576,65536,1048576,10,True,,10000000,3901729,39.0,0.22980356216430664,0.046015024185180664
ctx,2,1,1048576,65536,1048576,1000,,,10000000,3732344,37.3,0.3460099697113037,0.0394132137298584
ctx,2,1,1048576,65536,1048576,1000,True,,10000000,3706162,37.1,0.4753565788269043,0.03980278968811035
ctx,2,1,1048576,65536,1048576,0,,,10000000,3732328,37.3,0.35018062591552734,0.04179811477661133
ctx,2,1,1048576,65536,1048576,0,True,,10000000,3706149,37.1,0.459730863571167,0.04072999954223633
ctx,2,1,1048576,262144,4096,10,,,10000000,3834260,38.3,0.24454259872436523,0.04601907730102539
ctx,2,1,1048576,262144,4096,10,True,,10000000,3834406,38.3,0.25537538528442383,0.04563784599304199
ctx,2,1,1048576,262144,4096,1000,,,10000000,3555112,35.6,0.7580587863922119,0.04018807411193848
ctx,2,1,1048576,262144,4096,1000,True,,10000000,3527221,35.3,1.1992626190185547,0.04122495651245117
ctx,2,1,1048576,262144,4096,0,,,10000000,3551696,35.5,0.8660266399383545,0.04022097587585449
ctx,2,1,1048576,262144,4096,0,True,,10000000,3523393,35.2,1.3895690441131592,0.04188799858093262
ctx,2,1,1048576,262144,16384,10,,,10000000,3834260,38.3,0.2342989444732666,0.044788360595703125
ctx,2,1,1048576,262144,16384,10,True,,10000000,3834406,38.3,0.2535974979400635,0.04426264762878418
ctx,2,1,1048576,262144,16384,1000,,,10000000,3555112,35.6,0.7492456436157227,0.038831472396850586
ctx,2,1,1048576,262144,16384,1000,True,,10000000,3527221,35.3,1.1898105144500732,0.04342460632324219
ctx,2,1,1048576,262144,16384,0,,,10000000,3551696,35.5,0.8725836277008057,0.04154205322265625
ctx,2,1,1048576,262144,16384,0,True,,10000000,3523393,35.2,1.3673851490020752,0.03949880599975586
ctx,2,1,1048576,262144,65536,10,,,10000000,3834260,38.3,0.2347249984741211,0.04371047019958496
ctx,2,1,1048576,262144,65536,10,True,,10000000,3834406,38.3,0.25191640853881836,0.046669721603393555
ctx,2,1,1048576,262144,65536,1000,,,10000000,3555112,35.6,0.7958390712738037,0.03853726387023926
ctx,2,1,1048576,262144,65536,1000,True,,10000000,3527221,35.3,1.190098762512207,0.04210948944091797
ctx,2,1,1048576,262144,65536,0,,,10000000,3551696,35.5,0.8372445106506348,0.04108309745788574
ctx,2,1,1048576,262144,65536,0,True,,10000000,3523393,35.2,1.3012492656707764,0.03729963302612305
ctx,2,1,1048576,262144,262144,10,,,10000000,3834260,38.3,0.22835040092468262,0.04160499572753906
ctx,2,1,1048576,262144,262144,10,True,,10000000,3834406,38.3,0.23854494094848633,0.04307889938354492
ctx,2,1,1048576,262144,262144,1000,,,10000000,3555112,35.6,0.7453291416168213,0.03639650344848633
ctx,2,1,1048576,262144,262144,1000,True,,10000000,3527221,35.3,1.1389334201812744,0.03743433952331543
ctx,2,1,1048576,262144,262144,0,,,10000000,3551696,35.5,0.861325740814209,0.03562784194946289
ctx,2,1,1048576,262144,262144,0,True,,10000000,3523393,35.2,1.3755037784576416,0.03724813461303711
ctx,2,1,1048576,262144,1048576,10,,,10000000,3834260,38.3,0.22930622100830078,0.04033041000366211
ctx,2,1,1048576,262144,1048576,10,True,,10000000,3834406,38.3,0.24510812759399414,0.045769691467285156
ctx,2,1,1048576,262144,1048576,1000,,,10000000,3555112,35.6,0.7720720767974854,0.03835773468017578
ctx,2,1,1048576,262144,1048576,1000,True,,10000000,3527221,35.3,1.2178494930267334,0.03937101364135742
ctx,2,1,1048576,262144,1048576,0,,,10000000,3551696,35.5,0.8550443649291992,0.040108442306518555
ctx,2,1,1048576,262144,1048576,0,True,,10000000,3523393,35.2,1.3562829494476318,0.03820466995239258
ctx,2,1,1048576,1048576,4096,10,,,10000000,3820085,38.2,0.25008440017700195,0.043811798095703125
ctx,2,1,1048576,1048576,4096,10,True,,10000000,3823108,38.2,0.2716033458709717,0.04597735404968262
ctx,2,1,1048576,1048576,4096,1000,,,10000000,3504430,35.0,1.771562099456787,0.03623676300048828
ctx,2,1,1048576,1048576,4096,1000,True,,10000000,3478254,34.8,2.483029365539551,0.03804326057434082
ctx,2,1,1048576,1048576,4096,0,,,10000000,3495502,35.0,3.25286865234375,0.03781771659851074
ctx,2,1,1048576,1048576,4096,0,True,,10000000,3467412,34.7,5.01176905632019,0.040017127990722656
ctx,2,1,1048576,1048576,16384,10,,,10000000,3820085,38.2,0.22738862037658691,0.047060489654541016
ctx,2,1,1048576,1048576,16384,10,True,,10000000,3823108,38.2,0.23938608169555664,0.04476642608642578
ctx,2,1,1048576,1048576,16384,1000,,,10000000,3504430,35.0,1.58040189743042,0.03729438781738281
ctx,2,1,1048576,1048576,16384,1000,True,,10000000,3478254,34.8,2.604550838470459,0.038550615310668945
ctx,2,1,1048576,1048576,16384,0,,,10000000,3495502,35.0,2.547530174255371,0.037138938903808594
ctx,2,1,1048576,1048576,16384,0,True,,10000000,3467412,34.7,4.27528715133667,0.03705310821533203
ctx,2,1,1048576,1048576,65536,10,,,10000000,3820085,38.2,0.22640228271484375,0.04253506660461426
ctx,2,1,1048576,1048576,65536,10,True,,10000000,3823108,38.2,0.230743408203125,0.04293632507324219
ctx,2,1,1048576,1048576,65536,1000,,,10000000,3504430,35.0,1.5558710098266602,0.0365147590637207
ctx,2,1,1048576,1048576,65536,1000,True,,10000000,3478254,34.8,2.4010682106018066,0.03647661209106445
ctx,2,1,1048576,1048576,65536,0,,,10000000,3495502,35.0,2.544992446899414,0.039832115173339844
ctx,2,1,1048576,1048576,65536,0,True,,10000000,3467412,34.7,4.5271711349487305,0.03960728645324707
ctx,2,1,1048576,1048576,262144,10,,,10000000,3820085,38.2,0.24763917922973633,0.04606032371520996
ctx,2,1,1048576,1048576,262144,10,True,,10000000,3823108,38.2,0.2727165222167969,0.04451942443847656
ctx,2,1,1048576,1048576,262144,1000,,,10000000,3504430,35.0,1.5527665615081787,0.037049055099487305
ctx,2,1,1048576,1048576,262144,1000,True,,10000000,3478254,34.8,2.4862873554229736,0.03915762901306152
ctx,2,1,1048576,1048576,262144,0,,,10000000,3495502,35.0,2.5113399028778076,0.03512096405029297
ctx,2,1,1048576,1048576,262144,0,True,,10000000,3467412,34.7,4.093515396118164,0.036788225173950195
ctx,2,1,1048576,1048576,1048576,10,,,10000000,3820085,38.2,0.23569130897521973,0.04356074333190918
ctx,2,1,1048576,1048576,1048576,10,True,,10000000,3823108,38.2,0.24382233619689941,0.04322218894958496
ctx,2,1,1048576,1048576,1048576,1000,,,10000000,3504430,35.0,1.4696147441864014,0.0382685661315918
ctx,2,1,1048576,1048576,1048576,1000,True,,10000000,3478254,34.8,2.5012834072113037,0.03795051574707031
ctx,2,1,1048576,1048576,1048576,0,,,10000000,3495502,35.0,3.051914691925049,0.038614749908447266
ctx,2,1,1048576,1048576,1048576,0,True,,10000000,3467412,34.7,4.791984558105469,0.03936266899108887
ctx,2,1,16384,4096,4096,10,,True,10000000,4848388,48.5,10.227055788040161,0.05710744857788086
ctx,2,1,16384,4096,4096,1000,,True,10000000,4819342,48.2,10.351957559585571,0.05522465705871582
ctx,2,1,16384,4096,4096,0,,True,10000000,4819342,48.2,10.42262578010559,0.05516958236694336
ctx,2,1,16384,4096,16384,10,,True,10000000,4848388,48.5,9.858584642410278,0.055155277252197266
ctx,2,1,16384,4096,16384,1000,,True,10000000,4819342,48.2,9.918116807937622,0.0561671257019043
ctx,2,1,16384,4096,16384,0,,True,10000000,4819342,48.2,10.038547039031982,0.05747675895690918
ctx,2,1,16384,16384,4096,10,,True,10000000,4618162,46.2,9.903917789459229,0.05424165725708008
ctx,2,1,16384,16384,4096,1000,,True,10000000,4569553,45.7,10.312219619750977,0.05544304847717285
ctx,2,1,16384,16384,4096,0,,True,10000000,4569553,45.7,10.620531558990479,0.05519700050354004
ctx,2,1,16384,16384,16384,10,,True,10000000,4618162,46.2,10.157215595245361,0.0528562068939209
ctx,2,1,16384,16384,16384,1000,,True,10000000,4569553,45.7,10.67893648147583,0.05286598205566406
ctx,2,1,16384,16384,16384,0,,True,10000000,4569553,45.7,10.1771821975708,0.050981760025024414
ctx,2,1,65536,4096,4096,10,,True,10000000,4658305,46.6,2.7916083335876465,0.055126190185546875
ctx,2,1,65536,4096,4096,1000,,True,10000000,4625383,46.3,2.850226640701294,0.051593780517578125
ctx,2,1,65536,4096,4096,0,,True,10000000,4625383,46.3,2.8617401123046875,0.056996822357177734
ctx,2,1,65536,4096,16384,10,,True,10000000,4658305,46.6,2.7048327922821045,0.055390357971191406
ctx,2,1,65536,4096,16384,1000,,True,10000000,4625383,46.3,2.8577375411987305,0.053542137145996094
ctx,2,1,65536,4096,16384,0,,True,10000000,4625383,46.3,2.8840198516845703,0.05509328842163086
ctx,2,1,65536,4096,65536,10,,True,10000000,4658305,46.6,2.841120481491089,0.053169965744018555
ctx,2,1,65536,4096,65536,1000,,True,10000000,4625383,46.3,2.905545234680176,0.054302215576171875
ctx,2,1,65536,4096,65536,0,,True,10000000,4625383,46.3,2.8161370754241943,0.05242586135864258
ctx,2,1,65536,16384,4096,10,,True,10000000,4200096,42.0,2.8304576873779297,0.04932808876037598
ctx,2,1,65536,16384,4096,1000,,True,10000000,4119224,41.2,3.1781253814697266,0.04777646064758301
ctx,2,1,65536,16384,4096,0,,True,10000000,4119222,41.2,3.3718466758728027,0.04730701446533203
ctx,2,1,65536,16384,16384,10,,True,10000000,4200096,42.0,2.935072422027588,0.04866671562194824
ctx,2,1,65536,16384,16384,1000,,True,10000000,4119224,41.2,3.2844836711883545,0.04799342155456543
ctx,2,1,65536,16384,16384,0,,True,10000000,4119222,41.2,3.353407144546509,0.04920148849487305
ctx,2,1,65536,16384,65536,10,,True,10000000,4200096,42.0,2.7573423385620117,0.04588818550109863
ctx,2,1,65536,16384,65536,1000,,True,10000000,4119224,41.2,3.156846761703491,0.04689741134643555
ctx,2,1,65536,16384,65536,0,,True,10000000,4119222,41.2,3.240861177444458,0.04739499092102051
ctx,2,1,65536,65536,4096,10,,True,10000000,4090239,40.9,2.921198844909668,0.04996156692504883
ctx,2,1,65536,65536,4096,1000,,True,10000000,3974461,39.7,3.743730306625366,0.04477095603942871
ctx,2,1,65536,65536,4096,0,,True,10000000,3974460,39.7,3.8173861503601074,0.04649853706359863
ctx,2,1,65536,65536,16384,10,,True,10000000,4090239,40.9,3.055790662765503,0.046042442321777344
ctx,2,1,65536,65536,16384,1000,,True,10000000,3974461,39.7,3.6810250282287598,0.049251556396484375
ctx,2,1,65536,65536,16384,0,,True,10000000,3974460,39.7,3.7820918560028076,0.04572868347167969
ctx,2,1,65536,65536,65536,10,,True,10000000,4090239,40.9,2.8185904026031494,0.0464627742767334
ctx,2,1,65536,65536,65536,1000,,True,10000000,3974461,39.7,3.756957769393921,0.04863715171813965
ctx,2,1,65536,65536,65536,0,,True,10000000,3974460,39.7,3.7483766078948975,0.04233503341674805
ctx,2,1,262144,4096,4096,10,,True,10000000,4609192,46.1,0.951181173324585,0.05797266960144043
ctx,2,1,262144,4096,4096,1000,,True,10000000,4575214,45.8,1.038550615310669,0.056299448013305664
ctx,2,1,262144,4096,4096,0,,True,10000000,4575214,45.8,1.0236327648162842,0.05154776573181152
ctx,2,1,262144,4096,16384,10,,True,10000000,4609192,46.1,0.915351390838623,0.05430269241333008
ctx,2,1,262144,4096,16384,1000,,True,10000000,4575214,45.8,1.0223355293273926,0.05689859390258789
ctx,2,1,262144,4096,16384,0,,True,10000000,4575214,45.8,1.0461750030517578,0.05538344383239746
ctx,2,1,262144,4096,65536,10,,True,10000000,4609192,46.1,0.8913161754608154,0.05523252487182617
ctx,2,1,262144,4096,65536,1000,,True,10000000,4575214,45.8,1.0114200115203857,0.05408358573913574
ctx,2,1,262144,4096,65536,0,,True,10000000,4575214,45.8,0.9955267906188965,0.05222058296203613
ctx,2,1,262144,4096,262144,10,,True,10000000,4609192,46.1,0.8662557601928711,0.054096221923828125
ctx,2,1,262144,4096,262144,1000,,True,10000000,4575214,45.8,0.9921925067901611,0.05084061622619629
ctx,2,1,262144,4096,262144,0,,True,10000000,4575214,45.8,0.9861466884613037,0.05239105224609375
ctx,2,1,262144,16384,4096,10,,True,10000000,4086622,40.9,0.992753267288208,0.046898603439331055
ctx,2,1,262144,16384,4096,1000,,True,10000000,3996726,40.0,1.4168047904968262,0.0463109016418457
ctx,2,1,262144,16384,4096,0,,True,10000000,3996723,40.0,1.4206058979034424,0.04827690124511719
ctx,2,1,262144,16384,16384,10,,True,10000000,4086622,40.9,0.9621016979217529,0.04504871368408203
ctx,2,1,262144,16384,16384,1000,,True,10000000,3996726,40.0,1.4029784202575684,0.04807877540588379
ctx,2,1,262144,16384,16384,0,,True,10000000,3996723,40.0,1.4116795063018799,0.04609322547912598
ctx,2,1,262144,16384,65536,10,,True,10000000,4086622,40.9,0.9776983261108398,0.046530723571777344
ctx,2,1,262144,16384,65536,1000,,True,10000000,3996726,40.0,1.4083037376403809,0.047373294830322266
ctx,2,1,262144,16384,65536,0,,True,10000000,3996723,40.0,1.389571189880371,0.048868417739868164
ctx,2,1,262144,16384,262144,10,,True,10000000,4086622,40.9,0.9510247707366943,0.04758739471435547
ctx,2,1,262144,16384,262144,1000,,True,10000000,3996726,40.0,1.3752286434173584,0.04492497444152832
ctx,2,1,262144,16384,262144,0,,True,10000000,3996723,40.0,1.4545645713806152,0.047266244888305664
ctx,2,1,262144,65536,4096,10,,True,10000000,3874055,38.7,1.0801455974578857,0.045645713806152344
ctx,2,1,262144,65536,4096,1000,,True,10000000,3701351,37.0,2.6003894805908203,0.04074501991271973
ctx,2,1,262144,65536,4096,0,,True,10000000,3701340,37.0,2.624765157699585,0.04138660430908203
ctx,2,1,262144,65536,16384,10,,True,10000000,3874055,38.7,1.0116682052612305,0.04559135437011719
ctx,2,1,262144,65536,16384,1000,,True,10000000,3701351,37.0,2.6393165588378906,0.04216361045837402
ctx,2,1,262144,65536,16384,0,,True,10000000,3701340,37.0,2.5892622470855713,0.0431666374206543
ctx,2,1,262144,65536,65536,10,,True,10000000,3874055,38.7,1.06943678855896,0.04577350616455078
ctx,2,1,262144,65536,65536,1000,,True,10000000,3701351,37.0,2.6291728019714355,0.0436093807220459
ctx,2,1,262144,65536,65536,0,,True,10000000,3701340,37.0,2.7164573669433594,0.04219412803649902
ctx,2,1,262144,65536,262144,10,,True,10000000,3874055,38.7,1.113473653793335,0.0462641716003418
ctx,2,1,262144,65536,262144,1000,,True,10000000,3701351,37.0,2.6216933727264404,0.04024386405944824
ctx,2,1,262144,65536,262144,0,,True,10000000,3701340,37.0,2.5894358158111572,0.0426180362701416
ctx,2,1,262144,262144,4096,10,,True,10000000,3816740,38.2,1.055866003036499,0.043335914611816406
ctx,2,1,262144,262144,4096,1000,,True,10000000,3588731,35.9,4.61903715133667,0.04252886772155762
ctx,2,1,262144,262144,4096,0,,True,10000000,3587826,35.9,5.0672643184661865,0.03999447822570801
ctx,2,1,262144,262144,16384,10,,True,10000000,3816740,38.2,1.0873064994812012,0.04390597343444824
ctx,2,1,262144,262144,16384,1000,,True,10000000,3588731,35.9,5.028359413146973,0.043225765228271484
ctx,2,1,262144,262144,16384,0,,True,10000000,3587826,35.9,5.121347427368164,0.042752981185913086
ctx,2,1,262144,262144,65536,10,,True,10000000,3816740,38.2,1.062950611114502,0.0469207763671875
ctx,2,1,262144,262144,65536,1000,,True,10000000,3588731,35.9,4.677879095077515,0.03852653503417969
ctx,2,1,262144,262144,65536,0,,True,10000000,3587826,35.9,5.175049066543579,0.039891958236694336
ctx,2,1,262144,262144,262144,10,,True,10000000,3816740,38.2,1.1049861907958984,0.0420680046081543
ctx,2,1,262144,262144,262144,1000,,True,10000000,3588731,35.9,4.993415355682373,0.041954755783081055
ctx,2,1,262144,262144,262144,0,,True,10000000,3587826,35.9,5.048372268676758,0.03969883918762207
ctx,2,1,1048576,4096,4096,10,,True,10000000,4597181,46.0,0.4875156879425049,0.05694890022277832
ctx,2,1,1048576,4096,4096,1000,,True,10000000,4562881,45.6,0.5907995700836182,0.05975651741027832
ctx,2,1,1048576,4096,4096,0,,True,10000000,4562881,45.6,0.6025617122650146,0.058757781982421875
ctx,2,1,1048576,4096,16384,10,,True,10000000,4597181,46.0,0.49828076362609863,0.06150460243225098
ctx,2,1,1048576,4096,16384,1000,,True,10000000,4562881,45.6,0.6221740245819092,0.05892682075500488
ctx,2,1,1048576,4096,16384,0,,True,10000000,4562881,45.6,0.6046221256256104,0.058502197265625
ctx,2,1,1048576,4096,65536,10,,True,10000000,4597181,46.0,0.49422359466552734,0.06067705154418945
ctx,2,1,1048576,4096,65536,1000,,True,10000000,4562881,45.6,0.6129961013793945,0.06066751480102539
ctx,2,1,1048576,4096,65536,0,,True,10000000,4562881,45.6,0.6477715969085693,0.05768918991088867
ctx,2,1,1048576,4096,262144,10,,True,10000000,4597181,46.0,0.48850297927856445,0.05724620819091797
ctx,2,1,1048576,4096,262144,1000,,True,10000000,4562881,45.6,0.6334302425384521,0.058051109313964844
ctx,2,1,1048576,4096,262144,0,,True,10000000,4562881,45.6,0.6112351417541504,0.057768821716308594
ctx,2,1,1048576,4096,1048576,10,,True,10000000,4597181,46.0,0.48215222358703613,0.05989432334899902
ctx,2,1,1048576,4096,1048576,1000,,True,10000000,4562881,45.6,0.612421989440918,0.05596303939819336
ctx,2,1,1048576,4096,1048576,0,,True,10000000,4562881,45.6,0.6217682361602783,0.05753612518310547
ctx,2,1,1048576,16384,4096,10,,True,10000000,4056914,40.6,0.5764851570129395,0.05261564254760742
ctx,2,1,1048576,16384,4096,1000,,True,10000000,3964392,39.6,1.0666804313659668,0.047765254974365234
ctx,2,1,1048576,16384,4096,0,,True,10000000,3964387,39.6,1.0102722644805908,0.05086088180541992
ctx,2,1,1048576,16384,16384,10,,True,10000000,4056914,40.6,0.5413205623626709,0.05107617378234863
ctx,2,1,1048576,16384,16384,1000,,True,10000000,3964392,39.6,1.0285804271697998,0.05221295356750488
ctx,2,1,1048576,16384,16384,0,,True,10000000,3964387,39.6,1.0469226837158203,0.05059695243835449
ctx,2,1,1048576,16384,65536,10,,True,10000000,4056914,40.6,0.5778295993804932,0.05041313171386719
ctx,2,1,1048576,16384,65536,1000,,True,10000000,3964392,39.6,1.0625853538513184,0.047715187072753906
ctx,2,1,1048576,16384,65536,0,,True,10000000,3964387,39.6,1.035426378250122,0.04795694351196289
ctx,2,1,1048576,16384,262144,10,,True,10000000,4056914,40.6,0.5777652263641357,0.0501246452331543
ctx,2,1,1048576,16384,262144,1000,,True,10000000,3964392,39.6,1.0263218879699707,0.04746365547180176
ctx,2,1,1048576,16384,262144,0,,True,10000000,3964387,39.6,1.0260708332061768,0.05004739761352539
ctx,2,1,1048576,16384,1048576,10,,True,10000000,4056914,40.6,0.5678386688232422,0.05162191390991211
ctx,2,1,1048576,16384,1048576,1000,,True,10000000,3964392,39.6,1.0189235210418701,0.05118751525878906
ctx,2,1,1048576,16384,1048576,0,,True,10000000,3964387,39.6,1.0491936206817627,0.049176692962646484
ctx,2,1,1048576,65536,4096,10,,True,10000000,3811868,38.1,0.635460615158081,0.04743051528930664
ctx,2,1,1048576,65536,4096,1000,,True,10000000,3621823,36.2,2.4200127124786377,0.04472756385803223
ctx,2,1,1048576,65536,4096,0,,True,10000000,3621810,36.2,2.4394772052764893,0.04493904113769531
ctx,2,1,1048576,65536,16384,10,,True,10000000,3811868,38.1,0.6349892616271973,0.04797029495239258
ctx,2,1,1048576,65536,16384,1000,,True,10000000,3621823,36.2,2.4757018089294434,0.04802656173706055
ctx,2,1,1048576,65536,16384,0,,True,10000000,3621810,36.2,2.4887845516204834,0.04584550857543945
ctx,2,1,1048576,65536,65536,10,,True,10000000,3811868,38.1,0.6247477531433105,0.0474085807800293
ctx,2,1,1048576,65536,65536,1000,,True,10000000,3621823,36.2,2.465024709701538,0.04456758499145508
ctx,2,1,1048576,65536,65536,0,,True,10000000,3621810,36.2,2.428148031234741,0.042691946029663086
ctx,2,1,1048576,65536,262144,10,,True,10000000,3811868,38.1,0.6284265518188477,0.048700571060180664
ctx,2,1,1048576,65536,262144,1000,,True,10000000,3621823,36.2,2.454503059387207,0.04395866394042969
ctx,2,1,1048576,65536,262144,0,,True,10000000,3621810,36.2,2.4275875091552734,0.046993255615234375
ctx,2,1,1048576,65536,1048576,10,,True,10000000,3811868,38.1,0.6223599910736084,0.04583311080932617
ctx,2,1,1048576,65536,1048576,1000,,True,10000000,3621823,36.2,2.4223885536193848,0.04428577423095703
ctx,2,1,1048576,65536,1048576,0,,True,10000000,3621810,36.2,2.5075790882110596,0.046545982360839844
ctx,2,1,1048576,262144,4096,10,,True,10000000,3704520,37.0,0.6794924736022949,0.04518461227416992
ctx,2,1,1048576,262144,4096,1000,,True,10000000,3392452,33.9,7.038083076477051,0.04092884063720703
ctx,2,1,1048576,262144,4096,0,,True,10000000,3389503,33.9,8.971381664276123,0.04086613655090332
ctx,2,1,1048576,262144,16384,10,,True,10000000,3704520,37.0,0.681210994720459,0.04612088203430176
ctx,2,1,1048576,262144,16384,1000,,True,10000000,3392452,33.9,7.078823566436768,0.04226398468017578
ctx,2,1,1048576,262144,16384,0,,True,10000000,3389503,33.9,8.487534284591675,0.038561344146728516
ctx,2,1,1048576,262144,65536,10,,True,10000000,3704520,37.0,0.6694135665893555,0.0444941520690918
ctx,2,1,1048576,262144,65536,1000,,True,10000000,3392452,33.9,6.912310361862183,0.03672504425048828
ctx,2,1,1048576,262144,65536,0,,True,10000000,3389503,33.9,8.233879566192627,0.03747224807739258
ctx,2,1,1048576,262144,262144,10,,True,10000000,3704520,37.0,0.6618537902832031,0.04427075386047363
ctx,2,1,1048576,262144,262144,1000,,True,10000000,3392452,33.9,6.964808225631714,0.03958892822265625
ctx,2,1,1048576,262144,262144,0,,True,10000000,3389503,33.9,8.490397214889526,0.0404508113861084
ctx,2,1,1048576,262144,1048576,10,,True,10000000,3704520,37.0,0.6817994117736816,0.04732346534729004
ctx,2,1,1048576,262144,1048576,1000,,True,10000000,3392452,33.9,7.111204147338867,0.041422367095947266
ctx,2,1,1048576,262144,1048576,0,,True,10000000,3389503,33.9,8.393404722213745,0.03974318504333496
ctx,2,1,1048576,1048576,4096,10,,True,10000000,3674424,36.7,0.7188634872436523,0.04634833335876465
ctx,2,1,1048576,1048576,4096,1000,,True,10000000,3307065,33.1,15.299685001373291,0.03996133804321289
ctx,2,1,1048576,1048576,4096,0,,True,10000000,3298414,33.0,26.696670055389404,0.03819155693054199
ctx,2,1,1048576,1048576,16384,10,,True,10000000,3674424,36.7,0.7332735061645508,0.044814109802246094
ctx,2,1,1048576,1048576,16384,1000,,True,10000000,3307065,33.1,15.275851249694824,0.039461374282836914
ctx,2,1,1048576,1048576,16384,0,,True,10000000,3298414,33.0,26.625184297561646,0.04031848907470703
ctx,2,1,1048576,1048576,65536,10,,True,10000000,3674424,36.7,0.7141788005828857,0.04595804214477539
ctx,2,1,1048576,1048576,65536,1000,,True,10000000,3307065,33.1,15.251077890396118,0.04105663299560547
ctx,2,1,1048576,1048576,65536,0,,True,10000000,3298414,33.0,27.78498864173889,0.03975200653076172
ctx,2,1,1048576,1048576,262144,10,,True,10000000,3674424,36.7,0.7281157970428467,0.044907569885253906
ctx,2,1,1048576,1048576,262144,1000,,True,10000000,3307065,33.1,15.50688910484314,0.038869380950927734
ctx,2,1,1048576,1048576,262144,0,,True,10000000,3298414,33.0,27.151031255722046,0.03938174247741699
ctx,2,1,1048576,1048576,1048576,10,,True,10000000,3674424,36.7,0.7115552425384521,0.04457545280456543
ctx,2,1,1048576,1048576,1048576,1000,,True,10000000,3307065,33.1,15.390634298324585,0.038396596908569336
ctx,2,1,1048576,1048576,1048576,0,,True,10000000,3298414,33.0,26.825520515441895,0.04032707214355469
ctx,4,1,16384,4096,4096,10,,,10000000,4892610,48.9,6.780818223953247,0.056902408599853516
ctx,4,1,16384,4096,4096,10,True,,10000000,4869117,48.7,6.830653429031372,0.056936025619506836
ctx,4,1,16384,4096,4096,1000,,,10000000,4864360,48.6,6.859654664993286,0.05758404731750488
ctx,4,1,16384,4096,4096,1000,True,,10000000,4839283,48.4,6.913704872131348,0.05756402015686035
ctx,4,1,16384,4096,4096,0,,,10000000,4864360,48.6,7.014999866485596,0.05678892135620117
ctx,4,1,16384,4096,4096,0,True,,10000000,4839283,48.4,6.76458215713501,0.056696176528930664
ctx,4,1,16384,4096,16384,10,,,10000000,4892610,48.9,7.000054359436035,0.05775046348571777
ctx,4,1,16384,4096,16384,10,True,,10000000,4869117,48.7,6.55553936958313,0.058563232421875
ctx,4,1,16384,4096,16384,1000,,,10000000,4864360,48.6,6.737675428390503,0.05615377426147461
ctx,4,1,16384,4096,16384,1000,True,,10000000,4839283,48.4,7.373452425003052,0.055554866790771484
ctx,4,1,16384,4096,16384,0,,,10000000,4864360,48.6,9.71449065208435,0.059233665466308594
ctx,4,1,16384,4096,16384,0,True,,10000000,4839283,48.4,11.637494802474976,0.05595564842224121
ctx,4,1,16384,16384,4096,10,,,10000000,4693575,46.9,11.588321924209595,0.05531454086303711
ctx,4,1,16384,16384,4096,10,True,,10000000,4668019,46.7,11.29091739654541,0.05587482452392578
ctx,4,1,16384,16384,4096,1000,,,10000000,4651729,46.5,11.299777030944824,0.054608821868896484
ctx,4,1,16384,16384,4096,1000,True,,10000000,4620577,46.2,11.359353065490723,0.05443882942199707
ctx,4,1,16384,16384,4096,0,,,10000000,4651729,46.5,11.665558338165283,0.05545473098754883
ctx,4,1,16384,16384,4096,0,True,,10000000,4620577,46.2,11.429447412490845,0.05472874641418457
ctx,4,1,16384,16384,16384,10,,,10000000,4693575,46.9,11.864943742752075,0.05370783805847168
ctx,4,1,16384,16384,16384,10,True,,10000000,4668019,46.7,11.963663816452026,0.056363582611083984
ctx,4,1,16384,16384,16384,1000,,,10000000,4651729,46.5,11.309793949127197,0.05894637107849121
ctx,4,1,16384,16384,16384,1000,True,,10000000,4620577,46.2,11.44734787940979,0.05873560905456543
ctx,4,1,16384,16384,16384,0,,,10000000,4651729,46.5,11.440359354019165,0.05297255516052246
ctx,4,1,16384,16384,16384,0,True,,10000000,4620577,46.2,11.6078941822052,0.05424833297729492
ctx,4,1,65536,4096,4096,10,,,10000000,4700021,47.0,2.934772491455078,0.05648040771484375
ctx,4,1,65536,4096,4096,10,True,,10000000,4678739,46.8,2.8248002529144287,0.05451655387878418
ctx,4,1,65536,4096,4096,1000,,,10000000,4667677,46.7,2.9102466106414795,0.05404400825500488
ctx,4,1,65536,4096,4096,1000,True,,10000000,4644627,46.4,2.9443135261535645,0.05372023582458496
ctx,4,1,65536,4096,4096,0,,,10000000,4667677,46.7,3.318514108657837,0.05826139450073242
ctx,4,1,65536,4096,4096,0,True,,10000000,4644627,46.4,3.767179250717163,0.06134295463562012
ctx,4,1,65536,4096,16384,10,,,10000000,4700021,47.0,3.477431297302246,0.0564427375793457
ctx,4,1,65536,4096,16384,10,True,,10000000,4678739,46.8,2.8181772232055664,0.05538630485534668
ctx,4,1,65536,4096,16384,1000,,,10000000,4667677,46.7,2.868508815765381,0.05540323257446289
ctx,4,1,65536,4096,16384,1000,True,,10000000,4644627,46.4,2.9897379875183105,0.05544781684875488
ctx,4,1,65536,4096,16384,0,,,10000000,4667677,46.7,3.0232396125793457,0.05334925651550293
ctx,4,1,65536,4096,16384,0,True,,10000000,4644627,46.4,2.8714990615844727,0.053984642028808594
ctx,4,1,65536,4096,65536,10,,,10000000,4700021,47.0,2.957212448120117,0.057039737701416016
ctx,4,1,65536,4096,65536,10,True,,10000000,4678739,46.8,3.0465400218963623,0.05611085891723633
ctx,4,1,65536,4096,65536,1000,,,10000000,4667677,46.7,3.017249822616577,0.05644345283508301
ctx,4,1,65536,4096,65536,1000,True,,10000000,4644627,46.4,2.9134788513183594,0.054436683654785156
ctx,4,1,65536,4096,65536,0,,,10000000,4667677,46.7,3.0137779712677,0.05444073677062988
ctx,4,1,65536,4096,65536,0,True,,10000000,4644627,46.4,2.969033718109131,0.056220293045043945
ctx,4,1,65536,16384,4096,10,,,10000000,4280636,42.8,2.98218035697937,0.050368309020996094
ctx,4,1,65536,16384,4096,10,True,,10000000,4262166,42.6,2.8197827339172363,0.04912877082824707
ctx,4,1,65536,16384,4096,1000,,,10000000,4205898,42.1,2.806047201156616,0.046509742736816406
ctx,4,1,65536,16384,4096,1000,True,,10000000,4179677,41.8,2.8913512229919434,0.04796719551086426
ctx,4,1,65536,16384,4096,0,,,10000000,4205892,42.1,2.8456530570983887,0.047068119049072266
ctx,4,1,65536,16384,4096,0,True,,10000000,4179678,41.8,2.8495757579803467,0.049050331115722656
ctx,4,1,65536,16384,16384,10,,,10000000,4280636,42.8,2.809295177459717,0.04815220832824707
ctx,4,1,65536,16384,16384,10,True,,10000000,4262166,42.6,2.8297030925750732,0.04921388626098633
ctx,4,1,65536,16384,16384,1000,,,10000000,4205898,42.1,2.8023688793182373,0.04630470275878906
ctx,4,1,65536,16384,16384,1000,True,,10000000,4179677,41.8,2.806277275085449,0.0535588264465332
ctx,4,1,65536,16384,16384,0,,,10000000,4205892,42.1,3.2917964458465576,0.06202840805053711
ctx,4,1,65536,16384,16384,0,True,,10000000,4179678,41.8,3.229748249053955,0.050246238708496094
ctx,4,1,65536,16384,65536,10,,,10000000,4280636,42.8,3.0922141075134277,0.051342010498046875
ctx,4,1,65536,16384,65536,10,True,,10000000,4262166,42.6,2.9414970874786377,0.04882335662841797
ctx,4,1,65536,16384,65536,1000,,,10000000,4205898,42.1,2.9218831062316895,0.047536373138427734
ctx,4,1,65536,16384,65536,1000,True,,10000000,4179677,41.8,3.256582260131836,0.05471372604370117
ctx,4,1,65536,16384,65536,0,,,10000000,4205892,42.1,3.245551347732544,0.05398750305175781
ctx,4,1,65536,16384,65536,0,True,,10000000,4179678,41.8,3.2757508754730225,0.050836801528930664
ctx,4,1,65536,65536,4096,10,,,10000000,4187980,41.9,3.0130155086517334,0.050820350646972656
ctx,4,1,65536,65536,4096,10,True,,10000000,4170912,41.7,2.938467502593994,0.04731345176696777
ctx,4,1,65536,65536,4096,1000,,,10000000,4089542,40.9,3.183908462524414,0.05451226234436035
ctx,4,1,65536,65536,4096,1000,True,,10000000,4057701,40.6,2.978644371032715,0.04882407188415527
ctx,4,1,65536,65536,4096,0,,,10000000,4089538,40.9,3.023540735244751,0.04365205764770508
ctx,4,1,65536,65536,4096,0,True,,10000000,4057697,40.6,2.7092955112457275,0.04439949989318848
ctx,4,1,65536,65536,16384,10,,,10000000,4187980,41.9,3.2147021293640137,0.056809186935424805
ctx,4,1,65536,65536,16384,10,True,,10000000,4170912,41.7,3.036787509918213,0.05269479751586914
ctx,4,1,65536,65536,16384,1000,,,10000000,4089542,40.9,2.727757453918457,0.046521663665771484
ctx,4,1,65536,65536,16384,1000,True,,10000000,4057701,40.6,3.229219913482666,0.047118186950683594
ctx,4,1,65536,65536,16384,0,,,10000000,4089538,40.9,3.003458261489868,0.05115199089050293
ctx,4,1,65536,65536,16384,0,True,,10000000,4057697,40.6,3.1599011421203613,0.04569196701049805
ctx,4,1,65536,65536,65536,10,,,10000000,4187980,41.9,2.628124952316284,0.046788692474365234
ctx,4,1,65536,65536,65536,10,True,,10000000,4170912,41.7,2.543794870376587,0.04475092887878418
ctx,4,1,65536,65536,65536,1000,,,10000000,4089542,40.9,2.474752426147461,0.0452423095703125
ctx,4,1,65536,65536,65536,1000,True,,10000000,4057701,40.6,2.474900960922241,0.042325496673583984
ctx,4,1,65536,65536,65536,0,,,10000000,4089538,40.9,2.4893624782562256,0.04628896713256836
ctx,4,1,65536,65536,65536,0,True,,10000000,4057697,40.6,2.463202476501465,0.04524397850036621
ctx,4,1,262144,4096,4096,10,,,10000000,4650414,46.5,0.605344295501709,0.05427050590515137
ctx,4,1,262144,4096,4096,10,True,,10000000,4629482,46.3,0.6212689876556396,0.05382704734802246
ctx,4,1,262144,4096,4096,1000,,,10000000,4616863,46.2,0.6368429660797119,0.05325675010681152
ctx,4,1,262144,4096,4096,1000,True,,10000000,4594311,45.9,0.6484494209289551,0.052521705627441406
ctx,4,1,262144,4096,4096,0,,,10000000,4616863,46.2,0.65390944480896,0.052394866943359375
ctx,4,1,262144,4096,4096,0,True,,10000000,4594311,45.9,0.7083816528320312,0.05310177803039551
ctx,4,1,262144,4096,16384,10,,,10000000,4650414,46.5,0.6456265449523926,0.05775713920593262
ctx,4,1,262144,4096,16384,10,True,,10000000,4629482,46.3,0.615703821182251,0.05431866645812988
ctx,4,1,262144,4096,16384,1000,,,10000000,4616863,46.2,0.6698157787322998,0.05264592170715332
ctx,4,1,262144,4096,16384,1000,True,,10000000,4594311,45.9,0.6259462833404541,0.05775308609008789
ctx,4,1,262144,4096,16384,0,,,10000000,4616863,46.2,0.6137142181396484,0.05514383316040039
ctx,4,1,262144,4096,16384,0,True,,10000000,4594311,45.9,0.6085970401763916,0.051871299743652344
ctx,4,1,262144,4096,65536,10,,,10000000,4650414,46.5,0.7372469902038574,0.055136919021606445
ctx,4,1,262144,4096,65536,10,True,,10000000,4629482,46.3,0.6486067771911621,0.05691027641296387
ctx,4,1,262144,4096,65536,1000,,,10000000,4616863,46.2,0.6984884738922119,0.05372428894042969
ctx,4,1,262144,4096,65536,1000,True,,10000000,4594311,45.9,0.6629419326782227,0.056482791900634766
ctx,4,1,262144,4096,65536,0,,,10000000,4616863,46.2,0.661879301071167,0.05264592170715332
ctx,4,1,262144,4096,65536,0,True,,10000000,4594311,45.9,0.7238306999206543,0.056954383850097656
ctx,4,1,262144,4096,262144,10,,,10000000,4650414,46.5,0.6554539203643799,0.052428483963012695
ctx,4,1,262144,4096,262144,10,True,,10000000,4629482,46.3,0.6263928413391113,0.05339646339416504
ctx,4,1,262144,4096,262144,1000,,,10000000,4616863,46.2,0.6431043148040771,0.05297994613647461
ctx,4,1,262144,4096,262144,1000,True,,10000000,4594311,45.9,0.6317639350891113,0.055314064025878906
ctx,4,1,262144,4096,262144,0,,,10000000,4616863,46.2,0.6676955223083496,0.05258798599243164
ctx,4,1,262144,4096,262144,0,True,,10000000,4594311,45.9,0.6063463687896729,0.05218315124511719
ctx,4,1,262144,16384,4096,10,,,10000000,4164625,41.6,0.6810708045959473,0.04577326774597168
ctx,4,1,262144,16384,4096,10,True,,10000000,4149186,41.5,0.6332504749298096,0.049605607986450195
ctx,4,1,262144,16384,4096,1000,,,10000000,4079954,40.8,0.681652307510376,0.0440676212310791
ctx,4,1,262144,16384,4096,1000,True,,10000000,4056359,40.6,0.6834831237792969,0.048780202865600586
ctx,4,1,262144,16384,4096,0,,,10000000,4079947,40.8,0.6760642528533936,0.045685768127441406
ctx,4,1,262144,16384,4096,0,True,,10000000,4056357,40.6,0.6311781406402588,0.04386138916015625
ctx,4,1,262144,16384,16384,10,,,10000000,4164625,41.6,0.6685483455657959,0.04675889015197754
ctx,4,1,262144,16384,16384,10,True,,10000000,4149186,41.5,0.6093661785125732,0.05323171615600586
ctx,4,1,262144,16384,16384,1000,,,10000000,4079954,40.8,0.7387986183166504,0.04609537124633789
ctx,4,1,262144,16384,16384,1000,True,,10000000,4056359,40.6,0.6281330585479736,0.04567098617553711
ctx,4,1,262144,16384,16384,0,,,10000000,4079947,40.8,0.6327507495880127,0.0493929386138916
ctx,4,1,262144,16384,16384,0,True,,10000000,4056357,40.6,0.8889024257659912,0.047983407974243164
ctx,4,1,262144,16384,65536,10,,,10000000,4164625,41.6,0.7206845283508301,0.046323299407958984
ctx,4,1,262144,16384,65536,10,True,,10000000,4149186,41.5,0.6871249675750732,0.04526209831237793
ctx,4,1,262144,16384,65536,1000,,,10000000,4079954,40.8,0.6494400501251221,0.04299592971801758
ctx,4,1,262144,16384,65536,1000,True,,10000000,4056359,40.6,0.6429460048675537,0.04627203941345215
ctx,4,1,262144,16384,65536,0,,,10000000,4079947,40.8,0.6435136795043945,0.04364609718322754
ctx,4,1,262144,16384,65536,0,True,,10000000,4056357,40.6,0.6918962001800537,0.047515869140625
ctx,4,1,262144,16384,262144,10,,,10000000,4164625,41.6,0.7086818218231201,0.04683065414428711
ctx,4,1,262144,16384,262144,10,True,,10000000,4149186,41.5,0.699068546295166,0.04867887496948242
ctx,4,1,262144,16384,262144,1000,,,10000000,4079954,40.8,0.6586387157440186,0.04681277275085449
ctx,4,1,262144,16384,262144,1000,True,,10000000,4056359,40.6,0.6606123447418213,0.04430699348449707
ctx,4,1,262144,16384,262144,0,,,10000000,4079947,40.8,0.6633198261260986,0.04559636116027832
ctx,4,1,262144,16384,262144,0,True,,10000000,4056357,40.6,0.6653621196746826,0.04568958282470703
ctx,4,1,262144,65536,4096,10,,,10000000,3972503,39.7,0.687652587890625,0.04471445083618164
ctx,4,1,262144,65536,4096,10,True,,10000000,3962892,39.6,0.6735327243804932,0.04486489295959473
ctx,4,1,262144,65536,4096,1000,,,10000000,3816150,38.2,0.6739418506622314,0.039498329162597656
ctx,4,1,262144,65536,4096,1000,True,,10000000,3787743,37.9,0.6874220371246338,0.04230904579162598
ctx,4,1,262144,65536,4096,0,,,10000000,3816139,38.2,0.6576409339904785,0.03851890563964844
ctx,4,1,262144,65536,4096,0,True,,10000000,3787741,37.9,0.7272734642028809,0.040776968002319336
ctx,4,1,262144,65536,16384,10,,,10000000,3972503,39.7,0.670295238494873,0.04407906532287598
ctx,4,1,262144,65536,16384,10,True,,10000000,3962892,39.6,0.636711597442627,0.04206085205078125
ctx,4,1,262144,65536,16384,1000,,,10000000,3816150,38.2,0.6442770957946777,0.040673255920410156
ctx,4,1,262144,65536,16384,1000,True,,10000000,3787743,37.9,0.6969575881958008,0.04035806655883789
ctx,4,1,262144,65536,16384,0,,,10000000,3816139,38.2,0.645054817199707,0.0401613712310791
ctx,4,1,262144,65536,16384,0,True,,10000000,3787741,37.9,0.6699731349945068,0.03916025161743164
ctx,4,1,262144,65536,65536,10,,,10000000,3972503,39.7,0.6542317867279053,0.04571533203125
ctx,4,1,262144,65536,65536,10,True,,10000000,3962892,39.6,0.6707909107208252,0.04208087921142578
ctx,4,1,262144,65536,65536,1000,,,10000000,3816150,38.2,0.6896979808807373,0.03844022750854492
ctx,4,1,262144,65536,65536,1000,True,,10000000,3787743,37.9,0.7445602416992188,0.04645252227783203
ctx,4,1,262144,65536,65536,0,,,10000000,3816139,38.2,0.7380976676940918,0.03968477249145508
ctx,4,1,262144,65536,65536,0,True,,10000000,3787741,37.9,0.6575813293457031,0.04134488105773926
ctx,4,1,262144,65536,262144,10,,,10000000,3972503,39.7,0.6168985366821289,0.043463945388793945
ctx,4,1,262144,65536,262144,10,True,,10000000,3962892,39.6,0.6335930824279785,0.04422616958618164
ctx,4,1,262144,65536,262144,1000,,,10000000,3816150,38.2,0.689232587814331,0.04135727882385254
ctx,4,1,262144,65536,262144,1000,True,,10000000,3787743,37.9,0.6789660453796387,0.04195427894592285
ctx,4,1,262144,65536,262144,0,,,10000000,3816139,38.2,0.653602123260498,0.03896975517272949
ctx,4,1,262144,65536,262144,0,True,,10000000,3787741,37.9,0.6842730045318604,0.04019975662231445
ctx,4,1,262144,262144,4096,10,,,10000000,3938368,39.4,0.6485779285430908,0.042069196701049805
ctx,4,1,262144,262144,4096,10,True,,10000000,3930885,39.3,0.6067421436309814,0.04409074783325195
ctx,4,1,262144,262144,4096,1000,,,10000000,3744431,37.4,0.6983072757720947,0.03741788864135742
ctx,4,1,262144,262144,4096,1000,True,,10000000,3712575,37.1,0.8648355007171631,0.0386815071105957
ctx,4,1,262144,262144,4096,0,,,10000000,3743599,37.4,0.9678432941436768,0.039505958557128906
ctx,4,1,262144,262144,4096,0,True,,10000000,3711576,37.1,1.035172462463379,0.041098833084106445
ctx,4,1,262144,262144,16384,10,,,10000000,3938368,39.4,0.8521232604980469,0.04555702209472656
ctx,4,1,262144,262144,16384,10,True,,10000000,3930885,39.3,0.8420300483703613,0.04378223419189453
ctx,4,1,262144,262144,16384,1000,,,10000000,3744431,37.4,0.9206807613372803,0.03931164741516113
ctx,4,1,262144,262144,16384,1000,True,,10000000,3712575,37.1,1.0367302894592285,0.039983510971069336
ctx,4,1,262144,262144,16384,0,,,10000000,3743599,37.4,0.749004602432251,0.037259578704833984
ctx,4,1,262144,262144,16384,0,True,,10000000,3711576,37.1,0.8455009460449219,0.03854632377624512
ctx,4,1,262144,262144,65536,10,,,10000000,3938368,39.4,0.6431801319122314,0.04295039176940918
ctx,4,1,262144,262144,65536,10,True,,10000000,3930885,39.3,0.6446068286895752,0.04520249366760254
ctx,4,1,262144,262144,65536,1000,,,10000000,3744431,37.4,0.7425189018249512,0.037056922912597656
ctx,4,1,262144,262144,65536,1000,True,,10000000,3712575,37.1,0.8525214195251465,0.0390629768371582
ctx,4,1,262144,262144,65536,0,,,10000000,3743599,37.4,0.7596499919891357,0.0402984619140625
ctx,4,1,262144,262144,65536,0,True,,10000000,3711576,37.1,0.8775041103363037,0.03840780258178711
ctx,4,1,262144,262144,262144,10,,,10000000,3938368,39.4,0.6344714164733887,0.04022359848022461
ctx,4,1,262144,262144,262144,10,True,,10000000,3930885,39.3,0.6374268531799316,0.04204058647155762
ctx,4,1,262144,262144,262144,1000,,,10000000,3744431,37.4,0.7348296642303467,0.041390419006347656
ctx,4,1,262144,262144,262144,1000,True,,10000000,3712575,37.1,0.8217110633850098,0.04002642631530762
ctx,4,1,262144,262144,262144,0,,,10000000,3743599,37.4,0.7262063026428223,0.03776979446411133
ctx,4,1,262144,262144,262144,0,True,,10000000,3711576,37.1,0.8271725177764893,0.0364990234375
ctx,4,1,1048576,4096,4096,10,,,10000000,4638238,46.4,0.23874282836914062,0.05793499946594238
ctx,4,1,1048576,4096,4096,10,True,,10000000,4617464,46.2,0.23514342308044434,0.057729244232177734
ctx,4,1,1048576,4096,4096,1000,,,10000000,4604320,46.0,0.24669623374938965,0.057349205017089844
ctx,4,1,1048576,4096,4096,1000,True,,10000000,4582007,45.8,0.24103474617004395,0.06089329719543457
ctx,4,1,1048576,4096,4096,0,,,10000000,4604320,46.0,0.25938844680786133,0.05796384811401367
ctx,4,1,1048576,4096,4096,0,True,,10000000,4582007,45.8,0.2380983829498291,0.06119823455810547
ctx,4,1,1048576,4096,16384,10,,,10000000,4638238,46.4,0.2342691421508789,0.06349587440490723
ctx,4,1,1048576,4096,16384,10,True,,10000000,4617464,46.2,0.2582383155822754,0.06226968765258789
ctx,4,1,1048576,4096,16384,1000,,,10000000,4604320,46.0,0.2586240768432617,0.06154656410217285
ctx,4,1,1048576,4096,16384,1000,True,,10000000,4582007,45.8,0.28749585151672363,0.05735325813293457
ctx,4,1,1048576,4096,16384,0,,,10000000,4604320,46.0,0.24742507934570312,0.05672264099121094
ctx,4,1,1048576,4096,16384,0,True,,10000000,4582007,45.8,0.2355208396911621,0.05882716178894043
ctx,4,1,1048576,4096,65536,10,,,10000000,4638238,46.4,0.22712182998657227,0.05890822410583496
ctx,4,1,1048576,4096,65536,10,True,,10000000,4617464,46.2,0.29424262046813965,0.06248116493225098
ctx,4,1,1048576,4096,65536,1000,,,10000000,4604320,46.0,0.2403867244720459,0.0599822998046875
ctx,4,1,1048576,4096,65536,1000,True,,10000000,4582007,45.8,0.252504825592041,0.06121540069580078
ctx,4,1,1048576,4096,65536,0,,,10000000,4604320,46.0,0.22103643417358398,0.05617260932922363
ctx,4,1,1048576,4096,65536,0,True,,10000000,4582007,45.8,0.23416924476623535,0.057042598724365234
ctx,4,1,1048576,4096,262144,10,,,10000000,4638238,46.4,0.23363685607910156,0.05780649185180664
ctx,4,1,1048576,4096,262144,10,True,,10000000,4617464,46.2,0.24158024787902832,0.060295820236206055
ctx,4,1,1048576,4096,262144,1000,,,10000000,4604320,46.0,0.24396586418151855,0.061866044998168945
ctx,4,1,1048576,4096,262144,1000,True,,10000000,4582007,45.8,0.2342512607574463,0.06468510627746582
ctx,4,1,1048576,4096,262144,0,,,10000000,4604320,46.0,0.2273871898651123,0.056717634201049805
ctx,4,1,1048576,4096,262144,0,True,,10000000,4582007,45.8,0.25615525245666504,0.06139516830444336
ctx,4,1,1048576,4096,1048576,10,,,10000000,4638238,46.4,0.237837553024292,0.0645909309387207
ctx,4,1,1048576,4096,1048576,10,True,,10000000,4617464,46.2,0.23962068557739258,0.056557655334472656
ctx,4,1,1048576,4096,1048576,1000,,,10000000,4604320,46.0,0.22897076606750488,0.06051158905029297
ctx,4,1,1048576,4096,1048576,1000,True,,10000000,4582007,45.8,0.23427057266235352,0.05739474296569824
ctx,4,1,1048576,4096,1048576,0,,,10000000,4604320,46.0,0.23877334594726562,0.05716657638549805
ctx,4,1,1048576,4096,1048576,0,True,,10000000,4582007,45.8,0.25629258155822754,0.07727766036987305
ctx,4,1,1048576,16384,4096,10,,,10000000,4134543,41.3,0.2569718360900879,0.050449371337890625
ctx,4,1,1048576,16384,4096,10,True,,10000000,4119936,41.2,0.29927635192871094,0.06106305122375488
ctx,4,1,1048576,16384,4096,1000,,,10000000,4046746,40.5,0.3742351531982422,0.05464982986450195
ctx,4,1,1048576,16384,4096,1000,True,,10000000,4023917,40.2,0.2890620231628418,0.059271812438964844
ctx,4,1,1048576,16384,4096,0,,,10000000,4046740,40.5,0.2805359363555908,0.05646038055419922
ctx,4,1,1048576,16384,4096,0,True,,10000000,4023915,40.2,0.3415522575378418,0.05395078659057617
ctx,4,1,1048576,16384,16384,10,,,10000000,4134543,41.3,0.2614619731903076,0.048868656158447266
ctx,4,1,1048576,16384,16384,10,True,,10000000,4119936,41.2,0.22669649124145508,0.04798603057861328
ctx,4,1,1048576,16384,16384,1000,,,10000000,4046746,40.5,0.22873497009277344,0.048116445541381836
ctx,4,1,1048576,16384,16384,1000,True,,10000000,4023917,40.2,0.24816584587097168,0.060793161392211914
ctx,4,1,1048576,16384,16384,0,,,10000000,4046740,40.5,0.24689483642578125,0.05220293998718262
ctx,4,1,1048576,16384,16384,0,True,,10000000,4023915,40.2,0.2846188545227051,0.05520153045654297
ctx,4,1,1048576,16384,65536,10,,,10000000,4134543,41.3,0.23484325408935547,0.05247306823730469
ctx,4,1,1048576,16384,65536,10,True,,10000000,4119936,41.2,0.22856855392456055,0.05032777786254883
ctx,4,1,1048576,16384,65536,1000,,,10000000,4046746,40.5,0.23836159706115723,0.05513453483581543
ctx,4,1,1048576,16384,65536,1000,True,,10000000,4023917,40.2,0.2866966724395752,0.05487799644470215
ctx,4,1,1048576,16384,65536,0,,,10000000,4046740,40.5,0.27413344383239746,0.050993919372558594
ctx,4,1,1048576,16384,65536,0,True,,10000000,4023915,40.2,0.27313780784606934,0.04987335205078125
ctx,4,1,1048576,16384,262144,10,,,10000000,4134543,41.3,0.22833037376403809,0.04980945587158203
ctx,4,1,1048576,16384,262144,10,True,,10000000,4119936,41.2,0.2395923137664795,0.05508780479431152
ctx,4,1,1048576,16384,262144,1000,,,10000000,4046746,40.5,0.2356407642364502,0.045768022537231445
ctx,4,1,1048576,16384,262144,1000,True,,10000000,4023917,40.2,0.2510836124420166,0.050797224044799805
ctx,4,1,1048576,16384,262144,0,,,10000000,4046740,40.5,0.23001337051391602,0.048837900161743164
ctx,4,1,1048576,16384,262144,0,True,,10000000,4023915,40.2,0.2563292980194092,0.04879593849182129
ctx,4,1,1048576,16384,1048576,10,,,10000000,4134543,41.3,0.22875666618347168,0.04752206802368164
ctx,4,1,1048576,16384,1048576,10,True,,10000000,4119936,41.2,0.23722076416015625,0.05160331726074219
ctx,4,1,1048576,16384,1048576,1000,,,10000000,4046746,40.5,0.23457694053649902,0.04740142822265625
ctx,4,1,1048576,16384,1048576,1000,True,,10000000,4023917,40.2,0.26374292373657227,0.04783892631530762
ctx,4,1,1048576,16384,1048576,0,,,10000000,4046740,40.5,0.23030447959899902,0.05154871940612793
ctx,4,1,1048576,16384,1048576,0,True,,10000000,4023915,40.2,0.26915454864501953,0.04783034324645996
ctx,4,1,1048576,65536,4096,10,,,10000000,3908422,39.1,0.21476173400878906,0.044692039489746094
ctx,4,1,1048576,65536,4096,10,True,,10000000,3901729,39.0,0.21756577491760254,0.04810929298400879
ctx,4,1,1048576,65536,4096,1000,,,10000000,3732344,37.3,0.30199122428894043,0.04902482032775879
ctx,4,1,1048576,65536,4096,1000,True,,10000000,3706162,37.1,0.3720691204071045,0.04397296905517578
ctx,4,1,1048576,65536,4096,0,,,10000000,3732328,37.3,0.31422853469848633,0.04054689407348633
ctx,4,1,1048576,65536,4096,0,True,,10000000,3706149,37.1,0.3420898914337158,0.04037046432495117
ctx,4,1,1048576,65536,16384,10,,,10000000,3908422,39.1,0.22762846946716309,0.04885149002075195
ctx,4,1,1048576,65536,16384,10,True,,10000000,3901729,39.0,0.23358917236328125,0.04784131050109863
ctx,4,1,1048576,65536,16384,1000,,,10000000,3732344,37.3,0.2751648426055908,0.04161477088928223
ctx,4,1,1048576,65536,16384,1000,True,,10000000,3706162,37.1,0.3506443500518799,0.04388761520385742
ctx,4,1,1048576,65536,16384,0,,,10000000,3732328,37.3,0.3075864315032959,0.04010963439941406
ctx,4,1,1048576,65536,16384,0,True,,10000000,3706149,37.1,0.3505699634552002,0.04352450370788574
ctx,4,1,1048576,65536,65536,10,,,10000000,3908422,39.1,0.22174954414367676,0.04339432716369629
ctx,4,1,1048576,65536,65536,10,True,,10000000,3901729,39.0,0.267305850982666,0.047292232513427734
ctx,4,1,1048576,65536,65536,1000,,,10000000,3732344,37.3,0.31165170669555664,0.040512800216674805
ctx,4,1,1048576,65536,65536,1000,True,,10000000,3706162,37.1,0.37169885635375977,0.04418444633483887
ctx,4,1,1048576,65536,65536,0,,,10000000,3732328,37.3,0.31279659271240234,0.04410123825073242
ctx,4,1,1048576,65536,65536,0,True,,10000000,3706149,37.1,0.3978450298309326,0.05188179016113281
ctx,4,1,1048576,65536,262144,10,,,10000000,3908422,39.1,0.3003659248352051,0.045218706130981445
ctx,4,1,1048576,65536,262144,10,True,,10000000,3901729,39.0,0.246412992477417,0.04942917823791504
ctx,4,1,1048576,65536,262144,1000,,,10000000,3732344,37.3,0.33678150177001953,0.040404558181762695
ctx,4,1,1048576,65536,262144,1000,True,,10000000,3706162,37.1,0.41953611373901367,0.0483243465423584
ctx,4,1,1048576,65536,262144,0,,,10000000,3732328,37.3,0.3919816017150879,0.04355263710021973
ctx,4,1,1048576,65536,262144,0,True,,10000000,3706149,37.1,0.34806060791015625,0.04338359832763672
ctx,4,1,1048576,65536,1048576,10,,,10000000,3908422,39.1,0.2052476406097412,0.04264378547668457
ctx,4,1,1048576,65536,1048576,10,True,,10000000,3901729,39.0,0.2177598476409912,0.04643130302429199
ctx,4,1,1048576,65536,1048576,1000,,,10000000,3732344,37.3,0.2919652462005615,0.04029107093811035
ctx,4,1,1048576,65536,1048576,1000,True,,10000000,3706162,37.1,0.3354837894439697,0.04562234878540039
ctx,4,1,1048576,65536,1048576,0,,,10000000,3732328,37.3,0.27936625480651855,0.04189920425415039
ctx,4,1,1048576,65536,1048576,0,True,,10000000,3706149,37.1,0.3760809898376465,0.042905569076538086
ctx,4,1,1048576,262144,4096,10,,,10000000,3834260,38.3,0.22244858741760254,0.053359270095825195
ctx,4,1,1048576,262144,4096,10,True,,10000000,3834406,38.3,0.22863245010375977,0.04469609260559082
ctx,4,1,1048576,262144,4096,1000,,,10000000,3555112,35.6,0.5394868850708008,0.03998208045959473
ctx,4,1,1048576,262144,4096,1000,True,,10000000,3527221,35.3,0.8166370391845703,0.041165828704833984
ctx,4,1,1048576,262144,4096,0,,,10000000,3551696,35.5,0.5934200286865234,0.03617143630981445
ctx,4,1,1048576,262144,4096,0,True,,10000000,3523393,35.2,0.8490643501281738,0.03936576843261719
ctx,4,1,1048576,262144,16384,10,,,10000000,3834260,38.3,0.23379731178283691,0.04438328742980957
ctx,4,1,1048576,262144,16384,10,True,,10000000,3834406,38.3,0.22498798370361328,0.043315887451171875
ctx,4,1,1048576,262144,16384,1000,,,10000000,3555112,35.6,0.5610127449035645,0.03690361976623535
ctx,4,1,1048576,262144,16384,1000,True,,10000000,3527221,35.3,0.7812132835388184,0.04098844528198242
ctx,4,1,1048576,262144,16384,0,,,10000000,3551696,35.5,0.616619348526001,0.03975081443786621
ctx,4,1,1048576,262144,16384,0,True,,10000000,3523393,35.2,1.0260186195373535,0.04105782508850098
ctx,4,1,1048576,262144,65536,10,,,10000000,3834260,38.3,0.2848827838897705,0.05642580986022949
ctx,4,1,1048576,262144,65536,10,True,,10000000,3834406,38.3,0.3441791534423828,0.04923534393310547
ctx,4,1,1048576,262144,65536,1000,,,10000000,3555112,35.6,0.5719897747039795,0.04384779930114746
ctx,4,1,1048576,262144,65536,1000,True,,10000000,3527221,35.3,0.7737476825714111,0.04063677787780762
ctx,4,1,1048576,262144,65536,0,,,10000000,3551696,35.5,0.579094648361206,0.039223432540893555
ctx,4,1,1048576,262144,65536,0,True,,10000000,3523393,35.2,1.126875400543213,0.04436445236206055
ctx,4,1,1048576,262144,262144,10,,,10000000,3834260,38.3,0.2913229465484619,0.053838253021240234
ctx,4,1,1048576,262144,262144,10,True,,10000000,3834406,38.3,0.3097405433654785,0.058199405670166016
ctx,4,1,1048576,262144,262144,1000,,,10000000,3555112,35.6,0.6953849792480469,0.03975105285644531
ctx,4,1,1048576,262144,262144,1000,True,,10000000,3527221,35.3,0.782130241394043,0.04096412658691406
ctx,4,1,1048576,262144,262144,0,,,10000000,3551696,35.5,0.5881972312927246,0.03865933418273926
ctx,4,1,1048576,262144,262144,0,True,,10000000,3523393,35.2,0.9080619812011719,0.04088926315307617
ctx,4,1,1048576,262144,1048576,10,,,10000000,3834260,38.3,0.23789310455322266,0.0427701473236084
ctx,4,1,1048576,262144,1048576,10,True,,10000000,3834406,38.3,0.24425554275512695,0.0442965030670166
ctx,4,1,1048576,262144,1048576,1000,,,10000000,3555112,35.6,0.5572764873504639,0.039021968841552734
ctx,4,1,1048576,262144,1048576,1000,True,,10000000,3527221,35.3,0.755648136138916,0.037627220153808594
ctx,4,1,1048576,262144,1048576,0,,,10000000,3551696,35.5,0.587446928024292,0.03725910186767578
ctx,4,1,1048576,262144,1048576,0,True,,10000000,3523393,35.2,0.9393682479858398,0.039270639419555664
ctx,4,1,1048576,1048576,4096,10,,,10000000,3820085,38.2,0.24272584915161133,0.04547548294067383
ctx,4,1,1048576,1048576,4096,10,True,,10000000,3823108,38.2,0.24694108963012695,0.04538726806640625
ctx,4,1,1048576,1048576,4096,1000,,,10000000,3504430,35.0,1.2511937618255615,0.03794360160827637
ctx,4,1,1048576,1048576,4096,1000,True,,10000000,3478254,34.8,1.91068696975708,0.040358781814575195
ctx,4,1,1048576,1048576,4096,0,,,10000000,3495502,35.0,1.7713141441345215,0.03596138954162598
ctx,4,1,1048576,1048576,4096,0,True,,10000000,3467412,34.7,3.160991907119751,0.0382080078125
ctx,4,1,1048576,1048576,16384,10,,,10000000,3820085,38.2,0.15930533409118652,0.04168248176574707
ctx,4,1,1048576,1048576,16384,10,True,,10000000,3823108,38.2,0.19225192070007324,0.04596090316772461
ctx,4,1,1048576,1048576,16384,1000,,,10000000,3504430,35.0,1.0188870429992676,0.0369718074798584
ctx,4,1,1048576,1048576,16384,1000,True,,10000000,3478254,34.8,1.8153681755065918,0.0377507209777832
ctx,4,1,1048576,1048576,16384,0,,,10000000,3495502,35.0,1.7511465549468994,0.03710293769836426
ctx,4,1,1048576,1048576,16384,0,True,,10000000,3467412,34.7,3.190711498260498,0.03661608695983887
ctx,4,1,1048576,1048576,65536,10,,,10000000,3820085,38.2,0.18302440643310547,0.04256939888000488
ctx,4,1,1048576,1048576,65536,10,True,,10000000,3823108,38.2,0.16927266120910645,0.04140591621398926
ctx,4,1,1048576,1048576,65536,1000,,,10000000,3504430,35.0,1.0782265663146973,0.036768198013305664
ctx,4,1,1048576,1048576,65536,1000,True,,10000000,3478254,34.8,1.8156893253326416,0.039925575256347656
ctx,4,1,1048576,1048576,65536,0,,,10000000,3495502,35.0,1.855041742324829,0.03781914710998535
ctx,4,1,1048576,1048576,65536,0,True,,10000000,3467412,34.7,3.016505002975464,0.03633999824523926
ctx,4,1,1048576,1048576,262144,10,,,10000000,3820085,38.2,0.19021987915039062,0.04433798789978027
ctx,4,1,1048576,1048576,262144,10,True,,10000000,3823108,38.2,0.18963980674743652,0.04535508155822754
ctx,4,1,1048576,1048576,262144,1000,,,10000000,3504430,35.0,1.2036972045898438,0.03765678405761719
ctx,4,1,1048576,1048576,262144,1000,True,,10000000,3478254,34.8,1.982421875,0.0386500358581543
ctx,4,1,1048576,1048576,262144,0,,,10000000,3495502,35.0,1.9863858222961426,0.03573298454284668
ctx,4,1,1048576,1048576,262144,0,True,,10000000,3467412,34.7,3.3046655654907227,0.03898978233337402
ctx,4,1,1048576,1048576,1048576,10,,,10000000,3820085,38.2,0.19346857070922852,0.04238152503967285
ctx,4,1,1048576,1048576,1048576,10,True,,10000000,3823108,38.2,0.18046140670776367,0.042763471603393555
ctx,4,1,1048576,1048576,1048576,1000,,,10000000,3504430,35.0,1.115117073059082,0.03651833534240723
ctx,4,1,1048576,1048576,1048576,1000,True,,10000000,3478254,34.8,1.7944293022155762,0.04006314277648926
ctx,4,1,1048576,1048576,1048576,0,,,10000000,3495502,35.0,1.8909127712249756,0.03956294059753418
ctx,4,1,1048576,1048576,1048576,0,True,,10000000,3467412,34.7,3.214524507522583,0.04018735885620117
ctx,4,1,16384,4096,4096,10,,True,10000000,4848388,48.5,6.866864919662476,0.06617617607116699
ctx,4,1,16384,4096,4096,1000,,True,10000000,4819342,48.2,7.034332990646362,0.05515241622924805
ctx,4,1,16384,4096,4096,0,,True,10000000,4819342,48.2,6.5054402351379395,0.058295488357543945
ctx,4,1,16384,4096,16384,10,,True,10000000,4848388,48.5,8.45317530632019,0.05899524688720703
ctx,4,1,16384,4096,16384,1000,,True,10000000,4819342,48.2,10.804274320602417,0.05876779556274414
ctx,4,1,16384,4096,16384,0,,True,10000000,4819342,48.2,9.847025871276855,0.05904078483581543
ctx,4,1,16384,16384,4096,10,,True,10000000,4618162,46.2,11.077021837234497,0.06448245048522949
ctx,4,1,16384,16384,4096,1000,,True,10000000,4569553,45.7,9.875394105911255,0.05350327491760254
ctx,4,1,16384,16384,4096,0,,True,10000000,4569553,45.7,9.26962423324585,0.0517735481262207
ctx,4,1,16384,16384,16384,10,,True,10000000,4618162,46.2,9.459254026412964,0.056241512298583984
ctx,4,1,16384,16384,16384,1000,,True,10000000,4569553,45.7,9.339511394500732,0.051735639572143555
ctx,4,1,16384,16384,16384,0,,True,10000000,4569553,45.7,10.077818870544434,0.057739973068237305
ctx,4,1,65536,4096,4096,10,,True,10000000,4658305,46.6,2.8149609565734863,0.05483245849609375
ctx,4,1,65536,4096,4096,1000,,True,10000000,4625383,46.3,2.549809455871582,0.05463361740112305
ctx,4,1,65536,4096,4096,0,,True,10000000,4625383,46.3,2.500823974609375,0.06748819351196289
ctx,4,1,65536,4096,16384,10,,True,10000000,4658305,46.6,2.527592897415161,0.0539698600769043
ctx,4,1,65536,4096,16384,1000,,True,10000000,4625383,46.3,2.4703545570373535,0.05427241325378418
ctx,4,1,65536,4096,16384,0,,True,10000000,4625383,46.3,2.477320432662964,0.05458712577819824
ctx,4,1,65536,4096,65536,10,,True,10000000,4658305,46.6,2.581300735473633,0.05731463432312012
ctx,4,1,65536,4096,65536,1000,,True,10000000,4625383,46.3,2.4507012367248535,0.05501580238342285
ctx,4,1,65536,4096,65536,0,,True,10000000,4625383,46.3,2.5384960174560547,0.05782055854797363
ctx,4,1,65536,16384,4096,10,,True,10000000,4200096,42.0,2.660520553588867,0.04914236068725586
ctx,4,1,65536,16384,4096,1000,,True,10000000,4119224,41.2,2.6530628204345703,0.05381131172180176
ctx,4,1,65536,16384,4096,0,,True,10000000,4119222,41.2,3.1508007049560547,0.05111575126647949
ctx,4,1,65536,16384,16384,10,,True,10000000,4200096,42.0,2.546177625656128,0.04962611198425293
ctx,4,1,65536,16384,16384,1000,,True,10000000,4119224,41.2,2.5004076957702637,0.04615449905395508
ctx,4,1,65536,16384,16384,0,,True,10000000,4119222,41.2,2.776352643966675,0.049542903900146484
ctx,4,1,65536,16384,65536,10,,True,10000000,4200096,42.0,2.4813411235809326,0.05126333236694336
ctx,4,1,65536,16384,65536,1000,,True,10000000,4119224,41.2,2.709895610809326,0.04634380340576172
ctx,4,1,65536,16384,65536,0,,True,10000000,4119222,41.2,2.4826345443725586,0.04639911651611328
ctx,4,1,65536,65536,4096,10,,True,10000000,4090239,40.9,2.8013501167297363,0.04677987098693848
ctx,4,1,65536,65536,4096,1000,,True,10000000,3974461,39.7,3.0136945247650146,0.046013832092285156
ctx,4,1,65536,65536,4096,0,,True,10000000,3974460,39.7,2.7182183265686035,0.04700922966003418
ctx,4,1,65536,65536,16384,10,,True,10000000,4090239,40.9,2.652625799179077,0.04500079154968262
ctx,4,1,65536,65536,16384,1000,,True,10000000,3974461,39.7,2.7208383083343506,0.04270577430725098
ctx,4,1,65536,65536,16384,0,,True,10000000,3974460,39.7,2.7165873050689697,0.043625593185424805
ctx,4,1,65536,65536,65536,10,,True,10000000,4090239,40.9,2.528151512145996,0.048569440841674805
ctx,4,1,65536,65536,65536,1000,,True,10000000,3974461,39.7,2.667476177215576,0.04792213439941406
ctx,4,1,65536,65536,65536,0,,True,10000000,3974460,39.7,2.7917981147766113,0.04613184928894043
ctx,4,1,262144,4096,4096,10,,True,10000000,4609192,46.1,0.8085861206054688,0.0527193546295166
ctx,4,1,262144,4096,4096,1000,,True,10000000,4575214,45.8,0.8201830387115479,0.055283546447753906
ctx,4,1,262144,4096,4096,0,,True,10000000,4575214,45.8,0.7764496803283691,0.05131721496582031
ctx,4,1,262144,4096,16384,10,,True,10000000,4609192,46.1,0.8140795230865479,0.054906606674194336
ctx,4,1,262144,4096,16384,1000,,True,10000000,4575214,45.8,0.8094878196716309,0.05425238609313965
ctx,4,1,262144,4096,16384,0,,True,10000000,4575214,45.8,0.8085370063781738,0.05540108680725098
ctx,4,1,262144,4096,65536,10,,True,10000000,4609192,46.1,0.7598724365234375,0.05389547348022461
ctx,4,1,262144,4096,65536,1000,,True,10000000,4575214,45.8,0.8348422050476074,0.05778241157531738
ctx,4,1,262144,4096,65536,0,,True,10000000,4575214,45.8,0.8216156959533691,0.05633139610290527
ctx,4,1,262144,4096,262144,10,,True,10000000,4609192,46.1,0.8724880218505859,0.05549430847167969
ctx,4,1,262144,4096,262144,1000,,True,10000000,4575214,45.8,0.80507493019104,0.05390191078186035
ctx,4,1,262144,4096,262144,0,,True,10000000,4575214,45.8,0.8384780883789062,0.05728316307067871
ctx,4,1,262144,16384,4096,10,,True,10000000,4086622,40.9,0.8901910781860352,0.047457218170166016
ctx,4,1,262144,16384,4096,1000,,True,10000000,3996726,40.0,1.0128228664398193,0.05018258094787598
ctx,4,1,262144,16384,4096,0,,True,10000000,3996723,40.0,0.9910619258880615,0.04716753959655762
ctx,4,1,262144,16384,16384,10,,True,10000000,4086622,40.9,0.8357908725738525,0.04828286170959473
ctx,4,1,262144,16384,16384,1000,,True,10000000,3996726,40.0,0.9563581943511963,0.048716068267822266
ctx,4,1,262144,16384,16384,0,,True,10000000,3996723,40.0,0.9350125789642334,0.04699516296386719
ctx,4,1,262144,16384,65536,10,,True,10000000,4086622,40.9,0.7896475791931152,0.048492431640625
ctx,4,1,262144,16384,65536,1000,,True,10000000,3996726,40.0,0.9483132362365723,0.04687952995300293
ctx,4,1,262144,16384,65536,0,,True,10000000,3996723,40.0,0.9321997165679932,0.0467832088470459
ctx,4,1,262144,16384,262144,10,,True,10000000,4086622,40.9,0.7431659698486328,0.04557061195373535
ctx,4,1,262144,16384,262144,1000,,True,10000000,3996726,40.0,0.9750187397003174,0.046083927154541016
ctx,4,1,262144,16384,262144,0,,True,10000000,3996723,40.0,1.1142158508300781,0.04625582695007324
ctx,4,1,262144,65536,4096,10,,True,10000000,3874055,38.7,0.9715683460235596,0.046088457107543945
ctx,4,1,262144,65536,4096,1000,,True,10000000,3701351,37.0,1.7134590148925781,0.04126739501953125
ctx,4,1,262144,65536,4096,0,,True,10000000,3701340,37.0,1.6772043704986572,0.04838967323303223
ctx,4,1,262144,65536,16384,10,,True,10000000,3874055,38.7,1.0734059810638428,0.04934406280517578
ctx,4,1,262144,65536,16384,1000,,True,10000000,3701351,37.0,1.9880201816558838,0.03943181037902832
ctx,4,1,262144,65536,16384,0,,True,10000000,3701340,37.0,1.6310455799102783,0.04010295867919922
ctx,4,1,262144,65536,65536,10,,True,10000000,3874055,38.7,0.7652039527893066,0.04307246208190918
ctx,4,1,262144,65536,65536,1000,,True,10000000,3701351,37.0,1.5980770587921143,0.03953361511230469
ctx,4,1,262144,65536,65536,0,,True,10000000,3701340,37.0,1.6315817832946777,0.04157400131225586
ctx,4,1,262144,65536,262144,10,,True,10000000,3874055,38.7,0.7948389053344727,0.042858123779296875
ctx,4,1,262144,65536,262144,1000,,True,10000000,3701351,37.0,1.6679234504699707,0.04281449317932129
ctx,4,1,262144,65536,262144,0,,True,10000000,3701340,37.0,1.6833150386810303,0.04060530662536621
ctx,4,1,262144,262144,4096,10,,True,10000000,3816740,38.2,0.8143997192382812,0.04185771942138672
ctx,4,1,262144,262144,4096,1000,,True,10000000,3588731,35.9,2.867457866668701,0.04239082336425781
ctx,4,1,262144,262144,4096,0,,True,10000000,3587826,35.9,3.132816791534424,0.04091930389404297
ctx,4,1,262144,262144,16384,10,,True,10000000,3816740,38.2,0.8147287368774414,0.04267239570617676
ctx,4,1,262144,262144,16384,1000,,True,10000000,3588731,35.9,2.839341163635254,0.04173731803894043
ctx,4,1,262144,262144,16384,0,,True,10000000,3587826,35.9,3.027425765991211,0.04108905792236328
ctx,4,1,262144,262144,65536,10,,True,10000000,3816740,38.2,0.7544286251068115,0.0415346622467041
ctx,4,1,262144,262144,65536,1000,,True,10000000,3588731,35.9,2.7645654678344727,0.04158926010131836
ctx,4,1,262144,262144,65536,0,,True,10000000,3587826,35.9,2.9983110427856445,0.0402066707611084
ctx,4,1,262144,262144,262144,10,,True,10000000,3816740,38.2,0.6688113212585449,0.04312872886657715
ctx,4,1,262144,262144,262144,1000,,True,10000000,3588731,35.9,2.7523739337921143,0.04207944869995117
ctx,4,1,262144,262144,262144,0,,True,10000000,3587826,35.9,3.0460574626922607,0.04169321060180664
ctx,4,1,1048576,4096,4096,10,,True,10000000,4597181,46.0,0.3896496295928955,0.07000017166137695
ctx,4,1,1048576,4096,4096,1000,,True,10000000,4562881,45.6,0.4806089401245117,0.06255197525024414
ctx,4,1,1048576,4096,4096,0,,True,10000000,4562881,45.6,0.48891496658325195,0.06109809875488281
ctx,4,1,1048576,4096,16384,10,,True,10000000,4597181,46.0,0.39197683334350586,0.06083846092224121
ctx,4,1,1048576,4096,16384,1000,,True,10000000,4562881,45.6,0.4740791320800781,0.05786705017089844
ctx,4,1,1048576,4096,16384,0,,True,10000000,4562881,45.6,0.47812986373901367,0.056992530822753906
ctx,4,1,1048576,4096,65536,10,,True,10000000,4597181,46.0,0.4209280014038086,0.06153368949890137
ctx,4,1,1048576,4096,65536,1000,,True,10000000,4562881,45.6,0.4644291400909424,0.060132741928100586
ctx,4,1,1048576,4096,65536,0,,True,10000000,4562881,45.6,0.4587223529815674,0.057065725326538086
ctx,4,1,1048576,4096,262144,10,,True,10000000,4597181,46.0,0.4091670513153076,0.0635678768157959
ctx,4,1,1048576,4096,262144,1000,,True,10000000,4562881,45.6,0.5070841312408447,0.061699628829956055
ctx,4,1,1048576,4096,262144,0,,True,10000000,4562881,45.6,0.49422526359558105,0.06227278709411621
ctx,4,1,1048576,4096,1048576,10,,True,10000000,4597181,46.0,0.4519050121307373,0.07335710525512695
ctx,4,1,1048576,4096,1048576,1000,,True,10000000,4562881,45.6,0.45149993896484375,0.05875134468078613
ctx,4,1,1048576,4096,1048576,0,,True,10000000,4562881,45.6,0.4682469367980957,0.05919313430786133
ctx,4,1,1048576,16384,4096,10,,True,10000000,4056914,40.6,0.4355006217956543,0.049878597259521484
ctx,4,1,1048576,16384,4096,1000,,True,10000000,3964392,39.6,0.741523027420044,0.04835033416748047
ctx,4,1,1048576,16384,4096,0,,True,10000000,3964387,39.6,0.7679097652435303,0.05204272270202637
ctx,4,1,1048576,16384,16384,10,,True,10000000,4056914,40.6,0.42514610290527344,0.050367116928100586
ctx,4,1,1048576,16384,16384,1000,,True,10000000,3964392,39.6,0.7588276863098145,0.05038785934448242
ctx,4,1,1048576,16384,16384,0,,True,10000000,3964387,39.6,0.8191394805908203,0.04966855049133301
ctx,4,1,1048576,16384,65536,10,,True,10000000,4056914,40.6,0.4228646755218506,0.04858899116516113
ctx,4,1,1048576,16384,65536,1000,,True,10000000,3964392,39.6,0.717355489730835,0.047807931900024414
ctx,4,1,1048576,16384,65536,0,,True,10000000,3964387,39.6,0.7297706604003906,0.049440860748291016
ctx,4,1,1048576,16384,262144,10,,True,10000000,4056914,40.6,0.4540872573852539,0.047807931900024414
ctx,4,1,1048576,16384,262144,1000,,True,10000000,3964392,39.6,0.7443580627441406,0.05111122131347656
ctx,4,1,1048576,16384,262144,0,,True,10000000,3964387,39.6,0.7685294151306152,0.0475459098815918
ctx,4,1,1048576,16384,1048576,10,,True,10000000,4056914,40.6,0.4114046096801758,0.05046486854553223
ctx,4,1,1048576,16384,1048576,1000,,True,10000000,3964392,39.6,0.7310359477996826,0.05408120155334473
ctx,4,1,1048576,16384,1048576,0,,True,10000000,3964387,39.6,0.7318105697631836,0.05072760581970215
ctx,4,1,1048576,65536,4096,10,,True,10000000,3811868,38.1,0.4746522903442383,0.04693746566772461
ctx,4,1,1048576,65536,4096,1000,,True,10000000,3621823,36.2,1.6309723854064941,0.046262502670288086
ctx,4,1,1048576,65536,4096,0,,True,10000000,3621810,36.2,1.6124303340911865,0.04558610916137695
ctx,4,1,1048576,65536,16384,10,,True,10000000,3811868,38.1,0.4532625675201416,0.04789996147155762
ctx,4,1,1048576,65536,16384,1000,,True,10000000,3621823,36.2,1.6368043422698975,0.042136192321777344
ctx,4,1,1048576,65536,16384,0,,True,10000000,3621810,36.2,1.6199138164520264,0.04493141174316406
ctx,4,1,1048576,65536,65536,10,,True,10000000,3811868,38.1,0.45721936225891113,0.04863858222961426
ctx,4,1,1048576,65536,65536,1000,,True,10000000,3621823,36.2,1.733579158782959,0.044512271881103516
ctx,4,1,1048576,65536,65536,0,,True,10000000,3621810,36.2,1.6546063423156738,0.0417172908782959
ctx,4,1,1048576,65536,262144,10,,True,10000000,3811868,38.1,0.4498133659362793,0.045023202896118164
ctx,4,1,1048576,65536,262144,1000,,True,10000000,3621823,36.2,1.6533169746398926,0.042855262756347656
ctx,4,1,1048576,65536,262144,0,,True,10000000,3621810,36.2,1.613783836364746,0.04309892654418945
ctx,4,1,1048576,65536,1048576,10,,True,10000000,3811868,38.1,0.45936131477355957,0.04407072067260742
ctx,4,1,1048576,65536,1048576,1000,,True,10000000,3621823,36.2,1.6239979267120361,0.04234743118286133
ctx,4,1,1048576,65536,1048576,0,,True,10000000,3621810,36.2,1.667360782623291,0.04596352577209473
ctx,4,1,1048576,262144,4096,10,,True,10000000,3704520,37.0,0.48306703567504883,0.04586648941040039
ctx,4,1,1048576,262144,4096,1000,,True,10000000,3392452,33.9,4.69889760017395,0.03790855407714844
ctx,4,1,1048576,262144,4096,0,,True,10000000,3389503,33.9,5.6058995723724365,0.042371273040771484
ctx,4,1,1048576,262144,16384,10,,True,10000000,3704520,37.0,0.4763047695159912,0.045507192611694336
ctx,4,1,1048576,262144,16384,1000,,True,10000000,3392452,33.9,4.7171947956085205,0.04244542121887207
ctx,4,1,1048576,262144,16384,0,,True,10000000,3389503,33.9,5.4680562019348145,0.038205623626708984
ctx,4,1,1048576,262144,65536,10,,True,10000000,3704520,37.0,0.4794192314147949,0.0466160774230957
ctx,4,1,1048576,262144,65536,1000,,True,10000000,3392452,33.9,4.809402704238892,0.03763723373413086
ctx,4,1,1048576,262144,65536,0,,True,10000000,3389503,33.9,5.591756582260132,0.03903818130493164
ctx,4,1,1048576,262144,262144,10,,True,10000000,3704520,37.0,0.5091390609741211,0.0453946590423584
ctx,4,1,1048576,262144,262144,1000,,True,10000000,3392452,33.9,4.64927077293396,0.041396141052246094
ctx,4,1,1048576,262144,262144,0,,True,10000000,3389503,33.9,5.706603765487671,0.03990960121154785
ctx,4,1,1048576,262144,1048576,10,,True,10000000,3704520,37.0,0.4564237594604492,0.04398655891418457
ctx,4,1,1048576,262144,1048576,1000,,True,10000000,3392452,33.9,4.332364797592163,0.0424044132232666
ctx,4,1,1048576,262144,1048576,0,,True,10000000,3389503,33.9,5.177889108657837,0.03936481475830078
ctx,4,1,1048576,1048576,4096,10,,True,10000000,3674424,36.7,0.4829678535461426,0.04454493522644043
ctx,4,1,1048576,1048576,4096,1000,,True,10000000,3307065,33.1,10.745629072189331,0.04285311698913574
ctx,4,1,1048576,1048576,4096,0,,True,10000000,3298414,33.0,19.433786392211914,0.038831233978271484
ctx,4,1,1048576,1048576,16384,10,,True,10000000,3674424,36.7,0.47719693183898926,0.045185089111328125
ctx,4,1,1048576,1048576,16384,1000,,True,10000000,3307065,33.1,11.808125019073486,0.03787732124328613
ctx,4,1,1048576,1048576,16384,0,,True,10000000,3298414,33.0,16.814512968063354,0.03830432891845703
ctx,4,1,1048576,1048576,65536,10,,True,10000000,3674424,36.7,0.49929070472717285,0.0464327335357666
ctx,4,1,1048576,1048576,65536,1000,,True,10000000,3307065,33.1,11.062500476837158,0.0379641056060791
ctx,4,1,1048576,1048576,65536,0,,True,10000000,3298414,33.0,18.00687551498413,0.03770184516906738
ctx,4,1,1048576,1048576,262144,10,,True,10000000,3674424,36.7,0.490633487701416,0.04447817802429199
ctx,4,1,1048576,1048576,262144,1000,,True,10000000,3307065,33.1,10.014280080795288,0.038510799407958984
ctx,4,1,1048576,1048576,262144,0,,True,10000000,3298414,33.0,19.065391063690186,0.03945446014404297
ctx,4,1,1048576,1048576,1048576,10,,True,10000000,3674424,36.7,0.49372386932373047,0.04558753967285156
ctx,4,1,1048576,1048576,1048576,1000,,True,10000000,3307065,33.1,9.475934982299805,0.04088926315307617
ctx,4,1,1048576,1048576,1048576,0,,True,10000000,3298414,33.0,16.83085346221924,0.03910636901855469
ctx,8,1,16384,4096,4096,10,,,10000000,4892610,48.9,4.857701778411865,0.059182167053222656
ctx,8,1,16384,4096,4096,10,True,,10000000,4869117,48.7,4.9116926193237305,0.05782341957092285
ctx,8,1,16384,4096,4096,1000,,,10000000,4864360,48.6,5.378965854644775,0.05621504783630371
ctx,8,1,16384,4096,4096,1000,True,,10000000,4839283,48.4,5.040839910507202,0.05587363243103027
ctx,8,1,16384,4096,4096,0,,,10000000,4864360,48.6,5.168975830078125,0.05663466453552246
ctx,8,1,16384,4096,4096,0,True,,10000000,4839283,48.4,5.168212652206421,0.05723428726196289
ctx,8,1,16384,4096,16384,10,,,10000000,4892610,48.9,6.532820701599121,0.05542588233947754
ctx,8,1,16384,4096,16384,10,True,,10000000,4869117,48.7,8.820213317871094,0.057322025299072266
ctx,8,1,16384,4096,16384,1000,,,10000000,4864360,48.6,9.0600745677948,0.05767345428466797
ctx,8,1,16384,4096,16384,1000,True,,10000000,4839283,48.4,8.785943508148193,0.05801200866699219
ctx,8,1,16384,4096,16384,0,,,10000000,4864360,48.6,9.267163515090942,0.05610322952270508
ctx,8,1,16384,4096,16384,0,True,,10000000,4839283,48.4,9.336214542388916,0.055170536041259766
ctx,8,1,16384,16384,4096,10,,,10000000,4693575,46.9,9.273029088973999,0.0585634708404541
ctx,8,1,16384,16384,4096,10,True,,10000000,4668019,46.7,9.067754030227661,0.053025245666503906
ctx,8,1,16384,16384,4096,1000,,,10000000,4651729,46.5,8.999036073684692,0.05596446990966797
ctx,8,1,16384,16384,4096,1000,True,,10000000,4620577,46.2,8.640942335128784,0.05146598815917969
ctx,8,1,16384,16384,4096,0,,,10000000,4651729,46.5,9.48607873916626,0.053205251693725586
ctx,8,1,16384,16384,4096,0,True,,10000000,4620577,46.2,9.493094205856323,0.05335712432861328
ctx,8,1,16384,16384,16384,10,,,10000000,4693575,46.9,9.397453546524048,0.06773853302001953
ctx,8,1,16384,16384,16384,10,True,,10000000,4668019,46.7,10.559964418411255,0.05515408515930176
ctx,8,1,16384,16384,16384,1000,,,10000000,4651729,46.5,9.885591268539429,0.05384945869445801
ctx,8,1,16384,16384,16384,1000,True,,10000000,4620577,46.2,8.922674655914307,0.05386972427368164
ctx,8,1,16384,16384,16384,0,,,10000000,4651729,46.5,9.447946548461914,0.0542149543762207
ctx,8,1,16384,16384,16384,0,True,,10000000,4620577,46.2,8.981680631637573,0.054259538650512695
ctx,8,1,65536,4096,4096,10,,,10000000,4700021,47.0,2.387267827987671,0.05338859558105469
ctx,8,1,65536,4096,4096,10,True,,10000000,4678739,46.8,2.4949560165405273,0.05661797523498535
ctx,8,1,65536,4096,4096,1000,,,10000000,4667677,46.7,2.3819334506988525,0.05794811248779297
ctx,8,1,65536,4096,4096,1000,True,,10000000,4644627,46.4,2.7835147380828857,0.052782297134399414
ctx,8,1,65536,4096,4096,0,,,10000000,4667677,46.7,2.551846981048584,0.05467391014099121
ctx,8,1,65536,4096,4096,0,True,,10000000,4644627,46.4,2.2424657344818115,0.05420112609863281
ctx,8,1,65536,4096,16384,10,,,10000000,4700021,47.0,2.274597406387329,0.05274605751037598
ctx,8,1,65536,4096,16384,10,True,,10000000,4678739,46.8,2.2454209327697754,0.05113554000854492
ctx,8,1,65536,4096,16384,1000,,,10000000,4667677,46.7,2.2795753479003906,0.05539894104003906
ctx,8,1,65536,4096,16384,1000,True,,10000000,4644627,46.4,2.4083189964294434,0.05516171455383301
ctx,8,1,65536,4096,16384,0,,,10000000,4667677,46.7,2.291912317276001,0.05488395690917969
ctx,8,1,65536,4096,16384,0,True,,10000000,4644627,46.4,2.3019330501556396,0.052713871002197266
ctx,8,1,65536,4096,65536,10,,,10000000,4700021,47.0,2.357428550720215,0.05567169189453125
ctx,8,1,65536,4096,65536,10,True,,10000000,4678739,46.8,2.2829248905181885,0.056268930435180664
ctx,8,1,65536,4096,65536,1000,,,10000000,4667677,46.7,2.6683716773986816,0.06252574920654297
ctx,8,1,65536,4096,65536,1000,True,,10000000,4644627,46.4,2.4314053058624268,0.05687594413757324
ctx,8,1,65536,4096,65536,0,,,10000000,4667677,46.7,2.531742811203003,0.05964970588684082
ctx,8,1,65536,4096,65536,0,True,,10000000,4644627,46.4,2.78485107421875,0.058055877685546875
ctx,8,1,65536,16384,4096,10,,,10000000,4280636,42.8,2.7740256786346436,0.04902529716491699
ctx,8,1,65536,16384,4096,10,True,,10000000,4262166,42.6,2.410017251968384,0.04876303672790527
ctx,8,1,65536,16384,4096,1000,,,10000000,4205898,42.1,2.421046018600464,0.04385042190551758
ctx,8,1,65536,16384,4096,1000,True,,10000000,4179677,41.8,2.407853126525879,0.04604840278625488
ctx,8,1,65536,16384,4096,0,,,10000000,4205892,42.1,2.515037775039673,0.04533696174621582
ctx,8,1,65536,16384,4096,0,True,,10000000,4179678,41.8,2.4713189601898193,0.0613248348236084
ctx,8,1,65536,16384,16384,10,,,10000000,4280636,42.8,2.648710250854492,0.04949522018432617
ctx,8,1,65536,16384,16384,10,True,,10000000,4262166,42.6,2.383009433746338,0.047762155532836914
ctx,8,1,65536,16384,16384,1000,,,10000000,4205898,42.1,2.282201051712036,0.0456235408782959
ctx,8,1,65536,16384,16384,1000,True,,10000000,4179677,41.8,2.3077504634857178,0.045838117599487305
ctx,8,1,65536,16384,16384,0,,,10000000,4205892,42.1,2.3850507736206055,0.04466891288757324
ctx,8,1,65536,16384,16384,0,True,,10000000,4179678,41.8,2.188131809234619,0.04936408996582031
ctx,8,1,65536,16384,65536,10,,,10000000,4280636,42.8,2.6910150051116943,0.05171918869018555
ctx,8,1,65536,16384,65536,10,True,,10000000,4262166,42.6,3.0161023139953613,0.05597066879272461
ctx,8,1,65536,16384,65536,1000,,,10000000,4205898,42.1,2.648207902908325,0.04895615577697754
ctx,8,1,65536,16384,65536,1000,True,,10000000,4179677,41.8,2.780534505844116,0.053374528884887695
ctx,8,1,65536,16384,65536,0,,,10000000,4205892,42.1,2.3116843700408936,0.04650616645812988
ctx,8,1,65536,16384,65536,0,True,,10000000,4179678,41.8,2.366611957550049,0.04792308807373047
ctx,8,1,65536,65536,4096,10,,,10000000,4187980,41.9,2.276700258255005,0.046868085861206055
ctx,8,1,65536,65536,4096,10,True,,10000000,4170912,41.7,2.2708702087402344,0.04882025718688965
ctx,8,1,65536,65536,4096,1000,,,10000000,4089542,40.9,2.3093032836914062,0.04505324363708496
ctx,8,1,65536,65536,4096,1000,True,,10000000,4057701,40.6,2.527221918106079,0.04572176933288574
ctx,8,1,65536,65536,4096,0,,,10000000,4089538,40.9,2.3131890296936035,0.04294610023498535
ctx,8,1,65536,65536,4096,0,True,,10000000,4057697,40.6,2.267127513885498,0.04820442199707031
ctx,8,1,65536,65536,16384,10,,,10000000,4187980,41.9,2.398961305618286,0.045690298080444336
ctx,8,1,65536,65536,16384,10,True,,10000000,4170912,41.7,2.3488991260528564,0.04517841339111328
ctx,8,1,65536,65536,16384,1000,,,10000000,4089542,40.9,2.4534425735473633,0.04400014877319336
ctx,8,1,65536,65536,16384,1000,True,,10000000,4057701,40.6,2.3320348262786865,0.04717397689819336
ctx,8,1,65536,65536,16384,0,,,10000000,4089538,40.9,2.339210271835327,0.044774532318115234
ctx,8,1,65536,65536,16384,0,True,,10000000,4057697,40.6,2.356022834777832,0.049843549728393555
ctx,8,1,65536,65536,65536,10,,,10000000,4187980,41.9,2.5586817264556885,0.049359798431396484
ctx,8,1,65536,65536,65536,10,True,,10000000,4170912,41.7,2.29996395111084,0.04914593696594238
ctx,8,1,65536,65536,65536,1000,,,10000000,4089542,40.9,2.326540946960449,0.045938730239868164
ctx,8,1,65536,65536,65536,1000,True,,10000000,4057701,40.6,2.3342883586883545,0.04494881629943848
ctx,8,1,65536,65536,65536,0,,,10000000,4089538,40.9,2.386444091796875,0.04473400115966797
ctx,8,1,65536,65536,65536,0,True,,10000000,4057697,40.6,2.389714002609253,0.047883033752441406
ctx,8,1,262144,4096,4096,10,,,10000000,4650414,46.5,0.6830954551696777,0.05342531204223633
ctx,8,1,262144,4096,4096,10,True,,10000000,4629482,46.3,0.6262085437774658,0.05821061134338379
ctx,8,1,262144,4096,4096,1000,,,10000000,4616863,46.2,0.6306593418121338,0.052379608154296875
ctx,8,1,262144,4096,4096,1000,True,,10000000,4594311,45.9,0.6236176490783691,0.0541074275970459
ctx,8,1,262144,4096,4096,0,,,10000000,4616863,46.2,0.6671850681304932,0.05128335952758789
ctx,8,1,262144,4096,4096,0,True,,10000000,4594311,45.9,0.6365189552307129,0.06122136116027832
ctx,8,1,262144,4096,16384,10,,,10000000,4650414,46.5,0.6430563926696777,0.056490182876586914
ctx,8,1,262144,4096,16384,10,True,,10000000,4629482,46.3,0.6267368793487549,0.05575895309448242
ctx,8,1,262144,4096,16384,1000,,,10000000,4616863,46.2,0.6234555244445801,0.051619529724121094
ctx,8,1,262144,4096,16384,1000,True,,10000000,4594311,45.9,0.6575243473052979,0.05928158760070801
ctx,8,1,262144,4096,16384,0,,,10000000,4616863,46.2,0.6745805740356445,0.05331611633300781
ctx,8,1,262144,4096,16384,0,True,,10000000,4594311,45.9,0.7119739055633545,0.056578636169433594
ctx,8,1,262144,4096,65536,10,,,10000000,4650414,46.5,0.685657262802124,0.056656599044799805
ctx,8,1,262144,4096,65536,10,True,,10000000,4629482,46.3,0.6464323997497559,0.05505990982055664
ctx,8,1,262144,4096,65536,1000,,,10000000,4616863,46.2,0.6328203678131104,0.05670332908630371
ctx,8,1,262144,4096,65536,1000,True,,10000000,4594311,45.9,0.6105055809020996,0.05167222023010254
ctx,8,1,262144,4096,65536,0,,,10000000,4616863,46.2,0.6511368751525879,0.06017160415649414
ctx,8,1,262144,4096,65536,0,True,,10000000,4594311,45.9,0.6811048984527588,0.058051109313964844
ctx,8,1,262144,4096,262144,10,,,10000000,4650414,46.5,0.6414074897766113,0.05656170845031738
ctx,8,1,262144,4096,262144,10,True,,10000000,4629482,46.3,0.6983063220977783,0.05774641036987305
ctx,8,1,262144,4096,262144,1000,,,10000000,4616863,46.2,0.6831197738647461,0.05387306213378906
ctx,8,1,262144,4096,262144,1000,True,,10000000,4594311,45.9,0.6743042469024658,0.05936861038208008
ctx,8,1,262144,4096,262144,0,,,10000000,4616863,46.2,0.6535422801971436,0.055075883865356445
ctx,8,1,262144,4096,262144,0,True,,10000000,4594311,45.9,0.6551668643951416,0.06854701042175293
ctx,8,1,262144,16384,4096,10,,,10000000,4164625,41.6,0.648017406463623,0.0488896369934082
ctx,8,1,262144,16384,4096,10,True,,10000000,4149186,41.5,0.6547222137451172,0.04964780807495117
ctx,8,1,262144,16384,4096,1000,,,10000000,4079954,40.8,0.6351063251495361,0.04526233673095703
ctx,8,1,262144,16384,4096,1000,True,,10000000,4056359,40.6,0.6576061248779297,0.04624366760253906
ctx,8,1,262144,16384,4096,0,,,10000000,4079947,40.8,0.6911962032318115,0.04701995849609375
ctx,8,1,262144,16384,4096,0,True,,10000000,4056357,40.6,0.6476197242736816,0.04769134521484375
ctx,8,1,262144,16384,16384,10,,,10000000,4164625,41.6,0.6169829368591309,0.04829573631286621
ctx,8,1,262144,16384,16384,10,True,,10000000,4149186,41.5,0.6452348232269287,0.047145843505859375
ctx,8,1,262144,16384,16384,1000,,,10000000,4079954,40.8,0.7473597526550293,0.05049562454223633
ctx,8,1,262144,16384,16384,1000,True,,10000000,4056359,40.6,0.8763072490692139,0.05063486099243164
ctx,8,1,262144,16384,16384,0,,,10000000,4079947,40.8,0.8022317886352539,0.05056643486022949
ctx,8,1,262144,16384,16384,0,True,,10000000,4056357,40.6,0.8005585670471191,0.04559588432312012
ctx,8,1,262144,16384,65536,10,,,10000000,4164625,41.6,0.6263420581817627,0.04747509956359863
ctx,8,1,262144,16384,65536,10,True,,10000000,4149186,41.5,0.7200994491577148,0.05560016632080078
ctx,8,1,262144,16384,65536,1000,,,10000000,4079954,40.8,0.7734079360961914,0.054280996322631836
ctx,8,1,262144,16384,65536,1000,True,,10000000,4056359,40.6,0.7566735744476318,0.052056312561035156
ctx,8,1,262144,16384,65536,0,,,10000000,4079947,40.8,0.7289197444915771,0.05338931083679199
ctx,8,1,262144,16384,65536,0,True,,10000000,4056357,40.6,0.6877074241638184,0.05517935752868652
ctx,8,1,262144,16384,262144,10,,,10000000,4164625,41.6,0.7699911594390869,0.06306648254394531
ctx,8,1,262144,16384,262144,10,True,,10000000,4149186,41.5,0.7901344299316406,0.056890249252319336
ctx,8,1,262144,16384,262144,1000,,,10000000,4079954,40.8,0.7524995803833008,0.04252743721008301
ctx,8,1,262144,16384,262144,1000,True,,10000000,4056359,40.6,0.8231642246246338,0.04825925827026367
ctx,8,1,262144,16384,262144,0,,,10000000,4079947,40.8,0.7259933948516846,0.05206179618835449
ctx,8,1,262144,16384,262144,0,True,,10000000,4056357,40.6,0.8046834468841553,0.04809975624084473
ctx,8,1,262144,65536,4096,10,,,10000000,3972503,39.7,0.7078135013580322,0.04588437080383301
ctx,8,1,262144,65536,4096,10,True,,10000000,3962892,39.6,0.7145280838012695,0.04936575889587402
ctx,8,1,262144,65536,4096,1000,,,10000000,3816150,38.2,0.7771544456481934,0.04650521278381348
ctx,8,1,262144,65536,4096,1000,True,,10000000,3787743,37.9,0.7520883083343506,0.0500788688659668
ctx,8,1,262144,65536,4096,0,,,10000000,3816139,38.2,0.7435050010681152,0.040573835372924805
ctx,8,1,262144,65536,4096,0,True,,10000000,3787741,37.9,0.6788628101348877,0.046488046646118164
ctx,8,1,262144,65536,16384,10,,,10000000,3972503,39.7,0.6974079608917236,0.0511174201965332
ctx,8,1,262144,65536,16384,10,True,,10000000,3962892,39.6,0.6930491924285889,0.04474782943725586
ctx,8,1,262144,65536,16384,1000,,,10000000,3816150,38.2,0.675626277923584,0.039948463439941406
ctx,8,1,262144,65536,16384,1000,True,,10000000,3787743,37.9,0.6590273380279541,0.04082632064819336
ctx,8,1,262144,65536,16384,0,,,10000000,3816139,38.2,0.6342616081237793,0.041532039642333984
ctx,8,1,262144,65536,16384,0,True,,10000000,3787741,37.9,0.6714351177215576,0.04154491424560547
ctx,8,1,262144,65536,65536,10,,,10000000,3972503,39.7,0.6349010467529297,0.04165172576904297
ctx,8,1,262144,65536,65536,10,True,,10000000,3962892,39.6,0.6357614994049072,0.0541386604309082
ctx,8,1,262144,65536,65536,1000,,,10000000,3816150,38.2,0.621800422668457,0.03934907913208008
ctx,8,1,262144,65536,65536,1000,True,,10000000,3787743,37.9,0.6566705703735352,0.040560245513916016
ctx,8,1,262144,65536,65536,0,,,10000000,3816139,38.2,0.6921815872192383,0.04004096984863281
ctx,8,1,262144,65536,65536,0,True,,10000000,3787741,37.9,0.6711132526397705,0.042014122009277344
ctx,8,1,262144,65536,262144,10,,,10000000,3972503,39.7,0.6218619346618652,0.042778730392456055
ctx,8,1,262144,65536,262144,10,True,,10000000,3962892,39.6,0.633338451385498,0.04422736167907715
ctx,8,1,262144,65536,262144,1000,,,10000000,3816150,38.2,0.6485595703125,0.03966832160949707
ctx,8,1,262144,65536,262144,1000,True,,10000000,3787743,37.9,0.6757512092590332,0.047423362731933594
ctx,8,1,262144,65536,262144,0,,,10000000,3816139,38.2,0.6600379943847656,0.0410306453704834
ctx,8,1,262144,65536,262144,0,True,,10000000,3787741,37.9,0.6710999011993408,0.039689064025878906
ctx,8,1,262144,262144,4096,10,,,10000000,3938368,39.4,0.6583759784698486,0.0423121452331543
ctx,8,1,262144,262144,4096,10,True,,10000000,3930885,39.3,0.6423277854919434,0.043047189712524414
ctx,8,1,262144,262144,4096,1000,,,10000000,3744431,37.4,0.6867806911468506,0.03783822059631348
ctx,8,1,262144,262144,4096,1000,True,,10000000,3712575,37.1,0.6803576946258545,0.03922867774963379
ctx,8,1,262144,262144,4096,0,,,10000000,3743599,37.4,0.7048935890197754,0.03664565086364746
ctx,8,1,262144,262144,4096,0,True,,10000000,3711576,37.1,0.7495970726013184,0.039694786071777344
ctx,8,1,262144,262144,16384,10,,,10000000,3938368,39.4,0.7190279960632324,0.0422978401184082
ctx,8,1,262144,262144,16384,10,True,,10000000,3930885,39.3,0.6897156238555908,0.048375606536865234
ctx,8,1,262144,262144,16384,1000,,,10000000,3744431,37.4,0.7291996479034424,0.03770112991333008
ctx,8,1,262144,262144,16384,1000,True,,10000000,3712575,37.1,0.6942508220672607,0.03878426551818848
ctx,8,1,262144,262144,16384,0,,,10000000,3743599,37.4,0.6906864643096924,0.03714394569396973
ctx,8,1,262144,262144,16384,0,True,,10000000,3711576,37.1,0.845228910446167,0.039943695068359375
ctx,8,1,262144,262144,65536,10,,,10000000,3938368,39.4,0.6494429111480713,0.044327497482299805
ctx,8,1,262144,262144,65536,10,True,,10000000,3930885,39.3,0.6859145164489746,0.05498051643371582
ctx,8,1,262144,262144,65536,1000,,,10000000,3744431,37.4,0.7499253749847412,0.038085222244262695
ctx,8,1,262144,262144,65536,1000,True,,10000000,3712575,37.1,0.7402911186218262,0.04022359848022461
ctx,8,1,262144,262144,65536,0,,,10000000,3743599,37.4,0.7049894332885742,0.03815293312072754
ctx,8,1,262144,262144,65536,0,True,,10000000,3711576,37.1,0.7438156604766846,0.038420915603637695
ctx,8,1,262144,262144,262144,10,,,10000000,3938368,39.4,0.6335618495941162,0.04374837875366211
ctx,8,1,262144,262144,262144,10,True,,10000000,3930885,39.3,0.6851632595062256,0.044414520263671875
ctx,8,1,262144,262144,262144,1000,,,10000000,3744431,37.4,0.7188389301300049,0.04030489921569824
ctx,8,1,262144,262144,262144,1000,True,,10000000,3712575,37.1,0.7261714935302734,0.0403597354888916
ctx,8,1,262144,262144,262144,0,,,10000000,3743599,37.4,0.7049744129180908,0.04038715362548828
ctx,8,1,262144,262144,262144,0,True,,10000000,3711576,37.1,0.7671871185302734,0.04033708572387695
ctx,8,1,1048576,4096,4096,10,,,10000000,4638238,46.4,0.24334979057312012,0.06203818321228027
ctx,8,1,1048576,4096,4096,10,True,,10000000,4617464,46.2,0.2523996829986572,0.06316566467285156
ctx,8,1,1048576,4096,4096,1000,,,10000000,4604320,46.0,0.25984692573547363,0.05751371383666992
ctx,8,1,1048576,4096,4096,1000,True,,10000000,4582007,45.8,0.25141263008117676,0.05760550498962402
ctx,8,1,1048576,4096,4096,0,,,10000000,4604320,46.0,0.23063206672668457,0.05591630935668945
ctx,8,1,1048576,4096,4096,0,True,,10000000,4582007,45.8,0.2518577575683594,0.06290483474731445
ctx,8,1,1048576,4096,16384,10,,,10000000,4638238,46.4,0.2413194179534912,0.0582118034362793
ctx,8,1,1048576,4096,16384,10,True,,10000000,4617464,46.2,0.24201512336730957,0.0574796199798584
ctx,8,1,1048576,4096,16384,1000,,,10000000,4604320,46.0,0.2504308223724365,0.060219764709472656
ctx,8,1,1048576,4096,16384,1000,True,,10000000,4582007,45.8,0.27689361572265625,0.05933833122253418
ctx,8,1,1048576,4096,16384,0,,,10000000,4604320,46.0,0.2651689052581787,0.06234908103942871
ctx,8,1,1048576,4096,16384,0,True,,10000000,4582007,45.8,0.2634139060974121,0.06054949760437012
ctx,8,1,1048576,4096,65536,10,,,10000000,4638238,46.4,0.25285863876342773,0.05931878089904785
ctx,8,1,1048576,4096,65536,10,True,,10000000,4617464,46.2,0.252697229385376,0.059906959533691406
ctx,8,1,1048576,4096,65536,1000,,,10000000,4604320,46.0,0.24818897247314453,0.061077117919921875
ctx,8,1,1048576,4096,65536,1000,True,,10000000,4582007,45.8,0.2451491355895996,0.06960415840148926
ctx,8,1,1048576,4096,65536,0,,,10000000,4604320,46.0,0.24916934967041016,0.06236004829406738
ctx,8,1,1048576,4096,65536,0,True,,10000000,4582007,45.8,0.24450397491455078,0.062293052673339844
ctx,8,1,1048576,4096,262144,10,,,10000000,4638238,46.4,0.24985980987548828,0.06176638603210449
ctx,8,1,1048576,4096,262144,10,True,,10000000,4617464,46.2,0.24879860877990723,0.0636296272277832
ctx,8,1,1048576,4096,262144,1000,,,10000000,4604320,46.0,0.24633216857910156,0.06237983703613281
ctx,8,1,1048576,4096,262144,1000,True,,10000000,4582007,45.8,0.2622959613800049,0.059388160705566406
ctx,8,1,1048576,4096,262144,0,,,10000000,4604320,46.0,0.24653315544128418,0.06045389175415039
ctx,8,1,1048576,4096,262144,0,True,,10000000,4582007,45.8,0.2512173652648926,0.06004142761230469
ctx,8,1,1048576,4096,1048576,10,,,10000000,4638238,46.4,0.25711822509765625,0.05930328369140625
ctx,8,1,1048576,4096,1048576,10,True,,10000000,4617464,46.2,0.2502274513244629,0.05945944786071777
ctx,8,1,1048576,4096,1048576,1000,,,10000000,4604320,46.0,0.2509911060333252,0.05976390838623047
ctx,8,1,1048576,4096,1048576,1000,True,,10000000,4582007,45.8,0.2625396251678467,0.06259417533874512
ctx,8,1,1048576,4096,1048576,0,,,10000000,4604320,46.0,0.2527332305908203,0.06090402603149414
ctx,8,1,1048576,4096,1048576,0,True,,10000000,4582007,45.8,0.2576589584350586,0.0599515438079834
ctx,8,1,1048576,16384,4096,10,,,10000000,4134543,41.3,0.23498964309692383,0.04863739013671875
ctx,8,1,1048576,16384,4096,10,True,,10000000,4119936,41.2,0.26111936569213867,0.05894184112548828
ctx,8,1,1048576,16384,4096,1000,,,10000000,4046746,40.5,0.2558319568634033,0.04843711853027344
ctx,8,1,1048576,16384,4096,1000,True,,10000000,4023917,40.2,0.2620065212249756,0.05022621154785156
ctx,8,1,1048576,16384,4096,0,,,10000000,4046740,40.5,0.23696136474609375,0.04951167106628418
ctx,8,1,1048576,16384,4096,0,True,,10000000,4023915,40.2,0.2392258644104004,0.0505373477935791
ctx,8,1,1048576,16384,16384,10,,,10000000,4134543,41.3,0.22919678688049316,0.04853200912475586
ctx,8,1,1048576,16384,16384,10,True,,10000000,4119936,41.2,0.23999905586242676,0.05050802230834961
ctx,8,1,1048576,16384,16384,1000,,,10000000,4046746,40.5,0.23925542831420898,0.04675936698913574
ctx,8,1,1048576,16384,16384,1000,True,,10000000,4023917,40.2,0.2561330795288086,0.048583984375
ctx,8,1,1048576,16384,16384,0,,,10000000,4046740,40.5,0.2277371883392334,0.04641985893249512
ctx,8,1,1048576,16384,16384,0,True,,10000000,4023915,40.2,0.24249911308288574,0.04768490791320801
ctx,8,1,1048576,16384,65536,10,,,10000000,4134543,41.3,0.22523975372314453,0.0513920783996582
ctx,8,1,1048576,16384,65536,10,True,,10000000,4119936,41.2,0.23585987091064453,0.04960799217224121
ctx,8,1,1048576,16384,65536,1000,,,10000000,4046746,40.5,0.24010992050170898,0.04650378227233887
ctx,8,1,1048576,16384,65536,1000,True,,10000000,4023917,40.2,0.25672197341918945,0.04623079299926758
ctx,8,1,1048576,16384,65536,0,,,10000000,4046740,40.5,0.23108553886413574,0.046428680419921875
ctx,8,1,1048576,16384,65536,0,True,,10000000,4023915,40.2,0.25180935859680176,0.04749464988708496
ctx,8,1,1048576,16384,262144,10,,,10000000,4134543,41.3,0.22210192680358887,0.05232501029968262
ctx,8,1,1048576,16384,262144,10,True,,10000000,4119936,41.2,0.2336750030517578,0.053603410720825195
ctx,8,1,1048576,16384,262144,1000,,,10000000,4046746,40.5,0.23268437385559082,0.04828381538391113
ctx,8,1,1048576,16384,262144,1000,True,,10000000,4023917,40.2,0.25296783447265625,0.048986196517944336
ctx,8,1,1048576,16384,262144,0,,,10000000,4046740,40.5,0.23136210441589355,0.04764223098754883
ctx,8,1,1048576,16384,262144,0,True,,10000000,4023915,40.2,0.2626521587371826,0.04685854911804199
ctx,8,1,1048576,16384,1048576,10,,,10000000,4134543,41.3,0.2363882064819336,0.05303144454956055
ctx,8,1,1048576,16384,1048576,10,True,,10000000,4119936,41.2,0.24142670631408691,0.048285722732543945
ctx,8,1,1048576,16384,1048576,1000,,,10000000,4046746,40.5,0.23644232749938965,0.0449526309967041
ctx,8,1,1048576,16384,1048576,1000,True,,10000000,4023917,40.2,0.26363420486450195,0.04911470413208008
ctx,8,1,1048576,16384,1048576,0,,,10000000,4046740,40.5,0.23430562019348145,0.04598569869995117
ctx,8,1,1048576,16384,1048576,0,True,,10000000,4023915,40.2,0.2463526725769043,0.05061936378479004
ctx,8,1,1048576,65536,4096,10,,,10000000,3908422,39.1,0.21886515617370605,0.04777646064758301
ctx,8,1,1048576,65536,4096,10,True,,10000000,3901729,39.0,0.22594475746154785,0.049912214279174805
ctx,8,1,1048576,65536,4096,1000,,,10000000,3732344,37.3,0.271350622177124,0.04200124740600586
ctx,8,1,1048576,65536,4096,1000,True,,10000000,3706162,37.1,0.31577038764953613,0.04566454887390137
ctx,8,1,1048576,65536,4096,0,,,10000000,3732328,37.3,0.27844905853271484,0.04091835021972656
ctx,8,1,1048576,65536,4096,0,True,,10000000,3706149,37.1,0.340883731842041,0.04195094108581543
ctx,8,1,1048576,65536,16384,10,,,10000000,3908422,39.1,0.22928595542907715,0.04523015022277832
ctx,8,1,1048576,65536,16384,10,True,,10000000,3901729,39.0,0.23909974098205566,0.04806256294250488
ctx,8,1,1048576,65536,16384,1000,,,10000000,3732344,37.3,0.2759079933166504,0.0400395393371582
ctx,8,1,1048576,65536,16384,1000,True,,10000000,3706162,37.1,0.32604408264160156,0.042171478271484375
ctx,8,1,1048576,65536,16384,0,,,10000000,3732328,37.3,0.2812306880950928,0.04072976112365723
ctx,8,1,1048576,65536,16384,0,True,,10000000,3706149,37.1,0.3214139938354492,0.042316436767578125
ctx,8,1,1048576,65536,65536,10,,,10000000,3908422,39.1,0.2237541675567627,0.04651451110839844
ctx,8,1,1048576,65536,65536,10,True,,10000000,3901729,39.0,0.2281942367553711,0.047216176986694336
ctx,8,1,1048576,65536,65536,1000,,,10000000,3732344,37.3,0.27358365058898926,0.040291786193847656
ctx,8,1,1048576,65536,65536,1000,True,,10000000,3706162,37.1,0.3230104446411133,0.04263138771057129
ctx,8,1,1048576,65536,65536,0,,,10000000,3732328,37.3,0.2757430076599121,0.0421600341796875
ctx,8,1,1048576,65536,65536,0,True,,10000000,3706149,37.1,0.31512880325317383,0.041391611099243164
ctx,8,1,1048576,65536,262144,10,,,10000000,3908422,39.1,0.22602581977844238,0.046167612075805664
ctx,8,1,1048576,65536,262144,10,True,,10000000,3901729,39.0,0.23034000396728516,0.0477597713470459
ctx,8,1,1048576,65536,262144,1000,,,10000000,3732344,37.3,0.2986454963684082,0.04163527488708496
ctx,8,1,1048576,65536,262144,1000,True,,10000000,3706162,37.1,0.32858967781066895,0.04200029373168945
ctx,8,1,1048576,65536,262144,0,,,10000000,3732328,37.3,0.27913546562194824,0.042383432388305664
ctx,8,1,1048576,65536,262144,0,True,,10000000,3706149,37.1,0.32938456535339355,0.04113912582397461
ctx,8,1,1048576,65536,1048576,10,,,10000000,3908422,39.1,0.22812271118164062,0.04375410079956055
ctx,8,1,1048576,65536,1048576,10,True,,10000000,3901729,39.0,0.23735904693603516,0.0490725040435791
ctx,8,1,1048576,65536,1048576,1000,,,10000000,3732344,37.3,0.2756617069244385,0.04356503486633301
ctx,8,1,1048576,65536,1048576,1000,True,,10000000,3706162,37.1,0.330676794052124,0.043389320373535156
ctx,8,1,1048576,65536,1048576,0,,,10000000,3732328,37.3,0.2956843376159668,0.040650129318237305
ctx,8,1,1048576,65536,1048576,0,True,,10000000,3706149,37.1,0.3335561752319336,0.04157662391662598
ctx,8,1,1048576,262144,4096,10,,,10000000,3834260,38.3,0.22612977027893066,0.04192018508911133
ctx,8,1,1048576,262144,4096,10,True,,10000000,3834406,38.3,0.252230167388916,0.04597759246826172
ctx,8,1,1048576,262144,4096,1000,,,10000000,3555112,35.6,0.4512462615966797,0.039884328842163086
ctx,8,1,1048576,262144,4096,1000,True,,10000000,3527221,35.3,0.719693660736084,0.040213584899902344
ctx,8,1,1048576,262144,4096,0,,,10000000,3551696,35.5,0.5063180923461914,0.048497676849365234
ctx,8,1,1048576,262144,4096,0,True,,10000000,3523393,35.2,0.7380185127258301,0.0406954288482666
ctx,8,1,1048576,262144,16384,10,,,10000000,3834260,38.3,0.2373206615447998,0.044248104095458984
ctx,8,1,1048576,262144,16384,10,True,,10000000,3834406,38.3,0.24389314651489258,0.044881582260131836
ctx,8,1,1048576,262144,16384,1000,,,10000000,3555112,35.6,0.4591481685638428,0.03712606430053711
ctx,8,1,1048576,262144,16384,1000,True,,10000000,3527221,35.3,0.6203644275665283,0.03934359550476074
ctx,8,1,1048576,262144,16384,0,,,10000000,3551696,35.5,0.5014653205871582,0.04202413558959961
ctx,8,1,1048576,262144,16384,0,True,,10000000,3523393,35.2,0.7129189968109131,0.039986610412597656
ctx,8,1,1048576,262144,65536,10,,,10000000,3834260,38.3,0.23964381217956543,0.04632163047790527
ctx,8,1,1048576,262144,65536,10,True,,10000000,3834406,38.3,0.25513672828674316,0.04394268989562988
ctx,8,1,1048576,262144,65536,1000,,,10000000,3555112,35.6,0.4614546298980713,0.03821754455566406
ctx,8,1,1048576,262144,65536,1000,True,,10000000,3527221,35.3,0.678795337677002,0.04030942916870117
ctx,8,1,1048576,262144,65536,0,,,10000000,3551696,35.5,0.4885129928588867,0.03869056701660156
ctx,8,1,1048576,262144,65536,0,True,,10000000,3523393,35.2,0.7112131118774414,0.03913283348083496
ctx,8,1,1048576,262144,262144,10,,,10000000,3834260,38.3,0.22869467735290527,0.04466652870178223
ctx,8,1,1048576,262144,262144,10,True,,10000000,3834406,38.3,0.2430095672607422,0.04865217208862305
ctx,8,1,1048576,262144,262144,1000,,,10000000,3555112,35.6,0.47900390625,0.039339542388916016
ctx,8,1,1048576,262144,262144,1000,True,,10000000,3527221,35.3,0.629939079284668,0.04051923751831055
ctx,8,1,1048576,262144,262144,0,,,10000000,3551696,35.5,0.4936995506286621,0.041840314865112305
ctx,8,1,1048576,262144,262144,0,True,,10000000,3523393,35.2,0.7163479328155518,0.04045510292053223
ctx,8,1,1048576,262144,1048576,10,,,10000000,3834260,38.3,0.2608339786529541,0.04477667808532715
ctx,8,1,1048576,262144,1048576,10,True,,10000000,3834406,38.3,0.24613285064697266,0.0451962947845459
ctx,8,1,1048576,262144,1048576,1000,,,10000000,3555112,35.6,0.447803258895874,0.03932380676269531
ctx,8,1,1048576,262144,1048576,1000,True,,10000000,3527221,35.3,0.6173279285430908,0.038941144943237305
ctx,8,1,1048576,262144,1048576,0,,,10000000,3551696,35.5,0.5052714347839355,0.040830135345458984
ctx,8,1,1048576,262144,1048576,0,True,,10000000,3523393,35.2,0.7074558734893799,0.04055428504943848
ctx,8,1,1048576,1048576,4096,10,,,10000000,3820085,38.2,0.23855042457580566,0.04431509971618652
ctx,8,1,1048576,1048576,4096,10,True,,10000000,3823108,38.2,0.24510741233825684,0.043238162994384766
ctx,8,1,1048576,1048576,4096,1000,,,10000000,3504430,35.0,1.1271858215332031,0.0376589298248291
ctx,8,1,1048576,1048576,4096,1000,True,,10000000,3478254,34.8,1.9394938945770264,0.04269862174987793
ctx,8,1,1048576,1048576,4096,0,,,10000000,3495502,35.0,1.9457337856292725,0.04149961471557617
ctx,8,1,1048576,1048576,4096,0,True,,10000000,3467412,34.7,3.3254642486572266,0.04088139533996582
ctx,8,1,1048576,1048576,16384,10,,,10000000,3820085,38.2,0.2595973014831543,0.04314398765563965
ctx,8,1,1048576,1048576,16384,10,True,,10000000,3823108,38.2,0.2741880416870117,0.049802541732788086
ctx,8,1,1048576,1048576,16384,1000,,,10000000,3504430,35.0,1.593221664428711,0.03616499900817871
ctx,8,1,1048576,1048576,16384,1000,True,,10000000,3478254,34.8,1.8194255828857422,0.04208636283874512
ctx,8,1,1048576,1048576,16384,0,,,10000000,3495502,35.0,1.9604010581970215,0.03867220878601074
ctx,8,1,1048576,1048576,16384,0,True,,10000000,3467412,34.7,3.607292890548706,0.038854360580444336
ctx,8,1,1048576,1048576,65536,10,,,10000000,3820085,38.2,0.22942376136779785,0.04158949851989746
ctx,8,1,1048576,1048576,65536,10,True,,10000000,3823108,38.2,0.22595906257629395,0.04293656349182129
ctx,8,1,1048576,1048576,65536,1000,,,10000000,3504430,35.0,1.0746440887451172,0.03744935989379883
ctx,8,1,1048576,1048576,65536,1000,True,,10000000,3478254,34.8,1.9569621086120605,0.039016008377075195
ctx,8,1,1048576,1048576,65536,0,,,10000000,3495502,35.0,1.9185066223144531,0.039385080337524414
ctx,8,1,1048576,1048576,65536,0,True,,10000000,3467412,34.7,3.230478525161743,0.03944683074951172
ctx,8,1,1048576,1048576,262144,10,,,10000000,3820085,38.2,0.2397453784942627,0.046454668045043945
ctx,8,1,1048576,1048576,262144,10,True,,10000000,3823108,38.2,0.27355027198791504,0.04388141632080078
ctx,8,1,1048576,1048576,262144,1000,,,10000000,3504430,35.0,1.1668250560760498,0.037801504135131836
ctx,8,1,1048576,1048576,262144,1000,True,,10000000,3478254,34.8,1.8626680374145508,0.04887986183166504
ctx,8,1,1048576,1048576,262144,0,,,10000000,3495502,35.0,2.2908260822296143,0.03745269775390625
ctx,8,1,1048576,1048576,262144,0,True,,10000000,3467412,34.7,3.1961758136749268,0.03889775276184082
ctx,8,1,1048576,1048576,1048576,10,,,10000000,3820085,38.2,0.23197674751281738,0.0427546501159668
ctx,8,1,1048576,1048576,1048576,10,True,,10000000,3823108,38.2,0.24928545951843262,0.04586076736450195
ctx,8,1,1048576,1048576,1048576,1000,,,10000000,3504430,35.0,1.4094963073730469,0.03912067413330078
ctx,8,1,1048576,1048576,1048576,1000,True,,10000000,3478254,34.8,2.3820900917053223,0.03779458999633789
ctx,8,1,1048576,1048576,1048576,0,,,10000000,3495502,35.0,2.0595152378082275,0.03782343864440918
ctx,8,1,1048576,1048576,1048576,0,True,,10000000,3467412,34.7,3.151482343673706,0.04135489463806152
ctx,8,1,16384,4096,4096,10,,True,10000000,4848388,48.5,9.47538447380066,0.05990791320800781
ctx,8,1,16384,4096,4096,1000,,True,10000000,4819342,48.2,9.038389205932617,0.06409621238708496
ctx,8,1,16384,4096,4096,0,,True,10000000,4819342,48.2,8.983179092407227,0.05577993392944336
ctx,8,1,16384,4096,16384,10,,True,10000000,4848388,48.5,8.855582475662231,0.055328369140625
ctx,8,1,16384,4096,16384,1000,,True,10000000,4819342,48.2,9.288301944732666,0.0573573112487793
ctx,8,1,16384,4096,16384,0,,True,10000000,4819342,48.2,9.473088264465332,0.05740714073181152
ctx,8,1,16384,16384,4096,10,,True,10000000,4618162,46.2,8.939461708068848,0.055883169174194336
ctx,8,1,16384,16384,4096,1000,,True,10000000,4569553,45.7,9.317381143569946,0.05684542655944824
ctx,8,1,16384,16384,4096,0,,True,10000000,4569553,45.7,9.33537745475769,0.05988121032714844
ctx,8,1,16384,16384,16384,10,,True,10000000,4618162,46.2,9.57650089263916,0.05126214027404785
ctx,8,1,16384,16384,16384,1000,,True,10000000,4569553,45.7,9.425821542739868,0.05612945556640625
ctx,8,1,16384,16384,16384,0,,True,10000000,4569553,45.7,9.276847124099731,0.05689549446105957
ctx,8,1,65536,4096,4096,10,,True,10000000,4658305,46.6,2.439356803894043,0.055274009704589844
ctx,8,1,65536,4096,4096,1000,,True,10000000,4625383,46.3,2.57797908782959,0.06347012519836426
ctx,8,1,65536,4096,4096,0,,True,10000000,4625383,46.3,2.8273017406463623,0.05889153480529785
ctx,8,1,65536,4096,16384,10,,True,10000000,4658305,46.6,2.8502161502838135,0.06079411506652832
ctx,8,1,65536,4096,16384,1000,,True,10000000,4625383,46.3,2.7749385833740234,0.06616353988647461
ctx,8,1,65536,4096,16384,0,,True,10000000,4625383,46.3,2.349165201187134,0.05169844627380371
ctx,8,1,65536,4096,65536,10,,True,10000000,4658305,46.6,2.405738592147827,0.0548398494720459
ctx,8,1,65536,4096,65536,1000,,True,10000000,4625383,46.3,2.40368390083313,0.05630636215209961
ctx,8,1,65536,4096,65536,0,,True,10000000,4625383,46.3,2.3807454109191895,0.054039716720581055
ctx,8,1,65536,16384,4096,10,,True,10000000,4200096,42.0,2.2975380420684814,0.04920244216918945
ctx,8,1,65536,16384,4096,1000,,True,10000000,4119224,41.2,2.4086387157440186,0.04701590538024902
ctx,8,1,65536,16384,4096,0,,True,10000000,4119222,41.2,2.5385141372680664,0.04840993881225586
ctx,8,1,65536,16384,16384,10,,True,10000000,4200096,42.0,2.484473705291748,0.0525665283203125
ctx,8,1,65536,16384,16384,1000,,True,10000000,4119224,41.2,2.946638822555542,0.061011314392089844
ctx,8,1,65536,16384,16384,0,,True,10000000,4119222,41.2,3.047360420227051,0.051529645919799805
ctx,8,1,65536,16384,65536,10,,True,10000000,4200096,42.0,2.7522811889648438,0.056105852127075195
ctx,8,1,65536,16384,65536,1000,,True,10000000,4119224,41.2,2.964536428451538,0.05109572410583496
ctx,8,1,65536,16384,65536,0,,True,10000000,4119222,41.2,2.286898374557495,0.04851555824279785
ctx,8,1,65536,65536,4096,10,,True,10000000,4090239,40.9,2.2768568992614746,0.045189619064331055
ctx,8,1,65536,65536,4096,1000,,True,10000000,3974461,39.7,2.293468713760376,0.046312808990478516
ctx,8,1,65536,65536,4096,0,,True,10000000,3974460,39.7,2.3022899627685547,0.04549455642700195
ctx,8,1,65536,65536,16384,10,,True,10000000,4090239,40.9,2.2797796726226807,0.04504132270812988
ctx,8,1,65536,65536,16384,1000,,True,10000000,3974461,39.7,2.375225067138672,0.04493522644042969
ctx,8,1,65536,65536,16384,0,,True,10000000,3974460,39.7,2.325103759765625,0.047849416732788086
ctx,8,1,65536,65536,65536,10,,True,10000000,4090239,40.9,2.313990592956543,0.04773759841918945
ctx,8,1,65536,65536,65536,1000,,True,10000000,3974461,39.7,2.399881601333618,0.045443058013916016
ctx,8,1,65536,65536,65536,0,,True,10000000,3974460,39.7,2.3719911575317383,0.04571056365966797
ctx,8,1,262144,4096,4096,10,,True,10000000,4609192,46.1,0.7289519309997559,0.055525779724121094
ctx,8,1,262144,4096,4096,1000,,True,10000000,4575214,45.8,0.7509899139404297,0.0554349422454834
ctx,8,1,262144,4096,4096,0,,True,10000000,4575214,45.8,0.7871029376983643,0.052674293518066406
ctx,8,1,262144,4096,16384,10,,True,10000000,4609192,46.1,0.7619895935058594,0.05630087852478027
ctx,8,1,262144,4096,16384,1000,,True,10000000,4575214,45.8,0.7149183750152588,0.05616259574890137
ctx,8,1,262144,4096,16384,0,,True,10000000,4575214,45.8,0.748342752456665,0.05241584777832031
ctx,8,1,262144,4096,65536,10,,True,10000000,4609192,46.1,0.7431228160858154,0.05421614646911621
ctx,8,1,262144,4096,65536,1000,,True,10000000,4575214,45.8,0.7482476234436035,0.05204200744628906
ctx,8,1,262144,4096,65536,0,,True,10000000,4575214,45.8,0.7437686920166016,0.056054115295410156
ctx,8,1,262144,4096,262144,10,,True,10000000,4609192,46.1,0.7242124080657959,0.05752706527709961
ctx,8,1,262144,4096,262144,1000,,True,10000000,4575214,45.8,0.6981830596923828,0.05737423896789551
ctx,8,1,262144,4096,262144,0,,True,10000000,4575214,45.8,0.7181429862976074,0.05357694625854492
ctx,8,1,262144,16384,4096,10,,True,10000000,4086622,40.9,0.7327423095703125,0.046082258224487305
ctx,8,1,262144,16384,4096,1000,,True,10000000,3996726,40.0,0.8476402759552002,0.04819369316101074
ctx,8,1,262144,16384,4096,0,,True,10000000,3996723,40.0,0.7964704036712646,0.047982215881347656
ctx,8,1,262144,16384,16384,10,,True,10000000,4086622,40.9,0.7453343868255615,0.04661250114440918
ctx,8,1,262144,16384,16384,1000,,True,10000000,3996726,40.0,0.8232541084289551,0.05276012420654297
ctx,8,1,262144,16384,16384,0,,True,10000000,3996723,40.0,0.8053088188171387,0.04964256286621094
ctx,8,1,262144,16384,65536,10,,True,10000000,4086622,40.9,0.7542905807495117,0.050774574279785156
ctx,8,1,262144,16384,65536,1000,,True,10000000,3996726,40.0,0.7850461006164551,0.049207210540771484
ctx,8,1,262144,16384,65536,0,,True,10000000,3996723,40.0,0.8049194812774658,0.045816898345947266
ctx,8,1,262144,16384,262144,10,,True,10000000,4086622,40.9,0.7712585926055908,0.04717135429382324
ctx,8,1,262144,16384,262144,1000,,True,10000000,3996726,40.0,0.8048675060272217,0.045430898666381836
ctx,8,1,262144,16384,262144,0,,True,10000000,3996723,40.0,0.8009417057037354,0.04462623596191406
ctx,8,1,262144,65536,4096,10,,True,10000000,3874055,38.7,0.7445659637451172,0.046347856521606445
ctx,8,1,262144,65536,4096,1000,,True,10000000,3701351,37.0,1.236011028289795,0.04198169708251953
ctx,8,1,262144,65536,4096,0,,True,10000000,3701340,37.0,1.245497465133667,0.04279446601867676
ctx,8,1,262144,65536,16384,10,,True,10000000,3874055,38.7,0.7943215370178223,0.05495309829711914
ctx,8,1,262144,65536,16384,1000,,True,10000000,3701351,37.0,1.214625597000122,0.04397702217102051
ctx,8,1,262144,65536,16384,0,,True,10000000,3701340,37.0,1.218761682510376,0.04195666313171387
ctx,8,1,262144,65536,65536,10,,True,10000000,3874055,38.7,0.726083517074585,0.04408574104309082
ctx,8,1,262144,65536,65536,1000,,True,10000000,3701351,37.0,1.2003092765808105,0.04171466827392578
ctx,8,1,262144,65536,65536,0,,True,10000000,3701340,37.0,1.192359447479248,0.0467073917388916
ctx,8,1,262144,65536,262144,10,,True,10000000,3874055,38.7,0.7277114391326904,0.04643130302429199
ctx,8,1,262144,65536,262144,1000,,True,10000000,3701351,37.0,1.1827208995819092,0.04125571250915527
ctx,8,1,262144,65536,262144,0,,True,10000000,3701340,37.0,1.2824883460998535,0.04515504837036133
ctx,8,1,262144,262144,4096,10,,True,10000000,3816740,38.2,0.7214016914367676,0.045061588287353516
ctx,8,1,262144,262144,4096,1000,,True,10000000,3588731,35.9,1.8898327350616455,0.039820194244384766
ctx,8,1,262144,262144,4096,0,,True,10000000,3587826,35.9,2.095399856567383,0.04265284538269043
ctx,8,1,262144,262144,16384,10,,True,10000000,3816740,38.2,0.8171820640563965,0.04259634017944336
ctx,8,1,262144,262144,16384,1000,,True,10000000,3588731,35.9,1.8261749744415283,0.041530609130859375
ctx,8,1,262144,262144,16384,0,,True,10000000,3587826,35.9,2.0268237590789795,0.040990352630615234
ctx,8,1,262144,262144,65536,10,,True,10000000,3816740,38.2,0.7640726566314697,0.045113325119018555
ctx,8,1,262144,262144,65536,1000,,True,10000000,3588731,35.9,1.9328522682189941,0.042923688888549805
ctx,8,1,262144,262144,65536,0,,True,10000000,3587826,35.9,2.590764284133911,0.042528390884399414
ctx,8,1,262144,262144,262144,10,,True,10000000,3816740,38.2,0.7942516803741455,0.0421900749206543
ctx,8,1,262144,262144,262144,1000,,True,10000000,3588731,35.9,1.8941376209259033,0.03875994682312012
ctx,8,1,262144,262144,262144,0,,True,10000000,3587826,35.9,2.0638387203216553,0.04093170166015625
ctx,8,1,1048576,4096,4096,10,,True,10000000,4597181,46.0,0.46781015396118164,0.06836843490600586
ctx,8,1,1048576,4096,4096,1000,,True,10000000,4562881,45.6,0.5444836616516113,0.05991840362548828
ctx,8,1,1048576,4096,4096,0,,True,10000000,4562881,45.6,0.5324866771697998,0.060701608657836914
ctx,8,1,1048576,4096,16384,10,,True,10000000,4597181,46.0,0.483231782913208,0.06313180923461914
ctx,8,1,1048576,4096,16384,1000,,True,10000000,4562881,45.6,0.5443005561828613,0.0744180679321289
ctx,8,1,1048576,4096,16384,0,,True,10000000,4562881,45.6,0.5125827789306641,0.0608820915222168
ctx,8,1,1048576,4096,65536,10,,True,10000000,4597181,46.0,0.48895812034606934,0.0617368221282959
ctx,8,1,1048576,4096,65536,1000,,True,10000000,4562881,45.6,0.5175702571868896,0.0622408390045166
ctx,8,1,1048576,4096,65536,0,,True,10000000,4562881,45.6,0.514876127243042,0.05824422836303711
ctx,8,1,1048576,4096,262144,10,,True,10000000,4597181,46.0,0.4594292640686035,0.06304216384887695
ctx,8,1,1048576,4096,262144,1000,,True,10000000,4562881,45.6,0.50704026222229,0.067108154296875
ctx,8,1,1048576,4096,262144,0,,True,10000000,4562881,45.6,0.5217149257659912,0.06165313720703125
ctx,8,1,1048576,4096,1048576,10,,True,10000000,4597181,46.0,0.4921150207519531,0.06132030487060547
ctx,8,1,1048576,4096,1048576,1000,,True,10000000,4562881,45.6,0.549083948135376,0.060964107513427734
ctx,8,1,1048576,4096,1048576,0,,True,10000000,4562881,45.6,0.5098659992218018,0.06400108337402344
ctx,8,1,1048576,16384,4096,10,,True,10000000,4056914,40.6,0.4914255142211914,0.04915571212768555
ctx,8,1,1048576,16384,4096,1000,,True,10000000,3964392,39.6,0.6893513202667236,0.04913592338562012
ctx,8,1,1048576,16384,4096,0,,True,10000000,3964387,39.6,0.7291185855865479,0.050350189208984375
ctx,8,1,1048576,16384,16384,10,,True,10000000,4056914,40.6,0.5242688655853271,0.0510706901550293
ctx,8,1,1048576,16384,16384,1000,,True,10000000,3964392,39.6,0.7798094749450684,0.054964303970336914
ctx,8,1,1048576,16384,16384,0,,True,10000000,3964387,39.6,0.8286092281341553,0.06070280075073242
ctx,8,1,1048576,16384,65536,10,,True,10000000,4056914,40.6,0.61179518699646,0.06818556785583496
ctx,8,1,1048576,16384,65536,1000,,True,10000000,3964392,39.6,0.8136577606201172,0.05567431449890137
ctx,8,1,1048576,16384,65536,0,,True,10000000,3964387,39.6,0.6722192764282227,0.048870086669921875
ctx,8,1,1048576,16384,262144,10,,True,10000000,4056914,40.6,0.4745626449584961,0.05429697036743164
ctx,8,1,1048576,16384,262144,1000,,True,10000000,3964392,39.6,0.7811837196350098,0.05471038818359375
ctx,8,1,1048576,16384,262144,0,,True,10000000,3964387,39.6,0.8122308254241943,0.05775761604309082
ctx,8,1,1048576,16384,1048576,10,,True,10000000,4056914,40.6,0.5508818626403809,0.061681270599365234
ctx,8,1,1048576,16384,1048576,1000,,True,10000000,3964392,39.6,0.7652528285980225,0.05072188377380371
ctx,8,1,1048576,16384,1048576,0,,True,10000000,3964387,39.6,0.686917781829834,0.04828071594238281
ctx,8,1,1048576,65536,4096,10,,True,10000000,3811868,38.1,0.5918703079223633,0.049697160720825195
ctx,8,1,1048576,65536,4096,1000,,True,10000000,3621823,36.2,1.6868817806243896,0.05700039863586426
ctx,8,1,1048576,65536,4096,0,,True,10000000,3621810,36.2,1.7985360622406006,0.0520782470703125
ctx,8,1,1048576,65536,16384,10,,True,10000000,3811868,38.1,0.580714225769043,0.05734586715698242
ctx,8,1,1048576,65536,16384,1000,,True,10000000,3621823,36.2,1.4247138500213623,0.04587554931640625
ctx,8,1,1048576,65536,16384,0,,True,10000000,3621810,36.2,1.3742156028747559,0.04274868965148926
ctx,8,1,1048576,65536,65536,10,,True,10000000,3811868,38.1,0.513169527053833,0.045569658279418945
ctx,8,1,1048576,65536,65536,1000,,True,10000000,3621823,36.2,1.3813388347625732,0.04379606246948242
ctx,8,1,1048576,65536,65536,0,,True,10000000,3621810,36.2,1.3439552783966064,0.04475140571594238
ctx,8,1,1048576,65536,262144,10,,True,10000000,3811868,38.1,0.5363023281097412,0.045703887939453125
ctx,8,1,1048576,65536,262144,1000,,True,10000000,3621823,36.2,1.383091688156128,0.04281330108642578
ctx,8,1,1048576,65536,262144,0,,True,10000000,3621810,36.2,1.360299825668335,0.04375720024108887
ctx,8,1,1048576,65536,1048576,10,,True,10000000,3811868,38.1,0.5002181529998779,0.046896934509277344
ctx,8,1,1048576,65536,1048576,1000,,True,10000000,3621823,36.2,1.3766028881072998,0.04557061195373535
ctx,8,1,1048576,65536,1048576,0,,True,10000000,3621810,36.2,1.4995100498199463,0.046262502670288086
ctx,8,1,1048576,262144,4096,10,,True,10000000,3704520,37.0,0.6054773330688477,0.05685162544250488
ctx,8,1,1048576,262144,4096,1000,,True,10000000,3392452,33.9,3.9412169456481934,0.041604042053222656
ctx,8,1,1048576,262144,4096,0,,True,10000000,3389503,33.9,4.627748250961304,0.04047870635986328
ctx,8,1,1048576,262144,16384,10,,True,10000000,3704520,37.0,0.4442265033721924,0.048198699951171875
ctx,8,1,1048576,262144,16384,1000,,True,10000000,3392452,33.9,3.449326276779175,0.03863787651062012
ctx,8,1,1048576,262144,16384,0,,True,10000000,3389503,33.9,4.181845664978027,0.04219174385070801
ctx,8,1,1048576,262144,65536,10,,True,10000000,3704520,37.0,0.46256208419799805,0.046158790588378906
ctx,8,1,1048576,262144,65536,1000,,True,10000000,3392452,33.9,3.5714001655578613,0.04253125190734863
ctx,8,1,1048576,262144,65536,0,,True,10000000,3389503,33.9,4.176379680633545,0.04154396057128906
ctx,8,1,1048576,262144,262144,10,,True,10000000,3704520,37.0,0.44238853454589844,0.04506063461303711
ctx,8,1,1048576,262144,262144,1000,,True,10000000,3392452,33.9,3.4646267890930176,0.03991889953613281
ctx,8,1,1048576,262144,262144,0,,True,10000000,3389503,33.9,4.0917041301727295,0.039702415466308594
ctx,8,1,1048576,262144,1048576,10,,True,10000000,3704520,37.0,0.4727790355682373,0.04406619071960449
ctx,8,1,1048576,262144,1048576,1000,,True,10000000,3392452,33.9,3.4008560180664062,0.04005551338195801
ctx,8,1,1048576,262144,1048576,0,,True,10000000,3389503,33.9,4.1631529331207275,0.03895831108093262
ctx,8,1,1048576,1048576,4096,10,,True,10000000,3674424,36.7,0.4537007808685303,0.04523921012878418
ctx,8,1,1048576,1048576,4096,1000,,True,10000000,3307065,33.1,9.301942110061646,0.03828930854797363
ctx,8,1,1048576,1048576,4096,0,,True,10000000,3298414,33.0,16.814916133880615,0.03847360610961914
ctx,8,1,1048576,1048576,16384,10,,True,10000000,3674424,36.7,0.4101870059967041,0.046213626861572266
ctx,8,1,1048576,1048576,16384,1000,,True,10000000,3307065,33.1,8.633198738098145,0.03789997100830078
ctx,8,1,1048576,1048576,16384,0,,True,10000000,3298414,33.0,16.772607564926147,0.0393373966217041
ctx,8,1,1048576,1048576,65536,10,,True,10000000,3674424,36.7,0.43083786964416504,0.047098636627197266
ctx,8,1,1048576,1048576,65536,1000,,True,10000000,3307065,33.1,9.6565580368042,0.03867745399475098
ctx,8,1,1048576,1048576,65536,0,,True,10000000,3298414,33.0,16.869201183319092,0.04016375541687012
ctx,8,1,1048576,1048576,262144,10,,True,10000000,3674424,36.7,0.4225623607635498,0.04449748992919922
ctx,8,1,1048576,1048576,262144,1000,,True,10000000,3307065,33.1,9.360309839248657,0.03760790824890137
ctx,8,1,1048576,1048576,262144,0,,True,10000000,3298414,33.0,16.821267127990723,0.03975844383239746
ctx,8,1,1048576,1048576,1048576,10,,True,10000000,3674424,36.7,0.4131135940551758,0.045485496520996094
ctx,8,1,1048576,1048576,1048576,1000,,True,10000000,3307065,33.1,9.169327974319458,0.03987836837768555
ctx,8,1,1048576,1048576,1048576,0,,True,10000000,3298414,33.0,16.778565168380737,0.03698325157165527
ctx,16,1,16384,4096,4096,10,,,10000000,4892610,48.9,4.977488994598389,0.054319143295288086
ctx,16,1,16384,4096,4096,10,True,,10000000,4869117,48.7,4.961517333984375,0.05658459663391113
ctx,16,1,16384,4096,4096,1000,,,10000000,4864360,48.6,5.052356243133545,0.05750131607055664
ctx,16,1,16384,4096,4096,1000,True,,10000000,4839283,48.4,4.835381507873535,0.0558626651763916
ctx,16,1,16384,4096,4096,0,,,10000000,4864360,48.6,6.401200532913208,0.058706045150756836
ctx,16,1,16384,4096,4096,0,True,,10000000,4839283,48.4,8.92139482498169,0.07228350639343262
ctx,16,1,16384,4096,16384,10,,,10000000,4892610,48.9,9.621314287185669,0.05600333213806152
ctx,16,1,16384,4096,16384,10,True,,10000000,4869117,48.7,9.554086446762085,0.05688190460205078
ctx,16,1,16384,4096,16384,1000,,,10000000,4864360,48.6,9.131389856338501,0.060445308685302734
ctx,16,1,16384,4096,16384,1000,True,,10000000,4839283,48.4,9.250224113464355,0.055391550064086914
ctx,16,1,16384,4096,16384,0,,,10000000,4864360,48.6,9.515870332717896,0.05691885948181152
ctx,16,1,16384,4096,16384,0,True,,10000000,4839283,48.4,9.596344232559204,0.05890011787414551
ctx,16,1,16384,16384,4096,10,,,10000000,4693575,46.9,9.214800596237183,0.0555267333984375
ctx,16,1,16384,16384,4096,10,True,,10000000,4668019,46.7,9.249774932861328,0.05352973937988281
ctx,16,1,16384,16384,4096,1000,,,10000000,4651729,46.5,9.303422927856445,0.05612921714782715
ctx,16,1,16384,16384,4096,1000,True,,10000000,4620577,46.2,10.310777425765991,0.05935359001159668
ctx,16,1,16384,16384,4096,0,,,10000000,4651729,46.5,10.371490240097046,0.05535697937011719
ctx,16,1,16384,16384,4096,0,True,,10000000,4620577,46.2,9.159059524536133,0.05106925964355469
ctx,16,1,16384,16384,16384,10,,,10000000,4693575,46.9,9.293646335601807,0.0561673641204834
ctx,16,1,16384,16384,16384,10,True,,10000000,4668019,46.7,9.231907367706299,0.056139469146728516
ctx,16,1,16384,16384,16384,1000,,,10000000,4651729,46.5,9.407520294189453,0.05592179298400879
ctx,16,1,16384,16384,16384,1000,True,,10000000,4620577,46.2,9.334588050842285,0.06102275848388672
ctx,16,1,16384,16384,16384,0,,,10000000,4651729,46.5,9.260223865509033,0.053063392639160156
ctx,16,1,16384,16384,16384,0,True,,10000000,4620577,46.2,9.206372499465942,0.055905818939208984
ctx,16,1,65536,4096,4096,10,,,10000000,4700021,47.0,2.3857598304748535,0.05658984184265137
ctx,16,1,65536,4096,4096,10,True,,10000000,4678739,46.8,2.4973745346069336,0.054932355880737305
ctx,16,1,65536,4096,4096,1000,,,10000000,4667677,46.7,2.4265801906585693,0.05356287956237793
ctx,16,1,65536,4096,4096,1000,True,,10000000,4644627,46.4,2.417738199234009,0.06433272361755371
ctx,16,1,65536,4096,4096,0,,,10000000,4667677,46.7,2.350324869155884,0.053611040115356445
ctx,16,1,65536,4096,4096,0,True,,10000000,4644627,46.4,2.3408660888671875,0.051972389221191406
ctx,16,1,65536,4096,16384,10,,,10000000,4700021,47.0,2.2668251991271973,0.05508780479431152
ctx,16,1,65536,4096,16384,10,True,,10000000,4678739,46.8,2.4047293663024902,0.0701756477355957
ctx,16,1,65536,4096,16384,1000,,,10000000,4667677,46.7,2.4842166900634766,0.05571126937866211
ctx,16,1,65536,4096,16384,1000,True,,10000000,4644627,46.4,2.4846303462982178,0.0558168888092041
ctx,16,1,65536,4096,16384,0,,,10000000,4667677,46.7,2.452629804611206,0.054024457931518555
ctx,16,1,65536,4096,16384,0,True,,10000000,4644627,46.4,2.546337127685547,0.05696821212768555
ctx,16,1,65536,4096,65536,10,,,10000000,4700021,47.0,2.470306873321533,0.05749940872192383
ctx,16,1,65536,4096,65536,10,True,,10000000,4678739,46.8,2.4306819438934326,0.056327104568481445
ctx,16,1,65536,4096,65536,1000,,,10000000,4667677,46.7,2.5062732696533203,0.05340385437011719
ctx,16,1,65536,4096,65536,1000,True,,10000000,4644627,46.4,2.4144675731658936,0.05530071258544922
ctx,16,1,65536,4096,65536,0,,,10000000,4667677,46.7,2.397186517715454,0.06403970718383789
ctx,16,1,65536,4096,65536,0,True,,10000000,4644627,46.4,2.3851871490478516,0.05522966384887695
ctx,16,1,65536,16384,4096,10,,,10000000,4280636,42.8,2.4031083583831787,0.051374197006225586
ctx,16,1,65536,16384,4096,10,True,,10000000,4262166,42.6,2.4312350749969482,0.04740595817565918
ctx,16,1,65536,16384,4096,1000,,,10000000,4205898,42.1,2.366236448287964,0.04419898986816406
ctx,16,1,65536,16384,4096,1000,True,,10000000,4179677,41.8,2.4825406074523926,0.055541276931762695
ctx,16,1,65536,16384,4096,0,,,10000000,4205892,42.1,2.459916830062866,0.049779415130615234
ctx,16,1,65536,16384,4096,0,True,,10000000,4179678,41.8,2.424618721008301,0.04485583305358887
ctx,16,1,65536,16384,16384,10,,,10000000,4280636,42.8,2.3253533840179443,0.04987597465515137
ctx,16,1,65536,16384,16384,10,True,,10000000,4262166,42.6,2.4068195819854736,0.047541141510009766
ctx,16,1,65536,16384,16384,1000,,,10000000,4205898,42.1,2.4153125286102295,0.04553413391113281
ctx,16,1,65536,16384,16384,1000,True,,10000000,4179677,41.8,2.464270830154419,0.04875302314758301
ctx,16,1,65536,16384,16384,0,,,10000000,4205892,42.1,2.4656319618225098,0.04960465431213379
ctx,16,1,65536,16384,16384,0,True,,10000000,4179678,41.8,2.4380929470062256,0.05070662498474121
ctx,16,1,65536,16384,65536,10,,,10000000,4280636,42.8,2.474388837814331,0.04713726043701172
ctx,16,1,65536,16384,65536,10,True,,10000000,4262166,42.6,2.4439785480499268,0.04870295524597168
ctx,16,1,65536,16384,65536,1000,,,10000000,4205898,42.1,2.4761788845062256,0.045632123947143555
ctx,16,1,65536,16384,65536,1000,True,,10000000,4179677,41.8,2.39742112159729,0.0472867488861084
ctx,16,1,65536,16384,65536,0,,,10000000,4205892,42.1,2.4087955951690674,0.04552650451660156
ctx,16,1,65536,16384,65536,0,True,,10000000,4179678,41.8,2.5601232051849365,0.05103945732116699
ctx,16,1,65536,65536,4096,10,,,10000000,4187980,41.9,2.416992425918579,0.05176401138305664
ctx,16,1,65536,65536,4096,10,True,,10000000,4170912,41.7,2.421968460083008,0.046666622161865234
ctx,16,1,65536,65536,4096,1000,,,10000000,4089542,40.9,2.418282985687256,0.042531490325927734
ctx,16,1,65536,65536,4096,1000,True,,10000000,4057701,40.6,2.46105694770813,0.04941296577453613
ctx,16,1,65536,65536,4096,0,,,10000000,4089538,40.9,2.37528133392334,0.0438845157623291
ctx,16,1,65536,65536,4096,0,True,,10000000,4057697,40.6,2.3573391437530518,0.045160531997680664
ctx,16,1,65536,65536,16384,10,,,10000000,4187980,41.9,2.3936455249786377,0.048134803771972656
ctx,16,1,65536,65536,16384,10,True,,10000000,4170912,41.7,2.418496608734131,0.04674363136291504
ctx,16,1,65536,65536,16384,1000,,,10000000,4089542,40.9,2.3022050857543945,0.04302716255187988
ctx,16,1,65536,65536,16384,1000,True,,10000000,4057701,40.6,2.343653917312622,0.04241061210632324
ctx,16,1,65536,65536,16384,0,,,10000000,4089538,40.9,2.313567638397217,0.050139427185058594
ctx,16,1,65536,65536,16384,0,True,,10000000,4057697,40.6,2.5186920166015625,0.05558371543884277
ctx,16,1,65536,65536,65536,10,,,10000000,4187980,41.9,2.525800943374634,0.0480349063873291
ctx,16,1,65536,65536,65536,10,True,,10000000,4170912,41.7,2.53283953666687,0.049643516540527344
ctx,16,1,65536,65536,65536,1000,,,10000000,4089542,40.9,2.4311840534210205,0.044896602630615234
ctx,16,1,65536,65536,65536,1000,True,,10000000,4057701,40.6,2.4212584495544434,0.046629905700683594
ctx,16,1,65536,65536,65536,0,,,10000000,4089538,40.9,2.4302642345428467,0.04253888130187988
ctx,16,1,65536,65536,65536,0,True,,10000000,4057697,40.6,2.448058843612671,0.04282236099243164
ctx,16,1,262144,4096,4096,10,,,10000000,4650414,46.5,0.7004764080047607,0.05443739891052246
ctx,16,1,262144,4096,4096,10,True,,10000000,4629482,46.3,0.6605138778686523,0.0574343204498291
ctx,16,1,262144,4096,4096,1000,,,10000000,4616863,46.2,0.7206923961639404,0.05321931838989258
ctx,16,1,262144,4096,4096,1000,True,,10000000,4594311,45.9,0.6765005588531494,0.053673744201660156
ctx,16,1,262144,4096,4096,0,,,10000000,4616863,46.2,0.6702792644500732,0.05411243438720703
ctx,16,1,262144,4096,4096,0,True,,10000000,4594311,45.9,0.7000162601470947,0.057775259017944336
ctx,16,1,262144,4096,16384,10,,,10000000,4650414,46.5,0.6950302124023438,0.0551602840423584
ctx,16,1,262144,4096,16384,10,True,,10000000,4629482,46.3,0.6948761940002441,0.05647993087768555
ctx,16,1,262144,4096,16384,1000,,,10000000,4616863,46.2,0.6732115745544434,0.059664011001586914
ctx,16,1,262144,4096,16384,1000,True,,10000000,4594311,45.9,0.7175853252410889,0.054843902587890625
ctx,16,1,262144,4096,16384,0,,,10000000,4616863,46.2,0.661480188369751,0.05437636375427246
ctx,16,1,262144,4096,16384,0,True,,10000000,4594311,45.9,0.6732089519500732,0.05388927459716797
ctx,16,1,262144,4096,65536,10,,,10000000,4650414,46.5,0.6652040481567383,0.05610823631286621
ctx,16,1,262144,4096,65536,10,True,,10000000,4629482,46.3,0.6959846019744873,0.05524563789367676
ctx,16,1,262144,4096,65536,1000,,,10000000,4616863,46.2,0.6995775699615479,0.05607104301452637
ctx,16,1,262144,4096,65536,1000,True,,10000000,4594311,45.9,0.6825904846191406,0.07020783424377441
ctx,16,1,262144,4096,65536,0,,,10000000,4616863,46.2,0.7050032615661621,0.05329179763793945
ctx,16,1,262144,4096,65536,0,True,,10000000,4594311,45.9,0.6683807373046875,0.057277679443359375
ctx,16,1,262144,4096,262144,10,,,10000000,4650414,46.5,0.6523973941802979,0.05439448356628418
ctx,16,1,262144,4096,262144,10,True,,10000000,4629482,46.3,0.6688787937164307,0.054106712341308594
ctx,16,1,262144,4096,262144,1000,,,10000000,4616863,46.2,0.7078344821929932,0.05608773231506348
ctx,16,1,262144,4096,262144,1000,True,,10000000,4594311,45.9,0.7028629779815674,0.0547184944152832
ctx,16,1,262144,4096,262144,0,,,10000000,4616863,46.2,0.696232795715332,0.057593345642089844
ctx,16,1,262144,4096,262144,0,True,,10000000,4594311,45.9,0.6439085006713867,0.056366920471191406
ctx,16,1,262144,16384,4096,10,,,10000000,4164625,41.6,0.6800894737243652,0.04519200325012207
ctx,16,1,262144,16384,4096,10,True,,10000000,4149186,41.5,0.667943000793457,0.046334028244018555
ctx,16,1,262144,16384,4096,1000,,,10000000,4079954,40.8,0.6636929512023926,0.04454779624938965
ctx,16,1,262144,16384,4096,1000,True,,10000000,4056359,40.6,0.6988406181335449,0.04449152946472168
ctx,16,1,262144,16384,4096,0,,,10000000,4079947,40.8,0.7209975719451904,0.042432308197021484
ctx,16,1,262144,16384,4096,0,True,,10000000,4056357,40.6,0.6936867237091064,0.044425249099731445
ctx,16,1,262144,16384,16384,10,,,10000000,4164625,41.6,0.6539034843444824,0.04637265205383301
ctx,16,1,262144,16384,16384,10,True,,10000000,4149186,41.5,0.6985857486724854,0.04890298843383789
ctx,16,1,262144,16384,16384,1000,,,10000000,4079954,40.8,0.7052791118621826,0.048009634017944336
ctx,16,1,262144,16384,16384,1000,True,,10000000,4056359,40.6,0.714285135269165,0.049338579177856445
ctx,16,1,262144,16384,16384,0,,,10000000,4079947,40.8,0.7096657752990723,0.045470237731933594
ctx,16,1,262144,16384,16384,0,True,,10000000,4056357,40.6,0.6827106475830078,0.046888113021850586
ctx,16,1,262144,16384,65536,10,,,10000000,4164625,41.6,0.6662774085998535,0.04974222183227539
ctx,16,1,262144,16384,65536,10,True,,10000000,4149186,41.5,0.6521978378295898,0.05039668083190918
ctx,16,1,262144,16384,65536,1000,,,10000000,4079954,40.8,0.6511647701263428,0.048308372497558594
ctx,16,1,262144,16384,65536,1000,True,,10000000,4056359,40.6,0.731879711151123,0.05171513557434082
ctx,16,1,262144,16384,65536,0,,,10000000,4079947,40.8,0.6666684150695801,0.04398322105407715
ctx,16,1,262144,16384,65536,0,True,,10000000,4056357,40.6,0.710564374923706,0.04600071907043457
ctx,16,1,262144,16384,262144,10,,,10000000,4164625,41.6,0.6983275413513184,0.048737287521362305
ctx,16,1,262144,16384,262144,10,True,,10000000,4149186,41.5,0.6929404735565186,0.04758453369140625
ctx,16,1,262144,16384,262144,1000,,,10000000,4079954,40.8,0.6731343269348145,0.04639077186584473
ctx,16,1,262144,16384,262144,1000,True,,10000000,4056359,40.6,0.6978604793548584,0.04427814483642578
ctx,16,1,262144,16384,262144,0,,,10000000,4079947,40.8,0.7255954742431641,0.0489344596862793
ctx,16,1,262144,16384,262144,0,True,,10000000,4056357,40.6,0.6848647594451904,0.04558730125427246
ctx,16,1,262144,65536,4096,10,,,10000000,3972503,39.7,0.675663948059082,0.04203081130981445
ctx,16,1,262144,65536,4096,10,True,,10000000,3962892,39.6,0.671379804611206,0.04295754432678223
ctx,16,1,262144,65536,4096,1000,,,10000000,3816150,38.2,0.6837291717529297,0.040555477142333984
ctx,16,1,262144,65536,4096,1000,True,,10000000,3787743,37.9,0.6767210960388184,0.04108381271362305
ctx,16,1,262144,65536,4096,0,,,10000000,3816139,38.2,0.6419715881347656,0.04082775115966797
ctx,16,1,262144,65536,4096,0,True,,10000000,3787741,37.9,0.6693849563598633,0.04352140426635742
ctx,16,1,262144,65536,16384,10,,,10000000,3972503,39.7,0.6999845504760742,0.04359030723571777
ctx,16,1,262144,65536,16384,10,True,,10000000,3962892,39.6,0.6598272323608398,0.04170489311218262
ctx,16,1,262144,65536,16384,1000,,,10000000,3816150,38.2,0.6673145294189453,0.040949106216430664
ctx,16,1,262144,65536,16384,1000,True,,10000000,3787743,37.9,0.6961705684661865,0.038910627365112305
ctx,16,1,262144,65536,16384,0,,,10000000,3816139,38.2,0.6787984371185303,0.04270219802856445
ctx,16,1,262144,65536,16384,0,True,,10000000,3787741,37.9,0.7128798961639404,0.04050779342651367
ctx,16,1,262144,65536,65536,10,,,10000000,3972503,39.7,0.7029879093170166,0.04694676399230957
ctx,16,1,262144,65536,65536,10,True,,10000000,3962892,39.6,0.689769983291626,0.04313468933105469
ctx,16,1,262144,65536,65536,1000,,,10000000,3816150,38.2,0.6692831516265869,0.04025530815124512
ctx,16,1,262144,65536,65536,1000,True,,10000000,3787743,37.9,0.6964154243469238,0.041913509368896484
ctx,16,1,262144,65536,65536,0,,,10000000,3816139,38.2,0.6744778156280518,0.04021501541137695
ctx,16,1,262144,65536,65536,0,True,,10000000,3787741,37.9,0.7005467414855957,0.04047131538391113
ctx,16,1,262144,65536,262144,10,,,10000000,3972503,39.7,0.7046358585357666,0.04864072799682617
ctx,16,1,262144,65536,262144,10,True,,10000000,3962892,39.6,0.6737184524536133,0.044579267501831055
ctx,16,1,262144,65536,262144,1000,,,10000000,3816150,38.2,0.6880240440368652,0.041011810302734375
ctx,16,1,262144,65536,262144,1000,True,,10000000,3787743,37.9,0.6865749359130859,0.040731191635131836
ctx,16,1,262144,65536,262144,0,,,10000000,3816139,38.2,0.6666059494018555,0.03969550132751465
ctx,16,1,262144,65536,262144,0,True,,10000000,3787741,37.9,0.669762134552002,0.04441642761230469
ctx,16,1,262144,262144,4096,10,,,10000000,3938368,39.4,0.670020341873169,0.04136157035827637
ctx,16,1,262144,262144,4096,10,True,,10000000,3930885,39.3,0.6670711040496826,0.042394161224365234
ctx,16,1,262144,262144,4096,1000,,,10000000,3744431,37.4,0.7473340034484863,0.03996109962463379
ctx,16,1,262144,262144,4096,1000,True,,10000000,3712575,37.1,0.7754898071289062,0.0399477481842041
ctx,16,1,262144,262144,4096,0,,,10000000,3743599,37.4,0.770857572555542,0.03849315643310547
ctx,16,1,262144,262144,4096,0,True,,10000000,3711576,37.1,0.8249044418334961,0.04152798652648926
ctx,16,1,262144,262144,16384,10,,,10000000,3938368,39.4,0.7878484725952148,0.04753541946411133
ctx,16,1,262144,262144,16384,10,True,,10000000,3930885,39.3,0.7817959785461426,0.048306941986083984
ctx,16,1,262144,262144,16384,1000,,,10000000,3744431,37.4,0.8679320812225342,0.042151451110839844
ctx,16,1,262144,262144,16384,1000,True,,10000000,3712575,37.1,0.8517959117889404,0.04583096504211426
ctx,16,1,262144,262144,16384,0,,,10000000,3743599,37.4,0.8756158351898193,0.04294610023498535
ctx,16,1,262144,262144,16384,0,True,,10000000,3711576,37.1,0.787811279296875,0.042725324630737305
ctx,16,1,262144,262144,65536,10,,,10000000,3938368,39.4,0.6587278842926025,0.0416569709777832
ctx,16,1,262144,262144,65536,10,True,,10000000,3930885,39.3,0.658613920211792,0.04343557357788086
ctx,16,1,262144,262144,65536,1000,,,10000000,3744431,37.4,0.7005636692047119,0.0410616397857666
ctx,16,1,262144,262144,65536,1000,True,,10000000,3712575,37.1,0.7245416641235352,0.03980112075805664
ctx,16,1,262144,262144,65536,0,,,10000000,3743599,37.4,0.7087564468383789,0.0383601188659668
ctx,16,1,262144,262144,65536,0,True,,10000000,3711576,37.1,0.7402889728546143,0.03952670097351074
ctx,16,1,262144,262144,262144,10,,,10000000,3938368,39.4,0.6654667854309082,0.04434490203857422
ctx,16,1,262144,262144,262144,10,True,,10000000,3930885,39.3,0.688746452331543,0.044587135314941406
ctx,16,1,262144,262144,262144,1000,,,10000000,3744431,37.4,0.7341165542602539,0.03917980194091797
ctx,16,1,262144,262144,262144,1000,True,,10000000,3712575,37.1,0.7547862529754639,0.03901481628417969
ctx,16,1,262144,262144,262144,0,,,10000000,3743599,37.4,0.7302439212799072,0.039025306701660156
ctx,16,1,262144,262144,262144,0,True,,10000000,3711576,37.1,0.7415096759796143,0.03870415687561035
ctx,16,1,1048576,4096,4096,10,,,10000000,4638238,46.4,0.24957633018493652,0.05942082405090332
ctx,16,1,1048576,4096,4096,10,True,,10000000,4617464,46.2,0.2450268268585205,0.06390690803527832
ctx,16,1,1048576,4096,4096,1000,,,10000000,4604320,46.0,0.25824785232543945,0.057260990142822266
ctx,16,1,1048576,4096,4096,1000,True,,10000000,4582007,45.8,0.26783299446105957,0.0589601993560791
ctx,16,1,1048576,4096,4096,0,,,10000000,4604320,46.0,0.2616291046142578,0.06088829040527344
ctx,16,1,1048576,4096,4096,0,True,,10000000,4582007,45.8,0.2670588493347168,0.06166791915893555
ctx,16,1,1048576,4096,16384,10,,,10000000,4638238,46.4,0.2758903503417969,0.0618436336517334
ctx,16,1,1048576,4096,16384,10,True,,10000000,4617464,46.2,0.27518486976623535,0.0655512809753418
ctx,16,1,1048576,4096,16384,1000,,,10000000,4604320,46.0,0.26404905319213867,0.05956745147705078
ctx,16,1,1048576,4096,16384,1000,True,,10000000,4582007,45.8,0.2680647373199463,0.06304764747619629
ctx,16,1,1048576,4096,16384,0,,,10000000,4604320,46.0,0.2862067222595215,0.060755014419555664
ctx,16,1,1048576,4096,16384,0,True,,10000000,4582007,45.8,0.26087403297424316,0.061594486236572266
ctx,16,1,1048576,4096,65536,10,,,10000000,4638238,46.4,0.2644350528717041,0.06486225128173828
ctx,16,1,1048576,4096,65536,10,True,,10000000,4617464,46.2,0.2780604362487793,0.06648683547973633
ctx,16,1,1048576,4096,65536,1000,,,10000000,4604320,46.0,0.270357608795166,0.059134721755981445
ctx,16,1,1048576,4096,65536,1000,True,,10000000,4582007,45.8,0.26775145530700684,0.061020851135253906
ctx,16,1,1048576,4096,65536,0,,,10000000,4604320,46.0,0.27861547470092773,0.061989784240722656
ctx,16,1,1048576,4096,65536,0,True,,10000000,4582007,45.8,0.2831101417541504,0.05726146697998047
ctx,16,1,1048576,4096,262144,10,,,10000000,4638238,46.4,0.3207213878631592,0.061235904693603516
ctx,16,1,1048576,4096,262144,10,True,,10000000,4617464,46.2,0.2903938293457031,0.06428384780883789
ctx,16,1,1048576,4096,262144,1000,,,10000000,4604320,46.0,0.3005545139312744,0.06272029876708984
ctx,16,1,1048576,4096,262144,1000,True,,10000000,4582007,45.8,0.27058935165405273,0.0633540153503418
ctx,16,1,1048576,4096,262144,0,,,10000000,4604320,46.0,0.27840375900268555,0.05988454818725586
ctx,16,1,1048576,4096,262144,0,True,,10000000,4582007,45.8,0.2610466480255127,0.060666561126708984
ctx,16,1,1048576,4096,1048576,10,,,10000000,4638238,46.4,0.2561831474304199,0.06277704238891602
ctx,16,1,1048576,4096,1048576,10,True,,10000000,4617464,46.2,0.28444647789001465,0.06258654594421387
ctx,16,1,1048576,4096,1048576,1000,,,10000000,4604320,46.0,0.252225399017334,0.06361699104309082
ctx,16,1,1048576,4096,1048576,1000,True,,10000000,4582007,45.8,0.2708711624145508,0.05819821357727051
ctx,16,1,1048576,4096,1048576,0,,,10000000,4604320,46.0,0.3147397041320801,0.06868696212768555
ctx,16,1,1048576,4096,1048576,0,True,,10000000,4582007,45.8,0.3347494602203369,0.07679319381713867
ctx,16,1,1048576,16384,4096,10,,,10000000,4134543,41.3,0.30296850204467773,0.0513768196105957
ctx,16,1,1048576,16384,4096,10,True,,10000000,4119936,41.2,0.24239110946655273,0.05164194107055664
ctx,16,1,1048576,16384,4096,1000,,,10000000,4046746,40.5,0.27689361572265625,0.05934286117553711
ctx,16,1,1048576,16384,4096,1000,True,,10000000,4023917,40.2,0.2888178825378418,0.05663013458251953
ctx,16,1,1048576,16384,4096,0,,,10000000,4046740,40.5,0.29280781745910645,0.052168846130371094
ctx,16,1,1048576,16384,4096,0,True,,10000000,4023915,40.2,0.2789309024810791,0.04976248741149902
ctx,16,1,1048576,16384,16384,10,,,10000000,4134543,41.3,0.27224063873291016,0.05963468551635742
ctx,16,1,1048576,16384,16384,10,True,,10000000,4119936,41.2,0.28850388526916504,0.06365156173706055
ctx,16,1,1048576,16384,16384,1000,,,10000000,4046746,40.5,0.2760798931121826,0.05304288864135742
ctx,16,1,1048576,16384,16384,1000,True,,10000000,4023917,40.2,0.3005497455596924,0.04881691932678223
ctx,16,1,1048576,16384,16384,0,,,10000000,4046740,40.5,0.23868846893310547,0.0466156005859375
ctx,16,1,1048576,16384,16384,0,True,,10000000,4023915,40.2,0.2606775760650635,0.04822063446044922
ctx,16,1,1048576,16384,65536,10,,,10000000,4134543,41.3,0.2388908863067627,0.05105876922607422
ctx,16,1,1048576,16384,65536,10,True,,10000000,4119936,41.2,0.24446797370910645,0.05094790458679199
ctx,16,1,1048576,16384,65536,1000,,,10000000,4046746,40.5,0.23990797996520996,0.04856586456298828
ctx,16,1,1048576,16384,65536,1000,True,,10000000,4023917,40.2,0.24071407318115234,0.046503305435180664
ctx,16,1,1048576,16384,65536,0,,,10000000,4046740,40.5,0.24161171913146973,0.04490184783935547
ctx,16,1,1048576,16384,65536,0,True,,10000000,4023915,40.2,0.2638823986053467,0.04694247245788574
ctx,16,1,1048576,16384,262144,10,,,10000000,4134543,41.3,0.23751139640808105,0.05139493942260742
ctx,16,1,1048576,16384,262144,10,True,,10000000,4119936,41.2,0.274430513381958,0.04952359199523926
ctx,16,1,1048576,16384,262144,1000,,,10000000,4046746,40.5,0.26523804664611816,0.05316615104675293
ctx,16,1,1048576,16384,262144,1000,True,,10000000,4023917,40.2,0.2614145278930664,0.04696035385131836
ctx,16,1,1048576,16384,262144,0,,,10000000,4046740,40.5,0.2394423484802246,0.050581932067871094
ctx,16,1,1048576,16384,262144,0,True,,10000000,4023915,40.2,0.2754981517791748,0.048651933670043945
ctx,16,1,1048576,16384,1048576,10,,,10000000,4134543,41.3,0.2640957832336426,0.06709980964660645
ctx,16,1,1048576,16384,1048576,10,True,,10000000,4119936,41.2,0.2780649662017822,0.051409006118774414
ctx,16,1,1048576,16384,1048576,1000,,,10000000,4046746,40.5,0.27801966667175293,0.0490717887878418
ctx,16,1,1048576,16384,1048576,1000,True,,10000000,4023917,40.2,0.26797938346862793,0.04830622673034668
ctx,16,1,1048576,16384,1048576,0,,,10000000,4046740,40.5,0.24290060997009277,0.04570889472961426
ctx,16,1,1048576,16384,1048576,0,True,,10000000,4023915,40.2,0.2590019702911377,0.05078911781311035
ctx,16,1,1048576,65536,4096,10,,,10000000,3908422,39.1,0.24538707733154297,0.046907663345336914
ctx,16,1,1048576,65536,4096,10,True,,10000000,3901729,39.0,0.2360248565673828,0.04869341850280762
ctx,16,1,1048576,65536,4096,1000,,,10000000,3732344,37.3,0.27322912216186523,0.0430293083190918
ctx,16,1,1048576,65536,4096,1000,True,,10000000,3706162,37.1,0.29897332191467285,0.04498744010925293
ctx,16,1,1048576,65536,4096,0,,,10000000,3732328,37.3,0.2514057159423828,0.04228496551513672
ctx,16,1,1048576,65536,4096,0,True,,10000000,3706149,37.1,0.33296799659729004,0.044278621673583984
ctx,16,1,1048576,65536,16384,10,,,10000000,3908422,39.1,0.2387073040008545,0.04681754112243652
ctx,16,1,1048576,65536,16384,10,True,,10000000,3901729,39.0,0.24946308135986328,0.04874610900878906
ctx,16,1,1048576,65536,16384,1000,,,10000000,3732344,37.3,0.24734091758728027,0.05209207534790039
ctx,16,1,1048576,65536,16384,1000,True,,10000000,3706162,37.1,0.28839969635009766,0.03981447219848633
ctx,16,1,1048576,65536,16384,0,,,10000000,3732328,37.3,0.2582821846008301,0.04369020462036133
ctx,16,1,1048576,65536,16384,0,True,,10000000,3706149,37.1,0.2884080410003662,0.05357670783996582
ctx,16,1,1048576,65536,65536,10,,,10000000,3908422,39.1,0.27781033515930176,0.05628466606140137
ctx,16,1,1048576,65536,65536,10,True,,10000000,3901729,39.0,0.29140520095825195,0.058219194412231445
ctx,16,1,1048576,65536,65536,1000,,,10000000,3732344,37.3,0.32837510108947754,0.04122209548950195
ctx,16,1,1048576,65536,65536,1000,True,,10000000,3706162,37.1,0.27827930450439453,0.042182207107543945
ctx,16,1,1048576,65536,65536,0,,,10000000,3732328,37.3,0.24808669090270996,0.04359745979309082
ctx,16,1,1048576,65536,65536,0,True,,10000000,3706149,37.1,0.2758345603942871,0.04163098335266113
ctx,16,1,1048576,65536,262144,10,,,10000000,3908422,39.1,0.26965856552124023,0.04549908638000488
ctx,16,1,1048576,65536,262144,10,True,,10000000,3901729,39.0,0.26132941246032715,0.045479774475097656
ctx,16,1,1048576,65536,262144,1000,,,10000000,3732344,37.3,0.2595043182373047,0.04146766662597656
ctx,16,1,1048576,65536,262144,1000,True,,10000000,3706162,37.1,0.2811105251312256,0.040990352630615234
ctx,16,1,1048576,65536,262144,0,,,10000000,3732328,37.3,0.2513906955718994,0.04522848129272461
ctx,16,1,1048576,65536,262144,0,True,,10000000,3706149,37.1,0.2901298999786377,0.04411816596984863
ctx,16,1,1048576,65536,1048576,10,,,10000000,3908422,39.1,0.23348546028137207,0.04648184776306152
ctx,16,1,1048576,65536,1048576,10,True,,10000000,3901729,39.0,0.24388551712036133,0.04568219184875488
ctx,16,1,1048576,65536,1048576,1000,,,10000000,3732344,37.3,0.263660192489624,0.04487252235412598
ctx,16,1,1048576,65536,1048576,1000,True,,10000000,3706162,37.1,0.2731142044067383,0.04291367530822754
ctx,16,1,1048576,65536,1048576,0,,,10000000,3732328,37.3,0.2519714832305908,0.043417930603027344
ctx,16,1,1048576,65536,1048576,0,True,,10000000,3706149,37.1,0.2962222099304199,0.04229402542114258
ctx,16,1,1048576,262144,4096,10,,,10000000,3834260,38.3,0.24871087074279785,0.042630910873413086
ctx,16,1,1048576,262144,4096,10,True,,10000000,3834406,38.3,0.24436545372009277,0.053076744079589844
ctx,16,1,1048576,262144,4096,1000,,,10000000,3555112,35.6,0.5021405220031738,0.048671722412109375
ctx,16,1,1048576,262144,4096,1000,True,,10000000,3527221,35.3,0.6151478290557861,0.039749860763549805
ctx,16,1,1048576,262144,4096,0,,,10000000,3551696,35.5,0.5272862911224365,0.044886112213134766
ctx,16,1,1048576,262144,4096,0,True,,10000000,3523393,35.2,0.6372218132019043,0.038735389709472656
ctx,16,1,1048576,262144,16384,10,,,10000000,3834260,38.3,0.2794513702392578,0.051171302795410156
ctx,16,1,1048576,262144,16384,10,True,,10000000,3834406,38.3,0.28661131858825684,0.05179286003112793
ctx,16,1,1048576,262144,16384,1000,,,10000000,3555112,35.6,0.4578258991241455,0.04292011260986328
ctx,16,1,1048576,262144,16384,1000,True,,10000000,3527221,35.3,0.49944257736206055,0.03921103477478027
ctx,16,1,1048576,262144,16384,0,,,10000000,3551696,35.5,0.433077335357666,0.036586761474609375
ctx,16,1,1048576,262144,16384,0,True,,10000000,3523393,35.2,0.8028247356414795,0.0441131591796875
ctx,16,1,1048576,262144,65536,10,,,10000000,3834260,38.3,0.291759729385376,0.0428769588470459
ctx,16,1,1048576,262144,65536,10,True,,10000000,3834406,38.3,0.25493526458740234,0.043320655822753906
ctx,16,1,1048576,262144,65536,1000,,,10000000,3555112,35.6,0.3825676441192627,0.037187814712524414
ctx,16,1,1048576,262144,65536,1000,True,,10000000,3527221,35.3,0.49150633811950684,0.039243221282958984
ctx,16,1,1048576,262144,65536,0,,,10000000,3551696,35.5,0.40785741806030273,0.039319515228271484
ctx,16,1,1048576,262144,65536,0,True,,10000000,3523393,35.2,0.5476222038269043,0.03837466239929199
ctx,16,1,1048576,262144,262144,10,,,10000000,3834260,38.3,0.27132320404052734,0.04250955581665039
ctx,16,1,1048576,262144,262144,10,True,,10000000,3834406,38.3,0.24854803085327148,0.04578757286071777
ctx,16,1,1048576,262144,262144,1000,,,10000000,3555112,35.6,0.36408233642578125,0.03691840171813965
ctx,16,1,1048576,262144,262144,1000,True,,10000000,3527221,35.3,0.5611915588378906,0.047707557678222656
ctx,16,1,1048576,262144,262144,0,,,10000000,3551696,35.5,0.5142085552215576,0.0509183406829834
ctx,16,1,1048576,262144,262144,0,True,,10000000,3523393,35.2,0.5962352752685547,0.03879284858703613
ctx,16,1,1048576,262144,1048576,10,,,10000000,3834260,38.3,0.24998784065246582,0.04494881629943848
ctx,16,1,1048576,262144,1048576,10,True,,10000000,3834406,38.3,0.24467158317565918,0.04400205612182617
ctx,16,1,1048576,262144,1048576,1000,,,10000000,3555112,35.6,0.39886903762817383,0.04051780700683594
ctx,16,1,1048576,262144,1048576,1000,True,,10000000,3527221,35.3,0.48653292655944824,0.039374589920043945
ctx,16,1,1048576,262144,1048576,0,,,10000000,3551696,35.5,0.5092751979827881,0.04091310501098633
ctx,16,1,1048576,262144,1048576,0,True,,10000000,3523393,35.2,0.6582133769989014,0.039322614669799805
ctx,16,1,1048576,1048576,4096,10,,,10000000,3820085,38.2,0.24323487281799316,0.04378318786621094
ctx,16,1,1048576,1048576,4096,10,True,,10000000,3823108,38.2,0.24292922019958496,0.0435025691986084
ctx,16,1,1048576,1048576,4096,1000,,,10000000,3504430,35.0,1.2640724182128906,0.045183658599853516
ctx,16,1,1048576,1048576,4096,1000,True,,10000000,3478254,34.8,2.4660983085632324,0.03907322883605957
ctx,16,1,1048576,1048576,4096,0,,,10000000,3495502,35.0,2.0902230739593506,0.04238557815551758
ctx,16,1,1048576,1048576,4096,0,True,,10000000,3467412,34.7,3.468700885772705,0.039899587631225586
ctx,16,1,1048576,1048576,16384,10,,,10000000,3820085,38.2,0.23836278915405273,0.05156755447387695
ctx,16,1,1048576,1048576,16384,10,True,,10000000,3823108,38.2,0.2613494396209717,0.04257631301879883
ctx,16,1,1048576,1048576,16384,1000,,,10000000,3504430,35.0,1.1815683841705322,0.039064884185791016
ctx,16,1,1048576,1048576,16384,1000,True,,10000000,3478254,34.8,1.869255781173706,0.038001060485839844
ctx,16,1,1048576,1048576,16384,0,,,10000000,3495502,35.0,2.2853188514709473,0.0362856388092041
ctx,16,1,1048576,1048576,16384,0,True,,10000000,3467412,34.7,3.1979289054870605,0.03713417053222656
ctx,16,1,1048576,1048576,65536,10,,,10000000,3820085,38.2,0.2466413974761963,0.04194521903991699
ctx,16,1,1048576,1048576,65536,10,True,,10000000,3823108,38.2,0.251354455947876,0.04519772529602051
ctx,16,1,1048576,1048576,65536,1000,,,10000000,3504430,35.0,1.123338222503662,0.03528094291687012
ctx,16,1,1048576,1048576,65536,1000,True,,10000000,3478254,34.8,1.825300931930542,0.04093432426452637
ctx,16,1,1048576,1048576,65536,0,,,10000000,3495502,35.0,1.9408342838287354,0.039710283279418945
ctx,16,1,1048576,1048576,65536,0,True,,10000000,3467412,34.7,3.5997235774993896,0.03591442108154297
ctx,16,1,1048576,1048576,262144,10,,,10000000,3820085,38.2,0.23839378356933594,0.04762554168701172
ctx,16,1,1048576,1048576,262144,10,True,,10000000,3823108,38.2,0.241347074508667,0.04399609565734863
ctx,16,1,1048576,1048576,262144,1000,,,10000000,3504430,35.0,1.0436649322509766,0.03697967529296875
ctx,16,1,1048576,1048576,262144,1000,True,,10000000,3478254,34.8,1.7392702102661133,0.039676666259765625
ctx,16,1,1048576,1048576,262144,0,,,10000000,3495502,35.0,2.1198325157165527,0.04142117500305176
ctx,16,1,1048576,1048576,262144,0,True,,10000000,3467412,34.7,4.163835525512695,0.0381016731262207
ctx,16,1,1048576,1048576,1048576,10,,,10000000,3820085,38.2,0.24664092063903809,0.04150676727294922
ctx,16,1,1048576,1048576,1048576,10,True,,10000000,3823108,38.2,0.2650306224822998,0.04456353187561035
ctx,16,1,1048576,1048576,1048576,1000,,,10000000,3504430,35.0,1.100463628768921,0.03797745704650879
ctx,16,1,1048576,1048576,1048576,1000,True,,10000000,3478254,34.8,1.7120130062103271,0.03734755516052246
ctx,16,1,1048576,1048576,1048576,0,,,10000000,3495502,35.0,1.8525283336639404,0.036927223205566406
ctx,16,1,1048576,1048576,1048576,0,True,,10000000,3467412,34.7,3.3934524059295654,0.042064666748046875
ctx,16,1,16384,4096,4096,10,,True,10000000,4848388,48.5,10.181040287017822,0.06654667854309082
ctx,16,1,16384,4096,4096,1000,,True,10000000,4819342,48.2,9.860353946685791,0.05747652053833008
ctx,16,1,16384,4096,4096,0,,True,10000000,4819342,48.2,9.79101276397705,0.058049678802490234
ctx,16,1,16384,4096,16384,10,,True,10000000,4848388,48.5,9.1735098361969,0.06127572059631348
ctx,16,1,16384,4096,16384,1000,,True,10000000,4819342,48.2,10.885217666625977,0.06419897079467773
ctx,16,1,16384,4096,16384,0,,True,10000000,4819342,48.2,10.177351951599121,0.06079459190368652
ctx,16,1,16384,16384,4096,10,,True,10000000,4618162,46.2,9.810113668441772,0.05687594413757324
ctx,16,1,16384,16384,4096,1000,,True,10000000,4569553,45.7,9.364661693572998,0.05973052978515625
ctx,16,1,16384,16384,4096,0,,True,10000000,4569553,45.7,9.76663327217102,0.05413460731506348
ctx,16,1,16384,16384,16384,10,,True,10000000,4618162,46.2,9.512293338775635,0.055174827575683594
ctx,16,1,16384,16384,16384,1000,,True,10000000,4569553,45.7,9.407815217971802,0.05626320838928223
ctx,16,1,16384,16384,16384,0,,True,10000000,4569553,45.7,9.380010604858398,0.054739952087402344
ctx,16,1,65536,4096,4096,10,,True,10000000,4658305,46.6,2.462540864944458,0.05447649955749512
ctx,16,1,65536,4096,4096,1000,,True,10000000,4625383,46.3,2.4405648708343506,0.053699493408203125
ctx,16,1,65536,4096,4096,0,,True,10000000,4625383,46.3,2.481584072113037,0.052609920501708984
ctx,16,1,65536,4096,16384,10,,True,10000000,4658305,46.6,2.4735960960388184,0.05427360534667969
ctx,16,1,65536,4096,16384,1000,,True,10000000,4625383,46.3,2.568368911743164,0.0575108528137207
ctx,16,1,65536,4096,16384,0,,True,10000000,4625383,46.3,2.626513957977295,0.054158687591552734
ctx,16,1,65536,4096,65536,10,,True,10000000,4658305,46.6,2.4520957469940186,0.056334495544433594
ctx,16,1,65536,4096,65536,1000,,True,10000000,4625383,46.3,2.469906806945801,0.05486440658569336
ctx,16,1,65536,4096,65536,0,,True,10000000,4625383,46.3,2.4497945308685303,0.05463767051696777
ctx,16,1,65536,16384,4096,10,,True,10000000,4200096,42.0,2.464766502380371,0.04933667182922363
ctx,16,1,65536,16384,4096,1000,,True,10000000,4119224,41.2,2.480952739715576,0.0476384162902832
ctx,16,1,65536,16384,4096,0,,True,10000000,4119222,41.2,2.47597074508667,0.04786229133605957
ctx,16,1,65536,16384,16384,10,,True,10000000,4200096,42.0,2.446873664855957,0.04802823066711426
ctx,16,1,65536,16384,16384,1000,,True,10000000,4119224,41.2,2.4561586380004883,0.0470728874206543
ctx,16,1,65536,16384,16384,0,,True,10000000,4119222,41.2,2.460906744003296,0.04775595664978027
ctx,16,1,65536,16384,65536,10,,True,10000000,4200096,42.0,2.4372613430023193,0.048624277114868164
ctx,16,1,65536,16384,65536,1000,,True,10000000,4119224,41.2,2.4906907081604004,0.04769110679626465
ctx,16,1,65536,16384,65536,0,,True,10000000,4119222,41.2,2.4616146087646484,0.048604726791381836
ctx,16,1,65536,65536,4096,10,,True,10000000,4090239,40.9,2.462710380554199,0.04663848876953125
ctx,16,1,65536,65536,4096,1000,,True,10000000,3974461,39.7,2.5011351108551025,0.047275543212890625
ctx,16,1,65536,65536,4096,0,,True,10000000,3974460,39.7,2.487337827682495,0.045037269592285156
ctx,16,1,65536,65536,16384,10,,True,10000000,4090239,40.9,2.532245397567749,0.05069255828857422
ctx,16,1,65536,65536,16384,1000,,True,10000000,3974461,39.7,2.6269402503967285,0.04520082473754883
ctx,16,1,65536,65536,16384,0,,True,10000000,3974460,39.7,2.5320703983306885,0.045987844467163086
ctx,16,1,65536,65536,65536,10,,True,10000000,4090239,40.9,2.469852924346924,0.04937314987182617
ctx,16,1,65536,65536,65536,1000,,True,10000000,3974461,39.7,2.647357940673828,0.05347323417663574
ctx,16,1,65536,65536,65536,0,,True,10000000,3974460,39.7,2.942656993865967,0.06083202362060547
ctx,16,1,262144,4096,4096,10,,True,10000000,4609192,46.1,0.7656528949737549,0.05680394172668457
ctx,16,1,262144,4096,4096,1000,,True,10000000,4575214,45.8,0.8864250183105469,0.06206631660461426
ctx,16,1,262144,4096,4096,0,,True,10000000,4575214,45.8,0.8560585975646973,0.06122875213623047
ctx,16,1,262144,4096,16384,10,,True,10000000,4609192,46.1,0.8731908798217773,0.06737685203552246
ctx,16,1,262144,4096,16384,1000,,True,10000000,4575214,45.8,0.8728344440460205,0.05856966972351074
ctx,16,1,262144,4096,16384,0,,True,10000000,4575214,45.8,0.8421876430511475,0.05943107604980469
ctx,16,1,262144,4096,65536,10,,True,10000000,4609192,46.1,0.8373813629150391,0.06998085975646973
ctx,16,1,262144,4096,65536,1000,,True,10000000,4575214,45.8,0.8905022144317627,0.06509613990783691
ctx,16,1,262144,4096,65536,0,,True,10000000,4575214,45.8,0.9352316856384277,0.06613349914550781
ctx,16,1,262144,4096,262144,10,,True,10000000,4609192,46.1,0.835728645324707,0.06568241119384766
ctx,16,1,262144,4096,262144,1000,,True,10000000,4575214,45.8,0.8012468814849854,0.05543184280395508
ctx,16,1,262144,4096,262144,0,,True,10000000,4575214,45.8,0.7957630157470703,0.055968523025512695
ctx,16,1,262144,16384,4096,10,,True,10000000,4086622,40.9,0.8051760196685791,0.055791616439819336
ctx,16,1,262144,16384,4096,1000,,True,10000000,3996726,40.0,0.8273751735687256,0.05135798454284668
ctx,16,1,262144,16384,4096,0,,True,10000000,3996723,40.0,0.8840212821960449,0.04984903335571289
ctx,16,1,262144,16384,16384,10,,True,10000000,4086622,40.9,0.7812354564666748,0.04759526252746582
ctx,16,1,262144,16384,16384,1000,,True,10000000,3996726,40.0,0.8336167335510254,0.0478062629699707
ctx,16,1,262144,16384,16384,0,,True,10000000,3996723,40.0,0.8052318096160889,0.04546523094177246
ctx,16,1,262144,16384,65536,10,,True,10000000,4086622,40.9,0.7609727382659912,0.047841787338256836
ctx,16,1,262144,16384,65536,1000,,True,10000000,3996726,40.0,0.8304290771484375,0.04797244071960449
ctx,16,1,262144,16384,65536,0,,True,10000000,3996723,40.0,0.7977361679077148,0.04816579818725586
ctx,16,1,262144,16384,262144,10,,True,10000000,4086622,40.9,0.7404544353485107,0.046483755111694336
ctx,16,1,262144,16384,262144,1000,,True,10000000,3996726,40.0,0.8086278438568115,0.0458226203918457
ctx,16,1,262144,16384,262144,0,,True,10000000,3996723,40.0,0.8407578468322754,0.046318769454956055
ctx,16,1,262144,65536,4096,10,,True,10000000,3874055,38.7,0.7679121494293213,0.04496121406555176
ctx,16,1,262144,65536,4096,1000,,True,10000000,3701351,37.0,1.1899423599243164,0.04391813278198242
ctx,16,1,262144,65536,4096,0,,True,10000000,3701340,37.0,1.2272567749023438,0.0439145565032959
ctx,16,1,262144,65536,16384,10,,True,10000000,3874055,38.7,0.7650465965270996,0.044745683670043945
ctx,16,1,262144,65536,16384,1000,,True,10000000,3701351,37.0,1.1929802894592285,0.04383206367492676
ctx,16,1,262144,65536,16384,0,,True,10000000,3701340,37.0,1.1876685619354248,0.04265308380126953
ctx,16,1,262144,65536,65536,10,,True,10000000,3874055,38.7,0.8024628162384033,0.0448150634765625
ctx,16,1,262144,65536,65536,1000,,True,10000000,3701351,37.0,1.2573182582855225,0.053565025329589844
ctx,16,1,262144,65536,65536,0,,True,10000000,3701340,37.0,1.307774305343628,0.04507160186767578
ctx,16,1,262144,65536,262144,10,,True,10000000,3874055,38.7,0.8780152797698975,0.050850868225097656
ctx,16,1,262144,65536,262144,1000,,True,10000000,3701351,37.0,1.1439011096954346,0.04105782508850098
ctx,16,1,262144,65536,262144,0,,True,10000000,3701340,37.0,1.203519344329834,0.044333696365356445
ctx,16,1,262144,262144,4096,10,,True,10000000,3816740,38.2,0.7774312496185303,0.043196916580200195
ctx,16,1,262144,262144,4096,1000,,True,10000000,3588731,35.9,1.7823207378387451,0.04105830192565918
ctx,16,1,262144,262144,4096,0,,True,10000000,3587826,35.9,1.9577229022979736,0.038988351821899414
ctx,16,1,262144,262144,16384,10,,True,10000000,3816740,38.2,0.8110368251800537,0.04266357421875
ctx,16,1,262144,262144,16384,1000,,True,10000000,3588731,35.9,1.8658204078674316,0.04880166053771973
ctx,16,1,262144,262144,16384,0,,True,10000000,3587826,35.9,2.277560234069824,0.04175972938537598
ctx,16,1,262144,262144,65536,10,,True,10000000,3816740,38.2,0.8508458137512207,0.044425010681152344
ctx,16,1,262144,262144,65536,1000,,True,10000000,3588731,35.9,2.0722968578338623,0.04182267189025879
ctx,16,1,262144,262144,65536,0,,True,10000000,3587826,35.9,2.2683498859405518,0.046858787536621094
ctx,16,1,262144,262144,262144,10,,True,10000000,3816740,38.2,0.8493990898132324,0.04628491401672363
ctx,16,1,262144,262144,262144,1000,,True,10000000,3588731,35.9,2.03613018989563,0.03869128227233887
ctx,16,1,262144,262144,262144,0,,True,10000000,3587826,35.9,2.0528154373168945,0.04100322723388672
ctx,16,1,1048576,4096,4096,10,,True,10000000,4597181,46.0,0.4590921401977539,0.06638360023498535
ctx,16,1,1048576,4096,4096,1000,,True,10000000,4562881,45.6,0.4713859558105469,0.06499171257019043
ctx,16,1,1048576,4096,4096,0,,True,10000000,4562881,45.6,0.4969344139099121,0.065826416015625
ctx,16,1,1048576,4096,16384,10,,True,10000000,4597181,46.0,0.4543135166168213,0.05776190757751465
ctx,16,1,1048576,4096,16384,1000,,True,10000000,4562881,45.6,0.46643710136413574,0.0565030574798584
ctx,16,1,1048576,4096,16384,0,,True,10000000,4562881,45.6,0.495311975479126,0.06967782974243164
ctx,16,1,1048576,4096,65536,10,,True,10000000,4597181,46.0,0.51289963722229,0.06646442413330078
ctx,16,1,1048576,4096,65536,1000,,True,10000000,4562881,45.6,0.5204572677612305,0.06718564033508301
ctx,16,1,1048576,4096,65536,0,,True,10000000,4562881,45.6,0.5032644271850586,0.06591486930847168
ctx,16,1,1048576,4096,262144,10,,True,10000000,4597181,46.0,0.48446226119995117,0.07494592666625977
ctx,16,1,1048576,4096,262144,1000,,True,10000000,4562881,45.6,0.5198137760162354,0.06397795677185059
ctx,16,1,1048576,4096,262144,0,,True,10000000,4562881,45.6,0.53883957862854,0.07970094680786133
ctx,16,1,1048576,4096,1048576,10,,True,10000000,4597181,46.0,0.4530367851257324,0.06806588172912598
ctx,16,1,1048576,4096,1048576,1000,,True,10000000,4562881,45.6,0.4554905891418457,0.059558868408203125
ctx,16,1,1048576,4096,1048576,0,,True,10000000,4562881,45.6,0.4880950450897217,0.06284689903259277
ctx,16,1,1048576,16384,4096,10,,True,10000000,4056914,40.6,0.5223643779754639,0.05586409568786621
ctx,16,1,1048576,16384,4096,1000,,True,10000000,3964392,39.6,0.636354923248291,0.051798105239868164
ctx,16,1,1048576,16384,4096,0,,True,10000000,3964387,39.6,0.6645197868347168,0.04843568801879883
ctx,16,1,1048576,16384,16384,10,,True,10000000,4056914,40.6,0.46051502227783203,0.052519798278808594
ctx,16,1,1048576,16384,16384,1000,,True,10000000,3964392,39.6,0.5592405796051025,0.04928159713745117
ctx,16,1,1048576,16384,16384,0,,True,10000000,3964387,39.6,0.611961841583252,0.04721474647521973
ctx,16,1,1048576,16384,65536,10,,True,10000000,4056914,40.6,0.4321162700653076,0.05468106269836426
ctx,16,1,1048576,16384,65536,1000,,True,10000000,3964392,39.6,0.5985312461853027,0.05149197578430176
ctx,16,1,1048576,16384,65536,0,,True,10000000,3964387,39.6,0.6085247993469238,0.048291683197021484
ctx,16,1,1048576,16384,262144,10,,True,10000000,4056914,40.6,0.46314215660095215,0.06061530113220215
ctx,16,1,1048576,16384,262144,1000,,True,10000000,3964392,39.6,0.6658263206481934,0.05079483985900879
ctx,16,1,1048576,16384,262144,0,,True,10000000,3964387,39.6,0.6002974510192871,0.05072832107543945
ctx,16,1,1048576,16384,1048576,10,,True,10000000,4056914,40.6,0.44905591011047363,0.05095648765563965
ctx,16,1,1048576,16384,1048576,1000,,True,10000000,3964392,39.6,0.5873470306396484,0.05243325233459473
ctx,16,1,1048576,16384,1048576,0,,True,10000000,3964387,39.6,0.6674990653991699,0.05345416069030762
ctx,16,1,1048576,65536,4096,10,,True,10000000,3811868,38.1,0.4956810474395752,0.04518842697143555
ctx,16,1,1048576,65536,4096,1000,,True,10000000,3621823,36.2,1.1025640964508057,0.052320241928100586
ctx,16,1,1048576,65536,4096,0,,True,10000000,3621810,36.2,1.1891005039215088,0.051540374755859375
ctx,16,1,1048576,65536,16384,10,,True,10000000,3811868,38.1,0.5102896690368652,0.0506894588470459
ctx,16,1,1048576,65536,16384,1000,,True,10000000,3621823,36.2,1.071354627609253,0.04219532012939453
ctx,16,1,1048576,65536,16384,0,,True,10000000,3621810,36.2,1.0233595371246338,0.04113268852233887
ctx,16,1,1048576,65536,65536,10,,True,10000000,3811868,38.1,0.4400155544281006,0.046158790588378906
ctx,16,1,1048576,65536,65536,1000,,True,10000000,3621823,36.2,1.0812320709228516,0.04480576515197754
ctx,16,1,1048576,65536,65536,0,,True,10000000,3621810,36.2,1.041806697845459,0.04121875762939453
ctx,16,1,1048576,65536,262144,10,,True,10000000,3811868,38.1,0.4527440071105957,0.05657243728637695
ctx,16,1,1048576,65536,262144,1000,,True,10000000,3621823,36.2,1.1030547618865967,0.046140193939208984
ctx,16,1,1048576,65536,262144,0,,True,10000000,3621810,36.2,1.1531732082366943,0.04575848579406738
ctx,16,1,1048576,65536,1048576,10,,True,10000000,3811868,38.1,0.42041492462158203,0.049248695373535156
ctx,16,1,1048576,65536,1048576,1000,,True,10000000,3621823,36.2,1.061964511871338,0.04320359230041504
ctx,16,1,1048576,65536,1048576,0,,True,10000000,3621810,36.2,1.0533347129821777,0.04219388961791992
ctx,16,1,1048576,262144,4096,10,,True,10000000,3704520,37.0,0.44187498092651367,0.04291963577270508
ctx,16,1,1048576,262144,4096,1000,,True,10000000,3392452,33.9,2.9290108680725098,0.04249000549316406
ctx,16,1,1048576,262144,4096,0,,True,10000000,3389503,33.9,3.34979248046875,0.041869163513183594
ctx,16,1,1048576,262144,16384,10,,True,10000000,3704520,37.0,0.4421110153198242,0.04629921913146973
ctx,16,1,1048576,262144,16384,1000,,True,10000000,3392452,33.9,2.7960824966430664,0.040906429290771484
ctx,16,1,1048576,262144,16384,0,,True,10000000,3389503,33.9,3.3122575283050537,0.03774380683898926
ctx,16,1,1048576,262144,65536,10,,True,10000000,3704520,37.0,0.37366604804992676,0.05397629737854004
ctx,16,1,1048576,262144,65536,1000,,True,10000000,3392452,33.9,2.74280047416687,0.03941178321838379
ctx,16,1,1048576,262144,65536,0,,True,10000000,3389503,33.9,3.2630972862243652,0.04269599914550781
ctx,16,1,1048576,262144,262144,10,,True,10000000,3704520,37.0,0.3695077896118164,0.04723668098449707
ctx,16,1,1048576,262144,262144,1000,,True,10000000,3392452,33.9,2.7767744064331055,0.04117846488952637
ctx,16,1,1048576,262144,262144,0,,True,10000000,3389503,33.9,3.213165521621704,0.04149198532104492
ctx,16,1,1048576,262144,1048576,10,,True,10000000,3704520,37.0,0.38828396797180176,0.04327511787414551
ctx,16,1,1048576,262144,1048576,1000,,True,10000000,3392452,33.9,2.8863515853881836,0.03857612609863281
ctx,16,1,1048576,262144,1048576,0,,True,10000000,3389503,33.9,3.518666982650757,0.03803110122680664
ctx,16,1,1048576,1048576,4096,10,,True,10000000,3674424,36.7,0.4112381935119629,0.044664859771728516
ctx,16,1,1048576,1048576,4096,1000,,True,10000000,3307065,33.1,7.710069417953491,0.03819632530212402
ctx,16,1,1048576,1048576,4096,0,,True,10000000,3298414,33.0,18.078956604003906,0.04377484321594238
ctx,16,1,1048576,1048576,16384,10,,True,10000000,3674424,36.7,0.39302921295166016,0.04314780235290527
ctx,16,1,1048576,1048576,16384,1000,,True,10000000,3307065,33.1,7.887723445892334,0.0404665470123291
ctx,16,1,1048576,1048576,16384,0,,True,10000000,3298414,33.0,17.61910343170166,0.042025089263916016
ctx,16,1,1048576,1048576,65536,10,,True,10000000,3674424,36.7,0.35936522483825684,0.044640541076660156
ctx,16,1,1048576,1048576,65536,1000,,True,10000000,3307065,33.1,7.995322942733765,0.038396358489990234
ctx,16,1,1048576,1048576,65536,0,,True,10000000,3298414,33.0,14.82083511352539,0.03891873359680176
ctx,16,1,1048576,1048576,262144,10,,True,10000000,3674424,36.7,0.38169312477111816,0.04415631294250488
ctx,16,1,1048576,1048576,262144,1000,,True,10000000,3307065,33.1,9.145214796066284,0.03953123092651367
ctx,16,1,1048576,1048576,262144,0,,True,10000000,3298414,33.0,16.586050510406494,0.040729522705078125
ctx,16,1,1048576,1048576,1048576,10,,True,10000000,3674424,36.7,0.3746354579925537,0.04365229606628418
ctx,16,1,1048576,1048576,1048576,1000,,True,10000000,3307065,33.1,8.26850152015686,0.03864455223083496
ctx,16,1,1048576,1048576,1048576,0,,True,10000000,3298414,33.0,15.555626153945923,0.039978742599487305
